[0.000000] (-) TimerEvent: {}
[0.000239] (ros2_shared) JobQueued: {'identifier': 'ros2_shared', 'dependencies': OrderedDict()}
[0.000292] (tello_camera) JobQueued: {'identifier': 'tello_camera', 'dependencies': OrderedDict()}
[0.000322] (tello_controller) JobQueued: {'identifier': 'tello_controller', 'dependencies': OrderedDict()}
[0.000348] (tello_description) JobQueued: {'identifier': 'tello_description', 'dependencies': OrderedDict()}
[0.000375] (tello_hand_move) JobQueued: {'identifier': 'tello_hand_move', 'dependencies': OrderedDict()}
[0.000403] (tello_mission) JobQueued: {'identifier': 'tello_mission', 'dependencies': OrderedDict()}
[0.000431] (tello_msgs) JobQueued: {'identifier': 'tello_msgs', 'dependencies': OrderedDict()}
[0.000457] (tello_driver) JobQueued: {'identifier': 'tello_driver', 'dependencies': OrderedDict([('ros2_shared', '/root/DockerFiles/drone_ws/install/ros2_shared'), ('tello_msgs', '/root/DockerFiles/drone_ws/install/tello_msgs')])}
[0.000493] (tello_gazebo) JobQueued: {'identifier': 'tello_gazebo', 'dependencies': OrderedDict([('tello_msgs', '/root/DockerFiles/drone_ws/install/tello_msgs')])}
[0.000520] (tello_msgs) JobStarted: {'identifier': 'tello_msgs'}
[0.020176] (ros2_shared) JobStarted: {'identifier': 'ros2_shared'}
[0.035262] (tello_camera) JobStarted: {'identifier': 'tello_camera'}
[0.056357] (tello_controller) JobStarted: {'identifier': 'tello_controller'}
[0.079284] (tello_description) JobStarted: {'identifier': 'tello_description'}
[0.097567] (-) TimerEvent: {}
[0.101722] (tello_hand_move) JobStarted: {'identifier': 'tello_hand_move'}
[0.130271] (tello_mission) JobStarted: {'identifier': 'tello_mission'}
[0.158731] (tello_msgs) JobProgress: {'identifier': 'tello_msgs', 'progress': 'cmake'}
[0.159726] (tello_msgs) JobProgress: {'identifier': 'tello_msgs', 'progress': 'build'}
[0.160678] (tello_msgs) Command: {'cmd': ['/usr/bin/cmake', '--build', '/root/DockerFiles/drone_ws/build/tello_msgs', '--', '-j12', '-l12'], 'cwd': '/root/DockerFiles/drone_ws/build/tello_msgs', 'env': OrderedDict([('HOSTNAME', 'vdani-H410M-H-V2'), ('SHLVL', '1'), ('LD_LIBRARY_PATH', '/root/DockerFiles/drone_ws/install/tello_gazebo/lib:/root/DockerFiles/drone_ws/install/tello_driver/lib:/root/DockerFiles/drone_ws/install/tello_msgs/lib:/usr/lib/x86_64-linux-gnu/gazebo-11/plugins:/opt/ros/foxy/opt/yaml_cpp_vendor/lib:/opt/ros/foxy/opt/rviz_ogre_vendor/lib:/opt/ros/foxy/lib/x86_64-linux-gnu:/opt/ros/foxy/lib'), ('HOME', '/root'), ('OLDPWD', '/root/DockerFiles'), ('ROS_PYTHON_VERSION', '3'), ('COLCON_PREFIX_PATH', '/root/DockerFiles/drone_ws/install'), ('ROS_DISTRO', 'foxy'), ('_', '/usr/bin/colcon'), ('ROS_VERSION', '2'), ('TERM', 'xterm'), ('ROS_LOCALHOST_ONLY', '0'), ('QT_X11_NO_MITSHM', '1'), ('PATH', '/opt/ros/foxy/bin:/usr/local/sbin:/usr/local/bin:/usr/sbin:/usr/bin:/sbin:/bin'), ('XDG_RUNTIME_DIR', '/run/user/1000'), ('DISPLAY', ':0'), ('LANG', 'C.UTF-8'), ('RMW_IMPLEMENTATION', 'rmw_fastrtps_cpp'), ('LS_COLORS', 'rs=0:di=01;34:ln=01;36:mh=00:pi=40;33:so=01;35:do=01;35:bd=40;33;01:cd=40;33;01:or=40;31;01:mi=00:su=37;41:sg=30;43:ca=30;41:tw=30;42:ow=34;42:st=37;44:ex=01;32:*.tar=01;31:*.tgz=01;31:*.arc=01;31:*.arj=01;31:*.taz=01;31:*.lha=01;31:*.lz4=01;31:*.lzh=01;31:*.lzma=01;31:*.tlz=01;31:*.txz=01;31:*.tzo=01;31:*.t7z=01;31:*.zip=01;31:*.z=01;31:*.dz=01;31:*.gz=01;31:*.lrz=01;31:*.lz=01;31:*.lzo=01;31:*.xz=01;31:*.zst=01;31:*.tzst=01;31:*.bz2=01;31:*.bz=01;31:*.tbz=01;31:*.tbz2=01;31:*.tz=01;31:*.deb=01;31:*.rpm=01;31:*.jar=01;31:*.war=01;31:*.ear=01;31:*.sar=01;31:*.rar=01;31:*.alz=01;31:*.ace=01;31:*.zoo=01;31:*.cpio=01;31:*.7z=01;31:*.rz=01;31:*.cab=01;31:*.wim=01;31:*.swm=01;31:*.dwm=01;31:*.esd=01;31:*.jpg=01;35:*.jpeg=01;35:*.mjpg=01;35:*.mjpeg=01;35:*.gif=01;35:*.bmp=01;35:*.pbm=01;35:*.pgm=01;35:*.ppm=01;35:*.tga=01;35:*.xbm=01;35:*.xpm=01;35:*.tif=01;35:*.tiff=01;35:*.png=01;35:*.svg=01;35:*.svgz=01;35:*.mng=01;35:*.pcx=01;35:*.mov=01;35:*.mpg=01;35:*.mpeg=01;35:*.m2v=01;35:*.mkv=01;35:*.webm=01;35:*.ogm=01;35:*.mp4=01;35:*.m4v=01;35:*.mp4v=01;35:*.vob=01;35:*.qt=01;35:*.nuv=01;35:*.wmv=01;35:*.asf=01;35:*.rm=01;35:*.rmvb=01;35:*.flc=01;35:*.avi=01;35:*.fli=01;35:*.flv=01;35:*.gl=01;35:*.dl=01;35:*.xcf=01;35:*.xwd=01;35:*.yuv=01;35:*.cgm=01;35:*.emf=01;35:*.ogv=01;35:*.ogx=01;35:*.aac=00;36:*.au=00;36:*.flac=00;36:*.m4a=00;36:*.mid=00;36:*.midi=00;36:*.mka=00;36:*.mp3=00;36:*.mpc=00;36:*.ogg=00;36:*.ra=00;36:*.wav=00;36:*.oga=00;36:*.opus=00;36:*.spx=00;36:*.xspf=00;36:'), ('AMENT_PREFIX_PATH', '/root/DockerFiles/drone_ws/install/tello_gazebo:/root/DockerFiles/drone_ws/install/tello_driver:/root/DockerFiles/drone_ws/install/tello_msgs:/root/DockerFiles/drone_ws/install/tello_mission:/root/DockerFiles/drone_ws/install/tello_hand_move:/root/DockerFiles/drone_ws/install/tello_description:/root/DockerFiles/drone_ws/install/tello_controller:/root/DockerFiles/drone_ws/install/tello_camera:/root/DockerFiles/drone_ws/install/ros2_shared:/opt/ros/foxy'), ('PWD', '/root/DockerFiles/drone_ws/build/tello_msgs'), ('LC_ALL', 'C.UTF-8'), ('PYTHONPATH', '/root/DockerFiles/drone_ws/install/tello_msgs/lib/python3.8/site-packages:/root/DockerFiles/drone_ws/install/tello_mission/lib/python3.8/site-packages:/root/DockerFiles/drone_ws/install/tello_hand_move/lib/python3.8/site-packages:/root/DockerFiles/drone_ws/install/tello_controller/lib/python3.8/site-packages:/root/DockerFiles/drone_ws/install/tello_camera/lib/python3.8/site-packages:/opt/ros/foxy/lib/python3.8/site-packages'), ('COLCON', '1'), ('CMAKE_PREFIX_PATH', '/root/DockerFiles/drone_ws/install/tello_gazebo:/root/DockerFiles/drone_ws/install/tello_driver:/root/DockerFiles/drone_ws/install/tello_msgs:/root/DockerFiles/drone_ws/install/tello_description:/root/DockerFiles/drone_ws/install/ros2_shared:/root/DockerFiles/drone_ws/install/tello_mission:/root/DockerFiles/drone_ws/install/tello_hand_move:/root/DockerFiles/drone_ws/install/tello_controller:/root/DockerFiles/drone_ws/install/tello_camera:/opt/ros/foxy')]), 'shell': False}
[0.171363] (ros2_shared) JobProgress: {'identifier': 'ros2_shared', 'progress': 'cmake'}
[0.177312] (ros2_shared) JobProgress: {'identifier': 'ros2_shared', 'progress': 'build'}
[0.178023] (ros2_shared) Command: {'cmd': ['/usr/bin/cmake', '--build', '/root/DockerFiles/drone_ws/build/ros2_shared', '--', '-j12', '-l12'], 'cwd': '/root/DockerFiles/drone_ws/build/ros2_shared', 'env': OrderedDict([('HOSTNAME', 'vdani-H410M-H-V2'), ('SHLVL', '1'), ('LD_LIBRARY_PATH', '/root/DockerFiles/drone_ws/install/tello_gazebo/lib:/root/DockerFiles/drone_ws/install/tello_driver/lib:/root/DockerFiles/drone_ws/install/tello_msgs/lib:/usr/lib/x86_64-linux-gnu/gazebo-11/plugins:/opt/ros/foxy/opt/yaml_cpp_vendor/lib:/opt/ros/foxy/opt/rviz_ogre_vendor/lib:/opt/ros/foxy/lib/x86_64-linux-gnu:/opt/ros/foxy/lib'), ('HOME', '/root'), ('OLDPWD', '/root/DockerFiles'), ('ROS_PYTHON_VERSION', '3'), ('COLCON_PREFIX_PATH', '/root/DockerFiles/drone_ws/install'), ('ROS_DISTRO', 'foxy'), ('_', '/usr/bin/colcon'), ('ROS_VERSION', '2'), ('TERM', 'xterm'), ('ROS_LOCALHOST_ONLY', '0'), ('QT_X11_NO_MITSHM', '1'), ('PATH', '/opt/ros/foxy/bin:/usr/local/sbin:/usr/local/bin:/usr/sbin:/usr/bin:/sbin:/bin'), ('XDG_RUNTIME_DIR', '/run/user/1000'), ('DISPLAY', ':0'), ('LANG', 'C.UTF-8'), ('RMW_IMPLEMENTATION', 'rmw_fastrtps_cpp'), ('LS_COLORS', 'rs=0:di=01;34:ln=01;36:mh=00:pi=40;33:so=01;35:do=01;35:bd=40;33;01:cd=40;33;01:or=40;31;01:mi=00:su=37;41:sg=30;43:ca=30;41:tw=30;42:ow=34;42:st=37;44:ex=01;32:*.tar=01;31:*.tgz=01;31:*.arc=01;31:*.arj=01;31:*.taz=01;31:*.lha=01;31:*.lz4=01;31:*.lzh=01;31:*.lzma=01;31:*.tlz=01;31:*.txz=01;31:*.tzo=01;31:*.t7z=01;31:*.zip=01;31:*.z=01;31:*.dz=01;31:*.gz=01;31:*.lrz=01;31:*.lz=01;31:*.lzo=01;31:*.xz=01;31:*.zst=01;31:*.tzst=01;31:*.bz2=01;31:*.bz=01;31:*.tbz=01;31:*.tbz2=01;31:*.tz=01;31:*.deb=01;31:*.rpm=01;31:*.jar=01;31:*.war=01;31:*.ear=01;31:*.sar=01;31:*.rar=01;31:*.alz=01;31:*.ace=01;31:*.zoo=01;31:*.cpio=01;31:*.7z=01;31:*.rz=01;31:*.cab=01;31:*.wim=01;31:*.swm=01;31:*.dwm=01;31:*.esd=01;31:*.jpg=01;35:*.jpeg=01;35:*.mjpg=01;35:*.mjpeg=01;35:*.gif=01;35:*.bmp=01;35:*.pbm=01;35:*.pgm=01;35:*.ppm=01;35:*.tga=01;35:*.xbm=01;35:*.xpm=01;35:*.tif=01;35:*.tiff=01;35:*.png=01;35:*.svg=01;35:*.svgz=01;35:*.mng=01;35:*.pcx=01;35:*.mov=01;35:*.mpg=01;35:*.mpeg=01;35:*.m2v=01;35:*.mkv=01;35:*.webm=01;35:*.ogm=01;35:*.mp4=01;35:*.m4v=01;35:*.mp4v=01;35:*.vob=01;35:*.qt=01;35:*.nuv=01;35:*.wmv=01;35:*.asf=01;35:*.rm=01;35:*.rmvb=01;35:*.flc=01;35:*.avi=01;35:*.fli=01;35:*.flv=01;35:*.gl=01;35:*.dl=01;35:*.xcf=01;35:*.xwd=01;35:*.yuv=01;35:*.cgm=01;35:*.emf=01;35:*.ogv=01;35:*.ogx=01;35:*.aac=00;36:*.au=00;36:*.flac=00;36:*.m4a=00;36:*.mid=00;36:*.midi=00;36:*.mka=00;36:*.mp3=00;36:*.mpc=00;36:*.ogg=00;36:*.ra=00;36:*.wav=00;36:*.oga=00;36:*.opus=00;36:*.spx=00;36:*.xspf=00;36:'), ('AMENT_PREFIX_PATH', '/root/DockerFiles/drone_ws/install/tello_gazebo:/root/DockerFiles/drone_ws/install/tello_driver:/root/DockerFiles/drone_ws/install/tello_msgs:/root/DockerFiles/drone_ws/install/tello_mission:/root/DockerFiles/drone_ws/install/tello_hand_move:/root/DockerFiles/drone_ws/install/tello_description:/root/DockerFiles/drone_ws/install/tello_controller:/root/DockerFiles/drone_ws/install/tello_camera:/root/DockerFiles/drone_ws/install/ros2_shared:/opt/ros/foxy'), ('PWD', '/root/DockerFiles/drone_ws/build/ros2_shared'), ('LC_ALL', 'C.UTF-8'), ('PYTHONPATH', '/root/DockerFiles/drone_ws/install/tello_msgs/lib/python3.8/site-packages:/root/DockerFiles/drone_ws/install/tello_mission/lib/python3.8/site-packages:/root/DockerFiles/drone_ws/install/tello_hand_move/lib/python3.8/site-packages:/root/DockerFiles/drone_ws/install/tello_controller/lib/python3.8/site-packages:/root/DockerFiles/drone_ws/install/tello_camera/lib/python3.8/site-packages:/opt/ros/foxy/lib/python3.8/site-packages'), ('COLCON', '1'), ('CMAKE_PREFIX_PATH', '/root/DockerFiles/drone_ws/install/tello_gazebo:/root/DockerFiles/drone_ws/install/tello_driver:/root/DockerFiles/drone_ws/install/tello_msgs:/root/DockerFiles/drone_ws/install/tello_description:/root/DockerFiles/drone_ws/install/ros2_shared:/root/DockerFiles/drone_ws/install/tello_mission:/root/DockerFiles/drone_ws/install/tello_hand_move:/root/DockerFiles/drone_ws/install/tello_controller:/root/DockerFiles/drone_ws/install/tello_camera:/opt/ros/foxy')]), 'shell': False}
[0.197980] (-) TimerEvent: {}
[0.305907] (-) TimerEvent: {}
[0.406206] (-) TimerEvent: {}
[0.507032] (-) TimerEvent: {}
[0.607492] (-) TimerEvent: {}
[0.709485] (-) TimerEvent: {}
[0.811450] (-) TimerEvent: {}
[0.924544] (tello_description) JobProgress: {'identifier': 'tello_description', 'progress': 'cmake'}
[0.925359] (-) TimerEvent: {}
[0.926940] (tello_description) JobProgress: {'identifier': 'tello_description', 'progress': 'build'}
[0.927172] (tello_description) Command: {'cmd': ['/usr/bin/cmake', '--build', '/root/DockerFiles/drone_ws/build/tello_description', '--', '-j12', '-l12'], 'cwd': '/root/DockerFiles/drone_ws/build/tello_description', 'env': OrderedDict([('HOSTNAME', 'vdani-H410M-H-V2'), ('SHLVL', '1'), ('LD_LIBRARY_PATH', '/root/DockerFiles/drone_ws/install/tello_gazebo/lib:/root/DockerFiles/drone_ws/install/tello_driver/lib:/root/DockerFiles/drone_ws/install/tello_msgs/lib:/usr/lib/x86_64-linux-gnu/gazebo-11/plugins:/opt/ros/foxy/opt/yaml_cpp_vendor/lib:/opt/ros/foxy/opt/rviz_ogre_vendor/lib:/opt/ros/foxy/lib/x86_64-linux-gnu:/opt/ros/foxy/lib'), ('HOME', '/root'), ('OLDPWD', '/root/DockerFiles'), ('ROS_PYTHON_VERSION', '3'), ('COLCON_PREFIX_PATH', '/root/DockerFiles/drone_ws/install'), ('ROS_DISTRO', 'foxy'), ('_', '/usr/bin/colcon'), ('ROS_VERSION', '2'), ('TERM', 'xterm'), ('ROS_LOCALHOST_ONLY', '0'), ('QT_X11_NO_MITSHM', '1'), ('PATH', '/opt/ros/foxy/bin:/usr/local/sbin:/usr/local/bin:/usr/sbin:/usr/bin:/sbin:/bin'), ('XDG_RUNTIME_DIR', '/run/user/1000'), ('DISPLAY', ':0'), ('LANG', 'C.UTF-8'), ('RMW_IMPLEMENTATION', 'rmw_fastrtps_cpp'), ('LS_COLORS', 'rs=0:di=01;34:ln=01;36:mh=00:pi=40;33:so=01;35:do=01;35:bd=40;33;01:cd=40;33;01:or=40;31;01:mi=00:su=37;41:sg=30;43:ca=30;41:tw=30;42:ow=34;42:st=37;44:ex=01;32:*.tar=01;31:*.tgz=01;31:*.arc=01;31:*.arj=01;31:*.taz=01;31:*.lha=01;31:*.lz4=01;31:*.lzh=01;31:*.lzma=01;31:*.tlz=01;31:*.txz=01;31:*.tzo=01;31:*.t7z=01;31:*.zip=01;31:*.z=01;31:*.dz=01;31:*.gz=01;31:*.lrz=01;31:*.lz=01;31:*.lzo=01;31:*.xz=01;31:*.zst=01;31:*.tzst=01;31:*.bz2=01;31:*.bz=01;31:*.tbz=01;31:*.tbz2=01;31:*.tz=01;31:*.deb=01;31:*.rpm=01;31:*.jar=01;31:*.war=01;31:*.ear=01;31:*.sar=01;31:*.rar=01;31:*.alz=01;31:*.ace=01;31:*.zoo=01;31:*.cpio=01;31:*.7z=01;31:*.rz=01;31:*.cab=01;31:*.wim=01;31:*.swm=01;31:*.dwm=01;31:*.esd=01;31:*.jpg=01;35:*.jpeg=01;35:*.mjpg=01;35:*.mjpeg=01;35:*.gif=01;35:*.bmp=01;35:*.pbm=01;35:*.pgm=01;35:*.ppm=01;35:*.tga=01;35:*.xbm=01;35:*.xpm=01;35:*.tif=01;35:*.tiff=01;35:*.png=01;35:*.svg=01;35:*.svgz=01;35:*.mng=01;35:*.pcx=01;35:*.mov=01;35:*.mpg=01;35:*.mpeg=01;35:*.m2v=01;35:*.mkv=01;35:*.webm=01;35:*.ogm=01;35:*.mp4=01;35:*.m4v=01;35:*.mp4v=01;35:*.vob=01;35:*.qt=01;35:*.nuv=01;35:*.wmv=01;35:*.asf=01;35:*.rm=01;35:*.rmvb=01;35:*.flc=01;35:*.avi=01;35:*.fli=01;35:*.flv=01;35:*.gl=01;35:*.dl=01;35:*.xcf=01;35:*.xwd=01;35:*.yuv=01;35:*.cgm=01;35:*.emf=01;35:*.ogv=01;35:*.ogx=01;35:*.aac=00;36:*.au=00;36:*.flac=00;36:*.m4a=00;36:*.mid=00;36:*.midi=00;36:*.mka=00;36:*.mp3=00;36:*.mpc=00;36:*.ogg=00;36:*.ra=00;36:*.wav=00;36:*.oga=00;36:*.opus=00;36:*.spx=00;36:*.xspf=00;36:'), ('AMENT_PREFIX_PATH', '/root/DockerFiles/drone_ws/install/tello_gazebo:/root/DockerFiles/drone_ws/install/tello_driver:/root/DockerFiles/drone_ws/install/tello_msgs:/root/DockerFiles/drone_ws/install/tello_mission:/root/DockerFiles/drone_ws/install/tello_hand_move:/root/DockerFiles/drone_ws/install/tello_description:/root/DockerFiles/drone_ws/install/tello_controller:/root/DockerFiles/drone_ws/install/tello_camera:/root/DockerFiles/drone_ws/install/ros2_shared:/opt/ros/foxy'), ('PWD', '/root/DockerFiles/drone_ws/build/tello_description'), ('LC_ALL', 'C.UTF-8'), ('PYTHONPATH', '/root/DockerFiles/drone_ws/install/tello_msgs/lib/python3.8/site-packages:/root/DockerFiles/drone_ws/install/tello_mission/lib/python3.8/site-packages:/root/DockerFiles/drone_ws/install/tello_hand_move/lib/python3.8/site-packages:/root/DockerFiles/drone_ws/install/tello_controller/lib/python3.8/site-packages:/root/DockerFiles/drone_ws/install/tello_camera/lib/python3.8/site-packages:/opt/ros/foxy/lib/python3.8/site-packages'), ('COLCON', '1'), ('CMAKE_PREFIX_PATH', '/root/DockerFiles/drone_ws/install/tello_gazebo:/root/DockerFiles/drone_ws/install/tello_driver:/root/DockerFiles/drone_ws/install/tello_msgs:/root/DockerFiles/drone_ws/install/tello_description:/root/DockerFiles/drone_ws/install/ros2_shared:/root/DockerFiles/drone_ws/install/tello_mission:/root/DockerFiles/drone_ws/install/tello_hand_move:/root/DockerFiles/drone_ws/install/tello_controller:/root/DockerFiles/drone_ws/install/tello_camera:/opt/ros/foxy')]), 'shell': False}
[1.025505] (-) TimerEvent: {}
[1.128979] (-) TimerEvent: {}
[1.229437] (-) TimerEvent: {}
[1.330059] (-) TimerEvent: {}
[1.431095] (-) TimerEvent: {}
[1.532047] (-) TimerEvent: {}
[1.632394] (-) TimerEvent: {}
[1.717077] (tello_msgs) StdoutLine: {'line': b'[  2%] Built target tello_msgs__cpp\n'}
[1.717352] (tello_msgs) StdoutLine: {'line': b'[ 12%] Built target tello_msgs__rosidl_generator_c\n'}
[1.717436] (tello_msgs) StdoutLine: {'line': b'[ 23%] Built target tello_msgs__rosidl_typesupport_introspection_cpp\n'}
[1.717502] (tello_msgs) StdoutLine: {'line': b'[ 34%] Built target tello_msgs__rosidl_typesupport_c\n'}
[1.717593] (tello_msgs) StdoutLine: {'line': b'[ 44%] Built target tello_msgs__rosidl_typesupport_introspection_c\n'}
[1.717689] (tello_msgs) StdoutLine: {'line': b'[ 55%] Built target tello_msgs__rosidl_typesupport_fastrtps_cpp\n'}
[1.717753] (tello_msgs) StdoutLine: {'line': b'[ 65%] Built target tello_msgs__rosidl_typesupport_cpp\n'}
[1.717814] (tello_msgs) StdoutLine: {'line': b'[ 76%] Built target tello_msgs__rosidl_typesupport_fastrtps_c\n'}
[1.717873] (tello_msgs) StdoutLine: {'line': b'[ 76%] Built target tello_msgs\n'}
[1.717961] (tello_msgs) StdoutLine: {'line': b'[ 78%] Built target tello_msgs__py\n'}
[1.718054] (tello_msgs) StdoutLine: {'line': b'[ 87%] Built target tello_msgs__python\n'}
[1.718153] (tello_msgs) StdoutLine: {'line': b'[ 91%] Built target tello_msgs__rosidl_typesupport_c__pyext\n'}
[1.721388] (tello_msgs) StdoutLine: {'line': b'[ 95%] Built target tello_msgs__rosidl_typesupport_introspection_c__pyext\n'}
[1.721647] (tello_msgs) StdoutLine: {'line': b'[100%] Built target tello_msgs__rosidl_typesupport_fastrtps_c__pyext\n'}
[1.721774] (tello_description) StdoutLine: {'line': b'[ 11%] Built target generate_urdf_6\n'}
[1.721983] (tello_description) StdoutLine: {'line': b'[ 22%] Built target generate_urdf_2\n'}
[1.722093] (tello_description) StdoutLine: {'line': b'[ 33%] Built target generate_urdf_7\n'}
[1.722190] (tello_description) StdoutLine: {'line': b'[ 44%] Built target generate_urdf_5\n'}
[1.722579] (tello_description) StdoutLine: {'line': b'[ 55%] Built target generate_urdf_4\n'}
[1.722684] (tello_description) StdoutLine: {'line': b'[ 66%] Built target generate_urdf_8\n'}
[1.722771] (tello_description) StdoutLine: {'line': b'[ 77%] Built target generate_urdf_3\n'}
[1.722855] (tello_description) StdoutLine: {'line': b'[ 88%] Built target generate_urdf_1\n'}
[1.722953] (tello_description) StdoutLine: {'line': b'[100%] Built target generate_urdf\n'}
[1.723051] (tello_msgs) CommandEnded: {'returncode': 0}
[1.726870] (ros2_shared) CommandEnded: {'returncode': 0}
[1.729042] (tello_description) CommandEnded: {'returncode': 0}
[1.732594] (-) TimerEvent: {}
[1.781756] (ros2_shared) JobProgress: {'identifier': 'ros2_shared', 'progress': 'install'}
[1.819645] (ros2_shared) Command: {'cmd': ['/usr/bin/cmake', '--install', '/root/DockerFiles/drone_ws/build/ros2_shared'], 'cwd': '/root/DockerFiles/drone_ws/build/ros2_shared', 'env': OrderedDict([('HOSTNAME', 'vdani-H410M-H-V2'), ('SHLVL', '1'), ('LD_LIBRARY_PATH', '/root/DockerFiles/drone_ws/install/tello_gazebo/lib:/root/DockerFiles/drone_ws/install/tello_driver/lib:/root/DockerFiles/drone_ws/install/tello_msgs/lib:/usr/lib/x86_64-linux-gnu/gazebo-11/plugins:/opt/ros/foxy/opt/yaml_cpp_vendor/lib:/opt/ros/foxy/opt/rviz_ogre_vendor/lib:/opt/ros/foxy/lib/x86_64-linux-gnu:/opt/ros/foxy/lib'), ('HOME', '/root'), ('OLDPWD', '/root/DockerFiles'), ('ROS_PYTHON_VERSION', '3'), ('COLCON_PREFIX_PATH', '/root/DockerFiles/drone_ws/install'), ('ROS_DISTRO', 'foxy'), ('_', '/usr/bin/colcon'), ('ROS_VERSION', '2'), ('TERM', 'xterm'), ('ROS_LOCALHOST_ONLY', '0'), ('QT_X11_NO_MITSHM', '1'), ('PATH', '/opt/ros/foxy/bin:/usr/local/sbin:/usr/local/bin:/usr/sbin:/usr/bin:/sbin:/bin'), ('XDG_RUNTIME_DIR', '/run/user/1000'), ('DISPLAY', ':0'), ('LANG', 'C.UTF-8'), ('RMW_IMPLEMENTATION', 'rmw_fastrtps_cpp'), ('LS_COLORS', 'rs=0:di=01;34:ln=01;36:mh=00:pi=40;33:so=01;35:do=01;35:bd=40;33;01:cd=40;33;01:or=40;31;01:mi=00:su=37;41:sg=30;43:ca=30;41:tw=30;42:ow=34;42:st=37;44:ex=01;32:*.tar=01;31:*.tgz=01;31:*.arc=01;31:*.arj=01;31:*.taz=01;31:*.lha=01;31:*.lz4=01;31:*.lzh=01;31:*.lzma=01;31:*.tlz=01;31:*.txz=01;31:*.tzo=01;31:*.t7z=01;31:*.zip=01;31:*.z=01;31:*.dz=01;31:*.gz=01;31:*.lrz=01;31:*.lz=01;31:*.lzo=01;31:*.xz=01;31:*.zst=01;31:*.tzst=01;31:*.bz2=01;31:*.bz=01;31:*.tbz=01;31:*.tbz2=01;31:*.tz=01;31:*.deb=01;31:*.rpm=01;31:*.jar=01;31:*.war=01;31:*.ear=01;31:*.sar=01;31:*.rar=01;31:*.alz=01;31:*.ace=01;31:*.zoo=01;31:*.cpio=01;31:*.7z=01;31:*.rz=01;31:*.cab=01;31:*.wim=01;31:*.swm=01;31:*.dwm=01;31:*.esd=01;31:*.jpg=01;35:*.jpeg=01;35:*.mjpg=01;35:*.mjpeg=01;35:*.gif=01;35:*.bmp=01;35:*.pbm=01;35:*.pgm=01;35:*.ppm=01;35:*.tga=01;35:*.xbm=01;35:*.xpm=01;35:*.tif=01;35:*.tiff=01;35:*.png=01;35:*.svg=01;35:*.svgz=01;35:*.mng=01;35:*.pcx=01;35:*.mov=01;35:*.mpg=01;35:*.mpeg=01;35:*.m2v=01;35:*.mkv=01;35:*.webm=01;35:*.ogm=01;35:*.mp4=01;35:*.m4v=01;35:*.mp4v=01;35:*.vob=01;35:*.qt=01;35:*.nuv=01;35:*.wmv=01;35:*.asf=01;35:*.rm=01;35:*.rmvb=01;35:*.flc=01;35:*.avi=01;35:*.fli=01;35:*.flv=01;35:*.gl=01;35:*.dl=01;35:*.xcf=01;35:*.xwd=01;35:*.yuv=01;35:*.cgm=01;35:*.emf=01;35:*.ogv=01;35:*.ogx=01;35:*.aac=00;36:*.au=00;36:*.flac=00;36:*.m4a=00;36:*.mid=00;36:*.midi=00;36:*.mka=00;36:*.mp3=00;36:*.mpc=00;36:*.ogg=00;36:*.ra=00;36:*.wav=00;36:*.oga=00;36:*.opus=00;36:*.spx=00;36:*.xspf=00;36:'), ('AMENT_PREFIX_PATH', '/root/DockerFiles/drone_ws/install/tello_gazebo:/root/DockerFiles/drone_ws/install/tello_driver:/root/DockerFiles/drone_ws/install/tello_msgs:/root/DockerFiles/drone_ws/install/tello_mission:/root/DockerFiles/drone_ws/install/tello_hand_move:/root/DockerFiles/drone_ws/install/tello_description:/root/DockerFiles/drone_ws/install/tello_controller:/root/DockerFiles/drone_ws/install/tello_camera:/root/DockerFiles/drone_ws/install/ros2_shared:/opt/ros/foxy'), ('PWD', '/root/DockerFiles/drone_ws/build/ros2_shared'), ('LC_ALL', 'C.UTF-8'), ('PYTHONPATH', '/root/DockerFiles/drone_ws/install/tello_msgs/lib/python3.8/site-packages:/root/DockerFiles/drone_ws/install/tello_mission/lib/python3.8/site-packages:/root/DockerFiles/drone_ws/install/tello_hand_move/lib/python3.8/site-packages:/root/DockerFiles/drone_ws/install/tello_controller/lib/python3.8/site-packages:/root/DockerFiles/drone_ws/install/tello_camera/lib/python3.8/site-packages:/opt/ros/foxy/lib/python3.8/site-packages'), ('COLCON', '1'), ('CMAKE_PREFIX_PATH', '/root/DockerFiles/drone_ws/install/tello_gazebo:/root/DockerFiles/drone_ws/install/tello_driver:/root/DockerFiles/drone_ws/install/tello_msgs:/root/DockerFiles/drone_ws/install/tello_description:/root/DockerFiles/drone_ws/install/ros2_shared:/root/DockerFiles/drone_ws/install/tello_mission:/root/DockerFiles/drone_ws/install/tello_hand_move:/root/DockerFiles/drone_ws/install/tello_controller:/root/DockerFiles/drone_ws/install/tello_camera:/opt/ros/foxy')]), 'shell': False}
[1.831629] (tello_description) JobProgress: {'identifier': 'tello_description', 'progress': 'install'}
[1.834405] (tello_description) Command: {'cmd': ['/usr/bin/cmake', '--install', '/root/DockerFiles/drone_ws/build/tello_description'], 'cwd': '/root/DockerFiles/drone_ws/build/tello_description', 'env': OrderedDict([('HOSTNAME', 'vdani-H410M-H-V2'), ('SHLVL', '1'), ('LD_LIBRARY_PATH', '/root/DockerFiles/drone_ws/install/tello_gazebo/lib:/root/DockerFiles/drone_ws/install/tello_driver/lib:/root/DockerFiles/drone_ws/install/tello_msgs/lib:/usr/lib/x86_64-linux-gnu/gazebo-11/plugins:/opt/ros/foxy/opt/yaml_cpp_vendor/lib:/opt/ros/foxy/opt/rviz_ogre_vendor/lib:/opt/ros/foxy/lib/x86_64-linux-gnu:/opt/ros/foxy/lib'), ('HOME', '/root'), ('OLDPWD', '/root/DockerFiles'), ('ROS_PYTHON_VERSION', '3'), ('COLCON_PREFIX_PATH', '/root/DockerFiles/drone_ws/install'), ('ROS_DISTRO', 'foxy'), ('_', '/usr/bin/colcon'), ('ROS_VERSION', '2'), ('TERM', 'xterm'), ('ROS_LOCALHOST_ONLY', '0'), ('QT_X11_NO_MITSHM', '1'), ('PATH', '/opt/ros/foxy/bin:/usr/local/sbin:/usr/local/bin:/usr/sbin:/usr/bin:/sbin:/bin'), ('XDG_RUNTIME_DIR', '/run/user/1000'), ('DISPLAY', ':0'), ('LANG', 'C.UTF-8'), ('RMW_IMPLEMENTATION', 'rmw_fastrtps_cpp'), ('LS_COLORS', 'rs=0:di=01;34:ln=01;36:mh=00:pi=40;33:so=01;35:do=01;35:bd=40;33;01:cd=40;33;01:or=40;31;01:mi=00:su=37;41:sg=30;43:ca=30;41:tw=30;42:ow=34;42:st=37;44:ex=01;32:*.tar=01;31:*.tgz=01;31:*.arc=01;31:*.arj=01;31:*.taz=01;31:*.lha=01;31:*.lz4=01;31:*.lzh=01;31:*.lzma=01;31:*.tlz=01;31:*.txz=01;31:*.tzo=01;31:*.t7z=01;31:*.zip=01;31:*.z=01;31:*.dz=01;31:*.gz=01;31:*.lrz=01;31:*.lz=01;31:*.lzo=01;31:*.xz=01;31:*.zst=01;31:*.tzst=01;31:*.bz2=01;31:*.bz=01;31:*.tbz=01;31:*.tbz2=01;31:*.tz=01;31:*.deb=01;31:*.rpm=01;31:*.jar=01;31:*.war=01;31:*.ear=01;31:*.sar=01;31:*.rar=01;31:*.alz=01;31:*.ace=01;31:*.zoo=01;31:*.cpio=01;31:*.7z=01;31:*.rz=01;31:*.cab=01;31:*.wim=01;31:*.swm=01;31:*.dwm=01;31:*.esd=01;31:*.jpg=01;35:*.jpeg=01;35:*.mjpg=01;35:*.mjpeg=01;35:*.gif=01;35:*.bmp=01;35:*.pbm=01;35:*.pgm=01;35:*.ppm=01;35:*.tga=01;35:*.xbm=01;35:*.xpm=01;35:*.tif=01;35:*.tiff=01;35:*.png=01;35:*.svg=01;35:*.svgz=01;35:*.mng=01;35:*.pcx=01;35:*.mov=01;35:*.mpg=01;35:*.mpeg=01;35:*.m2v=01;35:*.mkv=01;35:*.webm=01;35:*.ogm=01;35:*.mp4=01;35:*.m4v=01;35:*.mp4v=01;35:*.vob=01;35:*.qt=01;35:*.nuv=01;35:*.wmv=01;35:*.asf=01;35:*.rm=01;35:*.rmvb=01;35:*.flc=01;35:*.avi=01;35:*.fli=01;35:*.flv=01;35:*.gl=01;35:*.dl=01;35:*.xcf=01;35:*.xwd=01;35:*.yuv=01;35:*.cgm=01;35:*.emf=01;35:*.ogv=01;35:*.ogx=01;35:*.aac=00;36:*.au=00;36:*.flac=00;36:*.m4a=00;36:*.mid=00;36:*.midi=00;36:*.mka=00;36:*.mp3=00;36:*.mpc=00;36:*.ogg=00;36:*.ra=00;36:*.wav=00;36:*.oga=00;36:*.opus=00;36:*.spx=00;36:*.xspf=00;36:'), ('AMENT_PREFIX_PATH', '/root/DockerFiles/drone_ws/install/tello_gazebo:/root/DockerFiles/drone_ws/install/tello_driver:/root/DockerFiles/drone_ws/install/tello_msgs:/root/DockerFiles/drone_ws/install/tello_mission:/root/DockerFiles/drone_ws/install/tello_hand_move:/root/DockerFiles/drone_ws/install/tello_description:/root/DockerFiles/drone_ws/install/tello_controller:/root/DockerFiles/drone_ws/install/tello_camera:/root/DockerFiles/drone_ws/install/ros2_shared:/opt/ros/foxy'), ('PWD', '/root/DockerFiles/drone_ws/build/tello_description'), ('LC_ALL', 'C.UTF-8'), ('PYTHONPATH', '/root/DockerFiles/drone_ws/install/tello_msgs/lib/python3.8/site-packages:/root/DockerFiles/drone_ws/install/tello_mission/lib/python3.8/site-packages:/root/DockerFiles/drone_ws/install/tello_hand_move/lib/python3.8/site-packages:/root/DockerFiles/drone_ws/install/tello_controller/lib/python3.8/site-packages:/root/DockerFiles/drone_ws/install/tello_camera/lib/python3.8/site-packages:/opt/ros/foxy/lib/python3.8/site-packages'), ('COLCON', '1'), ('CMAKE_PREFIX_PATH', '/root/DockerFiles/drone_ws/install/tello_gazebo:/root/DockerFiles/drone_ws/install/tello_driver:/root/DockerFiles/drone_ws/install/tello_msgs:/root/DockerFiles/drone_ws/install/tello_description:/root/DockerFiles/drone_ws/install/ros2_shared:/root/DockerFiles/drone_ws/install/tello_mission:/root/DockerFiles/drone_ws/install/tello_hand_move:/root/DockerFiles/drone_ws/install/tello_controller:/root/DockerFiles/drone_ws/install/tello_camera:/opt/ros/foxy')]), 'shell': False}
[1.835789] (-) TimerEvent: {}
[1.842435] (ros2_shared) StdoutLine: {'line': b'-- Install configuration: ""\n'}
[1.843707] (ros2_shared) StdoutLine: {'line': b'-- Up-to-date: /root/DockerFiles/drone_ws/install/ros2_shared/include\n'}
[1.843859] (ros2_shared) StdoutLine: {'line': b'-- Up-to-date: /root/DockerFiles/drone_ws/install/ros2_shared/include/ros2_shared\n'}
[1.843977] (ros2_shared) StdoutLine: {'line': b'-- Up-to-date: /root/DockerFiles/drone_ws/install/ros2_shared/include/ros2_shared/context_macros.hpp\n'}
[1.844072] (ros2_shared) StdoutLine: {'line': b'-- Up-to-date: /root/DockerFiles/drone_ws/install/ros2_shared/include/ros2_shared/string_printf.hpp\n'}
[1.844159] (ros2_shared) StdoutLine: {'line': b'-- Up-to-date: /root/DockerFiles/drone_ws/install/ros2_shared/include/ros2_shared/param_macros.hpp\n'}
[1.844252] (ros2_shared) StdoutLine: {'line': b'-- Up-to-date: /root/DockerFiles/drone_ws/install/ros2_shared/share/ament_index/resource_index/package_run_dependencies/ros2_shared\n'}
[1.844338] (ros2_shared) StdoutLine: {'line': b'-- Up-to-date: /root/DockerFiles/drone_ws/install/ros2_shared/share/ament_index/resource_index/parent_prefix_path/ros2_shared\n'}
[1.844426] (ros2_shared) StdoutLine: {'line': b'-- Up-to-date: /root/DockerFiles/drone_ws/install/ros2_shared/share/ros2_shared/environment/ament_prefix_path.sh\n'}
[1.844518] (ros2_shared) StdoutLine: {'line': b'-- Up-to-date: /root/DockerFiles/drone_ws/install/ros2_shared/share/ros2_shared/environment/ament_prefix_path.dsv\n'}
[1.847869] (ros2_shared) StdoutLine: {'line': b'-- Up-to-date: /root/DockerFiles/drone_ws/install/ros2_shared/share/ros2_shared/environment/path.sh\n'}
[1.848033] (ros2_shared) StdoutLine: {'line': b'-- Up-to-date: /root/DockerFiles/drone_ws/install/ros2_shared/share/ros2_shared/environment/path.dsv\n'}
[1.849289] (ros2_shared) StdoutLine: {'line': b'-- Up-to-date: /root/DockerFiles/drone_ws/install/ros2_shared/share/ros2_shared/local_setup.bash\n'}
[1.849868] (ros2_shared) StdoutLine: {'line': b'-- Up-to-date: /root/DockerFiles/drone_ws/install/ros2_shared/share/ros2_shared/local_setup.sh\n'}
[1.850821] (ros2_shared) StdoutLine: {'line': b'-- Up-to-date: /root/DockerFiles/drone_ws/install/ros2_shared/share/ros2_shared/local_setup.zsh\n'}
[1.853010] (ros2_shared) StdoutLine: {'line': b'-- Up-to-date: /root/DockerFiles/drone_ws/install/ros2_shared/share/ros2_shared/local_setup.dsv\n'}
[1.853122] (ros2_shared) StdoutLine: {'line': b'-- Installing: /root/DockerFiles/drone_ws/install/ros2_shared/share/ros2_shared/package.dsv\n'}
[1.853210] (ros2_shared) StdoutLine: {'line': b'-- Up-to-date: /root/DockerFiles/drone_ws/install/ros2_shared/share/ament_index/resource_index/packages/ros2_shared\n'}
[1.853314] (ros2_shared) StdoutLine: {'line': b'-- Up-to-date: /root/DockerFiles/drone_ws/install/ros2_shared/share/ros2_shared/cmake/ros2_shared_targetsExport.cmake\n'}
[1.853419] (ros2_shared) StdoutLine: {'line': b'-- Up-to-date: /root/DockerFiles/drone_ws/install/ros2_shared/share/ros2_shared/cmake/ament_cmake_export_targets-extras.cmake\n'}
[1.853522] (ros2_shared) StdoutLine: {'line': b'-- Up-to-date: /root/DockerFiles/drone_ws/install/ros2_shared/share/ros2_shared/cmake/ament_cmake_export_dependencies-extras.cmake\n'}
[1.853620] (ros2_shared) StdoutLine: {'line': b'-- Up-to-date: /root/DockerFiles/drone_ws/install/ros2_shared/share/ros2_shared/cmake/ros2_sharedConfig.cmake\n'}
[1.853714] (ros2_shared) StdoutLine: {'line': b'-- Up-to-date: /root/DockerFiles/drone_ws/install/ros2_shared/share/ros2_shared/cmake/ros2_sharedConfig-version.cmake\n'}
[1.853813] (ros2_shared) StdoutLine: {'line': b'-- Up-to-date: /root/DockerFiles/drone_ws/install/ros2_shared/share/ros2_shared/package.xml\n'}
[1.853921] (ros2_shared) CommandEnded: {'returncode': 0}
[1.854322] (tello_description) StdoutLine: {'line': b'-- Install configuration: ""\n'}
[1.854450] (tello_description) StdoutLine: {'line': b'-- Up-to-date: /root/DockerFiles/drone_ws/install/tello_description/share/tello_description/urdf\n'}
[1.854528] (tello_description) StdoutLine: {'line': b'-- Up-to-date: /root/DockerFiles/drone_ws/install/tello_description/share/tello_description/urdf/tello_8.urdf\n'}
[1.854591] (tello_description) StdoutLine: {'line': b'-- Up-to-date: /root/DockerFiles/drone_ws/install/tello_description/share/tello_description/urdf/tello_3.urdf\n'}
[1.854646] (tello_description) StdoutLine: {'line': b'-- Up-to-date: /root/DockerFiles/drone_ws/install/tello_description/share/tello_description/urdf/tello_1.urdf\n'}
[1.854701] (tello_description) StdoutLine: {'line': b'-- Up-to-date: /root/DockerFiles/drone_ws/install/tello_description/share/tello_description/urdf/tello_5.urdf\n'}
[1.854754] (tello_description) StdoutLine: {'line': b'-- Up-to-date: /root/DockerFiles/drone_ws/install/tello_description/share/tello_description/urdf/tello_4.urdf\n'}
[1.854808] (tello_description) StdoutLine: {'line': b'-- Up-to-date: /root/DockerFiles/drone_ws/install/tello_description/share/tello_description/urdf/tello_6.urdf\n'}
[1.854860] (tello_description) StdoutLine: {'line': b'-- Up-to-date: /root/DockerFiles/drone_ws/install/tello_description/share/tello_description/urdf/tello_2.urdf\n'}
[1.854954] (tello_description) StdoutLine: {'line': b'-- Up-to-date: /root/DockerFiles/drone_ws/install/tello_description/share/tello_description/urdf/tello_7.urdf\n'}
[1.858202] (tello_description) StdoutLine: {'line': b'-- Up-to-date: /root/DockerFiles/drone_ws/install/tello_description/share/tello_description/urdf/tello.urdf\n'}
[1.858376] (tello_description) StdoutLine: {'line': b'-- Up-to-date: /root/DockerFiles/drone_ws/install/tello_description/share/ament_index/resource_index/package_run_dependencies/tello_description\n'}
[1.859193] (tello_description) StdoutLine: {'line': b'-- Up-to-date: /root/DockerFiles/drone_ws/install/tello_description/share/ament_index/resource_index/parent_prefix_path/tello_description\n'}
[1.859331] (tello_description) StdoutLine: {'line': b'-- Up-to-date: /root/DockerFiles/drone_ws/install/tello_description/share/tello_description/environment/ament_prefix_path.sh\n'}
[1.859417] (tello_description) StdoutLine: {'line': b'-- Up-to-date: /root/DockerFiles/drone_ws/install/tello_description/share/tello_description/environment/ament_prefix_path.dsv\n'}
[1.859499] (tello_description) StdoutLine: {'line': b'-- Up-to-date: /root/DockerFiles/drone_ws/install/tello_description/share/tello_description/environment/path.sh\n'}
[1.859583] (tello_description) StdoutLine: {'line': b'-- Up-to-date: /root/DockerFiles/drone_ws/install/tello_description/share/tello_description/environment/path.dsv\n'}
[1.859667] (tello_description) StdoutLine: {'line': b'-- Up-to-date: /root/DockerFiles/drone_ws/install/tello_description/share/tello_description/local_setup.bash\n'}
[1.859761] (tello_description) StdoutLine: {'line': b'-- Up-to-date: /root/DockerFiles/drone_ws/install/tello_description/share/tello_description/local_setup.sh\n'}
[1.859847] (tello_description) StdoutLine: {'line': b'-- Up-to-date: /root/DockerFiles/drone_ws/install/tello_description/share/tello_description/local_setup.zsh\n'}
[1.859950] (tello_description) StdoutLine: {'line': b'-- Up-to-date: /root/DockerFiles/drone_ws/install/tello_description/share/tello_description/local_setup.dsv\n'}
[1.860019] (tello_description) StdoutLine: {'line': b'-- Installing: /root/DockerFiles/drone_ws/install/tello_description/share/tello_description/package.dsv\n'}
[1.860078] (tello_description) StdoutLine: {'line': b'-- Up-to-date: /root/DockerFiles/drone_ws/install/tello_description/share/ament_index/resource_index/packages/tello_description\n'}
[1.860154] (tello_description) StdoutLine: {'line': b'-- Up-to-date: /root/DockerFiles/drone_ws/install/tello_description/share/tello_description/cmake/tello_descriptionConfig.cmake\n'}
[1.860240] (tello_description) StdoutLine: {'line': b'-- Up-to-date: /root/DockerFiles/drone_ws/install/tello_description/share/tello_description/cmake/tello_descriptionConfig-version.cmake\n'}
[1.860327] (tello_description) StdoutLine: {'line': b'-- Up-to-date: /root/DockerFiles/drone_ws/install/tello_description/share/tello_description/package.xml\n'}
[1.888970] (tello_msgs) JobProgress: {'identifier': 'tello_msgs', 'progress': 'install'}
[1.893260] (tello_msgs) Command: {'cmd': ['/usr/bin/cmake', '--install', '/root/DockerFiles/drone_ws/build/tello_msgs'], 'cwd': '/root/DockerFiles/drone_ws/build/tello_msgs', 'env': OrderedDict([('HOSTNAME', 'vdani-H410M-H-V2'), ('SHLVL', '1'), ('LD_LIBRARY_PATH', '/root/DockerFiles/drone_ws/install/tello_gazebo/lib:/root/DockerFiles/drone_ws/install/tello_driver/lib:/root/DockerFiles/drone_ws/install/tello_msgs/lib:/usr/lib/x86_64-linux-gnu/gazebo-11/plugins:/opt/ros/foxy/opt/yaml_cpp_vendor/lib:/opt/ros/foxy/opt/rviz_ogre_vendor/lib:/opt/ros/foxy/lib/x86_64-linux-gnu:/opt/ros/foxy/lib'), ('HOME', '/root'), ('OLDPWD', '/root/DockerFiles'), ('ROS_PYTHON_VERSION', '3'), ('COLCON_PREFIX_PATH', '/root/DockerFiles/drone_ws/install'), ('ROS_DISTRO', 'foxy'), ('_', '/usr/bin/colcon'), ('ROS_VERSION', '2'), ('TERM', 'xterm'), ('ROS_LOCALHOST_ONLY', '0'), ('QT_X11_NO_MITSHM', '1'), ('PATH', '/opt/ros/foxy/bin:/usr/local/sbin:/usr/local/bin:/usr/sbin:/usr/bin:/sbin:/bin'), ('XDG_RUNTIME_DIR', '/run/user/1000'), ('DISPLAY', ':0'), ('LANG', 'C.UTF-8'), ('RMW_IMPLEMENTATION', 'rmw_fastrtps_cpp'), ('LS_COLORS', 'rs=0:di=01;34:ln=01;36:mh=00:pi=40;33:so=01;35:do=01;35:bd=40;33;01:cd=40;33;01:or=40;31;01:mi=00:su=37;41:sg=30;43:ca=30;41:tw=30;42:ow=34;42:st=37;44:ex=01;32:*.tar=01;31:*.tgz=01;31:*.arc=01;31:*.arj=01;31:*.taz=01;31:*.lha=01;31:*.lz4=01;31:*.lzh=01;31:*.lzma=01;31:*.tlz=01;31:*.txz=01;31:*.tzo=01;31:*.t7z=01;31:*.zip=01;31:*.z=01;31:*.dz=01;31:*.gz=01;31:*.lrz=01;31:*.lz=01;31:*.lzo=01;31:*.xz=01;31:*.zst=01;31:*.tzst=01;31:*.bz2=01;31:*.bz=01;31:*.tbz=01;31:*.tbz2=01;31:*.tz=01;31:*.deb=01;31:*.rpm=01;31:*.jar=01;31:*.war=01;31:*.ear=01;31:*.sar=01;31:*.rar=01;31:*.alz=01;31:*.ace=01;31:*.zoo=01;31:*.cpio=01;31:*.7z=01;31:*.rz=01;31:*.cab=01;31:*.wim=01;31:*.swm=01;31:*.dwm=01;31:*.esd=01;31:*.jpg=01;35:*.jpeg=01;35:*.mjpg=01;35:*.mjpeg=01;35:*.gif=01;35:*.bmp=01;35:*.pbm=01;35:*.pgm=01;35:*.ppm=01;35:*.tga=01;35:*.xbm=01;35:*.xpm=01;35:*.tif=01;35:*.tiff=01;35:*.png=01;35:*.svg=01;35:*.svgz=01;35:*.mng=01;35:*.pcx=01;35:*.mov=01;35:*.mpg=01;35:*.mpeg=01;35:*.m2v=01;35:*.mkv=01;35:*.webm=01;35:*.ogm=01;35:*.mp4=01;35:*.m4v=01;35:*.mp4v=01;35:*.vob=01;35:*.qt=01;35:*.nuv=01;35:*.wmv=01;35:*.asf=01;35:*.rm=01;35:*.rmvb=01;35:*.flc=01;35:*.avi=01;35:*.fli=01;35:*.flv=01;35:*.gl=01;35:*.dl=01;35:*.xcf=01;35:*.xwd=01;35:*.yuv=01;35:*.cgm=01;35:*.emf=01;35:*.ogv=01;35:*.ogx=01;35:*.aac=00;36:*.au=00;36:*.flac=00;36:*.m4a=00;36:*.mid=00;36:*.midi=00;36:*.mka=00;36:*.mp3=00;36:*.mpc=00;36:*.ogg=00;36:*.ra=00;36:*.wav=00;36:*.oga=00;36:*.opus=00;36:*.spx=00;36:*.xspf=00;36:'), ('AMENT_PREFIX_PATH', '/root/DockerFiles/drone_ws/install/tello_gazebo:/root/DockerFiles/drone_ws/install/tello_driver:/root/DockerFiles/drone_ws/install/tello_msgs:/root/DockerFiles/drone_ws/install/tello_mission:/root/DockerFiles/drone_ws/install/tello_hand_move:/root/DockerFiles/drone_ws/install/tello_description:/root/DockerFiles/drone_ws/install/tello_controller:/root/DockerFiles/drone_ws/install/tello_camera:/root/DockerFiles/drone_ws/install/ros2_shared:/opt/ros/foxy'), ('PWD', '/root/DockerFiles/drone_ws/build/tello_msgs'), ('LC_ALL', 'C.UTF-8'), ('PYTHONPATH', '/root/DockerFiles/drone_ws/install/tello_msgs/lib/python3.8/site-packages:/root/DockerFiles/drone_ws/install/tello_mission/lib/python3.8/site-packages:/root/DockerFiles/drone_ws/install/tello_hand_move/lib/python3.8/site-packages:/root/DockerFiles/drone_ws/install/tello_controller/lib/python3.8/site-packages:/root/DockerFiles/drone_ws/install/tello_camera/lib/python3.8/site-packages:/opt/ros/foxy/lib/python3.8/site-packages'), ('COLCON', '1'), ('CMAKE_PREFIX_PATH', '/root/DockerFiles/drone_ws/install/tello_gazebo:/root/DockerFiles/drone_ws/install/tello_driver:/root/DockerFiles/drone_ws/install/tello_msgs:/root/DockerFiles/drone_ws/install/tello_description:/root/DockerFiles/drone_ws/install/ros2_shared:/root/DockerFiles/drone_ws/install/tello_mission:/root/DockerFiles/drone_ws/install/tello_hand_move:/root/DockerFiles/drone_ws/install/tello_controller:/root/DockerFiles/drone_ws/install/tello_camera:/opt/ros/foxy')]), 'shell': False}
[1.901893] (tello_description) CommandEnded: {'returncode': 0}
[1.933972] (tello_msgs) StdoutLine: {'line': b'-- Install configuration: ""\n'}
[1.937597] (-) TimerEvent: {}
[1.938096] (tello_msgs) StdoutLine: {'line': b'-- Up-to-date: /root/DockerFiles/drone_ws/install/tello_msgs/share/ament_index/resource_index/rosidl_interfaces/tello_msgs\n'}
[1.939155] (tello_msgs) StdoutLine: {'line': b'-- Up-to-date: /root/DockerFiles/drone_ws/install/tello_msgs/include/tello_msgs\n'}
[1.940218] (tello_msgs) StdoutLine: {'line': b'-- Up-to-date: /root/DockerFiles/drone_ws/install/tello_msgs/include/tello_msgs/msg\n'}
[1.940908] (tello_msgs) StdoutLine: {'line': b'-- Up-to-date: /root/DockerFiles/drone_ws/install/tello_msgs/include/tello_msgs/msg/detail\n'}
[1.942207] (tello_msgs) StdoutLine: {'line': b'-- Up-to-date: /root/DockerFiles/drone_ws/install/tello_msgs/include/tello_msgs/msg/detail/flight_data__struct.h\n'}
[1.943116] (tello_msgs) StdoutLine: {'line': b'-- Up-to-date: /root/DockerFiles/drone_ws/install/tello_msgs/include/tello_msgs/msg/detail/tello_response__struct.h\n'}
[1.944326] (tello_msgs) StdoutLine: {'line': b'-- Up-to-date: /root/DockerFiles/drone_ws/install/tello_msgs/include/tello_msgs/msg/detail/flight_data__functions.h\n'}
[1.945021] (tello_msgs) StdoutLine: {'line': b'-- Up-to-date: /root/DockerFiles/drone_ws/install/tello_msgs/include/tello_msgs/msg/detail/flight_data__functions.c\n'}
[1.963831] (tello_msgs) StdoutLine: {'line': b'-- Up-to-date: /root/DockerFiles/drone_ws/install/tello_msgs/include/tello_msgs/msg/detail/tello_response__functions.c\n'}
[1.967477] (tello_msgs) StdoutLine: {'line': b'-- Up-to-date: /root/DockerFiles/drone_ws/install/tello_msgs/include/tello_msgs/msg/detail/flight_data__type_support.h\n'}
[1.969153] (tello_msgs) StdoutLine: {'line': b'-- Up-to-date: /root/DockerFiles/drone_ws/install/tello_msgs/include/tello_msgs/msg/detail/tello_response__functions.h\n'}
[1.970094] (tello_msgs) StdoutLine: {'line': b'-- Up-to-date: /root/DockerFiles/drone_ws/install/tello_msgs/include/tello_msgs/msg/detail/tello_response__type_support.h\n'}
[1.971549] (tello_msgs) StdoutLine: {'line': b'-- Up-to-date: /root/DockerFiles/drone_ws/install/tello_msgs/include/tello_msgs/msg/rosidl_generator_c__visibility_control.h\n'}
[1.973146] (tello_msgs) StdoutLine: {'line': b'-- Up-to-date: /root/DockerFiles/drone_ws/install/tello_msgs/include/tello_msgs/msg/tello_response.h\n'}
[1.974883] (tello_msgs) StdoutLine: {'line': b'-- Up-to-date: /root/DockerFiles/drone_ws/install/tello_msgs/include/tello_msgs/msg/flight_data.h\n'}
[1.985528] (tello_msgs) StdoutLine: {'line': b'-- Up-to-date: /root/DockerFiles/drone_ws/install/tello_msgs/include/tello_msgs/srv\n'}
[1.997202] (tello_msgs) StdoutLine: {'line': b'-- Up-to-date: /root/DockerFiles/drone_ws/install/tello_msgs/include/tello_msgs/srv/detail\n'}
[1.998060] (tello_msgs) StdoutLine: {'line': b'-- Up-to-date: /root/DockerFiles/drone_ws/install/tello_msgs/include/tello_msgs/srv/detail/tello_action__struct.h\n'}
[1.999115] (tello_msgs) StdoutLine: {'line': b'-- Up-to-date: /root/DockerFiles/drone_ws/install/tello_msgs/include/tello_msgs/srv/detail/tello_action__functions.h\n'}
[2.000677] (tello_msgs) StdoutLine: {'line': b'-- Up-to-date: /root/DockerFiles/drone_ws/install/tello_msgs/include/tello_msgs/srv/detail/tello_action__type_support.h\n'}
[2.001998] (tello_msgs) StdoutLine: {'line': b'-- Up-to-date: /root/DockerFiles/drone_ws/install/tello_msgs/include/tello_msgs/srv/detail/tello_action__functions.c\n'}
[2.003516] (tello_msgs) StdoutLine: {'line': b'-- Up-to-date: /root/DockerFiles/drone_ws/install/tello_msgs/include/tello_msgs/srv/tello_action.h\n'}
[2.005138] (tello_msgs) StdoutLine: {'line': b'-- Up-to-date: /root/DockerFiles/drone_ws/install/tello_msgs/share/tello_msgs/environment/library_path.sh\n'}
[2.006018] (tello_msgs) StdoutLine: {'line': b'-- Up-to-date: /root/DockerFiles/drone_ws/install/tello_msgs/share/tello_msgs/environment/library_path.dsv\n'}
[2.007561] (tello_msgs) StdoutLine: {'line': b'-- Up-to-date: /root/DockerFiles/drone_ws/install/tello_msgs/lib/libtello_msgs__rosidl_generator_c.so\n'}
[2.008283] (tello_msgs) StdoutLine: {'line': b'-- Up-to-date: /root/DockerFiles/drone_ws/install/tello_msgs/include/tello_msgs\n'}
[2.009420] (tello_msgs) StdoutLine: {'line': b'-- Up-to-date: /root/DockerFiles/drone_ws/install/tello_msgs/include/tello_msgs/msg\n'}
[2.010892] (tello_msgs) StdoutLine: {'line': b'-- Up-to-date: /root/DockerFiles/drone_ws/install/tello_msgs/include/tello_msgs/msg/detail\n'}
[2.011651] (tello_msgs) StdoutLine: {'line': b'-- Up-to-date: /root/DockerFiles/drone_ws/install/tello_msgs/include/tello_msgs/msg/detail/tello_response__rosidl_typesupport_fastrtps_c.h\n'}
[2.013655] (tello_msgs) StdoutLine: {'line': b'-- Up-to-date: /root/DockerFiles/drone_ws/install/tello_msgs/include/tello_msgs/msg/detail/flight_data__rosidl_typesupport_fastrtps_c.h\n'}
[2.019825] (tello_msgs) StdoutLine: {'line': b'-- Up-to-date: /root/DockerFiles/drone_ws/install/tello_msgs/include/tello_msgs/msg/rosidl_typesupport_fastrtps_c__visibility_control.h\n'}
[2.021206] (tello_msgs) StdoutLine: {'line': b'-- Up-to-date: /root/DockerFiles/drone_ws/install/tello_msgs/include/tello_msgs/srv\n'}
[2.024423] (tello_msgs) StdoutLine: {'line': b'-- Up-to-date: /root/DockerFiles/drone_ws/install/tello_msgs/include/tello_msgs/srv/detail\n'}
[2.025289] (tello_msgs) StdoutLine: {'line': b'-- Up-to-date: /root/DockerFiles/drone_ws/install/tello_msgs/include/tello_msgs/srv/detail/tello_action__rosidl_typesupport_fastrtps_c.h\n'}
[2.028237] (tello_msgs) StdoutLine: {'line': b'-- Up-to-date: /root/DockerFiles/drone_ws/install/tello_msgs/lib/libtello_msgs__rosidl_typesupport_fastrtps_c.so\n'}
[2.029336] (tello_msgs) StdoutLine: {'line': b'-- Up-to-date: /root/DockerFiles/drone_ws/install/tello_msgs/include/tello_msgs\n'}
[2.030223] (tello_msgs) StdoutLine: {'line': b'-- Up-to-date: /root/DockerFiles/drone_ws/install/tello_msgs/include/tello_msgs/msg\n'}
[2.030373] (tello_msgs) StdoutLine: {'line': b'-- Up-to-date: /root/DockerFiles/drone_ws/install/tello_msgs/include/tello_msgs/msg/detail\n'}
[2.030493] (tello_msgs) StdoutLine: {'line': b'-- Up-to-date: /root/DockerFiles/drone_ws/install/tello_msgs/include/tello_msgs/msg/detail/flight_data__rosidl_typesupport_fastrtps_cpp.hpp\n'}
[2.030606] (tello_msgs) StdoutLine: {'line': b'-- Up-to-date: /root/DockerFiles/drone_ws/install/tello_msgs/include/tello_msgs/msg/detail/dds_fastrtps\n'}
[2.030736] (tello_msgs) StdoutLine: {'line': b'-- Up-to-date: /root/DockerFiles/drone_ws/install/tello_msgs/include/tello_msgs/msg/detail/tello_response__rosidl_typesupport_fastrtps_cpp.hpp\n'}
[2.030852] (tello_msgs) StdoutLine: {'line': b'-- Up-to-date: /root/DockerFiles/drone_ws/install/tello_msgs/include/tello_msgs/msg/rosidl_typesupport_fastrtps_cpp__visibility_control.h\n'}
[2.030964] (tello_msgs) StdoutLine: {'line': b'-- Up-to-date: /root/DockerFiles/drone_ws/install/tello_msgs/include/tello_msgs/srv\n'}
[2.031056] (tello_msgs) StdoutLine: {'line': b'-- Up-to-date: /root/DockerFiles/drone_ws/install/tello_msgs/include/tello_msgs/srv/detail\n'}
[2.031152] (tello_msgs) StdoutLine: {'line': b'-- Up-to-date: /root/DockerFiles/drone_ws/install/tello_msgs/include/tello_msgs/srv/detail/dds_fastrtps\n'}
[2.031260] (tello_msgs) StdoutLine: {'line': b'-- Up-to-date: /root/DockerFiles/drone_ws/install/tello_msgs/include/tello_msgs/srv/detail/tello_action__rosidl_typesupport_fastrtps_cpp.hpp\n'}
[2.031372] (tello_msgs) StdoutLine: {'line': b'-- Up-to-date: /root/DockerFiles/drone_ws/install/tello_msgs/lib/libtello_msgs__rosidl_typesupport_fastrtps_cpp.so\n'}
[2.031486] (tello_msgs) StdoutLine: {'line': b'-- Up-to-date: /root/DockerFiles/drone_ws/install/tello_msgs/include/tello_msgs\n'}
[2.031584] (tello_msgs) StdoutLine: {'line': b'-- Up-to-date: /root/DockerFiles/drone_ws/install/tello_msgs/include/tello_msgs/msg\n'}
[2.031683] (tello_msgs) StdoutLine: {'line': b'-- Up-to-date: /root/DockerFiles/drone_ws/install/tello_msgs/include/tello_msgs/msg/detail\n'}
[2.031780] (tello_msgs) StdoutLine: {'line': b'-- Up-to-date: /root/DockerFiles/drone_ws/install/tello_msgs/include/tello_msgs/msg/detail/flight_data__rosidl_typesupport_introspection_c.h\n'}
[2.031871] (tello_msgs) StdoutLine: {'line': b'-- Up-to-date: /root/DockerFiles/drone_ws/install/tello_msgs/include/tello_msgs/msg/detail/tello_response__type_support.c\n'}
[2.036689] (tello_msgs) StdoutLine: {'line': b'-- Up-to-date: /root/DockerFiles/drone_ws/install/tello_msgs/include/tello_msgs/msg/detail/tello_response__rosidl_typesupport_introspection_c.h\n'}
[2.036852] (tello_msgs) StdoutLine: {'line': b'-- Up-to-date: /root/DockerFiles/drone_ws/install/tello_msgs/include/tello_msgs/msg/detail/flight_data__type_support.c\n'}
[2.036977] (tello_msgs) StdoutLine: {'line': b'-- Up-to-date: /root/DockerFiles/drone_ws/install/tello_msgs/include/tello_msgs/msg/rosidl_typesupport_introspection_c__visibility_control.h\n'}
[2.037083] (tello_msgs) StdoutLine: {'line': b'-- Up-to-date: /root/DockerFiles/drone_ws/install/tello_msgs/include/tello_msgs/srv\n'}
[2.037187] (tello_msgs) StdoutLine: {'line': b'-- Up-to-date: /root/DockerFiles/drone_ws/install/tello_msgs/include/tello_msgs/srv/detail\n'}
[2.037285] (tello_msgs) StdoutLine: {'line': b'-- Up-to-date: /root/DockerFiles/drone_ws/install/tello_msgs/include/tello_msgs/srv/detail/tello_action__type_support.c\n'}
[2.037376] (tello_msgs) StdoutLine: {'line': b'-- Up-to-date: /root/DockerFiles/drone_ws/install/tello_msgs/include/tello_msgs/srv/detail/tello_action__rosidl_typesupport_introspection_c.h\n'}
[2.037472] (tello_msgs) StdoutLine: {'line': b'-- Up-to-date: /root/DockerFiles/drone_ws/install/tello_msgs/lib/libtello_msgs__rosidl_typesupport_introspection_c.so\n'}
[2.037572] (tello_msgs) StdoutLine: {'line': b'-- Up-to-date: /root/DockerFiles/drone_ws/install/tello_msgs/lib/libtello_msgs__rosidl_typesupport_c.so\n'}
[2.037668] (-) TimerEvent: {}
[2.037823] (tello_msgs) StdoutLine: {'line': b'-- Up-to-date: /root/DockerFiles/drone_ws/install/tello_msgs/include/tello_msgs\n'}
[2.037944] (tello_msgs) StdoutLine: {'line': b'-- Up-to-date: /root/DockerFiles/drone_ws/install/tello_msgs/include/tello_msgs/msg\n'}
[2.038048] (tello_msgs) StdoutLine: {'line': b'-- Up-to-date: /root/DockerFiles/drone_ws/install/tello_msgs/include/tello_msgs/msg/detail\n'}
[2.038146] (tello_msgs) StdoutLine: {'line': b'-- Up-to-date: /root/DockerFiles/drone_ws/install/tello_msgs/include/tello_msgs/msg/detail/tello_response__type_support.hpp\n'}
[2.038256] (tello_msgs) StdoutLine: {'line': b'-- Up-to-date: /root/DockerFiles/drone_ws/install/tello_msgs/include/tello_msgs/msg/detail/flight_data__struct.hpp\n'}
[2.038353] (tello_msgs) StdoutLine: {'line': b'-- Up-to-date: /root/DockerFiles/drone_ws/install/tello_msgs/include/tello_msgs/msg/detail/tello_response__struct.hpp\n'}
[2.038455] (tello_msgs) StdoutLine: {'line': b'-- Up-to-date: /root/DockerFiles/drone_ws/install/tello_msgs/include/tello_msgs/msg/detail/tello_response__traits.hpp\n'}
[2.038570] (tello_msgs) StdoutLine: {'line': b'-- Up-to-date: /root/DockerFiles/drone_ws/install/tello_msgs/include/tello_msgs/msg/detail/tello_response__builder.hpp\n'}
[2.038672] (tello_msgs) StdoutLine: {'line': b'-- Up-to-date: /root/DockerFiles/drone_ws/install/tello_msgs/include/tello_msgs/msg/detail/flight_data__type_support.hpp\n'}
[2.052747] (tello_msgs) StdoutLine: {'line': b'-- Up-to-date: /root/DockerFiles/drone_ws/install/tello_msgs/include/tello_msgs/msg/detail/flight_data__traits.hpp\n'}
[2.052988] (tello_msgs) StdoutLine: {'line': b'-- Up-to-date: /root/DockerFiles/drone_ws/install/tello_msgs/include/tello_msgs/msg/detail/flight_data__builder.hpp\n'}
[2.053112] (tello_msgs) StdoutLine: {'line': b'-- Up-to-date: /root/DockerFiles/drone_ws/install/tello_msgs/include/tello_msgs/msg/rosidl_generator_cpp__visibility_control.hpp\n'}
[2.053269] (tello_msgs) StdoutLine: {'line': b'-- Up-to-date: /root/DockerFiles/drone_ws/install/tello_msgs/include/tello_msgs/msg/tello_response.hpp\n'}
[2.053687] (tello_msgs) StdoutLine: {'line': b'-- Up-to-date: /root/DockerFiles/drone_ws/install/tello_msgs/include/tello_msgs/msg/flight_data.hpp\n'}
[2.053846] (tello_msgs) StdoutLine: {'line': b'-- Up-to-date: /root/DockerFiles/drone_ws/install/tello_msgs/include/tello_msgs/srv\n'}
[2.053984] (tello_msgs) StdoutLine: {'line': b'-- Up-to-date: /root/DockerFiles/drone_ws/install/tello_msgs/include/tello_msgs/srv/detail\n'}
[2.054258] (tello_msgs) StdoutLine: {'line': b'-- Up-to-date: /root/DockerFiles/drone_ws/install/tello_msgs/include/tello_msgs/srv/detail/tello_action__struct.hpp\n'}
[2.054374] (tello_msgs) StdoutLine: {'line': b'-- Up-to-date: /root/DockerFiles/drone_ws/install/tello_msgs/include/tello_msgs/srv/detail/tello_action__builder.hpp\n'}
[2.054547] (tello_msgs) StdoutLine: {'line': b'-- Up-to-date: /root/DockerFiles/drone_ws/install/tello_msgs/include/tello_msgs/srv/detail/tello_action__traits.hpp\n'}
[2.054772] (tello_msgs) StdoutLine: {'line': b'-- Up-to-date: /root/DockerFiles/drone_ws/install/tello_msgs/include/tello_msgs/srv/detail/tello_action__type_support.hpp\n'}
[2.054884] (tello_msgs) StdoutLine: {'line': b'-- Up-to-date: /root/DockerFiles/drone_ws/install/tello_msgs/include/tello_msgs/srv/tello_action.hpp\n'}
[2.055139] (tello_msgs) StdoutLine: {'line': b'-- Up-to-date: /root/DockerFiles/drone_ws/install/tello_msgs/include/tello_msgs\n'}
[2.055249] (tello_msgs) StdoutLine: {'line': b'-- Up-to-date: /root/DockerFiles/drone_ws/install/tello_msgs/include/tello_msgs/msg\n'}
[2.055512] (tello_msgs) StdoutLine: {'line': b'-- Up-to-date: /root/DockerFiles/drone_ws/install/tello_msgs/include/tello_msgs/msg/detail\n'}
[2.055647] (tello_msgs) StdoutLine: {'line': b'-- Up-to-date: /root/DockerFiles/drone_ws/install/tello_msgs/include/tello_msgs/msg/detail/flight_data__type_support.cpp\n'}
[2.056034] (tello_msgs) StdoutLine: {'line': b'-- Up-to-date: /root/DockerFiles/drone_ws/install/tello_msgs/include/tello_msgs/msg/detail/tello_response__rosidl_typesupport_introspection_cpp.hpp\n'}
[2.056395] (tello_msgs) StdoutLine: {'line': b'-- Up-to-date: /root/DockerFiles/drone_ws/install/tello_msgs/include/tello_msgs/msg/detail/flight_data__rosidl_typesupport_introspection_cpp.hpp\n'}
[2.060086] (tello_msgs) StdoutLine: {'line': b'-- Up-to-date: /root/DockerFiles/drone_ws/install/tello_msgs/include/tello_msgs/msg/detail/tello_response__type_support.cpp\n'}
[2.060248] (tello_msgs) StdoutLine: {'line': b'-- Up-to-date: /root/DockerFiles/drone_ws/install/tello_msgs/include/tello_msgs/srv\n'}
[2.060357] (tello_msgs) StdoutLine: {'line': b'-- Up-to-date: /root/DockerFiles/drone_ws/install/tello_msgs/include/tello_msgs/srv/detail\n'}
[2.060443] (tello_msgs) StdoutLine: {'line': b'-- Up-to-date: /root/DockerFiles/drone_ws/install/tello_msgs/include/tello_msgs/srv/detail/tello_action__rosidl_typesupport_introspection_cpp.hpp\n'}
[2.060529] (tello_msgs) StdoutLine: {'line': b'-- Up-to-date: /root/DockerFiles/drone_ws/install/tello_msgs/include/tello_msgs/srv/detail/tello_action__type_support.cpp\n'}
[2.060617] (tello_msgs) StdoutLine: {'line': b'-- Up-to-date: /root/DockerFiles/drone_ws/install/tello_msgs/lib/libtello_msgs__rosidl_typesupport_introspection_cpp.so\n'}
[2.060700] (tello_msgs) StdoutLine: {'line': b'-- Up-to-date: /root/DockerFiles/drone_ws/install/tello_msgs/lib/libtello_msgs__rosidl_typesupport_cpp.so\n'}
[2.060787] (tello_msgs) StdoutLine: {'line': b'-- Up-to-date: /root/DockerFiles/drone_ws/install/tello_msgs/share/tello_msgs/environment/pythonpath.sh\n'}
[2.060871] (tello_msgs) StdoutLine: {'line': b'-- Up-to-date: /root/DockerFiles/drone_ws/install/tello_msgs/share/tello_msgs/environment/pythonpath.dsv\n'}
[2.060970] (tello_msgs) StdoutLine: {'line': b'-- Up-to-date: /root/DockerFiles/drone_ws/install/tello_msgs/lib/python3.8/site-packages/tello_msgs/__init__.py\n'}
[2.061064] (tello_msgs) StdoutLine: {'line': b'-- Up-to-date: /root/DockerFiles/drone_ws/install/tello_msgs/lib/python3.8/site-packages/tello_msgs/msg\n'}
[2.061151] (tello_msgs) StdoutLine: {'line': b'-- Up-to-date: /root/DockerFiles/drone_ws/install/tello_msgs/lib/python3.8/site-packages/tello_msgs/msg/_tello_response.py\n'}
[2.061242] (tello_msgs) StdoutLine: {'line': b'-- Up-to-date: /root/DockerFiles/drone_ws/install/tello_msgs/lib/python3.8/site-packages/tello_msgs/msg/__init__.py\n'}
[2.061331] (tello_msgs) StdoutLine: {'line': b'-- Up-to-date: /root/DockerFiles/drone_ws/install/tello_msgs/lib/python3.8/site-packages/tello_msgs/msg/_tello_response_s.c\n'}
[2.061428] (tello_msgs) StdoutLine: {'line': b'-- Up-to-date: /root/DockerFiles/drone_ws/install/tello_msgs/lib/python3.8/site-packages/tello_msgs/msg/_flight_data_s.c\n'}
[2.061517] (tello_msgs) StdoutLine: {'line': b'-- Up-to-date: /root/DockerFiles/drone_ws/install/tello_msgs/lib/python3.8/site-packages/tello_msgs/msg/_flight_data.py\n'}
[2.061603] (tello_msgs) StdoutLine: {'line': b'-- Up-to-date: /root/DockerFiles/drone_ws/install/tello_msgs/lib/python3.8/site-packages/tello_msgs/srv\n'}
[2.061711] (tello_msgs) StdoutLine: {'line': b'-- Up-to-date: /root/DockerFiles/drone_ws/install/tello_msgs/lib/python3.8/site-packages/tello_msgs/srv/__init__.py\n'}
[2.061801] (tello_msgs) StdoutLine: {'line': b'-- Up-to-date: /root/DockerFiles/drone_ws/install/tello_msgs/lib/python3.8/site-packages/tello_msgs/srv/_tello_action.py\n'}
[2.061895] (tello_msgs) StdoutLine: {'line': b'-- Up-to-date: /root/DockerFiles/drone_ws/install/tello_msgs/lib/python3.8/site-packages/tello_msgs/srv/_tello_action_s.c\n'}
[2.061984] (tello_msgs) StdoutLine: {'line': b'-- Up-to-date: /root/DockerFiles/drone_ws/install/tello_msgs/lib/python3.8/site-packages/tello_msgs/tello_msgs_s__rosidl_typesupport_fastrtps_c.cpython-38-x86_64-linux-gnu.so\n'}
[2.062070] (tello_msgs) StdoutLine: {'line': b'-- Up-to-date: /root/DockerFiles/drone_ws/install/tello_msgs/lib/python3.8/site-packages/tello_msgs/tello_msgs_s__rosidl_typesupport_introspection_c.cpython-38-x86_64-linux-gnu.so\n'}
[2.062154] (tello_msgs) StdoutLine: {'line': b'-- Up-to-date: /root/DockerFiles/drone_ws/install/tello_msgs/lib/python3.8/site-packages/tello_msgs/tello_msgs_s__rosidl_typesupport_c.cpython-38-x86_64-linux-gnu.so\n'}
[2.062244] (tello_msgs) StdoutLine: {'line': b'-- Up-to-date: /root/DockerFiles/drone_ws/install/tello_msgs/lib/libtello_msgs__python.so\n'}
[2.062330] (ros2_shared) JobEnded: {'identifier': 'ros2_shared', 'rc': 0}
[2.062796] (tello_msgs) StdoutLine: {'line': b'-- Up-to-date: /root/DockerFiles/drone_ws/install/tello_msgs/share/tello_msgs/msg/FlightData.idl\n'}
[2.064987] (tello_msgs) StdoutLine: {'line': b'-- Up-to-date: /root/DockerFiles/drone_ws/install/tello_msgs/share/tello_msgs/msg/TelloResponse.idl\n'}
[2.065302] (tello_msgs) StdoutLine: {'line': b'-- Up-to-date: /root/DockerFiles/drone_ws/install/tello_msgs/share/tello_msgs/srv/TelloAction.idl\n'}
[2.069014] (tello_msgs) StdoutLine: {'line': b'-- Up-to-date: /root/DockerFiles/drone_ws/install/tello_msgs/share/tello_msgs/msg/FlightData.msg\n'}
[2.069257] (tello_msgs) StdoutLine: {'line': b'-- Up-to-date: /root/DockerFiles/drone_ws/install/tello_msgs/share/tello_msgs/msg/TelloResponse.msg\n'}
[2.069371] (tello_msgs) StdoutLine: {'line': b'-- Up-to-date: /root/DockerFiles/drone_ws/install/tello_msgs/share/tello_msgs/srv/TelloAction.srv\n'}
[2.069465] (tello_msgs) StdoutLine: {'line': b'-- Up-to-date: /root/DockerFiles/drone_ws/install/tello_msgs/share/tello_msgs/srv/TelloAction_Request.msg\n'}
[2.069571] (tello_msgs) StdoutLine: {'line': b'-- Up-to-date: /root/DockerFiles/drone_ws/install/tello_msgs/share/tello_msgs/srv/TelloAction_Response.msg\n'}
[2.069663] (tello_msgs) StdoutLine: {'line': b'-- Up-to-date: /root/DockerFiles/drone_ws/install/tello_msgs/share/ament_index/resource_index/package_run_dependencies/tello_msgs\n'}
[2.069750] (tello_msgs) StdoutLine: {'line': b'-- Up-to-date: /root/DockerFiles/drone_ws/install/tello_msgs/share/ament_index/resource_index/parent_prefix_path/tello_msgs\n'}
[2.069841] (tello_msgs) StdoutLine: {'line': b'-- Up-to-date: /root/DockerFiles/drone_ws/install/tello_msgs/share/tello_msgs/environment/ament_prefix_path.sh\n'}
[2.069997] (tello_msgs) StdoutLine: {'line': b'-- Up-to-date: /root/DockerFiles/drone_ws/install/tello_msgs/share/tello_msgs/environment/ament_prefix_path.dsv\n'}
[2.073185] (tello_msgs) StdoutLine: {'line': b'-- Up-to-date: /root/DockerFiles/drone_ws/install/tello_msgs/share/tello_msgs/environment/path.sh\n'}
[2.073328] (tello_msgs) StdoutLine: {'line': b'-- Up-to-date: /root/DockerFiles/drone_ws/install/tello_msgs/share/tello_msgs/environment/path.dsv\n'}
[2.073420] (tello_msgs) StdoutLine: {'line': b'-- Up-to-date: /root/DockerFiles/drone_ws/install/tello_msgs/share/tello_msgs/local_setup.bash\n'}
[2.073523] (tello_msgs) StdoutLine: {'line': b'-- Up-to-date: /root/DockerFiles/drone_ws/install/tello_msgs/share/tello_msgs/local_setup.sh\n'}
[2.073614] (tello_msgs) StdoutLine: {'line': b'-- Up-to-date: /root/DockerFiles/drone_ws/install/tello_msgs/share/tello_msgs/local_setup.zsh\n'}
[2.073707] (tello_msgs) StdoutLine: {'line': b'-- Up-to-date: /root/DockerFiles/drone_ws/install/tello_msgs/share/tello_msgs/local_setup.dsv\n'}
[2.073793] (tello_msgs) StdoutLine: {'line': b'-- Installing: /root/DockerFiles/drone_ws/install/tello_msgs/share/tello_msgs/package.dsv\n'}
[2.075391] (tello_msgs) StdoutLine: {'line': b'-- Up-to-date: /root/DockerFiles/drone_ws/install/tello_msgs/share/ament_index/resource_index/packages/tello_msgs\n'}
[2.075495] (tello_msgs) StdoutLine: {'line': b'-- Up-to-date: /root/DockerFiles/drone_ws/install/tello_msgs/share/tello_msgs/cmake/tello_msgs__rosidl_generator_cExport.cmake\n'}
[2.075567] (tello_msgs) StdoutLine: {'line': b'-- Up-to-date: /root/DockerFiles/drone_ws/install/tello_msgs/share/tello_msgs/cmake/tello_msgs__rosidl_generator_cExport-noconfig.cmake\n'}
[2.075627] (tello_msgs) StdoutLine: {'line': b'-- Up-to-date: /root/DockerFiles/drone_ws/install/tello_msgs/share/tello_msgs/cmake/tello_msgs__rosidl_typesupport_introspection_cExport.cmake\n'}
[2.075687] (tello_msgs) StdoutLine: {'line': b'-- Up-to-date: /root/DockerFiles/drone_ws/install/tello_msgs/share/tello_msgs/cmake/tello_msgs__rosidl_typesupport_introspection_cExport-noconfig.cmake\n'}
[2.075747] (tello_msgs) StdoutLine: {'line': b'-- Up-to-date: /root/DockerFiles/drone_ws/install/tello_msgs/share/tello_msgs/cmake/tello_msgs__rosidl_typesupport_cExport.cmake\n'}
[2.075809] (tello_msgs) StdoutLine: {'line': b'-- Up-to-date: /root/DockerFiles/drone_ws/install/tello_msgs/share/tello_msgs/cmake/tello_msgs__rosidl_typesupport_cExport-noconfig.cmake\n'}
[2.075872] (tello_msgs) StdoutLine: {'line': b'-- Up-to-date: /root/DockerFiles/drone_ws/install/tello_msgs/share/tello_msgs/cmake/tello_msgs__rosidl_generator_cppExport.cmake\n'}
[2.076126] (tello_msgs) StdoutLine: {'line': b'-- Up-to-date: /root/DockerFiles/drone_ws/install/tello_msgs/share/tello_msgs/cmake/tello_msgs__rosidl_typesupport_introspection_cppExport.cmake\n'}
[2.076462] (tello_msgs) StdoutLine: {'line': b'-- Up-to-date: /root/DockerFiles/drone_ws/install/tello_msgs/share/tello_msgs/cmake/tello_msgs__rosidl_typesupport_introspection_cppExport-noconfig.cmake\n'}
[2.076601] (tello_msgs) StdoutLine: {'line': b'-- Up-to-date: /root/DockerFiles/drone_ws/install/tello_msgs/share/tello_msgs/cmake/tello_msgs__rosidl_typesupport_cppExport.cmake\n'}
[2.076702] (tello_msgs) StdoutLine: {'line': b'-- Up-to-date: /root/DockerFiles/drone_ws/install/tello_msgs/share/tello_msgs/cmake/tello_msgs__rosidl_typesupport_cppExport-noconfig.cmake\n'}
[2.076805] (tello_msgs) StdoutLine: {'line': b'-- Up-to-date: /root/DockerFiles/drone_ws/install/tello_msgs/share/tello_msgs/cmake/rosidl_cmake-extras.cmake\n'}
[2.076966] (tello_msgs) StdoutLine: {'line': b'-- Up-to-date: /root/DockerFiles/drone_ws/install/tello_msgs/share/tello_msgs/cmake/ament_cmake_export_dependencies-extras.cmake\n'}
[2.077057] (tello_msgs) StdoutLine: {'line': b'-- Up-to-date: /root/DockerFiles/drone_ws/install/tello_msgs/share/tello_msgs/cmake/ament_cmake_export_libraries-extras.cmake\n'}
[2.077135] (tello_msgs) StdoutLine: {'line': b'-- Up-to-date: /root/DockerFiles/drone_ws/install/tello_msgs/share/tello_msgs/cmake/ament_cmake_export_targets-extras.cmake\n'}
[2.077416] (tello_msgs) StdoutLine: {'line': b'-- Up-to-date: /root/DockerFiles/drone_ws/install/tello_msgs/share/tello_msgs/cmake/ament_cmake_export_include_directories-extras.cmake\n'}
[2.077977] (tello_msgs) StdoutLine: {'line': b'-- Up-to-date: /root/DockerFiles/drone_ws/install/tello_msgs/share/tello_msgs/cmake/rosidl_cmake_export_typesupport_libraries-extras.cmake\n'}
[2.078086] (tello_msgs) StdoutLine: {'line': b'-- Up-to-date: /root/DockerFiles/drone_ws/install/tello_msgs/share/tello_msgs/cmake/rosidl_cmake_export_typesupport_targets-extras.cmake\n'}
[2.078259] (tello_msgs) StdoutLine: {'line': b'-- Up-to-date: /root/DockerFiles/drone_ws/install/tello_msgs/share/tello_msgs/cmake/tello_msgsConfig.cmake\n'}
[2.084564] (tello_msgs) StdoutLine: {'line': b'-- Up-to-date: /root/DockerFiles/drone_ws/install/tello_msgs/share/tello_msgs/cmake/tello_msgsConfig-version.cmake\n'}
[2.084759] (tello_msgs) StdoutLine: {'line': b'-- Up-to-date: /root/DockerFiles/drone_ws/install/tello_msgs/share/tello_msgs/package.xml\n'}
[2.085117] (tello_description) JobEnded: {'identifier': 'tello_description', 'rc': 0}
[2.085640] (tello_msgs) CommandEnded: {'returncode': 0}
[2.137815] (-) TimerEvent: {}
[2.240869] (-) TimerEvent: {}
[2.341315] (-) TimerEvent: {}
[2.384364] (tello_msgs) JobEnded: {'identifier': 'tello_msgs', 'rc': 0}
[2.386209] (tello_driver) JobStarted: {'identifier': 'tello_driver'}
[2.413004] (tello_gazebo) JobStarted: {'identifier': 'tello_gazebo'}
[2.440441] (tello_driver) JobProgress: {'identifier': 'tello_driver', 'progress': 'cmake'}
[2.441326] (tello_driver) JobProgress: {'identifier': 'tello_driver', 'progress': 'build'}
[2.441532] (-) TimerEvent: {}
[2.442393] (tello_driver) Command: {'cmd': ['/usr/bin/cmake', '--build', '/root/DockerFiles/drone_ws/build/tello_driver', '--', '-j12', '-l12'], 'cwd': '/root/DockerFiles/drone_ws/build/tello_driver', 'env': OrderedDict([('HOSTNAME', 'vdani-H410M-H-V2'), ('SHLVL', '1'), ('LD_LIBRARY_PATH', '/root/DockerFiles/drone_ws/install/tello_msgs/lib:/root/DockerFiles/drone_ws/install/tello_gazebo/lib:/root/DockerFiles/drone_ws/install/tello_driver/lib:/usr/lib/x86_64-linux-gnu/gazebo-11/plugins:/opt/ros/foxy/opt/yaml_cpp_vendor/lib:/opt/ros/foxy/opt/rviz_ogre_vendor/lib:/opt/ros/foxy/lib/x86_64-linux-gnu:/opt/ros/foxy/lib'), ('HOME', '/root'), ('OLDPWD', '/root/DockerFiles'), ('ROS_PYTHON_VERSION', '3'), ('COLCON_PREFIX_PATH', '/root/DockerFiles/drone_ws/install'), ('ROS_DISTRO', 'foxy'), ('_', '/usr/bin/colcon'), ('ROS_VERSION', '2'), ('TERM', 'xterm'), ('ROS_LOCALHOST_ONLY', '0'), ('QT_X11_NO_MITSHM', '1'), ('PATH', '/opt/ros/foxy/bin:/usr/local/sbin:/usr/local/bin:/usr/sbin:/usr/bin:/sbin:/bin'), ('XDG_RUNTIME_DIR', '/run/user/1000'), ('DISPLAY', ':0'), ('LANG', 'C.UTF-8'), ('RMW_IMPLEMENTATION', 'rmw_fastrtps_cpp'), ('LS_COLORS', 'rs=0:di=01;34:ln=01;36:mh=00:pi=40;33:so=01;35:do=01;35:bd=40;33;01:cd=40;33;01:or=40;31;01:mi=00:su=37;41:sg=30;43:ca=30;41:tw=30;42:ow=34;42:st=37;44:ex=01;32:*.tar=01;31:*.tgz=01;31:*.arc=01;31:*.arj=01;31:*.taz=01;31:*.lha=01;31:*.lz4=01;31:*.lzh=01;31:*.lzma=01;31:*.tlz=01;31:*.txz=01;31:*.tzo=01;31:*.t7z=01;31:*.zip=01;31:*.z=01;31:*.dz=01;31:*.gz=01;31:*.lrz=01;31:*.lz=01;31:*.lzo=01;31:*.xz=01;31:*.zst=01;31:*.tzst=01;31:*.bz2=01;31:*.bz=01;31:*.tbz=01;31:*.tbz2=01;31:*.tz=01;31:*.deb=01;31:*.rpm=01;31:*.jar=01;31:*.war=01;31:*.ear=01;31:*.sar=01;31:*.rar=01;31:*.alz=01;31:*.ace=01;31:*.zoo=01;31:*.cpio=01;31:*.7z=01;31:*.rz=01;31:*.cab=01;31:*.wim=01;31:*.swm=01;31:*.dwm=01;31:*.esd=01;31:*.jpg=01;35:*.jpeg=01;35:*.mjpg=01;35:*.mjpeg=01;35:*.gif=01;35:*.bmp=01;35:*.pbm=01;35:*.pgm=01;35:*.ppm=01;35:*.tga=01;35:*.xbm=01;35:*.xpm=01;35:*.tif=01;35:*.tiff=01;35:*.png=01;35:*.svg=01;35:*.svgz=01;35:*.mng=01;35:*.pcx=01;35:*.mov=01;35:*.mpg=01;35:*.mpeg=01;35:*.m2v=01;35:*.mkv=01;35:*.webm=01;35:*.ogm=01;35:*.mp4=01;35:*.m4v=01;35:*.mp4v=01;35:*.vob=01;35:*.qt=01;35:*.nuv=01;35:*.wmv=01;35:*.asf=01;35:*.rm=01;35:*.rmvb=01;35:*.flc=01;35:*.avi=01;35:*.fli=01;35:*.flv=01;35:*.gl=01;35:*.dl=01;35:*.xcf=01;35:*.xwd=01;35:*.yuv=01;35:*.cgm=01;35:*.emf=01;35:*.ogv=01;35:*.ogx=01;35:*.aac=00;36:*.au=00;36:*.flac=00;36:*.m4a=00;36:*.mid=00;36:*.midi=00;36:*.mka=00;36:*.mp3=00;36:*.mpc=00;36:*.ogg=00;36:*.ra=00;36:*.wav=00;36:*.oga=00;36:*.opus=00;36:*.spx=00;36:*.xspf=00;36:'), ('AMENT_PREFIX_PATH', '/root/DockerFiles/drone_ws/install/tello_gazebo:/root/DockerFiles/drone_ws/install/tello_driver:/root/DockerFiles/drone_ws/install/tello_msgs:/root/DockerFiles/drone_ws/install/tello_mission:/root/DockerFiles/drone_ws/install/tello_hand_move:/root/DockerFiles/drone_ws/install/tello_description:/root/DockerFiles/drone_ws/install/tello_controller:/root/DockerFiles/drone_ws/install/tello_camera:/root/DockerFiles/drone_ws/install/ros2_shared:/opt/ros/foxy'), ('PWD', '/root/DockerFiles/drone_ws/build/tello_driver'), ('LC_ALL', 'C.UTF-8'), ('PYTHONPATH', '/root/DockerFiles/drone_ws/install/tello_msgs/lib/python3.8/site-packages:/root/DockerFiles/drone_ws/install/tello_mission/lib/python3.8/site-packages:/root/DockerFiles/drone_ws/install/tello_hand_move/lib/python3.8/site-packages:/root/DockerFiles/drone_ws/install/tello_controller/lib/python3.8/site-packages:/root/DockerFiles/drone_ws/install/tello_camera/lib/python3.8/site-packages:/opt/ros/foxy/lib/python3.8/site-packages'), ('COLCON', '1'), ('CMAKE_PREFIX_PATH', '/root/DockerFiles/drone_ws/install/tello_msgs:/root/DockerFiles/drone_ws/install/ros2_shared:/root/DockerFiles/drone_ws/install/tello_gazebo:/root/DockerFiles/drone_ws/install/tello_driver:/root/DockerFiles/drone_ws/install/tello_description:/root/DockerFiles/drone_ws/install/tello_mission:/root/DockerFiles/drone_ws/install/tello_hand_move:/root/DockerFiles/drone_ws/install/tello_controller:/root/DockerFiles/drone_ws/install/tello_camera:/opt/ros/foxy')]), 'shell': False}
[2.458377] (tello_gazebo) JobProgress: {'identifier': 'tello_gazebo', 'progress': 'cmake'}
[2.460257] (tello_gazebo) JobProgress: {'identifier': 'tello_gazebo', 'progress': 'build'}
[2.460519] (tello_gazebo) Command: {'cmd': ['/usr/bin/cmake', '--build', '/root/DockerFiles/drone_ws/build/tello_gazebo', '--', '-j12', '-l12'], 'cwd': '/root/DockerFiles/drone_ws/build/tello_gazebo', 'env': OrderedDict([('HOSTNAME', 'vdani-H410M-H-V2'), ('SHLVL', '1'), ('LD_LIBRARY_PATH', '/root/DockerFiles/drone_ws/install/tello_msgs/lib:/root/DockerFiles/drone_ws/install/tello_gazebo/lib:/root/DockerFiles/drone_ws/install/tello_driver/lib:/usr/lib/x86_64-linux-gnu/gazebo-11/plugins:/opt/ros/foxy/opt/yaml_cpp_vendor/lib:/opt/ros/foxy/opt/rviz_ogre_vendor/lib:/opt/ros/foxy/lib/x86_64-linux-gnu:/opt/ros/foxy/lib'), ('HOME', '/root'), ('OLDPWD', '/root/DockerFiles'), ('ROS_PYTHON_VERSION', '3'), ('COLCON_PREFIX_PATH', '/root/DockerFiles/drone_ws/install'), ('ROS_DISTRO', 'foxy'), ('_', '/usr/bin/colcon'), ('ROS_VERSION', '2'), ('TERM', 'xterm'), ('ROS_LOCALHOST_ONLY', '0'), ('QT_X11_NO_MITSHM', '1'), ('PATH', '/opt/ros/foxy/bin:/usr/local/sbin:/usr/local/bin:/usr/sbin:/usr/bin:/sbin:/bin'), ('XDG_RUNTIME_DIR', '/run/user/1000'), ('DISPLAY', ':0'), ('LANG', 'C.UTF-8'), ('RMW_IMPLEMENTATION', 'rmw_fastrtps_cpp'), ('LS_COLORS', 'rs=0:di=01;34:ln=01;36:mh=00:pi=40;33:so=01;35:do=01;35:bd=40;33;01:cd=40;33;01:or=40;31;01:mi=00:su=37;41:sg=30;43:ca=30;41:tw=30;42:ow=34;42:st=37;44:ex=01;32:*.tar=01;31:*.tgz=01;31:*.arc=01;31:*.arj=01;31:*.taz=01;31:*.lha=01;31:*.lz4=01;31:*.lzh=01;31:*.lzma=01;31:*.tlz=01;31:*.txz=01;31:*.tzo=01;31:*.t7z=01;31:*.zip=01;31:*.z=01;31:*.dz=01;31:*.gz=01;31:*.lrz=01;31:*.lz=01;31:*.lzo=01;31:*.xz=01;31:*.zst=01;31:*.tzst=01;31:*.bz2=01;31:*.bz=01;31:*.tbz=01;31:*.tbz2=01;31:*.tz=01;31:*.deb=01;31:*.rpm=01;31:*.jar=01;31:*.war=01;31:*.ear=01;31:*.sar=01;31:*.rar=01;31:*.alz=01;31:*.ace=01;31:*.zoo=01;31:*.cpio=01;31:*.7z=01;31:*.rz=01;31:*.cab=01;31:*.wim=01;31:*.swm=01;31:*.dwm=01;31:*.esd=01;31:*.jpg=01;35:*.jpeg=01;35:*.mjpg=01;35:*.mjpeg=01;35:*.gif=01;35:*.bmp=01;35:*.pbm=01;35:*.pgm=01;35:*.ppm=01;35:*.tga=01;35:*.xbm=01;35:*.xpm=01;35:*.tif=01;35:*.tiff=01;35:*.png=01;35:*.svg=01;35:*.svgz=01;35:*.mng=01;35:*.pcx=01;35:*.mov=01;35:*.mpg=01;35:*.mpeg=01;35:*.m2v=01;35:*.mkv=01;35:*.webm=01;35:*.ogm=01;35:*.mp4=01;35:*.m4v=01;35:*.mp4v=01;35:*.vob=01;35:*.qt=01;35:*.nuv=01;35:*.wmv=01;35:*.asf=01;35:*.rm=01;35:*.rmvb=01;35:*.flc=01;35:*.avi=01;35:*.fli=01;35:*.flv=01;35:*.gl=01;35:*.dl=01;35:*.xcf=01;35:*.xwd=01;35:*.yuv=01;35:*.cgm=01;35:*.emf=01;35:*.ogv=01;35:*.ogx=01;35:*.aac=00;36:*.au=00;36:*.flac=00;36:*.m4a=00;36:*.mid=00;36:*.midi=00;36:*.mka=00;36:*.mp3=00;36:*.mpc=00;36:*.ogg=00;36:*.ra=00;36:*.wav=00;36:*.oga=00;36:*.opus=00;36:*.spx=00;36:*.xspf=00;36:'), ('AMENT_PREFIX_PATH', '/root/DockerFiles/drone_ws/install/tello_gazebo:/root/DockerFiles/drone_ws/install/tello_driver:/root/DockerFiles/drone_ws/install/tello_msgs:/root/DockerFiles/drone_ws/install/tello_mission:/root/DockerFiles/drone_ws/install/tello_hand_move:/root/DockerFiles/drone_ws/install/tello_description:/root/DockerFiles/drone_ws/install/tello_controller:/root/DockerFiles/drone_ws/install/tello_camera:/root/DockerFiles/drone_ws/install/ros2_shared:/opt/ros/foxy'), ('PWD', '/root/DockerFiles/drone_ws/build/tello_gazebo'), ('LC_ALL', 'C.UTF-8'), ('PYTHONPATH', '/root/DockerFiles/drone_ws/install/tello_msgs/lib/python3.8/site-packages:/root/DockerFiles/drone_ws/install/tello_mission/lib/python3.8/site-packages:/root/DockerFiles/drone_ws/install/tello_hand_move/lib/python3.8/site-packages:/root/DockerFiles/drone_ws/install/tello_controller/lib/python3.8/site-packages:/root/DockerFiles/drone_ws/install/tello_camera/lib/python3.8/site-packages:/opt/ros/foxy/lib/python3.8/site-packages'), ('COLCON', '1'), ('CMAKE_PREFIX_PATH', '/root/DockerFiles/drone_ws/install/tello_msgs:/root/DockerFiles/drone_ws/install/tello_gazebo:/root/DockerFiles/drone_ws/install/tello_driver:/root/DockerFiles/drone_ws/install/tello_description:/root/DockerFiles/drone_ws/install/ros2_shared:/root/DockerFiles/drone_ws/install/tello_mission:/root/DockerFiles/drone_ws/install/tello_hand_move:/root/DockerFiles/drone_ws/install/tello_controller:/root/DockerFiles/drone_ws/install/tello_camera:/opt/ros/foxy')]), 'shell': False}
[2.477640] (tello_controller) Command: {'cmd': ['/usr/bin/python3', 'setup.py', 'egg_info', '--egg-base', '../../build/tello_controller', 'build', '--build-base', '/root/DockerFiles/drone_ws/build/tello_controller/build', 'install', '--record', '/root/DockerFiles/drone_ws/build/tello_controller/install.log', '--single-version-externally-managed'], 'cwd': '/root/DockerFiles/drone_ws/src/tello_controller', 'env': {'HOSTNAME': 'vdani-H410M-H-V2', 'SHLVL': '1', 'LD_LIBRARY_PATH': '/root/DockerFiles/drone_ws/install/tello_gazebo/lib:/root/DockerFiles/drone_ws/install/tello_driver/lib:/root/DockerFiles/drone_ws/install/tello_msgs/lib:/usr/lib/x86_64-linux-gnu/gazebo-11/plugins:/opt/ros/foxy/opt/yaml_cpp_vendor/lib:/opt/ros/foxy/opt/rviz_ogre_vendor/lib:/opt/ros/foxy/lib/x86_64-linux-gnu:/opt/ros/foxy/lib', 'HOME': '/root', 'OLDPWD': '/root/DockerFiles', 'ROS_PYTHON_VERSION': '3', 'COLCON_PREFIX_PATH': '/root/DockerFiles/drone_ws/install', 'ROS_DISTRO': 'foxy', '_': '/usr/bin/colcon', 'ROS_VERSION': '2', 'TERM': 'xterm', 'ROS_LOCALHOST_ONLY': '0', 'QT_X11_NO_MITSHM': '1', 'PATH': '/opt/ros/foxy/bin:/usr/local/sbin:/usr/local/bin:/usr/sbin:/usr/bin:/sbin:/bin', 'XDG_RUNTIME_DIR': '/run/user/1000', 'DISPLAY': ':0', 'LANG': 'C.UTF-8', 'RMW_IMPLEMENTATION': 'rmw_fastrtps_cpp', 'LS_COLORS': 'rs=0:di=01;34:ln=01;36:mh=00:pi=40;33:so=01;35:do=01;35:bd=40;33;01:cd=40;33;01:or=40;31;01:mi=00:su=37;41:sg=30;43:ca=30;41:tw=30;42:ow=34;42:st=37;44:ex=01;32:*.tar=01;31:*.tgz=01;31:*.arc=01;31:*.arj=01;31:*.taz=01;31:*.lha=01;31:*.lz4=01;31:*.lzh=01;31:*.lzma=01;31:*.tlz=01;31:*.txz=01;31:*.tzo=01;31:*.t7z=01;31:*.zip=01;31:*.z=01;31:*.dz=01;31:*.gz=01;31:*.lrz=01;31:*.lz=01;31:*.lzo=01;31:*.xz=01;31:*.zst=01;31:*.tzst=01;31:*.bz2=01;31:*.bz=01;31:*.tbz=01;31:*.tbz2=01;31:*.tz=01;31:*.deb=01;31:*.rpm=01;31:*.jar=01;31:*.war=01;31:*.ear=01;31:*.sar=01;31:*.rar=01;31:*.alz=01;31:*.ace=01;31:*.zoo=01;31:*.cpio=01;31:*.7z=01;31:*.rz=01;31:*.cab=01;31:*.wim=01;31:*.swm=01;31:*.dwm=01;31:*.esd=01;31:*.jpg=01;35:*.jpeg=01;35:*.mjpg=01;35:*.mjpeg=01;35:*.gif=01;35:*.bmp=01;35:*.pbm=01;35:*.pgm=01;35:*.ppm=01;35:*.tga=01;35:*.xbm=01;35:*.xpm=01;35:*.tif=01;35:*.tiff=01;35:*.png=01;35:*.svg=01;35:*.svgz=01;35:*.mng=01;35:*.pcx=01;35:*.mov=01;35:*.mpg=01;35:*.mpeg=01;35:*.m2v=01;35:*.mkv=01;35:*.webm=01;35:*.ogm=01;35:*.mp4=01;35:*.m4v=01;35:*.mp4v=01;35:*.vob=01;35:*.qt=01;35:*.nuv=01;35:*.wmv=01;35:*.asf=01;35:*.rm=01;35:*.rmvb=01;35:*.flc=01;35:*.avi=01;35:*.fli=01;35:*.flv=01;35:*.gl=01;35:*.dl=01;35:*.xcf=01;35:*.xwd=01;35:*.yuv=01;35:*.cgm=01;35:*.emf=01;35:*.ogv=01;35:*.ogx=01;35:*.aac=00;36:*.au=00;36:*.flac=00;36:*.m4a=00;36:*.mid=00;36:*.midi=00;36:*.mka=00;36:*.mp3=00;36:*.mpc=00;36:*.ogg=00;36:*.ra=00;36:*.wav=00;36:*.oga=00;36:*.opus=00;36:*.spx=00;36:*.xspf=00;36:', 'AMENT_PREFIX_PATH': '/root/DockerFiles/drone_ws/install/tello_gazebo:/root/DockerFiles/drone_ws/install/tello_driver:/root/DockerFiles/drone_ws/install/tello_msgs:/root/DockerFiles/drone_ws/install/tello_mission:/root/DockerFiles/drone_ws/install/tello_hand_move:/root/DockerFiles/drone_ws/install/tello_description:/root/DockerFiles/drone_ws/install/tello_controller:/root/DockerFiles/drone_ws/install/tello_camera:/root/DockerFiles/drone_ws/install/ros2_shared:/opt/ros/foxy', 'PWD': '/root/DockerFiles/drone_ws/build/tello_controller', 'LC_ALL': 'C.UTF-8', 'PYTHONPATH': '/root/DockerFiles/drone_ws/build/tello_controller/prefix_override:/root/DockerFiles/drone_ws/install/tello_controller/lib/python3.8/site-packages:/root/DockerFiles/drone_ws/install/tello_msgs/lib/python3.8/site-packages:/root/DockerFiles/drone_ws/install/tello_mission/lib/python3.8/site-packages:/root/DockerFiles/drone_ws/install/tello_hand_move/lib/python3.8/site-packages:/root/DockerFiles/drone_ws/install/tello_controller/lib/python3.8/site-packages:/root/DockerFiles/drone_ws/install/tello_camera/lib/python3.8/site-packages:/opt/ros/foxy/lib/python3.8/site-packages', 'COLCON': '1', 'CMAKE_PREFIX_PATH': '/root/DockerFiles/drone_ws/install/tello_gazebo:/root/DockerFiles/drone_ws/install/tello_driver:/root/DockerFiles/drone_ws/install/tello_msgs:/root/DockerFiles/drone_ws/install/tello_description:/root/DockerFiles/drone_ws/install/ros2_shared'}, 'shell': False}
[2.510062] (tello_camera) Command: {'cmd': ['/usr/bin/python3', 'setup.py', 'egg_info', '--egg-base', '../../build/tello_camera', 'build', '--build-base', '/root/DockerFiles/drone_ws/build/tello_camera/build', 'install', '--record', '/root/DockerFiles/drone_ws/build/tello_camera/install.log', '--single-version-externally-managed'], 'cwd': '/root/DockerFiles/drone_ws/src/tello_camera', 'env': {'HOSTNAME': 'vdani-H410M-H-V2', 'SHLVL': '1', 'LD_LIBRARY_PATH': '/root/DockerFiles/drone_ws/install/tello_gazebo/lib:/root/DockerFiles/drone_ws/install/tello_driver/lib:/root/DockerFiles/drone_ws/install/tello_msgs/lib:/usr/lib/x86_64-linux-gnu/gazebo-11/plugins:/opt/ros/foxy/opt/yaml_cpp_vendor/lib:/opt/ros/foxy/opt/rviz_ogre_vendor/lib:/opt/ros/foxy/lib/x86_64-linux-gnu:/opt/ros/foxy/lib', 'HOME': '/root', 'OLDPWD': '/root/DockerFiles', 'ROS_PYTHON_VERSION': '3', 'COLCON_PREFIX_PATH': '/root/DockerFiles/drone_ws/install', 'ROS_DISTRO': 'foxy', '_': '/usr/bin/colcon', 'ROS_VERSION': '2', 'TERM': 'xterm', 'ROS_LOCALHOST_ONLY': '0', 'QT_X11_NO_MITSHM': '1', 'PATH': '/opt/ros/foxy/bin:/usr/local/sbin:/usr/local/bin:/usr/sbin:/usr/bin:/sbin:/bin', 'XDG_RUNTIME_DIR': '/run/user/1000', 'DISPLAY': ':0', 'LANG': 'C.UTF-8', 'RMW_IMPLEMENTATION': 'rmw_fastrtps_cpp', 'LS_COLORS': 'rs=0:di=01;34:ln=01;36:mh=00:pi=40;33:so=01;35:do=01;35:bd=40;33;01:cd=40;33;01:or=40;31;01:mi=00:su=37;41:sg=30;43:ca=30;41:tw=30;42:ow=34;42:st=37;44:ex=01;32:*.tar=01;31:*.tgz=01;31:*.arc=01;31:*.arj=01;31:*.taz=01;31:*.lha=01;31:*.lz4=01;31:*.lzh=01;31:*.lzma=01;31:*.tlz=01;31:*.txz=01;31:*.tzo=01;31:*.t7z=01;31:*.zip=01;31:*.z=01;31:*.dz=01;31:*.gz=01;31:*.lrz=01;31:*.lz=01;31:*.lzo=01;31:*.xz=01;31:*.zst=01;31:*.tzst=01;31:*.bz2=01;31:*.bz=01;31:*.tbz=01;31:*.tbz2=01;31:*.tz=01;31:*.deb=01;31:*.rpm=01;31:*.jar=01;31:*.war=01;31:*.ear=01;31:*.sar=01;31:*.rar=01;31:*.alz=01;31:*.ace=01;31:*.zoo=01;31:*.cpio=01;31:*.7z=01;31:*.rz=01;31:*.cab=01;31:*.wim=01;31:*.swm=01;31:*.dwm=01;31:*.esd=01;31:*.jpg=01;35:*.jpeg=01;35:*.mjpg=01;35:*.mjpeg=01;35:*.gif=01;35:*.bmp=01;35:*.pbm=01;35:*.pgm=01;35:*.ppm=01;35:*.tga=01;35:*.xbm=01;35:*.xpm=01;35:*.tif=01;35:*.tiff=01;35:*.png=01;35:*.svg=01;35:*.svgz=01;35:*.mng=01;35:*.pcx=01;35:*.mov=01;35:*.mpg=01;35:*.mpeg=01;35:*.m2v=01;35:*.mkv=01;35:*.webm=01;35:*.ogm=01;35:*.mp4=01;35:*.m4v=01;35:*.mp4v=01;35:*.vob=01;35:*.qt=01;35:*.nuv=01;35:*.wmv=01;35:*.asf=01;35:*.rm=01;35:*.rmvb=01;35:*.flc=01;35:*.avi=01;35:*.fli=01;35:*.flv=01;35:*.gl=01;35:*.dl=01;35:*.xcf=01;35:*.xwd=01;35:*.yuv=01;35:*.cgm=01;35:*.emf=01;35:*.ogv=01;35:*.ogx=01;35:*.aac=00;36:*.au=00;36:*.flac=00;36:*.m4a=00;36:*.mid=00;36:*.midi=00;36:*.mka=00;36:*.mp3=00;36:*.mpc=00;36:*.ogg=00;36:*.ra=00;36:*.wav=00;36:*.oga=00;36:*.opus=00;36:*.spx=00;36:*.xspf=00;36:', 'AMENT_PREFIX_PATH': '/root/DockerFiles/drone_ws/install/tello_gazebo:/root/DockerFiles/drone_ws/install/tello_driver:/root/DockerFiles/drone_ws/install/tello_msgs:/root/DockerFiles/drone_ws/install/tello_mission:/root/DockerFiles/drone_ws/install/tello_hand_move:/root/DockerFiles/drone_ws/install/tello_description:/root/DockerFiles/drone_ws/install/tello_controller:/root/DockerFiles/drone_ws/install/tello_camera:/root/DockerFiles/drone_ws/install/ros2_shared:/opt/ros/foxy', 'PWD': '/root/DockerFiles/drone_ws/build/tello_camera', 'LC_ALL': 'C.UTF-8', 'PYTHONPATH': '/root/DockerFiles/drone_ws/build/tello_camera/prefix_override:/root/DockerFiles/drone_ws/install/tello_camera/lib/python3.8/site-packages:/root/DockerFiles/drone_ws/install/tello_msgs/lib/python3.8/site-packages:/root/DockerFiles/drone_ws/install/tello_mission/lib/python3.8/site-packages:/root/DockerFiles/drone_ws/install/tello_hand_move/lib/python3.8/site-packages:/root/DockerFiles/drone_ws/install/tello_controller/lib/python3.8/site-packages:/root/DockerFiles/drone_ws/install/tello_camera/lib/python3.8/site-packages:/opt/ros/foxy/lib/python3.8/site-packages', 'COLCON': '1', 'CMAKE_PREFIX_PATH': '/root/DockerFiles/drone_ws/install/tello_gazebo:/root/DockerFiles/drone_ws/install/tello_driver:/root/DockerFiles/drone_ws/install/tello_msgs:/root/DockerFiles/drone_ws/install/tello_description:/root/DockerFiles/drone_ws/install/ros2_shared'}, 'shell': False}
[2.550597] (tello_hand_move) Command: {'cmd': ['/usr/bin/python3', 'setup.py', 'egg_info', '--egg-base', '../../build/tello_hand_move', 'build', '--build-base', '/root/DockerFiles/drone_ws/build/tello_hand_move/build', 'install', '--record', '/root/DockerFiles/drone_ws/build/tello_hand_move/install.log', '--single-version-externally-managed'], 'cwd': '/root/DockerFiles/drone_ws/src/tello_hand_move', 'env': {'HOSTNAME': 'vdani-H410M-H-V2', 'SHLVL': '1', 'LD_LIBRARY_PATH': '/root/DockerFiles/drone_ws/install/tello_gazebo/lib:/root/DockerFiles/drone_ws/install/tello_driver/lib:/root/DockerFiles/drone_ws/install/tello_msgs/lib:/usr/lib/x86_64-linux-gnu/gazebo-11/plugins:/opt/ros/foxy/opt/yaml_cpp_vendor/lib:/opt/ros/foxy/opt/rviz_ogre_vendor/lib:/opt/ros/foxy/lib/x86_64-linux-gnu:/opt/ros/foxy/lib', 'HOME': '/root', 'OLDPWD': '/root/DockerFiles', 'ROS_PYTHON_VERSION': '3', 'COLCON_PREFIX_PATH': '/root/DockerFiles/drone_ws/install', 'ROS_DISTRO': 'foxy', '_': '/usr/bin/colcon', 'ROS_VERSION': '2', 'TERM': 'xterm', 'ROS_LOCALHOST_ONLY': '0', 'QT_X11_NO_MITSHM': '1', 'PATH': '/opt/ros/foxy/bin:/usr/local/sbin:/usr/local/bin:/usr/sbin:/usr/bin:/sbin:/bin', 'XDG_RUNTIME_DIR': '/run/user/1000', 'DISPLAY': ':0', 'LANG': 'C.UTF-8', 'RMW_IMPLEMENTATION': 'rmw_fastrtps_cpp', 'LS_COLORS': 'rs=0:di=01;34:ln=01;36:mh=00:pi=40;33:so=01;35:do=01;35:bd=40;33;01:cd=40;33;01:or=40;31;01:mi=00:su=37;41:sg=30;43:ca=30;41:tw=30;42:ow=34;42:st=37;44:ex=01;32:*.tar=01;31:*.tgz=01;31:*.arc=01;31:*.arj=01;31:*.taz=01;31:*.lha=01;31:*.lz4=01;31:*.lzh=01;31:*.lzma=01;31:*.tlz=01;31:*.txz=01;31:*.tzo=01;31:*.t7z=01;31:*.zip=01;31:*.z=01;31:*.dz=01;31:*.gz=01;31:*.lrz=01;31:*.lz=01;31:*.lzo=01;31:*.xz=01;31:*.zst=01;31:*.tzst=01;31:*.bz2=01;31:*.bz=01;31:*.tbz=01;31:*.tbz2=01;31:*.tz=01;31:*.deb=01;31:*.rpm=01;31:*.jar=01;31:*.war=01;31:*.ear=01;31:*.sar=01;31:*.rar=01;31:*.alz=01;31:*.ace=01;31:*.zoo=01;31:*.cpio=01;31:*.7z=01;31:*.rz=01;31:*.cab=01;31:*.wim=01;31:*.swm=01;31:*.dwm=01;31:*.esd=01;31:*.jpg=01;35:*.jpeg=01;35:*.mjpg=01;35:*.mjpeg=01;35:*.gif=01;35:*.bmp=01;35:*.pbm=01;35:*.pgm=01;35:*.ppm=01;35:*.tga=01;35:*.xbm=01;35:*.xpm=01;35:*.tif=01;35:*.tiff=01;35:*.png=01;35:*.svg=01;35:*.svgz=01;35:*.mng=01;35:*.pcx=01;35:*.mov=01;35:*.mpg=01;35:*.mpeg=01;35:*.m2v=01;35:*.mkv=01;35:*.webm=01;35:*.ogm=01;35:*.mp4=01;35:*.m4v=01;35:*.mp4v=01;35:*.vob=01;35:*.qt=01;35:*.nuv=01;35:*.wmv=01;35:*.asf=01;35:*.rm=01;35:*.rmvb=01;35:*.flc=01;35:*.avi=01;35:*.fli=01;35:*.flv=01;35:*.gl=01;35:*.dl=01;35:*.xcf=01;35:*.xwd=01;35:*.yuv=01;35:*.cgm=01;35:*.emf=01;35:*.ogv=01;35:*.ogx=01;35:*.aac=00;36:*.au=00;36:*.flac=00;36:*.m4a=00;36:*.mid=00;36:*.midi=00;36:*.mka=00;36:*.mp3=00;36:*.mpc=00;36:*.ogg=00;36:*.ra=00;36:*.wav=00;36:*.oga=00;36:*.opus=00;36:*.spx=00;36:*.xspf=00;36:', 'AMENT_PREFIX_PATH': '/root/DockerFiles/drone_ws/install/tello_gazebo:/root/DockerFiles/drone_ws/install/tello_driver:/root/DockerFiles/drone_ws/install/tello_msgs:/root/DockerFiles/drone_ws/install/tello_mission:/root/DockerFiles/drone_ws/install/tello_hand_move:/root/DockerFiles/drone_ws/install/tello_description:/root/DockerFiles/drone_ws/install/tello_controller:/root/DockerFiles/drone_ws/install/tello_camera:/root/DockerFiles/drone_ws/install/ros2_shared:/opt/ros/foxy', 'PWD': '/root/DockerFiles/drone_ws/build/tello_hand_move', 'LC_ALL': 'C.UTF-8', 'PYTHONPATH': '/root/DockerFiles/drone_ws/build/tello_hand_move/prefix_override:/root/DockerFiles/drone_ws/install/tello_hand_move/lib/python3.8/site-packages:/root/DockerFiles/drone_ws/install/tello_msgs/lib/python3.8/site-packages:/root/DockerFiles/drone_ws/install/tello_mission/lib/python3.8/site-packages:/root/DockerFiles/drone_ws/install/tello_hand_move/lib/python3.8/site-packages:/root/DockerFiles/drone_ws/install/tello_controller/lib/python3.8/site-packages:/root/DockerFiles/drone_ws/install/tello_camera/lib/python3.8/site-packages:/opt/ros/foxy/lib/python3.8/site-packages', 'COLCON': '1', 'CMAKE_PREFIX_PATH': '/root/DockerFiles/drone_ws/install/tello_gazebo:/root/DockerFiles/drone_ws/install/tello_driver:/root/DockerFiles/drone_ws/install/tello_msgs:/root/DockerFiles/drone_ws/install/tello_description:/root/DockerFiles/drone_ws/install/ros2_shared'}, 'shell': False}
[2.554836] (-) TimerEvent: {}
[2.642938] (tello_driver) StdoutLine: {'line': b'[ 13%] Built target tello_joy_main\n'}
[2.645167] (tello_mission) Command: {'cmd': ['/usr/bin/python3', 'setup.py', 'egg_info', '--egg-base', '../../build/tello_mission', 'build', '--build-base', '/root/DockerFiles/drone_ws/build/tello_mission/build', 'install', '--record', '/root/DockerFiles/drone_ws/build/tello_mission/install.log', '--single-version-externally-managed'], 'cwd': '/root/DockerFiles/drone_ws/src/tello_mission', 'env': {'HOSTNAME': 'vdani-H410M-H-V2', 'SHLVL': '1', 'LD_LIBRARY_PATH': '/root/DockerFiles/drone_ws/install/tello_gazebo/lib:/root/DockerFiles/drone_ws/install/tello_driver/lib:/root/DockerFiles/drone_ws/install/tello_msgs/lib:/usr/lib/x86_64-linux-gnu/gazebo-11/plugins:/opt/ros/foxy/opt/yaml_cpp_vendor/lib:/opt/ros/foxy/opt/rviz_ogre_vendor/lib:/opt/ros/foxy/lib/x86_64-linux-gnu:/opt/ros/foxy/lib', 'HOME': '/root', 'OLDPWD': '/root/DockerFiles', 'ROS_PYTHON_VERSION': '3', 'COLCON_PREFIX_PATH': '/root/DockerFiles/drone_ws/install', 'ROS_DISTRO': 'foxy', '_': '/usr/bin/colcon', 'ROS_VERSION': '2', 'TERM': 'xterm', 'ROS_LOCALHOST_ONLY': '0', 'QT_X11_NO_MITSHM': '1', 'PATH': '/opt/ros/foxy/bin:/usr/local/sbin:/usr/local/bin:/usr/sbin:/usr/bin:/sbin:/bin', 'XDG_RUNTIME_DIR': '/run/user/1000', 'DISPLAY': ':0', 'LANG': 'C.UTF-8', 'RMW_IMPLEMENTATION': 'rmw_fastrtps_cpp', 'LS_COLORS': 'rs=0:di=01;34:ln=01;36:mh=00:pi=40;33:so=01;35:do=01;35:bd=40;33;01:cd=40;33;01:or=40;31;01:mi=00:su=37;41:sg=30;43:ca=30;41:tw=30;42:ow=34;42:st=37;44:ex=01;32:*.tar=01;31:*.tgz=01;31:*.arc=01;31:*.arj=01;31:*.taz=01;31:*.lha=01;31:*.lz4=01;31:*.lzh=01;31:*.lzma=01;31:*.tlz=01;31:*.txz=01;31:*.tzo=01;31:*.t7z=01;31:*.zip=01;31:*.z=01;31:*.dz=01;31:*.gz=01;31:*.lrz=01;31:*.lz=01;31:*.lzo=01;31:*.xz=01;31:*.zst=01;31:*.tzst=01;31:*.bz2=01;31:*.bz=01;31:*.tbz=01;31:*.tbz2=01;31:*.tz=01;31:*.deb=01;31:*.rpm=01;31:*.jar=01;31:*.war=01;31:*.ear=01;31:*.sar=01;31:*.rar=01;31:*.alz=01;31:*.ace=01;31:*.zoo=01;31:*.cpio=01;31:*.7z=01;31:*.rz=01;31:*.cab=01;31:*.wim=01;31:*.swm=01;31:*.dwm=01;31:*.esd=01;31:*.jpg=01;35:*.jpeg=01;35:*.mjpg=01;35:*.mjpeg=01;35:*.gif=01;35:*.bmp=01;35:*.pbm=01;35:*.pgm=01;35:*.ppm=01;35:*.tga=01;35:*.xbm=01;35:*.xpm=01;35:*.tif=01;35:*.tiff=01;35:*.png=01;35:*.svg=01;35:*.svgz=01;35:*.mng=01;35:*.pcx=01;35:*.mov=01;35:*.mpg=01;35:*.mpeg=01;35:*.m2v=01;35:*.mkv=01;35:*.webm=01;35:*.ogm=01;35:*.mp4=01;35:*.m4v=01;35:*.mp4v=01;35:*.vob=01;35:*.qt=01;35:*.nuv=01;35:*.wmv=01;35:*.asf=01;35:*.rm=01;35:*.rmvb=01;35:*.flc=01;35:*.avi=01;35:*.fli=01;35:*.flv=01;35:*.gl=01;35:*.dl=01;35:*.xcf=01;35:*.xwd=01;35:*.yuv=01;35:*.cgm=01;35:*.emf=01;35:*.ogv=01;35:*.ogx=01;35:*.aac=00;36:*.au=00;36:*.flac=00;36:*.m4a=00;36:*.mid=00;36:*.midi=00;36:*.mka=00;36:*.mp3=00;36:*.mpc=00;36:*.ogg=00;36:*.ra=00;36:*.wav=00;36:*.oga=00;36:*.opus=00;36:*.spx=00;36:*.xspf=00;36:', 'AMENT_PREFIX_PATH': '/root/DockerFiles/drone_ws/install/tello_gazebo:/root/DockerFiles/drone_ws/install/tello_driver:/root/DockerFiles/drone_ws/install/tello_msgs:/root/DockerFiles/drone_ws/install/tello_mission:/root/DockerFiles/drone_ws/install/tello_hand_move:/root/DockerFiles/drone_ws/install/tello_description:/root/DockerFiles/drone_ws/install/tello_controller:/root/DockerFiles/drone_ws/install/tello_camera:/root/DockerFiles/drone_ws/install/ros2_shared:/opt/ros/foxy', 'PWD': '/root/DockerFiles/drone_ws/build/tello_mission', 'LC_ALL': 'C.UTF-8', 'PYTHONPATH': '/root/DockerFiles/drone_ws/build/tello_mission/prefix_override:/root/DockerFiles/drone_ws/install/tello_mission/lib/python3.8/site-packages:/root/DockerFiles/drone_ws/install/tello_msgs/lib/python3.8/site-packages:/root/DockerFiles/drone_ws/install/tello_mission/lib/python3.8/site-packages:/root/DockerFiles/drone_ws/install/tello_hand_move/lib/python3.8/site-packages:/root/DockerFiles/drone_ws/install/tello_controller/lib/python3.8/site-packages:/root/DockerFiles/drone_ws/install/tello_camera/lib/python3.8/site-packages:/opt/ros/foxy/lib/python3.8/site-packages', 'COLCON': '1', 'CMAKE_PREFIX_PATH': '/root/DockerFiles/drone_ws/install/tello_gazebo:/root/DockerFiles/drone_ws/install/tello_driver:/root/DockerFiles/drone_ws/install/tello_msgs:/root/DockerFiles/drone_ws/install/tello_description:/root/DockerFiles/drone_ws/install/ros2_shared'}, 'shell': False}
[2.655192] (-) TimerEvent: {}
[2.674665] (tello_gazebo) StdoutLine: {'line': b'[100%] Built target TelloPlugin\n'}
[2.708117] (tello_driver) StdoutLine: {'line': b'[ 22%] Built target tello_joy_node\n'}
[2.717525] (tello_gazebo) CommandEnded: {'returncode': 0}
[2.755330] (-) TimerEvent: {}
[2.768910] (tello_driver) StdoutLine: {'line': b'[ 31%] Built target tello_emulator\n'}
[2.775821] (tello_gazebo) JobProgress: {'identifier': 'tello_gazebo', 'progress': 'install'}
[2.776398] (tello_gazebo) Command: {'cmd': ['/usr/bin/cmake', '--install', '/root/DockerFiles/drone_ws/build/tello_gazebo'], 'cwd': '/root/DockerFiles/drone_ws/build/tello_gazebo', 'env': OrderedDict([('HOSTNAME', 'vdani-H410M-H-V2'), ('SHLVL', '1'), ('LD_LIBRARY_PATH', '/root/DockerFiles/drone_ws/install/tello_msgs/lib:/root/DockerFiles/drone_ws/install/tello_gazebo/lib:/root/DockerFiles/drone_ws/install/tello_driver/lib:/usr/lib/x86_64-linux-gnu/gazebo-11/plugins:/opt/ros/foxy/opt/yaml_cpp_vendor/lib:/opt/ros/foxy/opt/rviz_ogre_vendor/lib:/opt/ros/foxy/lib/x86_64-linux-gnu:/opt/ros/foxy/lib'), ('HOME', '/root'), ('OLDPWD', '/root/DockerFiles'), ('ROS_PYTHON_VERSION', '3'), ('COLCON_PREFIX_PATH', '/root/DockerFiles/drone_ws/install'), ('ROS_DISTRO', 'foxy'), ('_', '/usr/bin/colcon'), ('ROS_VERSION', '2'), ('TERM', 'xterm'), ('ROS_LOCALHOST_ONLY', '0'), ('QT_X11_NO_MITSHM', '1'), ('PATH', '/opt/ros/foxy/bin:/usr/local/sbin:/usr/local/bin:/usr/sbin:/usr/bin:/sbin:/bin'), ('XDG_RUNTIME_DIR', '/run/user/1000'), ('DISPLAY', ':0'), ('LANG', 'C.UTF-8'), ('RMW_IMPLEMENTATION', 'rmw_fastrtps_cpp'), ('LS_COLORS', 'rs=0:di=01;34:ln=01;36:mh=00:pi=40;33:so=01;35:do=01;35:bd=40;33;01:cd=40;33;01:or=40;31;01:mi=00:su=37;41:sg=30;43:ca=30;41:tw=30;42:ow=34;42:st=37;44:ex=01;32:*.tar=01;31:*.tgz=01;31:*.arc=01;31:*.arj=01;31:*.taz=01;31:*.lha=01;31:*.lz4=01;31:*.lzh=01;31:*.lzma=01;31:*.tlz=01;31:*.txz=01;31:*.tzo=01;31:*.t7z=01;31:*.zip=01;31:*.z=01;31:*.dz=01;31:*.gz=01;31:*.lrz=01;31:*.lz=01;31:*.lzo=01;31:*.xz=01;31:*.zst=01;31:*.tzst=01;31:*.bz2=01;31:*.bz=01;31:*.tbz=01;31:*.tbz2=01;31:*.tz=01;31:*.deb=01;31:*.rpm=01;31:*.jar=01;31:*.war=01;31:*.ear=01;31:*.sar=01;31:*.rar=01;31:*.alz=01;31:*.ace=01;31:*.zoo=01;31:*.cpio=01;31:*.7z=01;31:*.rz=01;31:*.cab=01;31:*.wim=01;31:*.swm=01;31:*.dwm=01;31:*.esd=01;31:*.jpg=01;35:*.jpeg=01;35:*.mjpg=01;35:*.mjpeg=01;35:*.gif=01;35:*.bmp=01;35:*.pbm=01;35:*.pgm=01;35:*.ppm=01;35:*.tga=01;35:*.xbm=01;35:*.xpm=01;35:*.tif=01;35:*.tiff=01;35:*.png=01;35:*.svg=01;35:*.svgz=01;35:*.mng=01;35:*.pcx=01;35:*.mov=01;35:*.mpg=01;35:*.mpeg=01;35:*.m2v=01;35:*.mkv=01;35:*.webm=01;35:*.ogm=01;35:*.mp4=01;35:*.m4v=01;35:*.mp4v=01;35:*.vob=01;35:*.qt=01;35:*.nuv=01;35:*.wmv=01;35:*.asf=01;35:*.rm=01;35:*.rmvb=01;35:*.flc=01;35:*.avi=01;35:*.fli=01;35:*.flv=01;35:*.gl=01;35:*.dl=01;35:*.xcf=01;35:*.xwd=01;35:*.yuv=01;35:*.cgm=01;35:*.emf=01;35:*.ogv=01;35:*.ogx=01;35:*.aac=00;36:*.au=00;36:*.flac=00;36:*.m4a=00;36:*.mid=00;36:*.midi=00;36:*.mka=00;36:*.mp3=00;36:*.mpc=00;36:*.ogg=00;36:*.ra=00;36:*.wav=00;36:*.oga=00;36:*.opus=00;36:*.spx=00;36:*.xspf=00;36:'), ('AMENT_PREFIX_PATH', '/root/DockerFiles/drone_ws/install/tello_gazebo:/root/DockerFiles/drone_ws/install/tello_driver:/root/DockerFiles/drone_ws/install/tello_msgs:/root/DockerFiles/drone_ws/install/tello_mission:/root/DockerFiles/drone_ws/install/tello_hand_move:/root/DockerFiles/drone_ws/install/tello_description:/root/DockerFiles/drone_ws/install/tello_controller:/root/DockerFiles/drone_ws/install/tello_camera:/root/DockerFiles/drone_ws/install/ros2_shared:/opt/ros/foxy'), ('PWD', '/root/DockerFiles/drone_ws/build/tello_gazebo'), ('LC_ALL', 'C.UTF-8'), ('PYTHONPATH', '/root/DockerFiles/drone_ws/install/tello_msgs/lib/python3.8/site-packages:/root/DockerFiles/drone_ws/install/tello_mission/lib/python3.8/site-packages:/root/DockerFiles/drone_ws/install/tello_hand_move/lib/python3.8/site-packages:/root/DockerFiles/drone_ws/install/tello_controller/lib/python3.8/site-packages:/root/DockerFiles/drone_ws/install/tello_camera/lib/python3.8/site-packages:/opt/ros/foxy/lib/python3.8/site-packages'), ('COLCON', '1'), ('CMAKE_PREFIX_PATH', '/root/DockerFiles/drone_ws/install/tello_msgs:/root/DockerFiles/drone_ws/install/tello_gazebo:/root/DockerFiles/drone_ws/install/tello_driver:/root/DockerFiles/drone_ws/install/tello_description:/root/DockerFiles/drone_ws/install/ros2_shared:/root/DockerFiles/drone_ws/install/tello_mission:/root/DockerFiles/drone_ws/install/tello_hand_move:/root/DockerFiles/drone_ws/install/tello_controller:/root/DockerFiles/drone_ws/install/tello_camera:/opt/ros/foxy')]), 'shell': False}
[2.795672] (tello_gazebo) StdoutLine: {'line': b'-- Install configuration: ""\n'}
[2.796935] (tello_gazebo) StdoutLine: {'line': b'-- Up-to-date: /root/DockerFiles/drone_ws/install/tello_gazebo/lib/libTelloPlugin.so\n'}
[2.815299] (tello_gazebo) StdoutLine: {'line': b'-- Up-to-date: /root/DockerFiles/drone_ws/install/tello_gazebo/share/tello_gazebo/models\n'}
[2.815567] (tello_gazebo) StdoutLine: {'line': b'-- Up-to-date: /root/DockerFiles/drone_ws/install/tello_gazebo/share/tello_gazebo/models/marker_5\n'}
[2.815697] (tello_gazebo) StdoutLine: {'line': b'-- Up-to-date: /root/DockerFiles/drone_ws/install/tello_gazebo/share/tello_gazebo/models/marker_5/materials\n'}
[2.815793] (tello_gazebo) StdoutLine: {'line': b'-- Up-to-date: /root/DockerFiles/drone_ws/install/tello_gazebo/share/tello_gazebo/models/marker_5/materials/textures\n'}
[2.815896] (tello_gazebo) StdoutLine: {'line': b'-- Up-to-date: /root/DockerFiles/drone_ws/install/tello_gazebo/share/tello_gazebo/models/marker_5/materials/textures/aruco_mark_5.svg\n'}
[2.815989] (tello_gazebo) StdoutLine: {'line': b'-- Up-to-date: /root/DockerFiles/drone_ws/install/tello_gazebo/share/tello_gazebo/models/marker_5/materials/textures/aruco_mark_5.png\n'}
[2.816076] (tello_gazebo) StdoutLine: {'line': b'-- Up-to-date: /root/DockerFiles/drone_ws/install/tello_gazebo/share/tello_gazebo/models/marker_5/materials/scripts\n'}
[2.816169] (tello_gazebo) StdoutLine: {'line': b'-- Up-to-date: /root/DockerFiles/drone_ws/install/tello_gazebo/share/tello_gazebo/models/marker_5/materials/scripts/marker_5.material\n'}
[2.816272] (tello_gazebo) StdoutLine: {'line': b'-- Up-to-date: /root/DockerFiles/drone_ws/install/tello_gazebo/share/tello_gazebo/models/marker_5/model.config\n'}
[2.816368] (tello_gazebo) StdoutLine: {'line': b'-- Up-to-date: /root/DockerFiles/drone_ws/install/tello_gazebo/share/tello_gazebo/models/marker_5/model.sdf\n'}
[2.816458] (tello_gazebo) StdoutLine: {'line': b'-- Up-to-date: /root/DockerFiles/drone_ws/install/tello_gazebo/share/tello_gazebo/models/marker_4\n'}
[2.816547] (tello_gazebo) StdoutLine: {'line': b'-- Up-to-date: /root/DockerFiles/drone_ws/install/tello_gazebo/share/tello_gazebo/models/marker_4/materials\n'}
[2.816640] (tello_gazebo) StdoutLine: {'line': b'-- Up-to-date: /root/DockerFiles/drone_ws/install/tello_gazebo/share/tello_gazebo/models/marker_4/materials/textures\n'}
[2.816732] (tello_gazebo) StdoutLine: {'line': b'-- Up-to-date: /root/DockerFiles/drone_ws/install/tello_gazebo/share/tello_gazebo/models/marker_4/materials/textures/aruco_mark_4.png\n'}
[2.816827] (tello_gazebo) StdoutLine: {'line': b'-- Up-to-date: /root/DockerFiles/drone_ws/install/tello_gazebo/share/tello_gazebo/models/marker_4/materials/textures/aruco_mark_4.svg\n'}
[2.816931] (tello_gazebo) StdoutLine: {'line': b'-- Up-to-date: /root/DockerFiles/drone_ws/install/tello_gazebo/share/tello_gazebo/models/marker_4/materials/scripts\n'}
[2.817986] (tello_gazebo) StdoutLine: {'line': b'-- Up-to-date: /root/DockerFiles/drone_ws/install/tello_gazebo/share/tello_gazebo/models/marker_4/materials/scripts/marker_4.material\n'}
[2.818215] (tello_gazebo) StdoutLine: {'line': b'-- Up-to-date: /root/DockerFiles/drone_ws/install/tello_gazebo/share/tello_gazebo/models/marker_4/model.config\n'}
[2.818446] (tello_gazebo) StdoutLine: {'line': b'-- Up-to-date: /root/DockerFiles/drone_ws/install/tello_gazebo/share/tello_gazebo/models/marker_4/model.sdf\n'}
[2.818565] (tello_gazebo) StdoutLine: {'line': b'-- Up-to-date: /root/DockerFiles/drone_ws/install/tello_gazebo/share/tello_gazebo/models/marker_0\n'}
[2.818676] (tello_gazebo) StdoutLine: {'line': b'-- Up-to-date: /root/DockerFiles/drone_ws/install/tello_gazebo/share/tello_gazebo/models/marker_0/materials\n'}
[2.818782] (tello_gazebo) StdoutLine: {'line': b'-- Up-to-date: /root/DockerFiles/drone_ws/install/tello_gazebo/share/tello_gazebo/models/marker_0/materials/textures\n'}
[2.818901] (tello_gazebo) StdoutLine: {'line': b'-- Up-to-date: /root/DockerFiles/drone_ws/install/tello_gazebo/share/tello_gazebo/models/marker_0/materials/textures/aruco_mark_0.png\n'}
[2.819007] (tello_gazebo) StdoutLine: {'line': b'-- Up-to-date: /root/DockerFiles/drone_ws/install/tello_gazebo/share/tello_gazebo/models/marker_0/materials/textures/aruco_mark_0.svg\n'}
[2.819107] (tello_gazebo) StdoutLine: {'line': b'-- Up-to-date: /root/DockerFiles/drone_ws/install/tello_gazebo/share/tello_gazebo/models/marker_0/materials/scripts\n'}
[2.819749] (tello_gazebo) StdoutLine: {'line': b'-- Up-to-date: /root/DockerFiles/drone_ws/install/tello_gazebo/share/tello_gazebo/models/marker_0/materials/scripts/marker_0.material\n'}
[2.819891] (tello_gazebo) StdoutLine: {'line': b'-- Up-to-date: /root/DockerFiles/drone_ws/install/tello_gazebo/share/tello_gazebo/models/marker_0/model.config\n'}
[2.819998] (tello_gazebo) StdoutLine: {'line': b'-- Up-to-date: /root/DockerFiles/drone_ws/install/tello_gazebo/share/tello_gazebo/models/marker_0/model.sdf\n'}
[2.820111] (tello_gazebo) StdoutLine: {'line': b'-- Up-to-date: /root/DockerFiles/drone_ws/install/tello_gazebo/share/tello_gazebo/models/marker_2\n'}
[2.820220] (tello_gazebo) StdoutLine: {'line': b'-- Up-to-date: /root/DockerFiles/drone_ws/install/tello_gazebo/share/tello_gazebo/models/marker_2/materials\n'}
[2.820329] (tello_gazebo) StdoutLine: {'line': b'-- Up-to-date: /root/DockerFiles/drone_ws/install/tello_gazebo/share/tello_gazebo/models/marker_2/materials/textures\n'}
[2.820439] (tello_gazebo) StdoutLine: {'line': b'-- Up-to-date: /root/DockerFiles/drone_ws/install/tello_gazebo/share/tello_gazebo/models/marker_2/materials/textures/aruco_mark_2.png\n'}
[2.820549] (tello_gazebo) StdoutLine: {'line': b'-- Up-to-date: /root/DockerFiles/drone_ws/install/tello_gazebo/share/tello_gazebo/models/marker_2/materials/textures/aruco_mark_2.svg\n'}
[2.820657] (tello_gazebo) StdoutLine: {'line': b'-- Up-to-date: /root/DockerFiles/drone_ws/install/tello_gazebo/share/tello_gazebo/models/marker_2/materials/scripts\n'}
[2.820782] (tello_gazebo) StdoutLine: {'line': b'-- Up-to-date: /root/DockerFiles/drone_ws/install/tello_gazebo/share/tello_gazebo/models/marker_2/materials/scripts/marker_2.material\n'}
[2.820898] (tello_gazebo) StdoutLine: {'line': b'-- Up-to-date: /root/DockerFiles/drone_ws/install/tello_gazebo/share/tello_gazebo/models/marker_2/model.config\n'}
[2.821003] (tello_gazebo) StdoutLine: {'line': b'-- Up-to-date: /root/DockerFiles/drone_ws/install/tello_gazebo/share/tello_gazebo/models/marker_2/model.sdf\n'}
[2.821103] (tello_gazebo) StdoutLine: {'line': b'-- Up-to-date: /root/DockerFiles/drone_ws/install/tello_gazebo/share/tello_gazebo/models/marker_1\n'}
[2.821202] (tello_gazebo) StdoutLine: {'line': b'-- Up-to-date: /root/DockerFiles/drone_ws/install/tello_gazebo/share/tello_gazebo/models/marker_1/materials\n'}
[2.821300] (tello_gazebo) StdoutLine: {'line': b'-- Up-to-date: /root/DockerFiles/drone_ws/install/tello_gazebo/share/tello_gazebo/models/marker_1/materials/textures\n'}
[2.821400] (tello_gazebo) StdoutLine: {'line': b'-- Up-to-date: /root/DockerFiles/drone_ws/install/tello_gazebo/share/tello_gazebo/models/marker_1/materials/textures/aruco_mark_1.svg\n'}
[2.821512] (tello_gazebo) StdoutLine: {'line': b'-- Up-to-date: /root/DockerFiles/drone_ws/install/tello_gazebo/share/tello_gazebo/models/marker_1/materials/textures/aruco_mark_1.png\n'}
[2.821619] (tello_gazebo) StdoutLine: {'line': b'-- Up-to-date: /root/DockerFiles/drone_ws/install/tello_gazebo/share/tello_gazebo/models/marker_1/materials/scripts\n'}
[2.821788] (tello_gazebo) StdoutLine: {'line': b'-- Up-to-date: /root/DockerFiles/drone_ws/install/tello_gazebo/share/tello_gazebo/models/marker_1/materials/scripts/marker_1.material\n'}
[2.826069] (tello_gazebo) StdoutLine: {'line': b'-- Up-to-date: /root/DockerFiles/drone_ws/install/tello_gazebo/share/tello_gazebo/models/marker_1/model.config\n'}
[2.826175] (tello_gazebo) StdoutLine: {'line': b'-- Up-to-date: /root/DockerFiles/drone_ws/install/tello_gazebo/share/tello_gazebo/models/marker_1/model.sdf\n'}
[2.826258] (tello_gazebo) StdoutLine: {'line': b'-- Up-to-date: /root/DockerFiles/drone_ws/install/tello_gazebo/share/tello_gazebo/models/marker_7\n'}
[2.826336] (tello_gazebo) StdoutLine: {'line': b'-- Up-to-date: /root/DockerFiles/drone_ws/install/tello_gazebo/share/tello_gazebo/models/marker_7/materials\n'}
[2.826422] (tello_gazebo) StdoutLine: {'line': b'-- Up-to-date: /root/DockerFiles/drone_ws/install/tello_gazebo/share/tello_gazebo/models/marker_7/materials/textures\n'}
[2.826515] (tello_gazebo) StdoutLine: {'line': b'-- Up-to-date: /root/DockerFiles/drone_ws/install/tello_gazebo/share/tello_gazebo/models/marker_7/materials/textures/aruco_mark_7.svg\n'}
[2.826609] (tello_gazebo) StdoutLine: {'line': b'-- Up-to-date: /root/DockerFiles/drone_ws/install/tello_gazebo/share/tello_gazebo/models/marker_7/materials/textures/aruco_mark_7.png\n'}
[2.826703] (tello_gazebo) StdoutLine: {'line': b'-- Up-to-date: /root/DockerFiles/drone_ws/install/tello_gazebo/share/tello_gazebo/models/marker_7/materials/scripts\n'}
[2.826802] (tello_gazebo) StdoutLine: {'line': b'-- Up-to-date: /root/DockerFiles/drone_ws/install/tello_gazebo/share/tello_gazebo/models/marker_7/materials/scripts/marker_7.material\n'}
[2.827452] (tello_gazebo) StdoutLine: {'line': b'-- Up-to-date: /root/DockerFiles/drone_ws/install/tello_gazebo/share/tello_gazebo/models/marker_7/model.config\n'}
[2.827595] (tello_gazebo) StdoutLine: {'line': b'-- Up-to-date: /root/DockerFiles/drone_ws/install/tello_gazebo/share/tello_gazebo/models/marker_7/model.sdf\n'}
[2.827734] (tello_gazebo) StdoutLine: {'line': b'-- Up-to-date: /root/DockerFiles/drone_ws/install/tello_gazebo/share/tello_gazebo/models/marker_6\n'}
[2.827833] (tello_gazebo) StdoutLine: {'line': b'-- Up-to-date: /root/DockerFiles/drone_ws/install/tello_gazebo/share/tello_gazebo/models/marker_6/materials\n'}
[2.827941] (tello_gazebo) StdoutLine: {'line': b'-- Up-to-date: /root/DockerFiles/drone_ws/install/tello_gazebo/share/tello_gazebo/models/marker_6/materials/textures\n'}
[2.828171] (tello_gazebo) StdoutLine: {'line': b'-- Up-to-date: /root/DockerFiles/drone_ws/install/tello_gazebo/share/tello_gazebo/models/marker_6/materials/textures/aruco_mark_6.png\n'}
[2.828277] (tello_gazebo) StdoutLine: {'line': b'-- Up-to-date: /root/DockerFiles/drone_ws/install/tello_gazebo/share/tello_gazebo/models/marker_6/materials/textures/aruco_mark_6.svg\n'}
[2.828368] (tello_gazebo) StdoutLine: {'line': b'-- Up-to-date: /root/DockerFiles/drone_ws/install/tello_gazebo/share/tello_gazebo/models/marker_6/materials/scripts\n'}
[2.828461] (tello_gazebo) StdoutLine: {'line': b'-- Up-to-date: /root/DockerFiles/drone_ws/install/tello_gazebo/share/tello_gazebo/models/marker_6/materials/scripts/marker_6.material\n'}
[2.828555] (tello_gazebo) StdoutLine: {'line': b'-- Up-to-date: /root/DockerFiles/drone_ws/install/tello_gazebo/share/tello_gazebo/models/marker_6/model.config\n'}
[2.828646] (tello_gazebo) StdoutLine: {'line': b'-- Up-to-date: /root/DockerFiles/drone_ws/install/tello_gazebo/share/tello_gazebo/models/marker_6/model.sdf\n'}
[2.828738] (tello_gazebo) StdoutLine: {'line': b'-- Up-to-date: /root/DockerFiles/drone_ws/install/tello_gazebo/share/tello_gazebo/models/marker_3\n'}
[2.828830] (tello_gazebo) StdoutLine: {'line': b'-- Up-to-date: /root/DockerFiles/drone_ws/install/tello_gazebo/share/tello_gazebo/models/marker_3/materials\n'}
[2.829553] (tello_gazebo) StdoutLine: {'line': b'-- Up-to-date: /root/DockerFiles/drone_ws/install/tello_gazebo/share/tello_gazebo/models/marker_3/materials/textures\n'}
[2.829716] (tello_gazebo) StdoutLine: {'line': b'-- Up-to-date: /root/DockerFiles/drone_ws/install/tello_gazebo/share/tello_gazebo/models/marker_3/materials/textures/aruco_mark_3.png\n'}
[2.829821] (tello_gazebo) StdoutLine: {'line': b'-- Up-to-date: /root/DockerFiles/drone_ws/install/tello_gazebo/share/tello_gazebo/models/marker_3/materials/textures/aruco_mark_3.svg\n'}
[2.831148] (tello_gazebo) StdoutLine: {'line': b'-- Up-to-date: /root/DockerFiles/drone_ws/install/tello_gazebo/share/tello_gazebo/models/marker_3/materials/scripts\n'}
[2.831332] (tello_gazebo) StdoutLine: {'line': b'-- Up-to-date: /root/DockerFiles/drone_ws/install/tello_gazebo/share/tello_gazebo/models/marker_3/materials/scripts/marker_3.material\n'}
[2.831453] (tello_gazebo) StdoutLine: {'line': b'-- Up-to-date: /root/DockerFiles/drone_ws/install/tello_gazebo/share/tello_gazebo/models/marker_3/model.config\n'}
[2.831570] (tello_gazebo) StdoutLine: {'line': b'-- Up-to-date: /root/DockerFiles/drone_ws/install/tello_gazebo/share/tello_gazebo/models/marker_3/model.sdf\n'}
[2.831686] (tello_gazebo) StdoutLine: {'line': b'-- Up-to-date: /root/DockerFiles/drone_ws/install/tello_gazebo/share/tello_gazebo/worlds\n'}
[2.831798] (tello_gazebo) StdoutLine: {'line': b'-- Up-to-date: /root/DockerFiles/drone_ws/install/tello_gazebo/share/tello_gazebo/worlds/f2_map.yaml\n'}
[2.831900] (tello_gazebo) StdoutLine: {'line': b'-- Up-to-date: /root/DockerFiles/drone_ws/install/tello_gazebo/share/tello_gazebo/worlds/build_world.py\n'}
[2.831999] (tello_gazebo) StdoutLine: {'line': b'-- Up-to-date: /root/DockerFiles/drone_ws/install/tello_gazebo/share/tello_gazebo/worlds/fiducial.world\n'}
[2.832104] (tello_gazebo) StdoutLine: {'line': b'-- Up-to-date: /root/DockerFiles/drone_ws/install/tello_gazebo/share/tello_gazebo/worlds/simple.world\n'}
[2.832211] (tello_gazebo) StdoutLine: {'line': b'-- Up-to-date: /root/DockerFiles/drone_ws/install/tello_gazebo/share/tello_gazebo/worlds/fiducial_map.yaml\n'}
[2.832314] (tello_gazebo) StdoutLine: {'line': b'-- Up-to-date: /root/DockerFiles/drone_ws/install/tello_gazebo/share/tello_gazebo/worlds/f2.world\n'}
[2.832426] (tello_gazebo) StdoutLine: {'line': b'-- Up-to-date: /root/DockerFiles/drone_ws/install/tello_gazebo/share/tello_gazebo/launch\n'}
[2.832533] (tello_gazebo) StdoutLine: {'line': b'-- Up-to-date: /root/DockerFiles/drone_ws/install/tello_gazebo/share/tello_gazebo/launch/vlam_launch.py\n'}
[2.832636] (tello_gazebo) StdoutLine: {'line': b'-- Up-to-date: /root/DockerFiles/drone_ws/install/tello_gazebo/share/tello_gazebo/launch/simple_launch.py\n'}
[2.832738] (tello_gazebo) StdoutLine: {'line': b'-- Up-to-date: /root/DockerFiles/drone_ws/install/tello_gazebo/lib/tello_gazebo/inject_entity.py\n'}
[2.832840] (tello_gazebo) StdoutLine: {'line': b'-- Up-to-date: /root/DockerFiles/drone_ws/install/tello_gazebo/share/ament_index/resource_index/package_run_dependencies/tello_gazebo\n'}
[2.832958] (tello_gazebo) StdoutLine: {'line': b'-- Up-to-date: /root/DockerFiles/drone_ws/install/tello_gazebo/share/ament_index/resource_index/parent_prefix_path/tello_gazebo\n'}
[2.833063] (tello_gazebo) StdoutLine: {'line': b'-- Up-to-date: /root/DockerFiles/drone_ws/install/tello_gazebo/share/tello_gazebo/environment/ament_prefix_path.sh\n'}
[2.833164] (tello_gazebo) StdoutLine: {'line': b'-- Up-to-date: /root/DockerFiles/drone_ws/install/tello_gazebo/share/tello_gazebo/environment/ament_prefix_path.dsv\n'}
[2.833272] (tello_gazebo) StdoutLine: {'line': b'-- Up-to-date: /root/DockerFiles/drone_ws/install/tello_gazebo/share/tello_gazebo/environment/path.sh\n'}
[2.838747] (tello_gazebo) StdoutLine: {'line': b'-- Up-to-date: /root/DockerFiles/drone_ws/install/tello_gazebo/share/tello_gazebo/environment/path.dsv\n'}
[2.838926] (tello_gazebo) StdoutLine: {'line': b'-- Up-to-date: /root/DockerFiles/drone_ws/install/tello_gazebo/share/tello_gazebo/local_setup.bash\n'}
[2.839037] (tello_gazebo) StdoutLine: {'line': b'-- Up-to-date: /root/DockerFiles/drone_ws/install/tello_gazebo/share/tello_gazebo/local_setup.sh\n'}
[2.839775] (tello_gazebo) StdoutLine: {'line': b'-- Up-to-date: /root/DockerFiles/drone_ws/install/tello_gazebo/share/tello_gazebo/local_setup.zsh\n'}
[2.839927] (tello_gazebo) StdoutLine: {'line': b'-- Up-to-date: /root/DockerFiles/drone_ws/install/tello_gazebo/share/tello_gazebo/local_setup.dsv\n'}
[2.840043] (tello_gazebo) StdoutLine: {'line': b'-- Installing: /root/DockerFiles/drone_ws/install/tello_gazebo/share/tello_gazebo/package.dsv\n'}
[2.840159] (tello_gazebo) StdoutLine: {'line': b'-- Up-to-date: /root/DockerFiles/drone_ws/install/tello_gazebo/share/ament_index/resource_index/packages/tello_gazebo\n'}
[2.840268] (tello_gazebo) StdoutLine: {'line': b'-- Up-to-date: /root/DockerFiles/drone_ws/install/tello_gazebo/share/tello_gazebo/cmake/tello_gazeboConfig.cmake\n'}
[2.840378] (tello_gazebo) StdoutLine: {'line': b'-- Up-to-date: /root/DockerFiles/drone_ws/install/tello_gazebo/share/tello_gazebo/cmake/tello_gazeboConfig-version.cmake\n'}
[2.840485] (tello_gazebo) StdoutLine: {'line': b'-- Up-to-date: /root/DockerFiles/drone_ws/install/tello_gazebo/share/tello_gazebo/package.xml\n'}
[2.840594] (tello_gazebo) CommandEnded: {'returncode': 0}
[2.854758] (tello_controller) StdoutLine: {'line': b'running egg_info\n'}
[2.854995] (tello_controller) StdoutLine: {'line': b'writing ../../build/tello_controller/tello_controller.egg-info/PKG-INFO\n'}
[2.855118] (tello_controller) StdoutLine: {'line': b'writing dependency_links to ../../build/tello_controller/tello_controller.egg-info/dependency_links.txt\n'}
[2.855224] (tello_controller) StdoutLine: {'line': b'writing requirements to ../../build/tello_controller/tello_controller.egg-info/requires.txt\n'}
[2.855327] (-) TimerEvent: {}
[2.864700] (tello_controller) StdoutLine: {'line': b'writing top-level names to ../../build/tello_controller/tello_controller.egg-info/top_level.txt\n'}
[2.879659] (tello_hand_move) StdoutLine: {'line': b'running egg_info\n'}
[2.880605] (tello_hand_move) StdoutLine: {'line': b'writing ../../build/tello_hand_move/tello_hand_move.egg-info/PKG-INFO\n'}
[2.881410] (tello_hand_move) StdoutLine: {'line': b'writing dependency_links to ../../build/tello_hand_move/tello_hand_move.egg-info/dependency_links.txt\n'}
[2.882233] (tello_driver) StdoutLine: {'line': b'[ 68%] Built target tello_driver_main\n'}
[2.883003] (tello_hand_move) StdoutLine: {'line': b'writing entry points to ../../build/tello_hand_move/tello_hand_move.egg-info/entry_points.txt\n'}
[2.883755] (tello_hand_move) StdoutLine: {'line': b'writing requirements to ../../build/tello_hand_move/tello_hand_move.egg-info/requires.txt\n'}
[2.884476] (tello_hand_move) StdoutLine: {'line': b'writing top-level names to ../../build/tello_hand_move/tello_hand_move.egg-info/top_level.txt\n'}
[2.894771] (tello_controller) StdoutLine: {'line': b"reading manifest file '../../build/tello_controller/tello_controller.egg-info/SOURCES.txt'\n"}
[2.895342] (tello_controller) StdoutLine: {'line': b"writing manifest file '../../build/tello_controller/tello_controller.egg-info/SOURCES.txt'\n"}
[2.896964] (tello_controller) StdoutLine: {'line': b'running build\n'}
[2.897227] (tello_controller) StdoutLine: {'line': b'running build_py\n'}
[2.897339] (tello_controller) StdoutLine: {'line': b'running install\n'}
[2.897496] (tello_controller) StdoutLine: {'line': b'running install_lib\n'}
[2.898016] (tello_controller) StdoutLine: {'line': b'running install_data\n'}
[2.898335] (tello_controller) StdoutLine: {'line': b'running install_egg_info\n'}
[2.901154] (tello_controller) StdoutLine: {'line': b"removing '/root/DockerFiles/drone_ws/install/tello_controller/lib/python3.8/site-packages/tello_controller-0.0.1-py3.8.egg-info' (and everything under it)\n"}
[2.901600] (tello_controller) StdoutLine: {'line': b'Copying ../../build/tello_controller/tello_controller.egg-info to /root/DockerFiles/drone_ws/install/tello_controller/lib/python3.8/site-packages/tello_controller-0.0.1-py3.8.egg-info\n'}
[2.902769] (tello_controller) StdoutLine: {'line': b'running install_scripts\n'}
[2.923306] (tello_camera) StdoutLine: {'line': b'running egg_info\n'}
[2.925120] (tello_camera) StdoutLine: {'line': b'writing ../../build/tello_camera/tello_camera.egg-info/PKG-INFO\n'}
[2.926421] (tello_camera) StdoutLine: {'line': b'writing dependency_links to ../../build/tello_camera/tello_camera.egg-info/dependency_links.txt\n'}
[2.930313] (tello_camera) StdoutLine: {'line': b'writing entry points to ../../build/tello_camera/tello_camera.egg-info/entry_points.txt\n'}
[2.931104] (tello_camera) StdoutLine: {'line': b'writing requirements to ../../build/tello_camera/tello_camera.egg-info/requires.txt\n'}
[2.931828] (tello_camera) StdoutLine: {'line': b'writing top-level names to ../../build/tello_camera/tello_camera.egg-info/top_level.txt\n'}
[2.933432] (tello_controller) StdoutLine: {'line': b"writing list of installed files to '/root/DockerFiles/drone_ws/build/tello_controller/install.log'\n"}
[2.955458] (-) TimerEvent: {}
[2.973405] (tello_hand_move) StdoutLine: {'line': b"reading manifest file '../../build/tello_hand_move/tello_hand_move.egg-info/SOURCES.txt'\n"}
[2.975112] (tello_hand_move) StdoutLine: {'line': b"writing manifest file '../../build/tello_hand_move/tello_hand_move.egg-info/SOURCES.txt'\n"}
[2.975542] (tello_hand_move) StdoutLine: {'line': b'running build\n'}
[2.976463] (tello_hand_move) StdoutLine: {'line': b'running build_py\n'}
[2.976790] (tello_hand_move) StdoutLine: {'line': b'running install\n'}
[2.977873] (tello_hand_move) StdoutLine: {'line': b'running install_lib\n'}
[2.980419] (tello_hand_move) StdoutLine: {'line': b'running install_egg_info\n'}
[2.991363] (tello_hand_move) StdoutLine: {'line': b"removing '/root/DockerFiles/drone_ws/install/tello_hand_move/lib/python3.8/site-packages/tello_hand_move-0.0.2-py3.8.egg-info' (and everything under it)\n"}
[2.993553] (tello_hand_move) StdoutLine: {'line': b'Copying ../../build/tello_hand_move/tello_hand_move.egg-info to /root/DockerFiles/drone_ws/install/tello_hand_move/lib/python3.8/site-packages/tello_hand_move-0.0.2-py3.8.egg-info\n'}
[2.994258] (tello_hand_move) StdoutLine: {'line': b'running install_scripts\n'}
[2.998400] (tello_driver) StdoutLine: {'line': b'[100%] Built target tello_driver_node\n'}
[3.018755] (tello_camera) StdoutLine: {'line': b"reading manifest file '../../build/tello_camera/tello_camera.egg-info/SOURCES.txt'\n"}
[3.024189] (tello_camera) StdoutLine: {'line': b"writing manifest file '../../build/tello_camera/tello_camera.egg-info/SOURCES.txt'\n"}
[3.024942] (tello_camera) StdoutLine: {'line': b'running build\n'}
[3.025670] (tello_camera) StdoutLine: {'line': b'running build_py\n'}
[3.027188] (tello_hand_move) StdoutLine: {'line': b'Installing tello_hand_move script to /root/DockerFiles/drone_ws/install/tello_hand_move/lib/tello_hand_move\n'}
[3.028439] (tello_hand_move) StdoutLine: {'line': b"writing list of installed files to '/root/DockerFiles/drone_ws/build/tello_hand_move/install.log'\n"}
[3.029223] (tello_camera) StdoutLine: {'line': b'running install\n'}
[3.050150] (tello_mission) StdoutLine: {'line': b'running egg_info\n'}
[3.052224] (tello_mission) StdoutLine: {'line': b'writing ../../build/tello_mission/tello_mission.egg-info/PKG-INFO\n'}
[3.052344] (tello_mission) StdoutLine: {'line': b'writing dependency_links to ../../build/tello_mission/tello_mission.egg-info/dependency_links.txt\n'}
[3.052441] (tello_mission) StdoutLine: {'line': b'writing entry points to ../../build/tello_mission/tello_mission.egg-info/entry_points.txt\n'}
[3.052614] (tello_mission) StdoutLine: {'line': b'writing requirements to ../../build/tello_mission/tello_mission.egg-info/requires.txt\n'}
[3.052708] (tello_mission) StdoutLine: {'line': b'writing top-level names to ../../build/tello_mission/tello_mission.egg-info/top_level.txt\n'}
[3.052799] (tello_camera) StdoutLine: {'line': b'running install_lib\n'}
[3.053916] (tello_camera) StdoutLine: {'line': b'running install_data\n'}
[3.054098] (tello_camera) StdoutLine: {'line': b'running install_egg_info\n'}
[3.054205] (tello_camera) StdoutLine: {'line': b"removing '/root/DockerFiles/drone_ws/install/tello_camera/lib/python3.8/site-packages/tello_camera-0.0.1-py3.8.egg-info' (and everything under it)\n"}
[3.054309] (tello_camera) StdoutLine: {'line': b'Copying ../../build/tello_camera/tello_camera.egg-info to /root/DockerFiles/drone_ws/install/tello_camera/lib/python3.8/site-packages/tello_camera-0.0.1-py3.8.egg-info\n'}
[3.054408] (tello_camera) StdoutLine: {'line': b'running install_scripts\n'}
[3.055690] (-) TimerEvent: {}
[3.056430] (tello_gazebo) JobEnded: {'identifier': 'tello_gazebo', 'rc': 0}
[3.058070] (tello_driver) CommandEnded: {'returncode': 0}
[3.077958] (tello_controller) CommandEnded: {'returncode': 0}
[3.078961] (tello_camera) StdoutLine: {'line': b'Installing tello_camera script to /root/DockerFiles/drone_ws/install/tello_camera/lib/tello_camera\n'}
[3.079260] (tello_camera) StdoutLine: {'line': b"writing list of installed files to '/root/DockerFiles/drone_ws/build/tello_camera/install.log'\n"}
[3.091931] (tello_controller) JobEnded: {'identifier': 'tello_controller', 'rc': 0}
[3.108010] (tello_mission) StdoutLine: {'line': b"reading manifest file '../../build/tello_mission/tello_mission.egg-info/SOURCES.txt'\n"}
[3.108331] (tello_mission) StdoutLine: {'line': b"writing manifest file '../../build/tello_mission/tello_mission.egg-info/SOURCES.txt'\n"}
[3.118232] (tello_mission) StdoutLine: {'line': b'running build\n'}
[3.119942] (tello_mission) StdoutLine: {'line': b'running build_py\n'}
[3.120675] (tello_mission) StdoutLine: {'line': b'copying tello_mission/tello_mission.py -> /root/DockerFiles/drone_ws/build/tello_mission/build/lib/tello_mission\n'}
[3.122477] (tello_mission) StdoutLine: {'line': b'running install\n'}
[3.123185] (tello_mission) StdoutLine: {'line': b'running install_lib\n'}
[3.123766] (tello_mission) StdoutLine: {'line': b'copying /root/DockerFiles/drone_ws/build/tello_mission/build/lib/tello_mission/tello_mission.py -> /root/DockerFiles/drone_ws/install/tello_mission/lib/python3.8/site-packages/tello_mission\n'}
[3.129394] (tello_mission) StdoutLine: {'line': b'byte-compiling /root/DockerFiles/drone_ws/install/tello_mission/lib/python3.8/site-packages/tello_mission/tello_mission.py to tello_mission.cpython-38.pyc\n'}
[3.130747] (tello_mission) StdoutLine: {'line': b'running install_data\n'}
[3.130858] (tello_mission) StdoutLine: {'line': b'running install_egg_info\n'}
[3.130954] (tello_mission) StdoutLine: {'line': b"removing '/root/DockerFiles/drone_ws/install/tello_mission/lib/python3.8/site-packages/tello_mission-0.0.1-py3.8.egg-info' (and everything under it)\n"}
[3.131041] (tello_mission) StdoutLine: {'line': b'Copying ../../build/tello_mission/tello_mission.egg-info to /root/DockerFiles/drone_ws/install/tello_mission/lib/python3.8/site-packages/tello_mission-0.0.1-py3.8.egg-info\n'}
[3.131124] (tello_mission) StdoutLine: {'line': b'running install_scripts\n'}
[3.135588] (tello_hand_move) CommandEnded: {'returncode': 0}
[3.183987] (tello_mission) StdoutLine: {'line': b'Installing tello_mission script to /root/DockerFiles/drone_ws/install/tello_mission/lib/tello_mission\n'}
[3.184299] (-) TimerEvent: {}
[3.184875] (tello_mission) StdoutLine: {'line': b"writing list of installed files to '/root/DockerFiles/drone_ws/build/tello_mission/install.log'\n"}
[3.185018] (tello_hand_move) JobEnded: {'identifier': 'tello_hand_move', 'rc': 0}
[3.185488] (tello_camera) CommandEnded: {'returncode': 0}
[3.185883] (tello_camera) JobEnded: {'identifier': 'tello_camera', 'rc': 0}
[3.212628] (tello_mission) CommandEnded: {'returncode': 0}
[3.228781] (tello_mission) JobEnded: {'identifier': 'tello_mission', 'rc': 0}
[3.234383] (tello_driver) JobProgress: {'identifier': 'tello_driver', 'progress': 'install'}
[3.234783] (tello_driver) Command: {'cmd': ['/usr/bin/cmake', '--install', '/root/DockerFiles/drone_ws/build/tello_driver'], 'cwd': '/root/DockerFiles/drone_ws/build/tello_driver', 'env': OrderedDict([('HOSTNAME', 'vdani-H410M-H-V2'), ('SHLVL', '1'), ('LD_LIBRARY_PATH', '/root/DockerFiles/drone_ws/install/tello_msgs/lib:/root/DockerFiles/drone_ws/install/tello_gazebo/lib:/root/DockerFiles/drone_ws/install/tello_driver/lib:/usr/lib/x86_64-linux-gnu/gazebo-11/plugins:/opt/ros/foxy/opt/yaml_cpp_vendor/lib:/opt/ros/foxy/opt/rviz_ogre_vendor/lib:/opt/ros/foxy/lib/x86_64-linux-gnu:/opt/ros/foxy/lib'), ('HOME', '/root'), ('OLDPWD', '/root/DockerFiles'), ('ROS_PYTHON_VERSION', '3'), ('COLCON_PREFIX_PATH', '/root/DockerFiles/drone_ws/install'), ('ROS_DISTRO', 'foxy'), ('_', '/usr/bin/colcon'), ('ROS_VERSION', '2'), ('TERM', 'xterm'), ('ROS_LOCALHOST_ONLY', '0'), ('QT_X11_NO_MITSHM', '1'), ('PATH', '/opt/ros/foxy/bin:/usr/local/sbin:/usr/local/bin:/usr/sbin:/usr/bin:/sbin:/bin'), ('XDG_RUNTIME_DIR', '/run/user/1000'), ('DISPLAY', ':0'), ('LANG', 'C.UTF-8'), ('RMW_IMPLEMENTATION', 'rmw_fastrtps_cpp'), ('LS_COLORS', 'rs=0:di=01;34:ln=01;36:mh=00:pi=40;33:so=01;35:do=01;35:bd=40;33;01:cd=40;33;01:or=40;31;01:mi=00:su=37;41:sg=30;43:ca=30;41:tw=30;42:ow=34;42:st=37;44:ex=01;32:*.tar=01;31:*.tgz=01;31:*.arc=01;31:*.arj=01;31:*.taz=01;31:*.lha=01;31:*.lz4=01;31:*.lzh=01;31:*.lzma=01;31:*.tlz=01;31:*.txz=01;31:*.tzo=01;31:*.t7z=01;31:*.zip=01;31:*.z=01;31:*.dz=01;31:*.gz=01;31:*.lrz=01;31:*.lz=01;31:*.lzo=01;31:*.xz=01;31:*.zst=01;31:*.tzst=01;31:*.bz2=01;31:*.bz=01;31:*.tbz=01;31:*.tbz2=01;31:*.tz=01;31:*.deb=01;31:*.rpm=01;31:*.jar=01;31:*.war=01;31:*.ear=01;31:*.sar=01;31:*.rar=01;31:*.alz=01;31:*.ace=01;31:*.zoo=01;31:*.cpio=01;31:*.7z=01;31:*.rz=01;31:*.cab=01;31:*.wim=01;31:*.swm=01;31:*.dwm=01;31:*.esd=01;31:*.jpg=01;35:*.jpeg=01;35:*.mjpg=01;35:*.mjpeg=01;35:*.gif=01;35:*.bmp=01;35:*.pbm=01;35:*.pgm=01;35:*.ppm=01;35:*.tga=01;35:*.xbm=01;35:*.xpm=01;35:*.tif=01;35:*.tiff=01;35:*.png=01;35:*.svg=01;35:*.svgz=01;35:*.mng=01;35:*.pcx=01;35:*.mov=01;35:*.mpg=01;35:*.mpeg=01;35:*.m2v=01;35:*.mkv=01;35:*.webm=01;35:*.ogm=01;35:*.mp4=01;35:*.m4v=01;35:*.mp4v=01;35:*.vob=01;35:*.qt=01;35:*.nuv=01;35:*.wmv=01;35:*.asf=01;35:*.rm=01;35:*.rmvb=01;35:*.flc=01;35:*.avi=01;35:*.fli=01;35:*.flv=01;35:*.gl=01;35:*.dl=01;35:*.xcf=01;35:*.xwd=01;35:*.yuv=01;35:*.cgm=01;35:*.emf=01;35:*.ogv=01;35:*.ogx=01;35:*.aac=00;36:*.au=00;36:*.flac=00;36:*.m4a=00;36:*.mid=00;36:*.midi=00;36:*.mka=00;36:*.mp3=00;36:*.mpc=00;36:*.ogg=00;36:*.ra=00;36:*.wav=00;36:*.oga=00;36:*.opus=00;36:*.spx=00;36:*.xspf=00;36:'), ('AMENT_PREFIX_PATH', '/root/DockerFiles/drone_ws/install/tello_gazebo:/root/DockerFiles/drone_ws/install/tello_driver:/root/DockerFiles/drone_ws/install/tello_msgs:/root/DockerFiles/drone_ws/install/tello_mission:/root/DockerFiles/drone_ws/install/tello_hand_move:/root/DockerFiles/drone_ws/install/tello_description:/root/DockerFiles/drone_ws/install/tello_controller:/root/DockerFiles/drone_ws/install/tello_camera:/root/DockerFiles/drone_ws/install/ros2_shared:/opt/ros/foxy'), ('PWD', '/root/DockerFiles/drone_ws/build/tello_driver'), ('LC_ALL', 'C.UTF-8'), ('PYTHONPATH', '/root/DockerFiles/drone_ws/install/tello_msgs/lib/python3.8/site-packages:/root/DockerFiles/drone_ws/install/tello_mission/lib/python3.8/site-packages:/root/DockerFiles/drone_ws/install/tello_hand_move/lib/python3.8/site-packages:/root/DockerFiles/drone_ws/install/tello_controller/lib/python3.8/site-packages:/root/DockerFiles/drone_ws/install/tello_camera/lib/python3.8/site-packages:/opt/ros/foxy/lib/python3.8/site-packages'), ('COLCON', '1'), ('CMAKE_PREFIX_PATH', '/root/DockerFiles/drone_ws/install/tello_msgs:/root/DockerFiles/drone_ws/install/ros2_shared:/root/DockerFiles/drone_ws/install/tello_gazebo:/root/DockerFiles/drone_ws/install/tello_driver:/root/DockerFiles/drone_ws/install/tello_description:/root/DockerFiles/drone_ws/install/tello_mission:/root/DockerFiles/drone_ws/install/tello_hand_move:/root/DockerFiles/drone_ws/install/tello_controller:/root/DockerFiles/drone_ws/install/tello_camera:/opt/ros/foxy')]), 'shell': False}
[3.251841] (tello_driver) StdoutLine: {'line': b'-- Install configuration: ""\n'}
[3.253165] (tello_driver) StdoutLine: {'line': b'-- Up-to-date: /root/DockerFiles/drone_ws/install/tello_driver/share/tello_driver/environment/library_path.sh\n'}
[3.259928] (tello_driver) StdoutLine: {'line': b'-- Up-to-date: /root/DockerFiles/drone_ws/install/tello_driver/share/tello_driver/environment/library_path.dsv\n'}
[3.261033] (tello_driver) StdoutLine: {'line': b'-- Up-to-date: /root/DockerFiles/drone_ws/install/tello_driver/lib/libtello_driver_node.so\n'}
[3.261212] (tello_driver) StdoutLine: {'line': b'-- Up-to-date: /root/DockerFiles/drone_ws/install/tello_driver/lib/libtello_joy_node.so\n'}
[3.261316] (tello_driver) StdoutLine: {'line': b'-- Up-to-date: /root/DockerFiles/drone_ws/install/tello_driver/lib/tello_driver/tello_driver_main\n'}
[3.261414] (tello_driver) StdoutLine: {'line': b'-- Up-to-date: /root/DockerFiles/drone_ws/install/tello_driver/lib/tello_driver/tello_joy_main\n'}
[3.261514] (tello_driver) StdoutLine: {'line': b'-- Up-to-date: /root/DockerFiles/drone_ws/install/tello_driver/lib/tello_driver/tello_emulator\n'}
[3.261612] (tello_driver) StdoutLine: {'line': b'-- Up-to-date: /root/DockerFiles/drone_ws/install/tello_driver/share/tello_driver/cfg\n'}
[3.261709] (tello_driver) StdoutLine: {'line': b'-- Up-to-date: /root/DockerFiles/drone_ws/install/tello_driver/share/tello_driver/cfg/camera_info.yaml\n'}
[3.261816] (tello_driver) StdoutLine: {'line': b'-- Up-to-date: /root/DockerFiles/drone_ws/install/tello_driver/share/tello_driver/launch\n'}
[3.262005] (tello_driver) StdoutLine: {'line': b'-- Up-to-date: /root/DockerFiles/drone_ws/install/tello_driver/share/tello_driver/launch/teleop_launch.py\n'}
[3.262288] (tello_driver) StdoutLine: {'line': b'-- Up-to-date: /root/DockerFiles/drone_ws/install/tello_driver/share/tello_driver/launch/emulators_launch.py\n'}
[3.262390] (tello_driver) StdoutLine: {'line': b'-- Up-to-date: /root/DockerFiles/drone_ws/install/tello_driver/share/tello_driver/launch/emulator_launch.py\n'}
[3.262486] (tello_driver) StdoutLine: {'line': b'-- Up-to-date: /root/DockerFiles/drone_ws/install/tello_driver/share/ament_index/resource_index/package_run_dependencies/tello_driver\n'}
[3.262584] (tello_driver) StdoutLine: {'line': b'-- Up-to-date: /root/DockerFiles/drone_ws/install/tello_driver/share/ament_index/resource_index/parent_prefix_path/tello_driver\n'}
[3.262679] (tello_driver) StdoutLine: {'line': b'-- Up-to-date: /root/DockerFiles/drone_ws/install/tello_driver/share/tello_driver/environment/ament_prefix_path.sh\n'}
[3.262775] (tello_driver) StdoutLine: {'line': b'-- Up-to-date: /root/DockerFiles/drone_ws/install/tello_driver/share/tello_driver/environment/ament_prefix_path.dsv\n'}
[3.262869] (tello_driver) StdoutLine: {'line': b'-- Up-to-date: /root/DockerFiles/drone_ws/install/tello_driver/share/tello_driver/environment/path.sh\n'}
[3.262974] (tello_driver) StdoutLine: {'line': b'-- Up-to-date: /root/DockerFiles/drone_ws/install/tello_driver/share/tello_driver/environment/path.dsv\n'}
[3.263070] (tello_driver) StdoutLine: {'line': b'-- Up-to-date: /root/DockerFiles/drone_ws/install/tello_driver/share/tello_driver/local_setup.bash\n'}
[3.263164] (tello_driver) StdoutLine: {'line': b'-- Up-to-date: /root/DockerFiles/drone_ws/install/tello_driver/share/tello_driver/local_setup.sh\n'}
[3.263258] (tello_driver) StdoutLine: {'line': b'-- Up-to-date: /root/DockerFiles/drone_ws/install/tello_driver/share/tello_driver/local_setup.zsh\n'}
[3.263351] (tello_driver) StdoutLine: {'line': b'-- Up-to-date: /root/DockerFiles/drone_ws/install/tello_driver/share/tello_driver/local_setup.dsv\n'}
[3.263444] (tello_driver) StdoutLine: {'line': b'-- Installing: /root/DockerFiles/drone_ws/install/tello_driver/share/tello_driver/package.dsv\n'}
[3.263538] (tello_driver) StdoutLine: {'line': b'-- Up-to-date: /root/DockerFiles/drone_ws/install/tello_driver/share/ament_index/resource_index/packages/tello_driver\n'}
[3.263631] (tello_driver) StdoutLine: {'line': b'-- Up-to-date: /root/DockerFiles/drone_ws/install/tello_driver/share/ament_index/resource_index/rclcpp_components/tello_driver\n'}
[3.263724] (tello_driver) StdoutLine: {'line': b'-- Up-to-date: /root/DockerFiles/drone_ws/install/tello_driver/share/tello_driver/cmake/tello_driverConfig.cmake\n'}
[3.263816] (tello_driver) StdoutLine: {'line': b'-- Up-to-date: /root/DockerFiles/drone_ws/install/tello_driver/share/tello_driver/cmake/tello_driverConfig-version.cmake\n'}
[3.263976] (tello_driver) StdoutLine: {'line': b'-- Up-to-date: /root/DockerFiles/drone_ws/install/tello_driver/share/tello_driver/package.xml\n'}
[3.265860] (tello_driver) CommandEnded: {'returncode': 0}
[3.285990] (-) TimerEvent: {}
[3.391828] (-) TimerEvent: {}
[3.445448] (tello_driver) JobEnded: {'identifier': 'tello_driver', 'rc': 0}
[3.448527] (-) EventReactorShutdown: {}
