[0.000000] (-) TimerEvent: {}
[0.000699] (ros2_shared) JobQueued: {'identifier': 'ros2_shared', 'dependencies': OrderedDict()}
[0.000845] (tello_camera) JobQueued: {'identifier': 'tello_camera', 'dependencies': OrderedDict()}
[0.000960] (tello_controller) JobQueued: {'identifier': 'tello_controller', 'dependencies': OrderedDict()}
[0.001315] (tello_description) JobQueued: {'identifier': 'tello_description', 'dependencies': OrderedDict()}
[0.001348] (tello_hand_move) JobQueued: {'identifier': 'tello_hand_move', 'dependencies': OrderedDict()}
[0.001373] (tello_mission) JobQueued: {'identifier': 'tello_mission', 'dependencies': OrderedDict()}
[0.001397] (tello_msgs) JobQueued: {'identifier': 'tello_msgs', 'dependencies': OrderedDict()}
[0.001419] (tello_driver) JobQueued: {'identifier': 'tello_driver', 'dependencies': OrderedDict([('ros2_shared', '/root/DockerFiles/drone_ws/install/ros2_shared'), ('tello_msgs', '/root/DockerFiles/drone_ws/install/tello_msgs')])}
[0.001448] (tello_gazebo) JobQueued: {'identifier': 'tello_gazebo', 'dependencies': OrderedDict([('tello_msgs', '/root/DockerFiles/drone_ws/install/tello_msgs')])}
[0.002081] (tello_msgs) JobStarted: {'identifier': 'tello_msgs'}
[0.029495] (ros2_shared) JobStarted: {'identifier': 'ros2_shared'}
[0.049063] (tello_camera) JobStarted: {'identifier': 'tello_camera'}
[0.098647] (tello_controller) JobStarted: {'identifier': 'tello_controller'}
[0.101839] (-) TimerEvent: {}
[0.122013] (tello_description) JobStarted: {'identifier': 'tello_description'}
[0.144795] (tello_hand_move) JobStarted: {'identifier': 'tello_hand_move'}
[0.188288] (tello_mission) JobStarted: {'identifier': 'tello_mission'}
[0.204664] (-) TimerEvent: {}
[0.223277] (tello_msgs) JobProgress: {'identifier': 'tello_msgs', 'progress': 'cmake'}
[0.224163] (tello_msgs) JobProgress: {'identifier': 'tello_msgs', 'progress': 'build'}
[0.228766] (tello_msgs) Command: {'cmd': ['/usr/bin/cmake', '--build', '/root/DockerFiles/drone_ws/build/tello_msgs', '--', '-j12', '-l12'], 'cwd': '/root/DockerFiles/drone_ws/build/tello_msgs', 'env': OrderedDict([('HOSTNAME', 'vdani-H410M-H-V2'), ('SHLVL', '1'), ('LD_LIBRARY_PATH', '/root/DockerFiles/drone_ws/install/tello_gazebo/lib:/root/DockerFiles/drone_ws/install/tello_driver/lib:/root/DockerFiles/drone_ws/install/tello_msgs/lib:/usr/lib/x86_64-linux-gnu/gazebo-11/plugins:/opt/ros/foxy/opt/yaml_cpp_vendor/lib:/opt/ros/foxy/opt/rviz_ogre_vendor/lib:/opt/ros/foxy/lib/x86_64-linux-gnu:/opt/ros/foxy/lib'), ('HOME', '/root'), ('OLDPWD', '/root/DockerFiles'), ('ROS_PYTHON_VERSION', '3'), ('COLCON_PREFIX_PATH', '/root/DockerFiles/drone_ws/install'), ('ROS_DISTRO', 'foxy'), ('_', '/usr/bin/colcon'), ('ROS_VERSION', '2'), ('TERM', 'xterm'), ('ROS_LOCALHOST_ONLY', '0'), ('QT_X11_NO_MITSHM', '1'), ('PATH', '/opt/ros/foxy/bin:/usr/local/sbin:/usr/local/bin:/usr/sbin:/usr/bin:/sbin:/bin'), ('XDG_RUNTIME_DIR', '/run/user/1000'), ('DISPLAY', ':0'), ('LANG', 'C.UTF-8'), ('RMW_IMPLEMENTATION', 'rmw_fastrtps_cpp'), ('LS_COLORS', 'rs=0:di=01;34:ln=01;36:mh=00:pi=40;33:so=01;35:do=01;35:bd=40;33;01:cd=40;33;01:or=40;31;01:mi=00:su=37;41:sg=30;43:ca=30;41:tw=30;42:ow=34;42:st=37;44:ex=01;32:*.tar=01;31:*.tgz=01;31:*.arc=01;31:*.arj=01;31:*.taz=01;31:*.lha=01;31:*.lz4=01;31:*.lzh=01;31:*.lzma=01;31:*.tlz=01;31:*.txz=01;31:*.tzo=01;31:*.t7z=01;31:*.zip=01;31:*.z=01;31:*.dz=01;31:*.gz=01;31:*.lrz=01;31:*.lz=01;31:*.lzo=01;31:*.xz=01;31:*.zst=01;31:*.tzst=01;31:*.bz2=01;31:*.bz=01;31:*.tbz=01;31:*.tbz2=01;31:*.tz=01;31:*.deb=01;31:*.rpm=01;31:*.jar=01;31:*.war=01;31:*.ear=01;31:*.sar=01;31:*.rar=01;31:*.alz=01;31:*.ace=01;31:*.zoo=01;31:*.cpio=01;31:*.7z=01;31:*.rz=01;31:*.cab=01;31:*.wim=01;31:*.swm=01;31:*.dwm=01;31:*.esd=01;31:*.jpg=01;35:*.jpeg=01;35:*.mjpg=01;35:*.mjpeg=01;35:*.gif=01;35:*.bmp=01;35:*.pbm=01;35:*.pgm=01;35:*.ppm=01;35:*.tga=01;35:*.xbm=01;35:*.xpm=01;35:*.tif=01;35:*.tiff=01;35:*.png=01;35:*.svg=01;35:*.svgz=01;35:*.mng=01;35:*.pcx=01;35:*.mov=01;35:*.mpg=01;35:*.mpeg=01;35:*.m2v=01;35:*.mkv=01;35:*.webm=01;35:*.ogm=01;35:*.mp4=01;35:*.m4v=01;35:*.mp4v=01;35:*.vob=01;35:*.qt=01;35:*.nuv=01;35:*.wmv=01;35:*.asf=01;35:*.rm=01;35:*.rmvb=01;35:*.flc=01;35:*.avi=01;35:*.fli=01;35:*.flv=01;35:*.gl=01;35:*.dl=01;35:*.xcf=01;35:*.xwd=01;35:*.yuv=01;35:*.cgm=01;35:*.emf=01;35:*.ogv=01;35:*.ogx=01;35:*.aac=00;36:*.au=00;36:*.flac=00;36:*.m4a=00;36:*.mid=00;36:*.midi=00;36:*.mka=00;36:*.mp3=00;36:*.mpc=00;36:*.ogg=00;36:*.ra=00;36:*.wav=00;36:*.oga=00;36:*.opus=00;36:*.spx=00;36:*.xspf=00;36:'), ('AMENT_PREFIX_PATH', '/root/DockerFiles/drone_ws/install/tello_gazebo:/root/DockerFiles/drone_ws/install/tello_driver:/root/DockerFiles/drone_ws/install/tello_msgs:/root/DockerFiles/drone_ws/install/tello_mission:/root/DockerFiles/drone_ws/install/tello_hand_move:/root/DockerFiles/drone_ws/install/tello_description:/root/DockerFiles/drone_ws/install/tello_controller:/root/DockerFiles/drone_ws/install/tello_camera:/root/DockerFiles/drone_ws/install/ros2_shared:/opt/ros/foxy'), ('PWD', '/root/DockerFiles/drone_ws/build/tello_msgs'), ('LC_ALL', 'C.UTF-8'), ('PYTHONPATH', '/root/DockerFiles/drone_ws/install/tello_msgs/lib/python3.8/site-packages:/root/DockerFiles/drone_ws/install/tello_mission/lib/python3.8/site-packages:/root/DockerFiles/drone_ws/install/tello_hand_move/lib/python3.8/site-packages:/root/DockerFiles/drone_ws/install/tello_controller/lib/python3.8/site-packages:/root/DockerFiles/drone_ws/install/tello_camera/lib/python3.8/site-packages:/opt/ros/foxy/lib/python3.8/site-packages'), ('COLCON', '1'), ('CMAKE_PREFIX_PATH', '/root/DockerFiles/drone_ws/install/tello_gazebo:/root/DockerFiles/drone_ws/install/tello_driver:/root/DockerFiles/drone_ws/install/tello_msgs:/root/DockerFiles/drone_ws/install/tello_description:/root/DockerFiles/drone_ws/install/ros2_shared:/root/DockerFiles/drone_ws/install/tello_mission:/root/DockerFiles/drone_ws/install/tello_hand_move:/root/DockerFiles/drone_ws/install/tello_controller:/root/DockerFiles/drone_ws/install/tello_camera:/opt/ros/foxy')]), 'shell': False}
[0.267234] (ros2_shared) JobProgress: {'identifier': 'ros2_shared', 'progress': 'cmake'}
[0.267582] (ros2_shared) JobProgress: {'identifier': 'ros2_shared', 'progress': 'build'}
[0.267830] (ros2_shared) Command: {'cmd': ['/usr/bin/cmake', '--build', '/root/DockerFiles/drone_ws/build/ros2_shared', '--', '-j12', '-l12'], 'cwd': '/root/DockerFiles/drone_ws/build/ros2_shared', 'env': OrderedDict([('HOSTNAME', 'vdani-H410M-H-V2'), ('SHLVL', '1'), ('LD_LIBRARY_PATH', '/root/DockerFiles/drone_ws/install/tello_gazebo/lib:/root/DockerFiles/drone_ws/install/tello_driver/lib:/root/DockerFiles/drone_ws/install/tello_msgs/lib:/usr/lib/x86_64-linux-gnu/gazebo-11/plugins:/opt/ros/foxy/opt/yaml_cpp_vendor/lib:/opt/ros/foxy/opt/rviz_ogre_vendor/lib:/opt/ros/foxy/lib/x86_64-linux-gnu:/opt/ros/foxy/lib'), ('HOME', '/root'), ('OLDPWD', '/root/DockerFiles'), ('ROS_PYTHON_VERSION', '3'), ('COLCON_PREFIX_PATH', '/root/DockerFiles/drone_ws/install'), ('ROS_DISTRO', 'foxy'), ('_', '/usr/bin/colcon'), ('ROS_VERSION', '2'), ('TERM', 'xterm'), ('ROS_LOCALHOST_ONLY', '0'), ('QT_X11_NO_MITSHM', '1'), ('PATH', '/opt/ros/foxy/bin:/usr/local/sbin:/usr/local/bin:/usr/sbin:/usr/bin:/sbin:/bin'), ('XDG_RUNTIME_DIR', '/run/user/1000'), ('DISPLAY', ':0'), ('LANG', 'C.UTF-8'), ('RMW_IMPLEMENTATION', 'rmw_fastrtps_cpp'), ('LS_COLORS', 'rs=0:di=01;34:ln=01;36:mh=00:pi=40;33:so=01;35:do=01;35:bd=40;33;01:cd=40;33;01:or=40;31;01:mi=00:su=37;41:sg=30;43:ca=30;41:tw=30;42:ow=34;42:st=37;44:ex=01;32:*.tar=01;31:*.tgz=01;31:*.arc=01;31:*.arj=01;31:*.taz=01;31:*.lha=01;31:*.lz4=01;31:*.lzh=01;31:*.lzma=01;31:*.tlz=01;31:*.txz=01;31:*.tzo=01;31:*.t7z=01;31:*.zip=01;31:*.z=01;31:*.dz=01;31:*.gz=01;31:*.lrz=01;31:*.lz=01;31:*.lzo=01;31:*.xz=01;31:*.zst=01;31:*.tzst=01;31:*.bz2=01;31:*.bz=01;31:*.tbz=01;31:*.tbz2=01;31:*.tz=01;31:*.deb=01;31:*.rpm=01;31:*.jar=01;31:*.war=01;31:*.ear=01;31:*.sar=01;31:*.rar=01;31:*.alz=01;31:*.ace=01;31:*.zoo=01;31:*.cpio=01;31:*.7z=01;31:*.rz=01;31:*.cab=01;31:*.wim=01;31:*.swm=01;31:*.dwm=01;31:*.esd=01;31:*.jpg=01;35:*.jpeg=01;35:*.mjpg=01;35:*.mjpeg=01;35:*.gif=01;35:*.bmp=01;35:*.pbm=01;35:*.pgm=01;35:*.ppm=01;35:*.tga=01;35:*.xbm=01;35:*.xpm=01;35:*.tif=01;35:*.tiff=01;35:*.png=01;35:*.svg=01;35:*.svgz=01;35:*.mng=01;35:*.pcx=01;35:*.mov=01;35:*.mpg=01;35:*.mpeg=01;35:*.m2v=01;35:*.mkv=01;35:*.webm=01;35:*.ogm=01;35:*.mp4=01;35:*.m4v=01;35:*.mp4v=01;35:*.vob=01;35:*.qt=01;35:*.nuv=01;35:*.wmv=01;35:*.asf=01;35:*.rm=01;35:*.rmvb=01;35:*.flc=01;35:*.avi=01;35:*.fli=01;35:*.flv=01;35:*.gl=01;35:*.dl=01;35:*.xcf=01;35:*.xwd=01;35:*.yuv=01;35:*.cgm=01;35:*.emf=01;35:*.ogv=01;35:*.ogx=01;35:*.aac=00;36:*.au=00;36:*.flac=00;36:*.m4a=00;36:*.mid=00;36:*.midi=00;36:*.mka=00;36:*.mp3=00;36:*.mpc=00;36:*.ogg=00;36:*.ra=00;36:*.wav=00;36:*.oga=00;36:*.opus=00;36:*.spx=00;36:*.xspf=00;36:'), ('AMENT_PREFIX_PATH', '/root/DockerFiles/drone_ws/install/tello_gazebo:/root/DockerFiles/drone_ws/install/tello_driver:/root/DockerFiles/drone_ws/install/tello_msgs:/root/DockerFiles/drone_ws/install/tello_mission:/root/DockerFiles/drone_ws/install/tello_hand_move:/root/DockerFiles/drone_ws/install/tello_description:/root/DockerFiles/drone_ws/install/tello_controller:/root/DockerFiles/drone_ws/install/tello_camera:/root/DockerFiles/drone_ws/install/ros2_shared:/opt/ros/foxy'), ('PWD', '/root/DockerFiles/drone_ws/build/ros2_shared'), ('LC_ALL', 'C.UTF-8'), ('PYTHONPATH', '/root/DockerFiles/drone_ws/install/tello_msgs/lib/python3.8/site-packages:/root/DockerFiles/drone_ws/install/tello_mission/lib/python3.8/site-packages:/root/DockerFiles/drone_ws/install/tello_hand_move/lib/python3.8/site-packages:/root/DockerFiles/drone_ws/install/tello_controller/lib/python3.8/site-packages:/root/DockerFiles/drone_ws/install/tello_camera/lib/python3.8/site-packages:/opt/ros/foxy/lib/python3.8/site-packages'), ('COLCON', '1'), ('CMAKE_PREFIX_PATH', '/root/DockerFiles/drone_ws/install/tello_gazebo:/root/DockerFiles/drone_ws/install/tello_driver:/root/DockerFiles/drone_ws/install/tello_msgs:/root/DockerFiles/drone_ws/install/tello_description:/root/DockerFiles/drone_ws/install/ros2_shared:/root/DockerFiles/drone_ws/install/tello_mission:/root/DockerFiles/drone_ws/install/tello_hand_move:/root/DockerFiles/drone_ws/install/tello_controller:/root/DockerFiles/drone_ws/install/tello_camera:/opt/ros/foxy')]), 'shell': False}
[0.307243] (-) TimerEvent: {}
[0.407687] (-) TimerEvent: {}
[0.510913] (-) TimerEvent: {}
[0.611278] (-) TimerEvent: {}
[0.711880] (-) TimerEvent: {}
[0.812782] (-) TimerEvent: {}
[0.913653] (-) TimerEvent: {}
[1.015908] (-) TimerEvent: {}
[1.086723] (tello_description) JobProgress: {'identifier': 'tello_description', 'progress': 'cmake'}
[1.086851] (tello_description) JobProgress: {'identifier': 'tello_description', 'progress': 'build'}
[1.087297] (tello_description) Command: {'cmd': ['/usr/bin/cmake', '--build', '/root/DockerFiles/drone_ws/build/tello_description', '--', '-j12', '-l12'], 'cwd': '/root/DockerFiles/drone_ws/build/tello_description', 'env': OrderedDict([('HOSTNAME', 'vdani-H410M-H-V2'), ('SHLVL', '1'), ('LD_LIBRARY_PATH', '/root/DockerFiles/drone_ws/install/tello_gazebo/lib:/root/DockerFiles/drone_ws/install/tello_driver/lib:/root/DockerFiles/drone_ws/install/tello_msgs/lib:/usr/lib/x86_64-linux-gnu/gazebo-11/plugins:/opt/ros/foxy/opt/yaml_cpp_vendor/lib:/opt/ros/foxy/opt/rviz_ogre_vendor/lib:/opt/ros/foxy/lib/x86_64-linux-gnu:/opt/ros/foxy/lib'), ('HOME', '/root'), ('OLDPWD', '/root/DockerFiles'), ('ROS_PYTHON_VERSION', '3'), ('COLCON_PREFIX_PATH', '/root/DockerFiles/drone_ws/install'), ('ROS_DISTRO', 'foxy'), ('_', '/usr/bin/colcon'), ('ROS_VERSION', '2'), ('TERM', 'xterm'), ('ROS_LOCALHOST_ONLY', '0'), ('QT_X11_NO_MITSHM', '1'), ('PATH', '/opt/ros/foxy/bin:/usr/local/sbin:/usr/local/bin:/usr/sbin:/usr/bin:/sbin:/bin'), ('XDG_RUNTIME_DIR', '/run/user/1000'), ('DISPLAY', ':0'), ('LANG', 'C.UTF-8'), ('RMW_IMPLEMENTATION', 'rmw_fastrtps_cpp'), ('LS_COLORS', 'rs=0:di=01;34:ln=01;36:mh=00:pi=40;33:so=01;35:do=01;35:bd=40;33;01:cd=40;33;01:or=40;31;01:mi=00:su=37;41:sg=30;43:ca=30;41:tw=30;42:ow=34;42:st=37;44:ex=01;32:*.tar=01;31:*.tgz=01;31:*.arc=01;31:*.arj=01;31:*.taz=01;31:*.lha=01;31:*.lz4=01;31:*.lzh=01;31:*.lzma=01;31:*.tlz=01;31:*.txz=01;31:*.tzo=01;31:*.t7z=01;31:*.zip=01;31:*.z=01;31:*.dz=01;31:*.gz=01;31:*.lrz=01;31:*.lz=01;31:*.lzo=01;31:*.xz=01;31:*.zst=01;31:*.tzst=01;31:*.bz2=01;31:*.bz=01;31:*.tbz=01;31:*.tbz2=01;31:*.tz=01;31:*.deb=01;31:*.rpm=01;31:*.jar=01;31:*.war=01;31:*.ear=01;31:*.sar=01;31:*.rar=01;31:*.alz=01;31:*.ace=01;31:*.zoo=01;31:*.cpio=01;31:*.7z=01;31:*.rz=01;31:*.cab=01;31:*.wim=01;31:*.swm=01;31:*.dwm=01;31:*.esd=01;31:*.jpg=01;35:*.jpeg=01;35:*.mjpg=01;35:*.mjpeg=01;35:*.gif=01;35:*.bmp=01;35:*.pbm=01;35:*.pgm=01;35:*.ppm=01;35:*.tga=01;35:*.xbm=01;35:*.xpm=01;35:*.tif=01;35:*.tiff=01;35:*.png=01;35:*.svg=01;35:*.svgz=01;35:*.mng=01;35:*.pcx=01;35:*.mov=01;35:*.mpg=01;35:*.mpeg=01;35:*.m2v=01;35:*.mkv=01;35:*.webm=01;35:*.ogm=01;35:*.mp4=01;35:*.m4v=01;35:*.mp4v=01;35:*.vob=01;35:*.qt=01;35:*.nuv=01;35:*.wmv=01;35:*.asf=01;35:*.rm=01;35:*.rmvb=01;35:*.flc=01;35:*.avi=01;35:*.fli=01;35:*.flv=01;35:*.gl=01;35:*.dl=01;35:*.xcf=01;35:*.xwd=01;35:*.yuv=01;35:*.cgm=01;35:*.emf=01;35:*.ogv=01;35:*.ogx=01;35:*.aac=00;36:*.au=00;36:*.flac=00;36:*.m4a=00;36:*.mid=00;36:*.midi=00;36:*.mka=00;36:*.mp3=00;36:*.mpc=00;36:*.ogg=00;36:*.ra=00;36:*.wav=00;36:*.oga=00;36:*.opus=00;36:*.spx=00;36:*.xspf=00;36:'), ('AMENT_PREFIX_PATH', '/root/DockerFiles/drone_ws/install/tello_gazebo:/root/DockerFiles/drone_ws/install/tello_driver:/root/DockerFiles/drone_ws/install/tello_msgs:/root/DockerFiles/drone_ws/install/tello_mission:/root/DockerFiles/drone_ws/install/tello_hand_move:/root/DockerFiles/drone_ws/install/tello_description:/root/DockerFiles/drone_ws/install/tello_controller:/root/DockerFiles/drone_ws/install/tello_camera:/root/DockerFiles/drone_ws/install/ros2_shared:/opt/ros/foxy'), ('PWD', '/root/DockerFiles/drone_ws/build/tello_description'), ('LC_ALL', 'C.UTF-8'), ('PYTHONPATH', '/root/DockerFiles/drone_ws/install/tello_msgs/lib/python3.8/site-packages:/root/DockerFiles/drone_ws/install/tello_mission/lib/python3.8/site-packages:/root/DockerFiles/drone_ws/install/tello_hand_move/lib/python3.8/site-packages:/root/DockerFiles/drone_ws/install/tello_controller/lib/python3.8/site-packages:/root/DockerFiles/drone_ws/install/tello_camera/lib/python3.8/site-packages:/opt/ros/foxy/lib/python3.8/site-packages'), ('COLCON', '1'), ('CMAKE_PREFIX_PATH', '/root/DockerFiles/drone_ws/install/tello_gazebo:/root/DockerFiles/drone_ws/install/tello_driver:/root/DockerFiles/drone_ws/install/tello_msgs:/root/DockerFiles/drone_ws/install/tello_description:/root/DockerFiles/drone_ws/install/ros2_shared:/root/DockerFiles/drone_ws/install/tello_mission:/root/DockerFiles/drone_ws/install/tello_hand_move:/root/DockerFiles/drone_ws/install/tello_controller:/root/DockerFiles/drone_ws/install/tello_camera:/opt/ros/foxy')]), 'shell': False}
[1.117318] (-) TimerEvent: {}
[1.218080] (-) TimerEvent: {}
[1.318610] (-) TimerEvent: {}
[1.419289] (-) TimerEvent: {}
[1.521970] (-) TimerEvent: {}
[1.622451] (-) TimerEvent: {}
[1.722909] (-) TimerEvent: {}
[1.823619] (-) TimerEvent: {}
[1.839599] (tello_msgs) StdoutLine: {'line': b'[  2%] Built target tello_msgs__cpp\n'}
[1.846209] (tello_msgs) StdoutLine: {'line': b'[ 12%] Built target tello_msgs__rosidl_generator_c\n'}
[1.847746] (tello_msgs) StdoutLine: {'line': b'[ 23%] Built target tello_msgs__rosidl_typesupport_introspection_cpp\n'}
[1.857891] (tello_msgs) StdoutLine: {'line': b'[ 34%] Built target tello_msgs__rosidl_typesupport_c\n'}
[1.858437] (tello_msgs) StdoutLine: {'line': b'[ 44%] Built target tello_msgs__rosidl_typesupport_introspection_c\n'}
[1.858832] (tello_msgs) StdoutLine: {'line': b'[ 55%] Built target tello_msgs__rosidl_typesupport_fastrtps_cpp\n'}
[1.859297] (tello_msgs) StdoutLine: {'line': b'[ 65%] Built target tello_msgs__rosidl_typesupport_cpp\n'}
[1.859966] (tello_msgs) StdoutLine: {'line': b'[ 76%] Built target tello_msgs__rosidl_typesupport_fastrtps_c\n'}
[1.863074] (tello_msgs) StdoutLine: {'line': b'[ 76%] Built target tello_msgs\n'}
[1.863848] (tello_msgs) StdoutLine: {'line': b'[ 78%] Built target tello_msgs__py\n'}
[1.864739] (tello_msgs) StdoutLine: {'line': b'[ 87%] Built target tello_msgs__python\n'}
[1.865383] (tello_msgs) StdoutLine: {'line': b'[ 91%] Built target tello_msgs__rosidl_typesupport_c__pyext\n'}
[1.870082] (tello_msgs) StdoutLine: {'line': b'[ 95%] Built target tello_msgs__rosidl_typesupport_introspection_c__pyext\n'}
[1.870367] (tello_msgs) StdoutLine: {'line': b'[100%] Built target tello_msgs__rosidl_typesupport_fastrtps_c__pyext\n'}
[1.870472] (tello_description) StdoutLine: {'line': b'[ 11%] Built target generate_urdf_6\n'}
[1.870620] (tello_description) StdoutLine: {'line': b'[ 22%] Built target generate_urdf_2\n'}
[1.870707] (tello_description) StdoutLine: {'line': b'[ 33%] Built target generate_urdf_7\n'}
[1.870788] (tello_description) StdoutLine: {'line': b'[ 44%] Built target generate_urdf_5\n'}
[1.870875] (tello_description) StdoutLine: {'line': b'[ 55%] Built target generate_urdf_4\n'}
[1.870969] (tello_description) StdoutLine: {'line': b'[ 66%] Built target generate_urdf_8\n'}
[1.871053] (tello_description) StdoutLine: {'line': b'[ 77%] Built target generate_urdf_3\n'}
[1.871133] (tello_description) StdoutLine: {'line': b'[ 88%] Built target generate_urdf_1\n'}
[1.871210] (tello_description) StdoutLine: {'line': b'[100%] Built target generate_urdf\n'}
[1.871305] (tello_msgs) CommandEnded: {'returncode': 0}
[1.873979] (ros2_shared) CommandEnded: {'returncode': 0}
[1.874354] (tello_description) CommandEnded: {'returncode': 0}
[1.925739] (-) TimerEvent: {}
[1.941320] (ros2_shared) JobProgress: {'identifier': 'ros2_shared', 'progress': 'install'}
[1.966255] (ros2_shared) Command: {'cmd': ['/usr/bin/cmake', '--install', '/root/DockerFiles/drone_ws/build/ros2_shared'], 'cwd': '/root/DockerFiles/drone_ws/build/ros2_shared', 'env': OrderedDict([('HOSTNAME', 'vdani-H410M-H-V2'), ('SHLVL', '1'), ('LD_LIBRARY_PATH', '/root/DockerFiles/drone_ws/install/tello_gazebo/lib:/root/DockerFiles/drone_ws/install/tello_driver/lib:/root/DockerFiles/drone_ws/install/tello_msgs/lib:/usr/lib/x86_64-linux-gnu/gazebo-11/plugins:/opt/ros/foxy/opt/yaml_cpp_vendor/lib:/opt/ros/foxy/opt/rviz_ogre_vendor/lib:/opt/ros/foxy/lib/x86_64-linux-gnu:/opt/ros/foxy/lib'), ('HOME', '/root'), ('OLDPWD', '/root/DockerFiles'), ('ROS_PYTHON_VERSION', '3'), ('COLCON_PREFIX_PATH', '/root/DockerFiles/drone_ws/install'), ('ROS_DISTRO', 'foxy'), ('_', '/usr/bin/colcon'), ('ROS_VERSION', '2'), ('TERM', 'xterm'), ('ROS_LOCALHOST_ONLY', '0'), ('QT_X11_NO_MITSHM', '1'), ('PATH', '/opt/ros/foxy/bin:/usr/local/sbin:/usr/local/bin:/usr/sbin:/usr/bin:/sbin:/bin'), ('XDG_RUNTIME_DIR', '/run/user/1000'), ('DISPLAY', ':0'), ('LANG', 'C.UTF-8'), ('RMW_IMPLEMENTATION', 'rmw_fastrtps_cpp'), ('LS_COLORS', 'rs=0:di=01;34:ln=01;36:mh=00:pi=40;33:so=01;35:do=01;35:bd=40;33;01:cd=40;33;01:or=40;31;01:mi=00:su=37;41:sg=30;43:ca=30;41:tw=30;42:ow=34;42:st=37;44:ex=01;32:*.tar=01;31:*.tgz=01;31:*.arc=01;31:*.arj=01;31:*.taz=01;31:*.lha=01;31:*.lz4=01;31:*.lzh=01;31:*.lzma=01;31:*.tlz=01;31:*.txz=01;31:*.tzo=01;31:*.t7z=01;31:*.zip=01;31:*.z=01;31:*.dz=01;31:*.gz=01;31:*.lrz=01;31:*.lz=01;31:*.lzo=01;31:*.xz=01;31:*.zst=01;31:*.tzst=01;31:*.bz2=01;31:*.bz=01;31:*.tbz=01;31:*.tbz2=01;31:*.tz=01;31:*.deb=01;31:*.rpm=01;31:*.jar=01;31:*.war=01;31:*.ear=01;31:*.sar=01;31:*.rar=01;31:*.alz=01;31:*.ace=01;31:*.zoo=01;31:*.cpio=01;31:*.7z=01;31:*.rz=01;31:*.cab=01;31:*.wim=01;31:*.swm=01;31:*.dwm=01;31:*.esd=01;31:*.jpg=01;35:*.jpeg=01;35:*.mjpg=01;35:*.mjpeg=01;35:*.gif=01;35:*.bmp=01;35:*.pbm=01;35:*.pgm=01;35:*.ppm=01;35:*.tga=01;35:*.xbm=01;35:*.xpm=01;35:*.tif=01;35:*.tiff=01;35:*.png=01;35:*.svg=01;35:*.svgz=01;35:*.mng=01;35:*.pcx=01;35:*.mov=01;35:*.mpg=01;35:*.mpeg=01;35:*.m2v=01;35:*.mkv=01;35:*.webm=01;35:*.ogm=01;35:*.mp4=01;35:*.m4v=01;35:*.mp4v=01;35:*.vob=01;35:*.qt=01;35:*.nuv=01;35:*.wmv=01;35:*.asf=01;35:*.rm=01;35:*.rmvb=01;35:*.flc=01;35:*.avi=01;35:*.fli=01;35:*.flv=01;35:*.gl=01;35:*.dl=01;35:*.xcf=01;35:*.xwd=01;35:*.yuv=01;35:*.cgm=01;35:*.emf=01;35:*.ogv=01;35:*.ogx=01;35:*.aac=00;36:*.au=00;36:*.flac=00;36:*.m4a=00;36:*.mid=00;36:*.midi=00;36:*.mka=00;36:*.mp3=00;36:*.mpc=00;36:*.ogg=00;36:*.ra=00;36:*.wav=00;36:*.oga=00;36:*.opus=00;36:*.spx=00;36:*.xspf=00;36:'), ('AMENT_PREFIX_PATH', '/root/DockerFiles/drone_ws/install/tello_gazebo:/root/DockerFiles/drone_ws/install/tello_driver:/root/DockerFiles/drone_ws/install/tello_msgs:/root/DockerFiles/drone_ws/install/tello_mission:/root/DockerFiles/drone_ws/install/tello_hand_move:/root/DockerFiles/drone_ws/install/tello_description:/root/DockerFiles/drone_ws/install/tello_controller:/root/DockerFiles/drone_ws/install/tello_camera:/root/DockerFiles/drone_ws/install/ros2_shared:/opt/ros/foxy'), ('PWD', '/root/DockerFiles/drone_ws/build/ros2_shared'), ('LC_ALL', 'C.UTF-8'), ('PYTHONPATH', '/root/DockerFiles/drone_ws/install/tello_msgs/lib/python3.8/site-packages:/root/DockerFiles/drone_ws/install/tello_mission/lib/python3.8/site-packages:/root/DockerFiles/drone_ws/install/tello_hand_move/lib/python3.8/site-packages:/root/DockerFiles/drone_ws/install/tello_controller/lib/python3.8/site-packages:/root/DockerFiles/drone_ws/install/tello_camera/lib/python3.8/site-packages:/opt/ros/foxy/lib/python3.8/site-packages'), ('COLCON', '1'), ('CMAKE_PREFIX_PATH', '/root/DockerFiles/drone_ws/install/tello_gazebo:/root/DockerFiles/drone_ws/install/tello_driver:/root/DockerFiles/drone_ws/install/tello_msgs:/root/DockerFiles/drone_ws/install/tello_description:/root/DockerFiles/drone_ws/install/ros2_shared:/root/DockerFiles/drone_ws/install/tello_mission:/root/DockerFiles/drone_ws/install/tello_hand_move:/root/DockerFiles/drone_ws/install/tello_controller:/root/DockerFiles/drone_ws/install/tello_camera:/opt/ros/foxy')]), 'shell': False}
[1.970346] (tello_description) JobProgress: {'identifier': 'tello_description', 'progress': 'install'}
[1.971113] (tello_description) Command: {'cmd': ['/usr/bin/cmake', '--install', '/root/DockerFiles/drone_ws/build/tello_description'], 'cwd': '/root/DockerFiles/drone_ws/build/tello_description', 'env': OrderedDict([('HOSTNAME', 'vdani-H410M-H-V2'), ('SHLVL', '1'), ('LD_LIBRARY_PATH', '/root/DockerFiles/drone_ws/install/tello_gazebo/lib:/root/DockerFiles/drone_ws/install/tello_driver/lib:/root/DockerFiles/drone_ws/install/tello_msgs/lib:/usr/lib/x86_64-linux-gnu/gazebo-11/plugins:/opt/ros/foxy/opt/yaml_cpp_vendor/lib:/opt/ros/foxy/opt/rviz_ogre_vendor/lib:/opt/ros/foxy/lib/x86_64-linux-gnu:/opt/ros/foxy/lib'), ('HOME', '/root'), ('OLDPWD', '/root/DockerFiles'), ('ROS_PYTHON_VERSION', '3'), ('COLCON_PREFIX_PATH', '/root/DockerFiles/drone_ws/install'), ('ROS_DISTRO', 'foxy'), ('_', '/usr/bin/colcon'), ('ROS_VERSION', '2'), ('TERM', 'xterm'), ('ROS_LOCALHOST_ONLY', '0'), ('QT_X11_NO_MITSHM', '1'), ('PATH', '/opt/ros/foxy/bin:/usr/local/sbin:/usr/local/bin:/usr/sbin:/usr/bin:/sbin:/bin'), ('XDG_RUNTIME_DIR', '/run/user/1000'), ('DISPLAY', ':0'), ('LANG', 'C.UTF-8'), ('RMW_IMPLEMENTATION', 'rmw_fastrtps_cpp'), ('LS_COLORS', 'rs=0:di=01;34:ln=01;36:mh=00:pi=40;33:so=01;35:do=01;35:bd=40;33;01:cd=40;33;01:or=40;31;01:mi=00:su=37;41:sg=30;43:ca=30;41:tw=30;42:ow=34;42:st=37;44:ex=01;32:*.tar=01;31:*.tgz=01;31:*.arc=01;31:*.arj=01;31:*.taz=01;31:*.lha=01;31:*.lz4=01;31:*.lzh=01;31:*.lzma=01;31:*.tlz=01;31:*.txz=01;31:*.tzo=01;31:*.t7z=01;31:*.zip=01;31:*.z=01;31:*.dz=01;31:*.gz=01;31:*.lrz=01;31:*.lz=01;31:*.lzo=01;31:*.xz=01;31:*.zst=01;31:*.tzst=01;31:*.bz2=01;31:*.bz=01;31:*.tbz=01;31:*.tbz2=01;31:*.tz=01;31:*.deb=01;31:*.rpm=01;31:*.jar=01;31:*.war=01;31:*.ear=01;31:*.sar=01;31:*.rar=01;31:*.alz=01;31:*.ace=01;31:*.zoo=01;31:*.cpio=01;31:*.7z=01;31:*.rz=01;31:*.cab=01;31:*.wim=01;31:*.swm=01;31:*.dwm=01;31:*.esd=01;31:*.jpg=01;35:*.jpeg=01;35:*.mjpg=01;35:*.mjpeg=01;35:*.gif=01;35:*.bmp=01;35:*.pbm=01;35:*.pgm=01;35:*.ppm=01;35:*.tga=01;35:*.xbm=01;35:*.xpm=01;35:*.tif=01;35:*.tiff=01;35:*.png=01;35:*.svg=01;35:*.svgz=01;35:*.mng=01;35:*.pcx=01;35:*.mov=01;35:*.mpg=01;35:*.mpeg=01;35:*.m2v=01;35:*.mkv=01;35:*.webm=01;35:*.ogm=01;35:*.mp4=01;35:*.m4v=01;35:*.mp4v=01;35:*.vob=01;35:*.qt=01;35:*.nuv=01;35:*.wmv=01;35:*.asf=01;35:*.rm=01;35:*.rmvb=01;35:*.flc=01;35:*.avi=01;35:*.fli=01;35:*.flv=01;35:*.gl=01;35:*.dl=01;35:*.xcf=01;35:*.xwd=01;35:*.yuv=01;35:*.cgm=01;35:*.emf=01;35:*.ogv=01;35:*.ogx=01;35:*.aac=00;36:*.au=00;36:*.flac=00;36:*.m4a=00;36:*.mid=00;36:*.midi=00;36:*.mka=00;36:*.mp3=00;36:*.mpc=00;36:*.ogg=00;36:*.ra=00;36:*.wav=00;36:*.oga=00;36:*.opus=00;36:*.spx=00;36:*.xspf=00;36:'), ('AMENT_PREFIX_PATH', '/root/DockerFiles/drone_ws/install/tello_gazebo:/root/DockerFiles/drone_ws/install/tello_driver:/root/DockerFiles/drone_ws/install/tello_msgs:/root/DockerFiles/drone_ws/install/tello_mission:/root/DockerFiles/drone_ws/install/tello_hand_move:/root/DockerFiles/drone_ws/install/tello_description:/root/DockerFiles/drone_ws/install/tello_controller:/root/DockerFiles/drone_ws/install/tello_camera:/root/DockerFiles/drone_ws/install/ros2_shared:/opt/ros/foxy'), ('PWD', '/root/DockerFiles/drone_ws/build/tello_description'), ('LC_ALL', 'C.UTF-8'), ('PYTHONPATH', '/root/DockerFiles/drone_ws/install/tello_msgs/lib/python3.8/site-packages:/root/DockerFiles/drone_ws/install/tello_mission/lib/python3.8/site-packages:/root/DockerFiles/drone_ws/install/tello_hand_move/lib/python3.8/site-packages:/root/DockerFiles/drone_ws/install/tello_controller/lib/python3.8/site-packages:/root/DockerFiles/drone_ws/install/tello_camera/lib/python3.8/site-packages:/opt/ros/foxy/lib/python3.8/site-packages'), ('COLCON', '1'), ('CMAKE_PREFIX_PATH', '/root/DockerFiles/drone_ws/install/tello_gazebo:/root/DockerFiles/drone_ws/install/tello_driver:/root/DockerFiles/drone_ws/install/tello_msgs:/root/DockerFiles/drone_ws/install/tello_description:/root/DockerFiles/drone_ws/install/ros2_shared:/root/DockerFiles/drone_ws/install/tello_mission:/root/DockerFiles/drone_ws/install/tello_hand_move:/root/DockerFiles/drone_ws/install/tello_controller:/root/DockerFiles/drone_ws/install/tello_camera:/opt/ros/foxy')]), 'shell': False}
[2.001035] (ros2_shared) StdoutLine: {'line': b'-- Install configuration: ""\n'}
[2.002114] (ros2_shared) StdoutLine: {'line': b'-- Up-to-date: /root/DockerFiles/drone_ws/install/ros2_shared/include\n'}
[2.002833] (ros2_shared) StdoutLine: {'line': b'-- Up-to-date: /root/DockerFiles/drone_ws/install/ros2_shared/include/ros2_shared\n'}
[2.003530] (ros2_shared) StdoutLine: {'line': b'-- Up-to-date: /root/DockerFiles/drone_ws/install/ros2_shared/include/ros2_shared/context_macros.hpp\n'}
[2.004354] (ros2_shared) StdoutLine: {'line': b'-- Up-to-date: /root/DockerFiles/drone_ws/install/ros2_shared/include/ros2_shared/string_printf.hpp\n'}
[2.005052] (ros2_shared) StdoutLine: {'line': b'-- Up-to-date: /root/DockerFiles/drone_ws/install/ros2_shared/include/ros2_shared/param_macros.hpp\n'}
[2.005729] (ros2_shared) StdoutLine: {'line': b'-- Up-to-date: /root/DockerFiles/drone_ws/install/ros2_shared/share/ament_index/resource_index/package_run_dependencies/ros2_shared\n'}
[2.007212] (ros2_shared) StdoutLine: {'line': b'-- Up-to-date: /root/DockerFiles/drone_ws/install/ros2_shared/share/ament_index/resource_index/parent_prefix_path/ros2_shared\n'}
[2.009471] (ros2_shared) StdoutLine: {'line': b'-- Up-to-date: /root/DockerFiles/drone_ws/install/ros2_shared/share/ros2_shared/environment/ament_prefix_path.sh\n'}
[2.010249] (ros2_shared) StdoutLine: {'line': b'-- Up-to-date: /root/DockerFiles/drone_ws/install/ros2_shared/share/ros2_shared/environment/ament_prefix_path.dsv\n'}
[2.013740] (ros2_shared) StdoutLine: {'line': b'-- Up-to-date: /root/DockerFiles/drone_ws/install/ros2_shared/share/ros2_shared/environment/path.sh\n'}
[2.014558] (ros2_shared) StdoutLine: {'line': b'-- Up-to-date: /root/DockerFiles/drone_ws/install/ros2_shared/share/ros2_shared/environment/path.dsv\n'}
[2.015305] (ros2_shared) StdoutLine: {'line': b'-- Up-to-date: /root/DockerFiles/drone_ws/install/ros2_shared/share/ros2_shared/local_setup.bash\n'}
[2.016031] (ros2_shared) StdoutLine: {'line': b'-- Up-to-date: /root/DockerFiles/drone_ws/install/ros2_shared/share/ros2_shared/local_setup.sh\n'}
[2.016816] (ros2_shared) StdoutLine: {'line': b'-- Up-to-date: /root/DockerFiles/drone_ws/install/ros2_shared/share/ros2_shared/local_setup.zsh\n'}
[2.017517] (ros2_shared) StdoutLine: {'line': b'-- Up-to-date: /root/DockerFiles/drone_ws/install/ros2_shared/share/ros2_shared/local_setup.dsv\n'}
[2.018314] (ros2_shared) StdoutLine: {'line': b'-- Installing: /root/DockerFiles/drone_ws/install/ros2_shared/share/ros2_shared/package.dsv\n'}
[2.019060] (ros2_shared) StdoutLine: {'line': b'-- Up-to-date: /root/DockerFiles/drone_ws/install/ros2_shared/share/ament_index/resource_index/packages/ros2_shared\n'}
[2.019902] (ros2_shared) StdoutLine: {'line': b'-- Up-to-date: /root/DockerFiles/drone_ws/install/ros2_shared/share/ros2_shared/cmake/ros2_shared_targetsExport.cmake\n'}
[2.020611] (ros2_shared) StdoutLine: {'line': b'-- Up-to-date: /root/DockerFiles/drone_ws/install/ros2_shared/share/ros2_shared/cmake/ament_cmake_export_targets-extras.cmake\n'}
[2.021274] (ros2_shared) StdoutLine: {'line': b'-- Up-to-date: /root/DockerFiles/drone_ws/install/ros2_shared/share/ros2_shared/cmake/ament_cmake_export_dependencies-extras.cmake\n'}
[2.023551] (ros2_shared) StdoutLine: {'line': b'-- Up-to-date: /root/DockerFiles/drone_ws/install/ros2_shared/share/ros2_shared/cmake/ros2_sharedConfig.cmake\n'}
[2.024377] (ros2_shared) StdoutLine: {'line': b'-- Up-to-date: /root/DockerFiles/drone_ws/install/ros2_shared/share/ros2_shared/cmake/ros2_sharedConfig-version.cmake\n'}
[2.025214] (ros2_shared) StdoutLine: {'line': b'-- Up-to-date: /root/DockerFiles/drone_ws/install/ros2_shared/share/ros2_shared/package.xml\n'}
[2.027942] (-) TimerEvent: {}
[2.028381] (tello_description) StdoutLine: {'line': b'-- Install configuration: ""\n'}
[2.029319] (tello_description) StdoutLine: {'line': b'-- Up-to-date: /root/DockerFiles/drone_ws/install/tello_description/share/tello_description/urdf\n'}
[2.030048] (tello_description) StdoutLine: {'line': b'-- Up-to-date: /root/DockerFiles/drone_ws/install/tello_description/share/tello_description/urdf/tello_8.urdf\n'}
[2.030787] (tello_description) StdoutLine: {'line': b'-- Up-to-date: /root/DockerFiles/drone_ws/install/tello_description/share/tello_description/urdf/tello_3.urdf\n'}
[2.033032] (tello_description) StdoutLine: {'line': b'-- Up-to-date: /root/DockerFiles/drone_ws/install/tello_description/share/tello_description/urdf/tello_1.urdf\n'}
[2.033792] (tello_description) StdoutLine: {'line': b'-- Up-to-date: /root/DockerFiles/drone_ws/install/tello_description/share/tello_description/urdf/tello_5.urdf\n'}
[2.034519] (tello_description) StdoutLine: {'line': b'-- Up-to-date: /root/DockerFiles/drone_ws/install/tello_description/share/tello_description/urdf/tello_4.urdf\n'}
[2.036193] (tello_description) StdoutLine: {'line': b'-- Up-to-date: /root/DockerFiles/drone_ws/install/tello_description/share/tello_description/urdf/tello_6.urdf\n'}
[2.036934] (tello_description) StdoutLine: {'line': b'-- Up-to-date: /root/DockerFiles/drone_ws/install/tello_description/share/tello_description/urdf/tello_2.urdf\n'}
[2.037689] (tello_description) StdoutLine: {'line': b'-- Up-to-date: /root/DockerFiles/drone_ws/install/tello_description/share/tello_description/urdf/tello_7.urdf\n'}
[2.039451] (tello_description) StdoutLine: {'line': b'-- Up-to-date: /root/DockerFiles/drone_ws/install/tello_description/share/tello_description/urdf/tello.urdf\n'}
[2.040371] (tello_description) StdoutLine: {'line': b'-- Up-to-date: /root/DockerFiles/drone_ws/install/tello_description/share/ament_index/resource_index/package_run_dependencies/tello_description\n'}
[2.041170] (tello_description) StdoutLine: {'line': b'-- Up-to-date: /root/DockerFiles/drone_ws/install/tello_description/share/ament_index/resource_index/parent_prefix_path/tello_description\n'}
[2.042565] (tello_description) StdoutLine: {'line': b'-- Up-to-date: /root/DockerFiles/drone_ws/install/tello_description/share/tello_description/environment/ament_prefix_path.sh\n'}
[2.043363] (tello_description) StdoutLine: {'line': b'-- Up-to-date: /root/DockerFiles/drone_ws/install/tello_description/share/tello_description/environment/ament_prefix_path.dsv\n'}
[2.044087] (tello_description) StdoutLine: {'line': b'-- Up-to-date: /root/DockerFiles/drone_ws/install/tello_description/share/tello_description/environment/path.sh\n'}
[2.047261] (tello_description) StdoutLine: {'line': b'-- Up-to-date: /root/DockerFiles/drone_ws/install/tello_description/share/tello_description/environment/path.dsv\n'}
[2.048077] (tello_description) StdoutLine: {'line': b'-- Up-to-date: /root/DockerFiles/drone_ws/install/tello_description/share/tello_description/local_setup.bash\n'}
[2.048833] (tello_description) StdoutLine: {'line': b'-- Up-to-date: /root/DockerFiles/drone_ws/install/tello_description/share/tello_description/local_setup.sh\n'}
[2.049585] (tello_description) StdoutLine: {'line': b'-- Up-to-date: /root/DockerFiles/drone_ws/install/tello_description/share/tello_description/local_setup.zsh\n'}
[2.050314] (tello_description) StdoutLine: {'line': b'-- Up-to-date: /root/DockerFiles/drone_ws/install/tello_description/share/tello_description/local_setup.dsv\n'}
[2.051077] (tello_description) StdoutLine: {'line': b'-- Installing: /root/DockerFiles/drone_ws/install/tello_description/share/tello_description/package.dsv\n'}
[2.052000] (tello_description) StdoutLine: {'line': b'-- Up-to-date: /root/DockerFiles/drone_ws/install/tello_description/share/ament_index/resource_index/packages/tello_description\n'}
[2.062480] (tello_description) StdoutLine: {'line': b'-- Up-to-date: /root/DockerFiles/drone_ws/install/tello_description/share/tello_description/cmake/tello_descriptionConfig.cmake\n'}
[2.071699] (tello_description) StdoutLine: {'line': b'-- Up-to-date: /root/DockerFiles/drone_ws/install/tello_description/share/tello_description/cmake/tello_descriptionConfig-version.cmake\n'}
[2.071820] (tello_description) StdoutLine: {'line': b'-- Up-to-date: /root/DockerFiles/drone_ws/install/tello_description/share/tello_description/package.xml\n'}
[2.071947] (ros2_shared) CommandEnded: {'returncode': 0}
[2.128813] (-) TimerEvent: {}
[2.151698] (tello_description) CommandEnded: {'returncode': 0}
[2.180564] (tello_msgs) JobProgress: {'identifier': 'tello_msgs', 'progress': 'install'}
[2.193033] (tello_msgs) Command: {'cmd': ['/usr/bin/cmake', '--install', '/root/DockerFiles/drone_ws/build/tello_msgs'], 'cwd': '/root/DockerFiles/drone_ws/build/tello_msgs', 'env': OrderedDict([('HOSTNAME', 'vdani-H410M-H-V2'), ('SHLVL', '1'), ('LD_LIBRARY_PATH', '/root/DockerFiles/drone_ws/install/tello_gazebo/lib:/root/DockerFiles/drone_ws/install/tello_driver/lib:/root/DockerFiles/drone_ws/install/tello_msgs/lib:/usr/lib/x86_64-linux-gnu/gazebo-11/plugins:/opt/ros/foxy/opt/yaml_cpp_vendor/lib:/opt/ros/foxy/opt/rviz_ogre_vendor/lib:/opt/ros/foxy/lib/x86_64-linux-gnu:/opt/ros/foxy/lib'), ('HOME', '/root'), ('OLDPWD', '/root/DockerFiles'), ('ROS_PYTHON_VERSION', '3'), ('COLCON_PREFIX_PATH', '/root/DockerFiles/drone_ws/install'), ('ROS_DISTRO', 'foxy'), ('_', '/usr/bin/colcon'), ('ROS_VERSION', '2'), ('TERM', 'xterm'), ('ROS_LOCALHOST_ONLY', '0'), ('QT_X11_NO_MITSHM', '1'), ('PATH', '/opt/ros/foxy/bin:/usr/local/sbin:/usr/local/bin:/usr/sbin:/usr/bin:/sbin:/bin'), ('XDG_RUNTIME_DIR', '/run/user/1000'), ('DISPLAY', ':0'), ('LANG', 'C.UTF-8'), ('RMW_IMPLEMENTATION', 'rmw_fastrtps_cpp'), ('LS_COLORS', 'rs=0:di=01;34:ln=01;36:mh=00:pi=40;33:so=01;35:do=01;35:bd=40;33;01:cd=40;33;01:or=40;31;01:mi=00:su=37;41:sg=30;43:ca=30;41:tw=30;42:ow=34;42:st=37;44:ex=01;32:*.tar=01;31:*.tgz=01;31:*.arc=01;31:*.arj=01;31:*.taz=01;31:*.lha=01;31:*.lz4=01;31:*.lzh=01;31:*.lzma=01;31:*.tlz=01;31:*.txz=01;31:*.tzo=01;31:*.t7z=01;31:*.zip=01;31:*.z=01;31:*.dz=01;31:*.gz=01;31:*.lrz=01;31:*.lz=01;31:*.lzo=01;31:*.xz=01;31:*.zst=01;31:*.tzst=01;31:*.bz2=01;31:*.bz=01;31:*.tbz=01;31:*.tbz2=01;31:*.tz=01;31:*.deb=01;31:*.rpm=01;31:*.jar=01;31:*.war=01;31:*.ear=01;31:*.sar=01;31:*.rar=01;31:*.alz=01;31:*.ace=01;31:*.zoo=01;31:*.cpio=01;31:*.7z=01;31:*.rz=01;31:*.cab=01;31:*.wim=01;31:*.swm=01;31:*.dwm=01;31:*.esd=01;31:*.jpg=01;35:*.jpeg=01;35:*.mjpg=01;35:*.mjpeg=01;35:*.gif=01;35:*.bmp=01;35:*.pbm=01;35:*.pgm=01;35:*.ppm=01;35:*.tga=01;35:*.xbm=01;35:*.xpm=01;35:*.tif=01;35:*.tiff=01;35:*.png=01;35:*.svg=01;35:*.svgz=01;35:*.mng=01;35:*.pcx=01;35:*.mov=01;35:*.mpg=01;35:*.mpeg=01;35:*.m2v=01;35:*.mkv=01;35:*.webm=01;35:*.ogm=01;35:*.mp4=01;35:*.m4v=01;35:*.mp4v=01;35:*.vob=01;35:*.qt=01;35:*.nuv=01;35:*.wmv=01;35:*.asf=01;35:*.rm=01;35:*.rmvb=01;35:*.flc=01;35:*.avi=01;35:*.fli=01;35:*.flv=01;35:*.gl=01;35:*.dl=01;35:*.xcf=01;35:*.xwd=01;35:*.yuv=01;35:*.cgm=01;35:*.emf=01;35:*.ogv=01;35:*.ogx=01;35:*.aac=00;36:*.au=00;36:*.flac=00;36:*.m4a=00;36:*.mid=00;36:*.midi=00;36:*.mka=00;36:*.mp3=00;36:*.mpc=00;36:*.ogg=00;36:*.ra=00;36:*.wav=00;36:*.oga=00;36:*.opus=00;36:*.spx=00;36:*.xspf=00;36:'), ('AMENT_PREFIX_PATH', '/root/DockerFiles/drone_ws/install/tello_gazebo:/root/DockerFiles/drone_ws/install/tello_driver:/root/DockerFiles/drone_ws/install/tello_msgs:/root/DockerFiles/drone_ws/install/tello_mission:/root/DockerFiles/drone_ws/install/tello_hand_move:/root/DockerFiles/drone_ws/install/tello_description:/root/DockerFiles/drone_ws/install/tello_controller:/root/DockerFiles/drone_ws/install/tello_camera:/root/DockerFiles/drone_ws/install/ros2_shared:/opt/ros/foxy'), ('PWD', '/root/DockerFiles/drone_ws/build/tello_msgs'), ('LC_ALL', 'C.UTF-8'), ('PYTHONPATH', '/root/DockerFiles/drone_ws/install/tello_msgs/lib/python3.8/site-packages:/root/DockerFiles/drone_ws/install/tello_mission/lib/python3.8/site-packages:/root/DockerFiles/drone_ws/install/tello_hand_move/lib/python3.8/site-packages:/root/DockerFiles/drone_ws/install/tello_controller/lib/python3.8/site-packages:/root/DockerFiles/drone_ws/install/tello_camera/lib/python3.8/site-packages:/opt/ros/foxy/lib/python3.8/site-packages'), ('COLCON', '1'), ('CMAKE_PREFIX_PATH', '/root/DockerFiles/drone_ws/install/tello_gazebo:/root/DockerFiles/drone_ws/install/tello_driver:/root/DockerFiles/drone_ws/install/tello_msgs:/root/DockerFiles/drone_ws/install/tello_description:/root/DockerFiles/drone_ws/install/ros2_shared:/root/DockerFiles/drone_ws/install/tello_mission:/root/DockerFiles/drone_ws/install/tello_hand_move:/root/DockerFiles/drone_ws/install/tello_controller:/root/DockerFiles/drone_ws/install/tello_camera:/opt/ros/foxy')]), 'shell': False}
[2.204953] (tello_msgs) StdoutLine: {'line': b'-- Install configuration: ""\n'}
[2.205492] (tello_msgs) StdoutLine: {'line': b'-- Up-to-date: /root/DockerFiles/drone_ws/install/tello_msgs/share/ament_index/resource_index/rosidl_interfaces/tello_msgs\n'}
[2.205640] (tello_msgs) StdoutLine: {'line': b'-- Up-to-date: /root/DockerFiles/drone_ws/install/tello_msgs/include/tello_msgs\n'}
[2.205747] (tello_msgs) StdoutLine: {'line': b'-- Up-to-date: /root/DockerFiles/drone_ws/install/tello_msgs/include/tello_msgs/msg\n'}
[2.205848] (tello_msgs) StdoutLine: {'line': b'-- Up-to-date: /root/DockerFiles/drone_ws/install/tello_msgs/include/tello_msgs/msg/detail\n'}
[2.205961] (tello_msgs) StdoutLine: {'line': b'-- Up-to-date: /root/DockerFiles/drone_ws/install/tello_msgs/include/tello_msgs/msg/detail/flight_data__struct.h\n'}
[2.206064] (tello_msgs) StdoutLine: {'line': b'-- Up-to-date: /root/DockerFiles/drone_ws/install/tello_msgs/include/tello_msgs/msg/detail/tello_response__struct.h\n'}
[2.206172] (tello_msgs) StdoutLine: {'line': b'-- Up-to-date: /root/DockerFiles/drone_ws/install/tello_msgs/include/tello_msgs/msg/detail/flight_data__functions.h\n'}
[2.206278] (tello_msgs) StdoutLine: {'line': b'-- Up-to-date: /root/DockerFiles/drone_ws/install/tello_msgs/include/tello_msgs/msg/detail/flight_data__functions.c\n'}
[2.206386] (tello_msgs) StdoutLine: {'line': b'-- Up-to-date: /root/DockerFiles/drone_ws/install/tello_msgs/include/tello_msgs/msg/detail/tello_response__functions.c\n'}
[2.206492] (tello_msgs) StdoutLine: {'line': b'-- Up-to-date: /root/DockerFiles/drone_ws/install/tello_msgs/include/tello_msgs/msg/detail/flight_data__type_support.h\n'}
[2.206602] (tello_msgs) StdoutLine: {'line': b'-- Up-to-date: /root/DockerFiles/drone_ws/install/tello_msgs/include/tello_msgs/msg/detail/tello_response__functions.h\n'}
[2.206715] (tello_msgs) StdoutLine: {'line': b'-- Up-to-date: /root/DockerFiles/drone_ws/install/tello_msgs/include/tello_msgs/msg/detail/tello_response__type_support.h\n'}
[2.206821] (tello_msgs) StdoutLine: {'line': b'-- Up-to-date: /root/DockerFiles/drone_ws/install/tello_msgs/include/tello_msgs/msg/rosidl_generator_c__visibility_control.h\n'}
[2.206974] (tello_msgs) StdoutLine: {'line': b'-- Up-to-date: /root/DockerFiles/drone_ws/install/tello_msgs/include/tello_msgs/msg/tello_response.h\n'}
[2.207087] (tello_msgs) StdoutLine: {'line': b'-- Up-to-date: /root/DockerFiles/drone_ws/install/tello_msgs/include/tello_msgs/msg/flight_data.h\n'}
[2.207198] (tello_msgs) StdoutLine: {'line': b'-- Up-to-date: /root/DockerFiles/drone_ws/install/tello_msgs/include/tello_msgs/srv\n'}
[2.207306] (tello_msgs) StdoutLine: {'line': b'-- Up-to-date: /root/DockerFiles/drone_ws/install/tello_msgs/include/tello_msgs/srv/detail\n'}
[2.207421] (tello_msgs) StdoutLine: {'line': b'-- Up-to-date: /root/DockerFiles/drone_ws/install/tello_msgs/include/tello_msgs/srv/detail/tello_action__struct.h\n'}
[2.207532] (tello_msgs) StdoutLine: {'line': b'-- Up-to-date: /root/DockerFiles/drone_ws/install/tello_msgs/include/tello_msgs/srv/detail/tello_action__functions.h\n'}
[2.207642] (tello_msgs) StdoutLine: {'line': b'-- Up-to-date: /root/DockerFiles/drone_ws/install/tello_msgs/include/tello_msgs/srv/detail/tello_action__type_support.h\n'}
[2.207745] (tello_msgs) StdoutLine: {'line': b'-- Up-to-date: /root/DockerFiles/drone_ws/install/tello_msgs/include/tello_msgs/srv/detail/tello_action__functions.c\n'}
[2.207846] (tello_msgs) StdoutLine: {'line': b'-- Up-to-date: /root/DockerFiles/drone_ws/install/tello_msgs/include/tello_msgs/srv/tello_action.h\n'}
[2.208045] (tello_msgs) StdoutLine: {'line': b'-- Up-to-date: /root/DockerFiles/drone_ws/install/tello_msgs/share/tello_msgs/environment/library_path.sh\n'}
[2.208504] (tello_msgs) StdoutLine: {'line': b'-- Up-to-date: /root/DockerFiles/drone_ws/install/tello_msgs/share/tello_msgs/environment/library_path.dsv\n'}
[2.212136] (tello_msgs) StdoutLine: {'line': b'-- Up-to-date: /root/DockerFiles/drone_ws/install/tello_msgs/lib/libtello_msgs__rosidl_generator_c.so\n'}
[2.212343] (tello_msgs) StdoutLine: {'line': b'-- Up-to-date: /root/DockerFiles/drone_ws/install/tello_msgs/include/tello_msgs\n'}
[2.212453] (tello_msgs) StdoutLine: {'line': b'-- Up-to-date: /root/DockerFiles/drone_ws/install/tello_msgs/include/tello_msgs/msg\n'}
[2.212554] (tello_msgs) StdoutLine: {'line': b'-- Up-to-date: /root/DockerFiles/drone_ws/install/tello_msgs/include/tello_msgs/msg/detail\n'}
[2.212652] (tello_msgs) StdoutLine: {'line': b'-- Up-to-date: /root/DockerFiles/drone_ws/install/tello_msgs/include/tello_msgs/msg/detail/tello_response__rosidl_typesupport_fastrtps_c.h\n'}
[2.212754] (tello_msgs) StdoutLine: {'line': b'-- Up-to-date: /root/DockerFiles/drone_ws/install/tello_msgs/include/tello_msgs/msg/detail/flight_data__rosidl_typesupport_fastrtps_c.h\n'}
[2.212856] (tello_msgs) StdoutLine: {'line': b'-- Up-to-date: /root/DockerFiles/drone_ws/install/tello_msgs/include/tello_msgs/msg/rosidl_typesupport_fastrtps_c__visibility_control.h\n'}
[2.224922] (tello_msgs) StdoutLine: {'line': b'-- Up-to-date: /root/DockerFiles/drone_ws/install/tello_msgs/include/tello_msgs/srv\n'}
[2.225070] (tello_msgs) StdoutLine: {'line': b'-- Up-to-date: /root/DockerFiles/drone_ws/install/tello_msgs/include/tello_msgs/srv/detail\n'}
[2.225179] (tello_msgs) StdoutLine: {'line': b'-- Up-to-date: /root/DockerFiles/drone_ws/install/tello_msgs/include/tello_msgs/srv/detail/tello_action__rosidl_typesupport_fastrtps_c.h\n'}
[2.225283] (tello_msgs) StdoutLine: {'line': b'-- Up-to-date: /root/DockerFiles/drone_ws/install/tello_msgs/lib/libtello_msgs__rosidl_typesupport_fastrtps_c.so\n'}
[2.225388] (tello_msgs) StdoutLine: {'line': b'-- Up-to-date: /root/DockerFiles/drone_ws/install/tello_msgs/include/tello_msgs\n'}
[2.225492] (tello_msgs) StdoutLine: {'line': b'-- Up-to-date: /root/DockerFiles/drone_ws/install/tello_msgs/include/tello_msgs/msg\n'}
[2.226193] (tello_msgs) StdoutLine: {'line': b'-- Up-to-date: /root/DockerFiles/drone_ws/install/tello_msgs/include/tello_msgs/msg/detail\n'}
[2.226548] (tello_msgs) StdoutLine: {'line': b'-- Up-to-date: /root/DockerFiles/drone_ws/install/tello_msgs/include/tello_msgs/msg/detail/flight_data__rosidl_typesupport_fastrtps_cpp.hpp\n'}
[2.226663] (tello_msgs) StdoutLine: {'line': b'-- Up-to-date: /root/DockerFiles/drone_ws/install/tello_msgs/include/tello_msgs/msg/detail/dds_fastrtps\n'}
[2.226767] (tello_msgs) StdoutLine: {'line': b'-- Up-to-date: /root/DockerFiles/drone_ws/install/tello_msgs/include/tello_msgs/msg/detail/tello_response__rosidl_typesupport_fastrtps_cpp.hpp\n'}
[2.226885] (tello_msgs) StdoutLine: {'line': b'-- Up-to-date: /root/DockerFiles/drone_ws/install/tello_msgs/include/tello_msgs/msg/rosidl_typesupport_fastrtps_cpp__visibility_control.h\n'}
[2.226989] (tello_msgs) StdoutLine: {'line': b'-- Up-to-date: /root/DockerFiles/drone_ws/install/tello_msgs/include/tello_msgs/srv\n'}
[2.227093] (tello_msgs) StdoutLine: {'line': b'-- Up-to-date: /root/DockerFiles/drone_ws/install/tello_msgs/include/tello_msgs/srv/detail\n'}
[2.227191] (tello_msgs) StdoutLine: {'line': b'-- Up-to-date: /root/DockerFiles/drone_ws/install/tello_msgs/include/tello_msgs/srv/detail/dds_fastrtps\n'}
[2.227289] (tello_msgs) StdoutLine: {'line': b'-- Up-to-date: /root/DockerFiles/drone_ws/install/tello_msgs/include/tello_msgs/srv/detail/tello_action__rosidl_typesupport_fastrtps_cpp.hpp\n'}
[2.227391] (tello_msgs) StdoutLine: {'line': b'-- Up-to-date: /root/DockerFiles/drone_ws/install/tello_msgs/lib/libtello_msgs__rosidl_typesupport_fastrtps_cpp.so\n'}
[2.227494] (tello_msgs) StdoutLine: {'line': b'-- Up-to-date: /root/DockerFiles/drone_ws/install/tello_msgs/include/tello_msgs\n'}
[2.227595] (tello_msgs) StdoutLine: {'line': b'-- Up-to-date: /root/DockerFiles/drone_ws/install/tello_msgs/include/tello_msgs/msg\n'}
[2.227698] (tello_msgs) StdoutLine: {'line': b'-- Up-to-date: /root/DockerFiles/drone_ws/install/tello_msgs/include/tello_msgs/msg/detail\n'}
[2.227802] (tello_msgs) StdoutLine: {'line': b'-- Up-to-date: /root/DockerFiles/drone_ws/install/tello_msgs/include/tello_msgs/msg/detail/flight_data__rosidl_typesupport_introspection_c.h\n'}
[2.227920] (tello_msgs) StdoutLine: {'line': b'-- Up-to-date: /root/DockerFiles/drone_ws/install/tello_msgs/include/tello_msgs/msg/detail/tello_response__type_support.c\n'}
[2.228037] (tello_msgs) StdoutLine: {'line': b'-- Up-to-date: /root/DockerFiles/drone_ws/install/tello_msgs/include/tello_msgs/msg/detail/tello_response__rosidl_typesupport_introspection_c.h\n'}
[2.228146] (tello_msgs) StdoutLine: {'line': b'-- Up-to-date: /root/DockerFiles/drone_ws/install/tello_msgs/include/tello_msgs/msg/detail/flight_data__type_support.c\n'}
[2.228242] (tello_msgs) StdoutLine: {'line': b'-- Up-to-date: /root/DockerFiles/drone_ws/install/tello_msgs/include/tello_msgs/msg/rosidl_typesupport_introspection_c__visibility_control.h\n'}
[2.228334] (tello_msgs) StdoutLine: {'line': b'-- Up-to-date: /root/DockerFiles/drone_ws/install/tello_msgs/include/tello_msgs/srv\n'}
[2.228426] (tello_msgs) StdoutLine: {'line': b'-- Up-to-date: /root/DockerFiles/drone_ws/install/tello_msgs/include/tello_msgs/srv/detail\n'}
[2.228523] (tello_msgs) StdoutLine: {'line': b'-- Up-to-date: /root/DockerFiles/drone_ws/install/tello_msgs/include/tello_msgs/srv/detail/tello_action__type_support.c\n'}
[2.228617] (tello_msgs) StdoutLine: {'line': b'-- Up-to-date: /root/DockerFiles/drone_ws/install/tello_msgs/include/tello_msgs/srv/detail/tello_action__rosidl_typesupport_introspection_c.h\n'}
[2.228720] (tello_msgs) StdoutLine: {'line': b'-- Up-to-date: /root/DockerFiles/drone_ws/install/tello_msgs/lib/libtello_msgs__rosidl_typesupport_introspection_c.so\n'}
[2.228819] (-) TimerEvent: {}
[2.231505] (tello_msgs) StdoutLine: {'line': b'-- Up-to-date: /root/DockerFiles/drone_ws/install/tello_msgs/lib/libtello_msgs__rosidl_typesupport_c.so\n'}
[2.231687] (tello_msgs) StdoutLine: {'line': b'-- Up-to-date: /root/DockerFiles/drone_ws/install/tello_msgs/include/tello_msgs\n'}
[2.231796] (tello_msgs) StdoutLine: {'line': b'-- Up-to-date: /root/DockerFiles/drone_ws/install/tello_msgs/include/tello_msgs/msg\n'}
[2.231908] (tello_msgs) StdoutLine: {'line': b'-- Up-to-date: /root/DockerFiles/drone_ws/install/tello_msgs/include/tello_msgs/msg/detail\n'}
[2.232016] (tello_msgs) StdoutLine: {'line': b'-- Up-to-date: /root/DockerFiles/drone_ws/install/tello_msgs/include/tello_msgs/msg/detail/tello_response__type_support.hpp\n'}
[2.232139] (tello_msgs) StdoutLine: {'line': b'-- Up-to-date: /root/DockerFiles/drone_ws/install/tello_msgs/include/tello_msgs/msg/detail/flight_data__struct.hpp\n'}
[2.232245] (tello_msgs) StdoutLine: {'line': b'-- Up-to-date: /root/DockerFiles/drone_ws/install/tello_msgs/include/tello_msgs/msg/detail/tello_response__struct.hpp\n'}
[2.232344] (tello_msgs) StdoutLine: {'line': b'-- Up-to-date: /root/DockerFiles/drone_ws/install/tello_msgs/include/tello_msgs/msg/detail/tello_response__traits.hpp\n'}
[2.232464] (tello_msgs) StdoutLine: {'line': b'-- Up-to-date: /root/DockerFiles/drone_ws/install/tello_msgs/include/tello_msgs/msg/detail/tello_response__builder.hpp\n'}
[2.232573] (tello_msgs) StdoutLine: {'line': b'-- Up-to-date: /root/DockerFiles/drone_ws/install/tello_msgs/include/tello_msgs/msg/detail/flight_data__type_support.hpp\n'}
[2.232671] (tello_msgs) StdoutLine: {'line': b'-- Up-to-date: /root/DockerFiles/drone_ws/install/tello_msgs/include/tello_msgs/msg/detail/flight_data__traits.hpp\n'}
[2.232764] (tello_msgs) StdoutLine: {'line': b'-- Up-to-date: /root/DockerFiles/drone_ws/install/tello_msgs/include/tello_msgs/msg/detail/flight_data__builder.hpp\n'}
[2.232878] (tello_msgs) StdoutLine: {'line': b'-- Up-to-date: /root/DockerFiles/drone_ws/install/tello_msgs/include/tello_msgs/msg/rosidl_generator_cpp__visibility_control.hpp\n'}
[2.232988] (tello_msgs) StdoutLine: {'line': b'-- Up-to-date: /root/DockerFiles/drone_ws/install/tello_msgs/include/tello_msgs/msg/tello_response.hpp\n'}
[2.233089] (tello_msgs) StdoutLine: {'line': b'-- Up-to-date: /root/DockerFiles/drone_ws/install/tello_msgs/include/tello_msgs/msg/flight_data.hpp\n'}
[2.233185] (tello_msgs) StdoutLine: {'line': b'-- Up-to-date: /root/DockerFiles/drone_ws/install/tello_msgs/include/tello_msgs/srv\n'}
[2.233285] (tello_msgs) StdoutLine: {'line': b'-- Up-to-date: /root/DockerFiles/drone_ws/install/tello_msgs/include/tello_msgs/srv/detail\n'}
[2.233388] (tello_msgs) StdoutLine: {'line': b'-- Up-to-date: /root/DockerFiles/drone_ws/install/tello_msgs/include/tello_msgs/srv/detail/tello_action__struct.hpp\n'}
[2.233496] (tello_msgs) StdoutLine: {'line': b'-- Up-to-date: /root/DockerFiles/drone_ws/install/tello_msgs/include/tello_msgs/srv/detail/tello_action__builder.hpp\n'}
[2.233607] (tello_msgs) StdoutLine: {'line': b'-- Up-to-date: /root/DockerFiles/drone_ws/install/tello_msgs/include/tello_msgs/srv/detail/tello_action__traits.hpp\n'}
[2.233709] (tello_msgs) StdoutLine: {'line': b'-- Up-to-date: /root/DockerFiles/drone_ws/install/tello_msgs/include/tello_msgs/srv/detail/tello_action__type_support.hpp\n'}
[2.233811] (tello_msgs) StdoutLine: {'line': b'-- Up-to-date: /root/DockerFiles/drone_ws/install/tello_msgs/include/tello_msgs/srv/tello_action.hpp\n'}
[2.235683] (tello_msgs) StdoutLine: {'line': b'-- Up-to-date: /root/DockerFiles/drone_ws/install/tello_msgs/include/tello_msgs\n'}
[2.238949] (tello_msgs) StdoutLine: {'line': b'-- Up-to-date: /root/DockerFiles/drone_ws/install/tello_msgs/include/tello_msgs/msg\n'}
[2.239079] (tello_msgs) StdoutLine: {'line': b'-- Up-to-date: /root/DockerFiles/drone_ws/install/tello_msgs/include/tello_msgs/msg/detail\n'}
[2.239186] (tello_msgs) StdoutLine: {'line': b'-- Up-to-date: /root/DockerFiles/drone_ws/install/tello_msgs/include/tello_msgs/msg/detail/flight_data__type_support.cpp\n'}
[2.239283] (tello_msgs) StdoutLine: {'line': b'-- Up-to-date: /root/DockerFiles/drone_ws/install/tello_msgs/include/tello_msgs/msg/detail/tello_response__rosidl_typesupport_introspection_cpp.hpp\n'}
[2.239382] (tello_msgs) StdoutLine: {'line': b'-- Up-to-date: /root/DockerFiles/drone_ws/install/tello_msgs/include/tello_msgs/msg/detail/flight_data__rosidl_typesupport_introspection_cpp.hpp\n'}
[2.239467] (tello_msgs) StdoutLine: {'line': b'-- Up-to-date: /root/DockerFiles/drone_ws/install/tello_msgs/include/tello_msgs/msg/detail/tello_response__type_support.cpp\n'}
[2.239563] (tello_msgs) StdoutLine: {'line': b'-- Up-to-date: /root/DockerFiles/drone_ws/install/tello_msgs/include/tello_msgs/srv\n'}
[2.239662] (tello_msgs) StdoutLine: {'line': b'-- Up-to-date: /root/DockerFiles/drone_ws/install/tello_msgs/include/tello_msgs/srv/detail\n'}
[2.239765] (tello_msgs) StdoutLine: {'line': b'-- Up-to-date: /root/DockerFiles/drone_ws/install/tello_msgs/include/tello_msgs/srv/detail/tello_action__rosidl_typesupport_introspection_cpp.hpp\n'}
[2.239883] (tello_msgs) StdoutLine: {'line': b'-- Up-to-date: /root/DockerFiles/drone_ws/install/tello_msgs/include/tello_msgs/srv/detail/tello_action__type_support.cpp\n'}
[2.239992] (tello_msgs) StdoutLine: {'line': b'-- Up-to-date: /root/DockerFiles/drone_ws/install/tello_msgs/lib/libtello_msgs__rosidl_typesupport_introspection_cpp.so\n'}
[2.240096] (tello_msgs) StdoutLine: {'line': b'-- Up-to-date: /root/DockerFiles/drone_ws/install/tello_msgs/lib/libtello_msgs__rosidl_typesupport_cpp.so\n'}
[2.240199] (tello_msgs) StdoutLine: {'line': b'-- Up-to-date: /root/DockerFiles/drone_ws/install/tello_msgs/share/tello_msgs/environment/pythonpath.sh\n'}
[2.240306] (tello_msgs) StdoutLine: {'line': b'-- Up-to-date: /root/DockerFiles/drone_ws/install/tello_msgs/share/tello_msgs/environment/pythonpath.dsv\n'}
[2.240408] (tello_msgs) StdoutLine: {'line': b'-- Up-to-date: /root/DockerFiles/drone_ws/install/tello_msgs/lib/python3.8/site-packages/tello_msgs/__init__.py\n'}
[2.240517] (ros2_shared) JobEnded: {'identifier': 'ros2_shared', 'rc': 0}
[2.289148] (tello_description) JobEnded: {'identifier': 'tello_description', 'rc': 0}
[2.303387] (tello_msgs) StdoutLine: {'line': b'-- Up-to-date: /root/DockerFiles/drone_ws/install/tello_msgs/lib/python3.8/site-packages/tello_msgs/msg\n'}
[2.304718] (tello_msgs) StdoutLine: {'line': b'-- Up-to-date: /root/DockerFiles/drone_ws/install/tello_msgs/lib/python3.8/site-packages/tello_msgs/msg/_tello_response.py\n'}
[2.306705] (tello_msgs) StdoutLine: {'line': b'-- Up-to-date: /root/DockerFiles/drone_ws/install/tello_msgs/lib/python3.8/site-packages/tello_msgs/msg/__init__.py\n'}
[2.307892] (tello_msgs) StdoutLine: {'line': b'-- Up-to-date: /root/DockerFiles/drone_ws/install/tello_msgs/lib/python3.8/site-packages/tello_msgs/msg/_tello_response_s.c\n'}
[2.308591] (tello_msgs) StdoutLine: {'line': b'-- Up-to-date: /root/DockerFiles/drone_ws/install/tello_msgs/lib/python3.8/site-packages/tello_msgs/msg/_flight_data_s.c\n'}
[2.309289] (tello_msgs) StdoutLine: {'line': b'-- Up-to-date: /root/DockerFiles/drone_ws/install/tello_msgs/lib/python3.8/site-packages/tello_msgs/msg/_flight_data.py\n'}
[2.309879] (tello_msgs) StdoutLine: {'line': b'-- Up-to-date: /root/DockerFiles/drone_ws/install/tello_msgs/lib/python3.8/site-packages/tello_msgs/srv\n'}
[2.310035] (tello_msgs) StdoutLine: {'line': b'-- Up-to-date: /root/DockerFiles/drone_ws/install/tello_msgs/lib/python3.8/site-packages/tello_msgs/srv/__init__.py\n'}
[2.310153] (tello_msgs) StdoutLine: {'line': b'-- Up-to-date: /root/DockerFiles/drone_ws/install/tello_msgs/lib/python3.8/site-packages/tello_msgs/srv/_tello_action.py\n'}
[2.310260] (tello_msgs) StdoutLine: {'line': b'-- Up-to-date: /root/DockerFiles/drone_ws/install/tello_msgs/lib/python3.8/site-packages/tello_msgs/srv/_tello_action_s.c\n'}
[2.310371] (tello_msgs) StdoutLine: {'line': b'-- Up-to-date: /root/DockerFiles/drone_ws/install/tello_msgs/lib/python3.8/site-packages/tello_msgs/tello_msgs_s__rosidl_typesupport_fastrtps_c.cpython-38-x86_64-linux-gnu.so\n'}
[2.310485] (tello_msgs) StdoutLine: {'line': b'-- Up-to-date: /root/DockerFiles/drone_ws/install/tello_msgs/lib/python3.8/site-packages/tello_msgs/tello_msgs_s__rosidl_typesupport_introspection_c.cpython-38-x86_64-linux-gnu.so\n'}
[2.310598] (tello_msgs) StdoutLine: {'line': b'-- Up-to-date: /root/DockerFiles/drone_ws/install/tello_msgs/lib/python3.8/site-packages/tello_msgs/tello_msgs_s__rosidl_typesupport_c.cpython-38-x86_64-linux-gnu.so\n'}
[2.311244] (tello_msgs) StdoutLine: {'line': b'-- Up-to-date: /root/DockerFiles/drone_ws/install/tello_msgs/lib/libtello_msgs__python.so\n'}
[2.311358] (tello_msgs) StdoutLine: {'line': b'-- Up-to-date: /root/DockerFiles/drone_ws/install/tello_msgs/share/tello_msgs/msg/FlightData.idl\n'}
[2.316117] (tello_msgs) StdoutLine: {'line': b'-- Up-to-date: /root/DockerFiles/drone_ws/install/tello_msgs/share/tello_msgs/msg/TelloResponse.idl\n'}
[2.316470] (tello_msgs) StdoutLine: {'line': b'-- Up-to-date: /root/DockerFiles/drone_ws/install/tello_msgs/share/tello_msgs/srv/TelloAction.idl\n'}
[2.316654] (tello_msgs) StdoutLine: {'line': b'-- Up-to-date: /root/DockerFiles/drone_ws/install/tello_msgs/share/tello_msgs/msg/FlightData.msg\n'}
[2.320246] (tello_msgs) StdoutLine: {'line': b'-- Up-to-date: /root/DockerFiles/drone_ws/install/tello_msgs/share/tello_msgs/msg/TelloResponse.msg\n'}
[2.320367] (tello_msgs) StdoutLine: {'line': b'-- Up-to-date: /root/DockerFiles/drone_ws/install/tello_msgs/share/tello_msgs/srv/TelloAction.srv\n'}
[2.320469] (tello_msgs) StdoutLine: {'line': b'-- Up-to-date: /root/DockerFiles/drone_ws/install/tello_msgs/share/tello_msgs/srv/TelloAction_Request.msg\n'}
[2.320593] (tello_msgs) StdoutLine: {'line': b'-- Up-to-date: /root/DockerFiles/drone_ws/install/tello_msgs/share/tello_msgs/srv/TelloAction_Response.msg\n'}
[2.320697] (tello_msgs) StdoutLine: {'line': b'-- Up-to-date: /root/DockerFiles/drone_ws/install/tello_msgs/share/ament_index/resource_index/package_run_dependencies/tello_msgs\n'}
[2.320807] (tello_msgs) StdoutLine: {'line': b'-- Up-to-date: /root/DockerFiles/drone_ws/install/tello_msgs/share/ament_index/resource_index/parent_prefix_path/tello_msgs\n'}
[2.320923] (tello_msgs) StdoutLine: {'line': b'-- Up-to-date: /root/DockerFiles/drone_ws/install/tello_msgs/share/tello_msgs/environment/ament_prefix_path.sh\n'}
[2.321028] (tello_msgs) StdoutLine: {'line': b'-- Up-to-date: /root/DockerFiles/drone_ws/install/tello_msgs/share/tello_msgs/environment/ament_prefix_path.dsv\n'}
[2.321126] (tello_msgs) StdoutLine: {'line': b'-- Up-to-date: /root/DockerFiles/drone_ws/install/tello_msgs/share/tello_msgs/environment/path.sh\n'}
[2.321228] (tello_msgs) StdoutLine: {'line': b'-- Up-to-date: /root/DockerFiles/drone_ws/install/tello_msgs/share/tello_msgs/environment/path.dsv\n'}
[2.321337] (tello_msgs) StdoutLine: {'line': b'-- Up-to-date: /root/DockerFiles/drone_ws/install/tello_msgs/share/tello_msgs/local_setup.bash\n'}
[2.321439] (tello_msgs) StdoutLine: {'line': b'-- Up-to-date: /root/DockerFiles/drone_ws/install/tello_msgs/share/tello_msgs/local_setup.sh\n'}
[2.321532] (tello_msgs) StdoutLine: {'line': b'-- Up-to-date: /root/DockerFiles/drone_ws/install/tello_msgs/share/tello_msgs/local_setup.zsh\n'}
[2.321625] (tello_msgs) StdoutLine: {'line': b'-- Up-to-date: /root/DockerFiles/drone_ws/install/tello_msgs/share/tello_msgs/local_setup.dsv\n'}
[2.321725] (tello_msgs) StdoutLine: {'line': b'-- Installing: /root/DockerFiles/drone_ws/install/tello_msgs/share/tello_msgs/package.dsv\n'}
[2.321825] (tello_msgs) StdoutLine: {'line': b'-- Up-to-date: /root/DockerFiles/drone_ws/install/tello_msgs/share/ament_index/resource_index/packages/tello_msgs\n'}
[2.321939] (tello_msgs) StdoutLine: {'line': b'-- Up-to-date: /root/DockerFiles/drone_ws/install/tello_msgs/share/tello_msgs/cmake/tello_msgs__rosidl_generator_cExport.cmake\n'}
[2.322041] (tello_msgs) StdoutLine: {'line': b'-- Up-to-date: /root/DockerFiles/drone_ws/install/tello_msgs/share/tello_msgs/cmake/tello_msgs__rosidl_generator_cExport-noconfig.cmake\n'}
[2.322141] (tello_msgs) StdoutLine: {'line': b'-- Up-to-date: /root/DockerFiles/drone_ws/install/tello_msgs/share/tello_msgs/cmake/tello_msgs__rosidl_typesupport_introspection_cExport.cmake\n'}
[2.322241] (tello_msgs) StdoutLine: {'line': b'-- Up-to-date: /root/DockerFiles/drone_ws/install/tello_msgs/share/tello_msgs/cmake/tello_msgs__rosidl_typesupport_introspection_cExport-noconfig.cmake\n'}
[2.322343] (tello_msgs) StdoutLine: {'line': b'-- Up-to-date: /root/DockerFiles/drone_ws/install/tello_msgs/share/tello_msgs/cmake/tello_msgs__rosidl_typesupport_cExport.cmake\n'}
[2.322666] (tello_msgs) StdoutLine: {'line': b'-- Up-to-date: /root/DockerFiles/drone_ws/install/tello_msgs/share/tello_msgs/cmake/tello_msgs__rosidl_typesupport_cExport-noconfig.cmake\n'}
[2.322780] (tello_msgs) StdoutLine: {'line': b'-- Up-to-date: /root/DockerFiles/drone_ws/install/tello_msgs/share/tello_msgs/cmake/tello_msgs__rosidl_generator_cppExport.cmake\n'}
[2.322882] (tello_msgs) StdoutLine: {'line': b'-- Up-to-date: /root/DockerFiles/drone_ws/install/tello_msgs/share/tello_msgs/cmake/tello_msgs__rosidl_typesupport_introspection_cppExport.cmake\n'}
[2.330886] (-) TimerEvent: {}
[2.331063] (tello_msgs) StdoutLine: {'line': b'-- Up-to-date: /root/DockerFiles/drone_ws/install/tello_msgs/share/tello_msgs/cmake/tello_msgs__rosidl_typesupport_introspection_cppExport-noconfig.cmake\n'}
[2.331216] (tello_msgs) StdoutLine: {'line': b'-- Up-to-date: /root/DockerFiles/drone_ws/install/tello_msgs/share/tello_msgs/cmake/tello_msgs__rosidl_typesupport_cppExport.cmake\n'}
[2.331321] (tello_msgs) StdoutLine: {'line': b'-- Up-to-date: /root/DockerFiles/drone_ws/install/tello_msgs/share/tello_msgs/cmake/tello_msgs__rosidl_typesupport_cppExport-noconfig.cmake\n'}
[2.331416] (tello_msgs) StdoutLine: {'line': b'-- Up-to-date: /root/DockerFiles/drone_ws/install/tello_msgs/share/tello_msgs/cmake/rosidl_cmake-extras.cmake\n'}
[2.331510] (tello_msgs) StdoutLine: {'line': b'-- Up-to-date: /root/DockerFiles/drone_ws/install/tello_msgs/share/tello_msgs/cmake/ament_cmake_export_dependencies-extras.cmake\n'}
[2.331603] (tello_msgs) StdoutLine: {'line': b'-- Up-to-date: /root/DockerFiles/drone_ws/install/tello_msgs/share/tello_msgs/cmake/ament_cmake_export_libraries-extras.cmake\n'}
[2.331697] (tello_msgs) StdoutLine: {'line': b'-- Up-to-date: /root/DockerFiles/drone_ws/install/tello_msgs/share/tello_msgs/cmake/ament_cmake_export_targets-extras.cmake\n'}
[2.331790] (tello_msgs) StdoutLine: {'line': b'-- Up-to-date: /root/DockerFiles/drone_ws/install/tello_msgs/share/tello_msgs/cmake/ament_cmake_export_include_directories-extras.cmake\n'}
[2.331891] (tello_msgs) StdoutLine: {'line': b'-- Up-to-date: /root/DockerFiles/drone_ws/install/tello_msgs/share/tello_msgs/cmake/rosidl_cmake_export_typesupport_libraries-extras.cmake\n'}
[2.331986] (tello_msgs) StdoutLine: {'line': b'-- Up-to-date: /root/DockerFiles/drone_ws/install/tello_msgs/share/tello_msgs/cmake/rosidl_cmake_export_typesupport_targets-extras.cmake\n'}
[2.332089] (tello_msgs) StdoutLine: {'line': b'-- Up-to-date: /root/DockerFiles/drone_ws/install/tello_msgs/share/tello_msgs/cmake/tello_msgsConfig.cmake\n'}
[2.332182] (tello_msgs) StdoutLine: {'line': b'-- Up-to-date: /root/DockerFiles/drone_ws/install/tello_msgs/share/tello_msgs/cmake/tello_msgsConfig-version.cmake\n'}
[2.332275] (tello_msgs) StdoutLine: {'line': b'-- Up-to-date: /root/DockerFiles/drone_ws/install/tello_msgs/share/tello_msgs/package.xml\n'}
[2.332372] (tello_msgs) CommandEnded: {'returncode': 0}
[2.431681] (-) TimerEvent: {}
[2.534844] (-) TimerEvent: {}
[2.635300] (-) TimerEvent: {}
[2.672952] (tello_msgs) JobEnded: {'identifier': 'tello_msgs', 'rc': 0}
[2.674102] (tello_driver) JobStarted: {'identifier': 'tello_driver'}
[2.692508] (tello_gazebo) JobStarted: {'identifier': 'tello_gazebo'}
[2.716782] (tello_hand_move) Command: {'cmd': ['/usr/bin/python3', 'setup.py', 'egg_info', '--egg-base', '../../build/tello_hand_move', 'build', '--build-base', '/root/DockerFiles/drone_ws/build/tello_hand_move/build', 'install', '--record', '/root/DockerFiles/drone_ws/build/tello_hand_move/install.log', '--single-version-externally-managed'], 'cwd': '/root/DockerFiles/drone_ws/src/tello_hand_move', 'env': {'HOSTNAME': 'vdani-H410M-H-V2', 'SHLVL': '1', 'LD_LIBRARY_PATH': '/root/DockerFiles/drone_ws/install/tello_gazebo/lib:/root/DockerFiles/drone_ws/install/tello_driver/lib:/root/DockerFiles/drone_ws/install/tello_msgs/lib:/usr/lib/x86_64-linux-gnu/gazebo-11/plugins:/opt/ros/foxy/opt/yaml_cpp_vendor/lib:/opt/ros/foxy/opt/rviz_ogre_vendor/lib:/opt/ros/foxy/lib/x86_64-linux-gnu:/opt/ros/foxy/lib', 'HOME': '/root', 'OLDPWD': '/root/DockerFiles', 'ROS_PYTHON_VERSION': '3', 'COLCON_PREFIX_PATH': '/root/DockerFiles/drone_ws/install', 'ROS_DISTRO': 'foxy', '_': '/usr/bin/colcon', 'ROS_VERSION': '2', 'TERM': 'xterm', 'ROS_LOCALHOST_ONLY': '0', 'QT_X11_NO_MITSHM': '1', 'PATH': '/opt/ros/foxy/bin:/usr/local/sbin:/usr/local/bin:/usr/sbin:/usr/bin:/sbin:/bin', 'XDG_RUNTIME_DIR': '/run/user/1000', 'DISPLAY': ':0', 'LANG': 'C.UTF-8', 'RMW_IMPLEMENTATION': 'rmw_fastrtps_cpp', 'LS_COLORS': 'rs=0:di=01;34:ln=01;36:mh=00:pi=40;33:so=01;35:do=01;35:bd=40;33;01:cd=40;33;01:or=40;31;01:mi=00:su=37;41:sg=30;43:ca=30;41:tw=30;42:ow=34;42:st=37;44:ex=01;32:*.tar=01;31:*.tgz=01;31:*.arc=01;31:*.arj=01;31:*.taz=01;31:*.lha=01;31:*.lz4=01;31:*.lzh=01;31:*.lzma=01;31:*.tlz=01;31:*.txz=01;31:*.tzo=01;31:*.t7z=01;31:*.zip=01;31:*.z=01;31:*.dz=01;31:*.gz=01;31:*.lrz=01;31:*.lz=01;31:*.lzo=01;31:*.xz=01;31:*.zst=01;31:*.tzst=01;31:*.bz2=01;31:*.bz=01;31:*.tbz=01;31:*.tbz2=01;31:*.tz=01;31:*.deb=01;31:*.rpm=01;31:*.jar=01;31:*.war=01;31:*.ear=01;31:*.sar=01;31:*.rar=01;31:*.alz=01;31:*.ace=01;31:*.zoo=01;31:*.cpio=01;31:*.7z=01;31:*.rz=01;31:*.cab=01;31:*.wim=01;31:*.swm=01;31:*.dwm=01;31:*.esd=01;31:*.jpg=01;35:*.jpeg=01;35:*.mjpg=01;35:*.mjpeg=01;35:*.gif=01;35:*.bmp=01;35:*.pbm=01;35:*.pgm=01;35:*.ppm=01;35:*.tga=01;35:*.xbm=01;35:*.xpm=01;35:*.tif=01;35:*.tiff=01;35:*.png=01;35:*.svg=01;35:*.svgz=01;35:*.mng=01;35:*.pcx=01;35:*.mov=01;35:*.mpg=01;35:*.mpeg=01;35:*.m2v=01;35:*.mkv=01;35:*.webm=01;35:*.ogm=01;35:*.mp4=01;35:*.m4v=01;35:*.mp4v=01;35:*.vob=01;35:*.qt=01;35:*.nuv=01;35:*.wmv=01;35:*.asf=01;35:*.rm=01;35:*.rmvb=01;35:*.flc=01;35:*.avi=01;35:*.fli=01;35:*.flv=01;35:*.gl=01;35:*.dl=01;35:*.xcf=01;35:*.xwd=01;35:*.yuv=01;35:*.cgm=01;35:*.emf=01;35:*.ogv=01;35:*.ogx=01;35:*.aac=00;36:*.au=00;36:*.flac=00;36:*.m4a=00;36:*.mid=00;36:*.midi=00;36:*.mka=00;36:*.mp3=00;36:*.mpc=00;36:*.ogg=00;36:*.ra=00;36:*.wav=00;36:*.oga=00;36:*.opus=00;36:*.spx=00;36:*.xspf=00;36:', 'AMENT_PREFIX_PATH': '/root/DockerFiles/drone_ws/install/tello_gazebo:/root/DockerFiles/drone_ws/install/tello_driver:/root/DockerFiles/drone_ws/install/tello_msgs:/root/DockerFiles/drone_ws/install/tello_mission:/root/DockerFiles/drone_ws/install/tello_hand_move:/root/DockerFiles/drone_ws/install/tello_description:/root/DockerFiles/drone_ws/install/tello_controller:/root/DockerFiles/drone_ws/install/tello_camera:/root/DockerFiles/drone_ws/install/ros2_shared:/opt/ros/foxy', 'PWD': '/root/DockerFiles/drone_ws/build/tello_hand_move', 'LC_ALL': 'C.UTF-8', 'PYTHONPATH': '/root/DockerFiles/drone_ws/build/tello_hand_move/prefix_override:/root/DockerFiles/drone_ws/install/tello_hand_move/lib/python3.8/site-packages:/root/DockerFiles/drone_ws/install/tello_msgs/lib/python3.8/site-packages:/root/DockerFiles/drone_ws/install/tello_mission/lib/python3.8/site-packages:/root/DockerFiles/drone_ws/install/tello_hand_move/lib/python3.8/site-packages:/root/DockerFiles/drone_ws/install/tello_controller/lib/python3.8/site-packages:/root/DockerFiles/drone_ws/install/tello_camera/lib/python3.8/site-packages:/opt/ros/foxy/lib/python3.8/site-packages', 'COLCON': '1', 'CMAKE_PREFIX_PATH': '/root/DockerFiles/drone_ws/install/tello_gazebo:/root/DockerFiles/drone_ws/install/tello_driver:/root/DockerFiles/drone_ws/install/tello_msgs:/root/DockerFiles/drone_ws/install/tello_description:/root/DockerFiles/drone_ws/install/ros2_shared'}, 'shell': False}
[2.729300] (tello_mission) Command: {'cmd': ['/usr/bin/python3', 'setup.py', 'egg_info', '--egg-base', '../../build/tello_mission', 'build', '--build-base', '/root/DockerFiles/drone_ws/build/tello_mission/build', 'install', '--record', '/root/DockerFiles/drone_ws/build/tello_mission/install.log', '--single-version-externally-managed'], 'cwd': '/root/DockerFiles/drone_ws/src/tello_mission', 'env': {'HOSTNAME': 'vdani-H410M-H-V2', 'SHLVL': '1', 'LD_LIBRARY_PATH': '/root/DockerFiles/drone_ws/install/tello_gazebo/lib:/root/DockerFiles/drone_ws/install/tello_driver/lib:/root/DockerFiles/drone_ws/install/tello_msgs/lib:/usr/lib/x86_64-linux-gnu/gazebo-11/plugins:/opt/ros/foxy/opt/yaml_cpp_vendor/lib:/opt/ros/foxy/opt/rviz_ogre_vendor/lib:/opt/ros/foxy/lib/x86_64-linux-gnu:/opt/ros/foxy/lib', 'HOME': '/root', 'OLDPWD': '/root/DockerFiles', 'ROS_PYTHON_VERSION': '3', 'COLCON_PREFIX_PATH': '/root/DockerFiles/drone_ws/install', 'ROS_DISTRO': 'foxy', '_': '/usr/bin/colcon', 'ROS_VERSION': '2', 'TERM': 'xterm', 'ROS_LOCALHOST_ONLY': '0', 'QT_X11_NO_MITSHM': '1', 'PATH': '/opt/ros/foxy/bin:/usr/local/sbin:/usr/local/bin:/usr/sbin:/usr/bin:/sbin:/bin', 'XDG_RUNTIME_DIR': '/run/user/1000', 'DISPLAY': ':0', 'LANG': 'C.UTF-8', 'RMW_IMPLEMENTATION': 'rmw_fastrtps_cpp', 'LS_COLORS': 'rs=0:di=01;34:ln=01;36:mh=00:pi=40;33:so=01;35:do=01;35:bd=40;33;01:cd=40;33;01:or=40;31;01:mi=00:su=37;41:sg=30;43:ca=30;41:tw=30;42:ow=34;42:st=37;44:ex=01;32:*.tar=01;31:*.tgz=01;31:*.arc=01;31:*.arj=01;31:*.taz=01;31:*.lha=01;31:*.lz4=01;31:*.lzh=01;31:*.lzma=01;31:*.tlz=01;31:*.txz=01;31:*.tzo=01;31:*.t7z=01;31:*.zip=01;31:*.z=01;31:*.dz=01;31:*.gz=01;31:*.lrz=01;31:*.lz=01;31:*.lzo=01;31:*.xz=01;31:*.zst=01;31:*.tzst=01;31:*.bz2=01;31:*.bz=01;31:*.tbz=01;31:*.tbz2=01;31:*.tz=01;31:*.deb=01;31:*.rpm=01;31:*.jar=01;31:*.war=01;31:*.ear=01;31:*.sar=01;31:*.rar=01;31:*.alz=01;31:*.ace=01;31:*.zoo=01;31:*.cpio=01;31:*.7z=01;31:*.rz=01;31:*.cab=01;31:*.wim=01;31:*.swm=01;31:*.dwm=01;31:*.esd=01;31:*.jpg=01;35:*.jpeg=01;35:*.mjpg=01;35:*.mjpeg=01;35:*.gif=01;35:*.bmp=01;35:*.pbm=01;35:*.pgm=01;35:*.ppm=01;35:*.tga=01;35:*.xbm=01;35:*.xpm=01;35:*.tif=01;35:*.tiff=01;35:*.png=01;35:*.svg=01;35:*.svgz=01;35:*.mng=01;35:*.pcx=01;35:*.mov=01;35:*.mpg=01;35:*.mpeg=01;35:*.m2v=01;35:*.mkv=01;35:*.webm=01;35:*.ogm=01;35:*.mp4=01;35:*.m4v=01;35:*.mp4v=01;35:*.vob=01;35:*.qt=01;35:*.nuv=01;35:*.wmv=01;35:*.asf=01;35:*.rm=01;35:*.rmvb=01;35:*.flc=01;35:*.avi=01;35:*.fli=01;35:*.flv=01;35:*.gl=01;35:*.dl=01;35:*.xcf=01;35:*.xwd=01;35:*.yuv=01;35:*.cgm=01;35:*.emf=01;35:*.ogv=01;35:*.ogx=01;35:*.aac=00;36:*.au=00;36:*.flac=00;36:*.m4a=00;36:*.mid=00;36:*.midi=00;36:*.mka=00;36:*.mp3=00;36:*.mpc=00;36:*.ogg=00;36:*.ra=00;36:*.wav=00;36:*.oga=00;36:*.opus=00;36:*.spx=00;36:*.xspf=00;36:', 'AMENT_PREFIX_PATH': '/root/DockerFiles/drone_ws/install/tello_gazebo:/root/DockerFiles/drone_ws/install/tello_driver:/root/DockerFiles/drone_ws/install/tello_msgs:/root/DockerFiles/drone_ws/install/tello_mission:/root/DockerFiles/drone_ws/install/tello_hand_move:/root/DockerFiles/drone_ws/install/tello_description:/root/DockerFiles/drone_ws/install/tello_controller:/root/DockerFiles/drone_ws/install/tello_camera:/root/DockerFiles/drone_ws/install/ros2_shared:/opt/ros/foxy', 'PWD': '/root/DockerFiles/drone_ws/build/tello_mission', 'LC_ALL': 'C.UTF-8', 'PYTHONPATH': '/root/DockerFiles/drone_ws/build/tello_mission/prefix_override:/root/DockerFiles/drone_ws/install/tello_mission/lib/python3.8/site-packages:/root/DockerFiles/drone_ws/install/tello_msgs/lib/python3.8/site-packages:/root/DockerFiles/drone_ws/install/tello_mission/lib/python3.8/site-packages:/root/DockerFiles/drone_ws/install/tello_hand_move/lib/python3.8/site-packages:/root/DockerFiles/drone_ws/install/tello_controller/lib/python3.8/site-packages:/root/DockerFiles/drone_ws/install/tello_camera/lib/python3.8/site-packages:/opt/ros/foxy/lib/python3.8/site-packages', 'COLCON': '1', 'CMAKE_PREFIX_PATH': '/root/DockerFiles/drone_ws/install/tello_gazebo:/root/DockerFiles/drone_ws/install/tello_driver:/root/DockerFiles/drone_ws/install/tello_msgs:/root/DockerFiles/drone_ws/install/tello_description:/root/DockerFiles/drone_ws/install/ros2_shared'}, 'shell': False}
[2.735704] (-) TimerEvent: {}
[2.757435] (tello_driver) JobProgress: {'identifier': 'tello_driver', 'progress': 'cmake'}
[2.757727] (tello_driver) JobProgress: {'identifier': 'tello_driver', 'progress': 'build'}
[2.757799] (tello_driver) Command: {'cmd': ['/usr/bin/cmake', '--build', '/root/DockerFiles/drone_ws/build/tello_driver', '--', '-j12', '-l12'], 'cwd': '/root/DockerFiles/drone_ws/build/tello_driver', 'env': OrderedDict([('HOSTNAME', 'vdani-H410M-H-V2'), ('SHLVL', '1'), ('LD_LIBRARY_PATH', '/root/DockerFiles/drone_ws/install/tello_msgs/lib:/root/DockerFiles/drone_ws/install/tello_gazebo/lib:/root/DockerFiles/drone_ws/install/tello_driver/lib:/usr/lib/x86_64-linux-gnu/gazebo-11/plugins:/opt/ros/foxy/opt/yaml_cpp_vendor/lib:/opt/ros/foxy/opt/rviz_ogre_vendor/lib:/opt/ros/foxy/lib/x86_64-linux-gnu:/opt/ros/foxy/lib'), ('HOME', '/root'), ('OLDPWD', '/root/DockerFiles'), ('ROS_PYTHON_VERSION', '3'), ('COLCON_PREFIX_PATH', '/root/DockerFiles/drone_ws/install'), ('ROS_DISTRO', 'foxy'), ('_', '/usr/bin/colcon'), ('ROS_VERSION', '2'), ('TERM', 'xterm'), ('ROS_LOCALHOST_ONLY', '0'), ('QT_X11_NO_MITSHM', '1'), ('PATH', '/opt/ros/foxy/bin:/usr/local/sbin:/usr/local/bin:/usr/sbin:/usr/bin:/sbin:/bin'), ('XDG_RUNTIME_DIR', '/run/user/1000'), ('DISPLAY', ':0'), ('LANG', 'C.UTF-8'), ('RMW_IMPLEMENTATION', 'rmw_fastrtps_cpp'), ('LS_COLORS', 'rs=0:di=01;34:ln=01;36:mh=00:pi=40;33:so=01;35:do=01;35:bd=40;33;01:cd=40;33;01:or=40;31;01:mi=00:su=37;41:sg=30;43:ca=30;41:tw=30;42:ow=34;42:st=37;44:ex=01;32:*.tar=01;31:*.tgz=01;31:*.arc=01;31:*.arj=01;31:*.taz=01;31:*.lha=01;31:*.lz4=01;31:*.lzh=01;31:*.lzma=01;31:*.tlz=01;31:*.txz=01;31:*.tzo=01;31:*.t7z=01;31:*.zip=01;31:*.z=01;31:*.dz=01;31:*.gz=01;31:*.lrz=01;31:*.lz=01;31:*.lzo=01;31:*.xz=01;31:*.zst=01;31:*.tzst=01;31:*.bz2=01;31:*.bz=01;31:*.tbz=01;31:*.tbz2=01;31:*.tz=01;31:*.deb=01;31:*.rpm=01;31:*.jar=01;31:*.war=01;31:*.ear=01;31:*.sar=01;31:*.rar=01;31:*.alz=01;31:*.ace=01;31:*.zoo=01;31:*.cpio=01;31:*.7z=01;31:*.rz=01;31:*.cab=01;31:*.wim=01;31:*.swm=01;31:*.dwm=01;31:*.esd=01;31:*.jpg=01;35:*.jpeg=01;35:*.mjpg=01;35:*.mjpeg=01;35:*.gif=01;35:*.bmp=01;35:*.pbm=01;35:*.pgm=01;35:*.ppm=01;35:*.tga=01;35:*.xbm=01;35:*.xpm=01;35:*.tif=01;35:*.tiff=01;35:*.png=01;35:*.svg=01;35:*.svgz=01;35:*.mng=01;35:*.pcx=01;35:*.mov=01;35:*.mpg=01;35:*.mpeg=01;35:*.m2v=01;35:*.mkv=01;35:*.webm=01;35:*.ogm=01;35:*.mp4=01;35:*.m4v=01;35:*.mp4v=01;35:*.vob=01;35:*.qt=01;35:*.nuv=01;35:*.wmv=01;35:*.asf=01;35:*.rm=01;35:*.rmvb=01;35:*.flc=01;35:*.avi=01;35:*.fli=01;35:*.flv=01;35:*.gl=01;35:*.dl=01;35:*.xcf=01;35:*.xwd=01;35:*.yuv=01;35:*.cgm=01;35:*.emf=01;35:*.ogv=01;35:*.ogx=01;35:*.aac=00;36:*.au=00;36:*.flac=00;36:*.m4a=00;36:*.mid=00;36:*.midi=00;36:*.mka=00;36:*.mp3=00;36:*.mpc=00;36:*.ogg=00;36:*.ra=00;36:*.wav=00;36:*.oga=00;36:*.opus=00;36:*.spx=00;36:*.xspf=00;36:'), ('AMENT_PREFIX_PATH', '/root/DockerFiles/drone_ws/install/tello_gazebo:/root/DockerFiles/drone_ws/install/tello_driver:/root/DockerFiles/drone_ws/install/tello_msgs:/root/DockerFiles/drone_ws/install/tello_mission:/root/DockerFiles/drone_ws/install/tello_hand_move:/root/DockerFiles/drone_ws/install/tello_description:/root/DockerFiles/drone_ws/install/tello_controller:/root/DockerFiles/drone_ws/install/tello_camera:/root/DockerFiles/drone_ws/install/ros2_shared:/opt/ros/foxy'), ('PWD', '/root/DockerFiles/drone_ws/build/tello_driver'), ('LC_ALL', 'C.UTF-8'), ('PYTHONPATH', '/root/DockerFiles/drone_ws/install/tello_msgs/lib/python3.8/site-packages:/root/DockerFiles/drone_ws/install/tello_mission/lib/python3.8/site-packages:/root/DockerFiles/drone_ws/install/tello_hand_move/lib/python3.8/site-packages:/root/DockerFiles/drone_ws/install/tello_controller/lib/python3.8/site-packages:/root/DockerFiles/drone_ws/install/tello_camera/lib/python3.8/site-packages:/opt/ros/foxy/lib/python3.8/site-packages'), ('COLCON', '1'), ('CMAKE_PREFIX_PATH', '/root/DockerFiles/drone_ws/install/tello_msgs:/root/DockerFiles/drone_ws/install/ros2_shared:/root/DockerFiles/drone_ws/install/tello_gazebo:/root/DockerFiles/drone_ws/install/tello_driver:/root/DockerFiles/drone_ws/install/tello_description:/root/DockerFiles/drone_ws/install/tello_mission:/root/DockerFiles/drone_ws/install/tello_hand_move:/root/DockerFiles/drone_ws/install/tello_controller:/root/DockerFiles/drone_ws/install/tello_camera:/opt/ros/foxy')]), 'shell': False}
[2.790777] (tello_controller) Command: {'cmd': ['/usr/bin/python3', 'setup.py', 'egg_info', '--egg-base', '../../build/tello_controller', 'build', '--build-base', '/root/DockerFiles/drone_ws/build/tello_controller/build', 'install', '--record', '/root/DockerFiles/drone_ws/build/tello_controller/install.log', '--single-version-externally-managed'], 'cwd': '/root/DockerFiles/drone_ws/src/tello_controller', 'env': {'HOSTNAME': 'vdani-H410M-H-V2', 'SHLVL': '1', 'LD_LIBRARY_PATH': '/root/DockerFiles/drone_ws/install/tello_gazebo/lib:/root/DockerFiles/drone_ws/install/tello_driver/lib:/root/DockerFiles/drone_ws/install/tello_msgs/lib:/usr/lib/x86_64-linux-gnu/gazebo-11/plugins:/opt/ros/foxy/opt/yaml_cpp_vendor/lib:/opt/ros/foxy/opt/rviz_ogre_vendor/lib:/opt/ros/foxy/lib/x86_64-linux-gnu:/opt/ros/foxy/lib', 'HOME': '/root', 'OLDPWD': '/root/DockerFiles', 'ROS_PYTHON_VERSION': '3', 'COLCON_PREFIX_PATH': '/root/DockerFiles/drone_ws/install', 'ROS_DISTRO': 'foxy', '_': '/usr/bin/colcon', 'ROS_VERSION': '2', 'TERM': 'xterm', 'ROS_LOCALHOST_ONLY': '0', 'QT_X11_NO_MITSHM': '1', 'PATH': '/opt/ros/foxy/bin:/usr/local/sbin:/usr/local/bin:/usr/sbin:/usr/bin:/sbin:/bin', 'XDG_RUNTIME_DIR': '/run/user/1000', 'DISPLAY': ':0', 'LANG': 'C.UTF-8', 'RMW_IMPLEMENTATION': 'rmw_fastrtps_cpp', 'LS_COLORS': 'rs=0:di=01;34:ln=01;36:mh=00:pi=40;33:so=01;35:do=01;35:bd=40;33;01:cd=40;33;01:or=40;31;01:mi=00:su=37;41:sg=30;43:ca=30;41:tw=30;42:ow=34;42:st=37;44:ex=01;32:*.tar=01;31:*.tgz=01;31:*.arc=01;31:*.arj=01;31:*.taz=01;31:*.lha=01;31:*.lz4=01;31:*.lzh=01;31:*.lzma=01;31:*.tlz=01;31:*.txz=01;31:*.tzo=01;31:*.t7z=01;31:*.zip=01;31:*.z=01;31:*.dz=01;31:*.gz=01;31:*.lrz=01;31:*.lz=01;31:*.lzo=01;31:*.xz=01;31:*.zst=01;31:*.tzst=01;31:*.bz2=01;31:*.bz=01;31:*.tbz=01;31:*.tbz2=01;31:*.tz=01;31:*.deb=01;31:*.rpm=01;31:*.jar=01;31:*.war=01;31:*.ear=01;31:*.sar=01;31:*.rar=01;31:*.alz=01;31:*.ace=01;31:*.zoo=01;31:*.cpio=01;31:*.7z=01;31:*.rz=01;31:*.cab=01;31:*.wim=01;31:*.swm=01;31:*.dwm=01;31:*.esd=01;31:*.jpg=01;35:*.jpeg=01;35:*.mjpg=01;35:*.mjpeg=01;35:*.gif=01;35:*.bmp=01;35:*.pbm=01;35:*.pgm=01;35:*.ppm=01;35:*.tga=01;35:*.xbm=01;35:*.xpm=01;35:*.tif=01;35:*.tiff=01;35:*.png=01;35:*.svg=01;35:*.svgz=01;35:*.mng=01;35:*.pcx=01;35:*.mov=01;35:*.mpg=01;35:*.mpeg=01;35:*.m2v=01;35:*.mkv=01;35:*.webm=01;35:*.ogm=01;35:*.mp4=01;35:*.m4v=01;35:*.mp4v=01;35:*.vob=01;35:*.qt=01;35:*.nuv=01;35:*.wmv=01;35:*.asf=01;35:*.rm=01;35:*.rmvb=01;35:*.flc=01;35:*.avi=01;35:*.fli=01;35:*.flv=01;35:*.gl=01;35:*.dl=01;35:*.xcf=01;35:*.xwd=01;35:*.yuv=01;35:*.cgm=01;35:*.emf=01;35:*.ogv=01;35:*.ogx=01;35:*.aac=00;36:*.au=00;36:*.flac=00;36:*.m4a=00;36:*.mid=00;36:*.midi=00;36:*.mka=00;36:*.mp3=00;36:*.mpc=00;36:*.ogg=00;36:*.ra=00;36:*.wav=00;36:*.oga=00;36:*.opus=00;36:*.spx=00;36:*.xspf=00;36:', 'AMENT_PREFIX_PATH': '/root/DockerFiles/drone_ws/install/tello_gazebo:/root/DockerFiles/drone_ws/install/tello_driver:/root/DockerFiles/drone_ws/install/tello_msgs:/root/DockerFiles/drone_ws/install/tello_mission:/root/DockerFiles/drone_ws/install/tello_hand_move:/root/DockerFiles/drone_ws/install/tello_description:/root/DockerFiles/drone_ws/install/tello_controller:/root/DockerFiles/drone_ws/install/tello_camera:/root/DockerFiles/drone_ws/install/ros2_shared:/opt/ros/foxy', 'PWD': '/root/DockerFiles/drone_ws/build/tello_controller', 'LC_ALL': 'C.UTF-8', 'PYTHONPATH': '/root/DockerFiles/drone_ws/build/tello_controller/prefix_override:/root/DockerFiles/drone_ws/install/tello_controller/lib/python3.8/site-packages:/root/DockerFiles/drone_ws/install/tello_msgs/lib/python3.8/site-packages:/root/DockerFiles/drone_ws/install/tello_mission/lib/python3.8/site-packages:/root/DockerFiles/drone_ws/install/tello_hand_move/lib/python3.8/site-packages:/root/DockerFiles/drone_ws/install/tello_controller/lib/python3.8/site-packages:/root/DockerFiles/drone_ws/install/tello_camera/lib/python3.8/site-packages:/opt/ros/foxy/lib/python3.8/site-packages', 'COLCON': '1', 'CMAKE_PREFIX_PATH': '/root/DockerFiles/drone_ws/install/tello_gazebo:/root/DockerFiles/drone_ws/install/tello_driver:/root/DockerFiles/drone_ws/install/tello_msgs:/root/DockerFiles/drone_ws/install/tello_description:/root/DockerFiles/drone_ws/install/ros2_shared'}, 'shell': False}
[2.794942] (tello_camera) Command: {'cmd': ['/usr/bin/python3', 'setup.py', 'egg_info', '--egg-base', '../../build/tello_camera', 'build', '--build-base', '/root/DockerFiles/drone_ws/build/tello_camera/build', 'install', '--record', '/root/DockerFiles/drone_ws/build/tello_camera/install.log', '--single-version-externally-managed'], 'cwd': '/root/DockerFiles/drone_ws/src/tello_camera', 'env': {'HOSTNAME': 'vdani-H410M-H-V2', 'SHLVL': '1', 'LD_LIBRARY_PATH': '/root/DockerFiles/drone_ws/install/tello_gazebo/lib:/root/DockerFiles/drone_ws/install/tello_driver/lib:/root/DockerFiles/drone_ws/install/tello_msgs/lib:/usr/lib/x86_64-linux-gnu/gazebo-11/plugins:/opt/ros/foxy/opt/yaml_cpp_vendor/lib:/opt/ros/foxy/opt/rviz_ogre_vendor/lib:/opt/ros/foxy/lib/x86_64-linux-gnu:/opt/ros/foxy/lib', 'HOME': '/root', 'OLDPWD': '/root/DockerFiles', 'ROS_PYTHON_VERSION': '3', 'COLCON_PREFIX_PATH': '/root/DockerFiles/drone_ws/install', 'ROS_DISTRO': 'foxy', '_': '/usr/bin/colcon', 'ROS_VERSION': '2', 'TERM': 'xterm', 'ROS_LOCALHOST_ONLY': '0', 'QT_X11_NO_MITSHM': '1', 'PATH': '/opt/ros/foxy/bin:/usr/local/sbin:/usr/local/bin:/usr/sbin:/usr/bin:/sbin:/bin', 'XDG_RUNTIME_DIR': '/run/user/1000', 'DISPLAY': ':0', 'LANG': 'C.UTF-8', 'RMW_IMPLEMENTATION': 'rmw_fastrtps_cpp', 'LS_COLORS': 'rs=0:di=01;34:ln=01;36:mh=00:pi=40;33:so=01;35:do=01;35:bd=40;33;01:cd=40;33;01:or=40;31;01:mi=00:su=37;41:sg=30;43:ca=30;41:tw=30;42:ow=34;42:st=37;44:ex=01;32:*.tar=01;31:*.tgz=01;31:*.arc=01;31:*.arj=01;31:*.taz=01;31:*.lha=01;31:*.lz4=01;31:*.lzh=01;31:*.lzma=01;31:*.tlz=01;31:*.txz=01;31:*.tzo=01;31:*.t7z=01;31:*.zip=01;31:*.z=01;31:*.dz=01;31:*.gz=01;31:*.lrz=01;31:*.lz=01;31:*.lzo=01;31:*.xz=01;31:*.zst=01;31:*.tzst=01;31:*.bz2=01;31:*.bz=01;31:*.tbz=01;31:*.tbz2=01;31:*.tz=01;31:*.deb=01;31:*.rpm=01;31:*.jar=01;31:*.war=01;31:*.ear=01;31:*.sar=01;31:*.rar=01;31:*.alz=01;31:*.ace=01;31:*.zoo=01;31:*.cpio=01;31:*.7z=01;31:*.rz=01;31:*.cab=01;31:*.wim=01;31:*.swm=01;31:*.dwm=01;31:*.esd=01;31:*.jpg=01;35:*.jpeg=01;35:*.mjpg=01;35:*.mjpeg=01;35:*.gif=01;35:*.bmp=01;35:*.pbm=01;35:*.pgm=01;35:*.ppm=01;35:*.tga=01;35:*.xbm=01;35:*.xpm=01;35:*.tif=01;35:*.tiff=01;35:*.png=01;35:*.svg=01;35:*.svgz=01;35:*.mng=01;35:*.pcx=01;35:*.mov=01;35:*.mpg=01;35:*.mpeg=01;35:*.m2v=01;35:*.mkv=01;35:*.webm=01;35:*.ogm=01;35:*.mp4=01;35:*.m4v=01;35:*.mp4v=01;35:*.vob=01;35:*.qt=01;35:*.nuv=01;35:*.wmv=01;35:*.asf=01;35:*.rm=01;35:*.rmvb=01;35:*.flc=01;35:*.avi=01;35:*.fli=01;35:*.flv=01;35:*.gl=01;35:*.dl=01;35:*.xcf=01;35:*.xwd=01;35:*.yuv=01;35:*.cgm=01;35:*.emf=01;35:*.ogv=01;35:*.ogx=01;35:*.aac=00;36:*.au=00;36:*.flac=00;36:*.m4a=00;36:*.mid=00;36:*.midi=00;36:*.mka=00;36:*.mp3=00;36:*.mpc=00;36:*.ogg=00;36:*.ra=00;36:*.wav=00;36:*.oga=00;36:*.opus=00;36:*.spx=00;36:*.xspf=00;36:', 'AMENT_PREFIX_PATH': '/root/DockerFiles/drone_ws/install/tello_gazebo:/root/DockerFiles/drone_ws/install/tello_driver:/root/DockerFiles/drone_ws/install/tello_msgs:/root/DockerFiles/drone_ws/install/tello_mission:/root/DockerFiles/drone_ws/install/tello_hand_move:/root/DockerFiles/drone_ws/install/tello_description:/root/DockerFiles/drone_ws/install/tello_controller:/root/DockerFiles/drone_ws/install/tello_camera:/root/DockerFiles/drone_ws/install/ros2_shared:/opt/ros/foxy', 'PWD': '/root/DockerFiles/drone_ws/build/tello_camera', 'LC_ALL': 'C.UTF-8', 'PYTHONPATH': '/root/DockerFiles/drone_ws/build/tello_camera/prefix_override:/root/DockerFiles/drone_ws/install/tello_camera/lib/python3.8/site-packages:/root/DockerFiles/drone_ws/install/tello_msgs/lib/python3.8/site-packages:/root/DockerFiles/drone_ws/install/tello_mission/lib/python3.8/site-packages:/root/DockerFiles/drone_ws/install/tello_hand_move/lib/python3.8/site-packages:/root/DockerFiles/drone_ws/install/tello_controller/lib/python3.8/site-packages:/root/DockerFiles/drone_ws/install/tello_camera/lib/python3.8/site-packages:/opt/ros/foxy/lib/python3.8/site-packages', 'COLCON': '1', 'CMAKE_PREFIX_PATH': '/root/DockerFiles/drone_ws/install/tello_gazebo:/root/DockerFiles/drone_ws/install/tello_driver:/root/DockerFiles/drone_ws/install/tello_msgs:/root/DockerFiles/drone_ws/install/tello_description:/root/DockerFiles/drone_ws/install/ros2_shared'}, 'shell': False}
[2.804436] (tello_gazebo) JobProgress: {'identifier': 'tello_gazebo', 'progress': 'cmake'}
[2.806156] (tello_gazebo) JobProgress: {'identifier': 'tello_gazebo', 'progress': 'build'}
[2.812819] (tello_gazebo) Command: {'cmd': ['/usr/bin/cmake', '--build', '/root/DockerFiles/drone_ws/build/tello_gazebo', '--', '-j12', '-l12'], 'cwd': '/root/DockerFiles/drone_ws/build/tello_gazebo', 'env': OrderedDict([('HOSTNAME', 'vdani-H410M-H-V2'), ('SHLVL', '1'), ('LD_LIBRARY_PATH', '/root/DockerFiles/drone_ws/install/tello_msgs/lib:/root/DockerFiles/drone_ws/install/tello_gazebo/lib:/root/DockerFiles/drone_ws/install/tello_driver/lib:/usr/lib/x86_64-linux-gnu/gazebo-11/plugins:/opt/ros/foxy/opt/yaml_cpp_vendor/lib:/opt/ros/foxy/opt/rviz_ogre_vendor/lib:/opt/ros/foxy/lib/x86_64-linux-gnu:/opt/ros/foxy/lib'), ('HOME', '/root'), ('OLDPWD', '/root/DockerFiles'), ('ROS_PYTHON_VERSION', '3'), ('COLCON_PREFIX_PATH', '/root/DockerFiles/drone_ws/install'), ('ROS_DISTRO', 'foxy'), ('_', '/usr/bin/colcon'), ('ROS_VERSION', '2'), ('TERM', 'xterm'), ('ROS_LOCALHOST_ONLY', '0'), ('QT_X11_NO_MITSHM', '1'), ('PATH', '/opt/ros/foxy/bin:/usr/local/sbin:/usr/local/bin:/usr/sbin:/usr/bin:/sbin:/bin'), ('XDG_RUNTIME_DIR', '/run/user/1000'), ('DISPLAY', ':0'), ('LANG', 'C.UTF-8'), ('RMW_IMPLEMENTATION', 'rmw_fastrtps_cpp'), ('LS_COLORS', 'rs=0:di=01;34:ln=01;36:mh=00:pi=40;33:so=01;35:do=01;35:bd=40;33;01:cd=40;33;01:or=40;31;01:mi=00:su=37;41:sg=30;43:ca=30;41:tw=30;42:ow=34;42:st=37;44:ex=01;32:*.tar=01;31:*.tgz=01;31:*.arc=01;31:*.arj=01;31:*.taz=01;31:*.lha=01;31:*.lz4=01;31:*.lzh=01;31:*.lzma=01;31:*.tlz=01;31:*.txz=01;31:*.tzo=01;31:*.t7z=01;31:*.zip=01;31:*.z=01;31:*.dz=01;31:*.gz=01;31:*.lrz=01;31:*.lz=01;31:*.lzo=01;31:*.xz=01;31:*.zst=01;31:*.tzst=01;31:*.bz2=01;31:*.bz=01;31:*.tbz=01;31:*.tbz2=01;31:*.tz=01;31:*.deb=01;31:*.rpm=01;31:*.jar=01;31:*.war=01;31:*.ear=01;31:*.sar=01;31:*.rar=01;31:*.alz=01;31:*.ace=01;31:*.zoo=01;31:*.cpio=01;31:*.7z=01;31:*.rz=01;31:*.cab=01;31:*.wim=01;31:*.swm=01;31:*.dwm=01;31:*.esd=01;31:*.jpg=01;35:*.jpeg=01;35:*.mjpg=01;35:*.mjpeg=01;35:*.gif=01;35:*.bmp=01;35:*.pbm=01;35:*.pgm=01;35:*.ppm=01;35:*.tga=01;35:*.xbm=01;35:*.xpm=01;35:*.tif=01;35:*.tiff=01;35:*.png=01;35:*.svg=01;35:*.svgz=01;35:*.mng=01;35:*.pcx=01;35:*.mov=01;35:*.mpg=01;35:*.mpeg=01;35:*.m2v=01;35:*.mkv=01;35:*.webm=01;35:*.ogm=01;35:*.mp4=01;35:*.m4v=01;35:*.mp4v=01;35:*.vob=01;35:*.qt=01;35:*.nuv=01;35:*.wmv=01;35:*.asf=01;35:*.rm=01;35:*.rmvb=01;35:*.flc=01;35:*.avi=01;35:*.fli=01;35:*.flv=01;35:*.gl=01;35:*.dl=01;35:*.xcf=01;35:*.xwd=01;35:*.yuv=01;35:*.cgm=01;35:*.emf=01;35:*.ogv=01;35:*.ogx=01;35:*.aac=00;36:*.au=00;36:*.flac=00;36:*.m4a=00;36:*.mid=00;36:*.midi=00;36:*.mka=00;36:*.mp3=00;36:*.mpc=00;36:*.ogg=00;36:*.ra=00;36:*.wav=00;36:*.oga=00;36:*.opus=00;36:*.spx=00;36:*.xspf=00;36:'), ('AMENT_PREFIX_PATH', '/root/DockerFiles/drone_ws/install/tello_gazebo:/root/DockerFiles/drone_ws/install/tello_driver:/root/DockerFiles/drone_ws/install/tello_msgs:/root/DockerFiles/drone_ws/install/tello_mission:/root/DockerFiles/drone_ws/install/tello_hand_move:/root/DockerFiles/drone_ws/install/tello_description:/root/DockerFiles/drone_ws/install/tello_controller:/root/DockerFiles/drone_ws/install/tello_camera:/root/DockerFiles/drone_ws/install/ros2_shared:/opt/ros/foxy'), ('PWD', '/root/DockerFiles/drone_ws/build/tello_gazebo'), ('LC_ALL', 'C.UTF-8'), ('PYTHONPATH', '/root/DockerFiles/drone_ws/install/tello_msgs/lib/python3.8/site-packages:/root/DockerFiles/drone_ws/install/tello_mission/lib/python3.8/site-packages:/root/DockerFiles/drone_ws/install/tello_hand_move/lib/python3.8/site-packages:/root/DockerFiles/drone_ws/install/tello_controller/lib/python3.8/site-packages:/root/DockerFiles/drone_ws/install/tello_camera/lib/python3.8/site-packages:/opt/ros/foxy/lib/python3.8/site-packages'), ('COLCON', '1'), ('CMAKE_PREFIX_PATH', '/root/DockerFiles/drone_ws/install/tello_msgs:/root/DockerFiles/drone_ws/install/tello_gazebo:/root/DockerFiles/drone_ws/install/tello_driver:/root/DockerFiles/drone_ws/install/tello_description:/root/DockerFiles/drone_ws/install/ros2_shared:/root/DockerFiles/drone_ws/install/tello_mission:/root/DockerFiles/drone_ws/install/tello_hand_move:/root/DockerFiles/drone_ws/install/tello_controller:/root/DockerFiles/drone_ws/install/tello_camera:/opt/ros/foxy')]), 'shell': False}
[2.837193] (-) TimerEvent: {}
[2.940258] (-) TimerEvent: {}
[3.001331] (tello_driver) StdoutLine: {'line': b'[ 13%] Built target tello_joy_main\n'}
[3.012944] (tello_gazebo) StdoutLine: {'line': b'[100%] Built target TelloPlugin\n'}
[3.045316] (tello_gazebo) CommandEnded: {'returncode': 0}
[3.049325] (-) TimerEvent: {}
[3.104214] (tello_driver) StdoutLine: {'line': b'[ 22%] Built target tello_joy_node\n'}
[3.127388] (tello_gazebo) JobProgress: {'identifier': 'tello_gazebo', 'progress': 'install'}
[3.127748] (tello_gazebo) Command: {'cmd': ['/usr/bin/cmake', '--install', '/root/DockerFiles/drone_ws/build/tello_gazebo'], 'cwd': '/root/DockerFiles/drone_ws/build/tello_gazebo', 'env': OrderedDict([('HOSTNAME', 'vdani-H410M-H-V2'), ('SHLVL', '1'), ('LD_LIBRARY_PATH', '/root/DockerFiles/drone_ws/install/tello_msgs/lib:/root/DockerFiles/drone_ws/install/tello_gazebo/lib:/root/DockerFiles/drone_ws/install/tello_driver/lib:/usr/lib/x86_64-linux-gnu/gazebo-11/plugins:/opt/ros/foxy/opt/yaml_cpp_vendor/lib:/opt/ros/foxy/opt/rviz_ogre_vendor/lib:/opt/ros/foxy/lib/x86_64-linux-gnu:/opt/ros/foxy/lib'), ('HOME', '/root'), ('OLDPWD', '/root/DockerFiles'), ('ROS_PYTHON_VERSION', '3'), ('COLCON_PREFIX_PATH', '/root/DockerFiles/drone_ws/install'), ('ROS_DISTRO', 'foxy'), ('_', '/usr/bin/colcon'), ('ROS_VERSION', '2'), ('TERM', 'xterm'), ('ROS_LOCALHOST_ONLY', '0'), ('QT_X11_NO_MITSHM', '1'), ('PATH', '/opt/ros/foxy/bin:/usr/local/sbin:/usr/local/bin:/usr/sbin:/usr/bin:/sbin:/bin'), ('XDG_RUNTIME_DIR', '/run/user/1000'), ('DISPLAY', ':0'), ('LANG', 'C.UTF-8'), ('RMW_IMPLEMENTATION', 'rmw_fastrtps_cpp'), ('LS_COLORS', 'rs=0:di=01;34:ln=01;36:mh=00:pi=40;33:so=01;35:do=01;35:bd=40;33;01:cd=40;33;01:or=40;31;01:mi=00:su=37;41:sg=30;43:ca=30;41:tw=30;42:ow=34;42:st=37;44:ex=01;32:*.tar=01;31:*.tgz=01;31:*.arc=01;31:*.arj=01;31:*.taz=01;31:*.lha=01;31:*.lz4=01;31:*.lzh=01;31:*.lzma=01;31:*.tlz=01;31:*.txz=01;31:*.tzo=01;31:*.t7z=01;31:*.zip=01;31:*.z=01;31:*.dz=01;31:*.gz=01;31:*.lrz=01;31:*.lz=01;31:*.lzo=01;31:*.xz=01;31:*.zst=01;31:*.tzst=01;31:*.bz2=01;31:*.bz=01;31:*.tbz=01;31:*.tbz2=01;31:*.tz=01;31:*.deb=01;31:*.rpm=01;31:*.jar=01;31:*.war=01;31:*.ear=01;31:*.sar=01;31:*.rar=01;31:*.alz=01;31:*.ace=01;31:*.zoo=01;31:*.cpio=01;31:*.7z=01;31:*.rz=01;31:*.cab=01;31:*.wim=01;31:*.swm=01;31:*.dwm=01;31:*.esd=01;31:*.jpg=01;35:*.jpeg=01;35:*.mjpg=01;35:*.mjpeg=01;35:*.gif=01;35:*.bmp=01;35:*.pbm=01;35:*.pgm=01;35:*.ppm=01;35:*.tga=01;35:*.xbm=01;35:*.xpm=01;35:*.tif=01;35:*.tiff=01;35:*.png=01;35:*.svg=01;35:*.svgz=01;35:*.mng=01;35:*.pcx=01;35:*.mov=01;35:*.mpg=01;35:*.mpeg=01;35:*.m2v=01;35:*.mkv=01;35:*.webm=01;35:*.ogm=01;35:*.mp4=01;35:*.m4v=01;35:*.mp4v=01;35:*.vob=01;35:*.qt=01;35:*.nuv=01;35:*.wmv=01;35:*.asf=01;35:*.rm=01;35:*.rmvb=01;35:*.flc=01;35:*.avi=01;35:*.fli=01;35:*.flv=01;35:*.gl=01;35:*.dl=01;35:*.xcf=01;35:*.xwd=01;35:*.yuv=01;35:*.cgm=01;35:*.emf=01;35:*.ogv=01;35:*.ogx=01;35:*.aac=00;36:*.au=00;36:*.flac=00;36:*.m4a=00;36:*.mid=00;36:*.midi=00;36:*.mka=00;36:*.mp3=00;36:*.mpc=00;36:*.ogg=00;36:*.ra=00;36:*.wav=00;36:*.oga=00;36:*.opus=00;36:*.spx=00;36:*.xspf=00;36:'), ('AMENT_PREFIX_PATH', '/root/DockerFiles/drone_ws/install/tello_gazebo:/root/DockerFiles/drone_ws/install/tello_driver:/root/DockerFiles/drone_ws/install/tello_msgs:/root/DockerFiles/drone_ws/install/tello_mission:/root/DockerFiles/drone_ws/install/tello_hand_move:/root/DockerFiles/drone_ws/install/tello_description:/root/DockerFiles/drone_ws/install/tello_controller:/root/DockerFiles/drone_ws/install/tello_camera:/root/DockerFiles/drone_ws/install/ros2_shared:/opt/ros/foxy'), ('PWD', '/root/DockerFiles/drone_ws/build/tello_gazebo'), ('LC_ALL', 'C.UTF-8'), ('PYTHONPATH', '/root/DockerFiles/drone_ws/install/tello_msgs/lib/python3.8/site-packages:/root/DockerFiles/drone_ws/install/tello_mission/lib/python3.8/site-packages:/root/DockerFiles/drone_ws/install/tello_hand_move/lib/python3.8/site-packages:/root/DockerFiles/drone_ws/install/tello_controller/lib/python3.8/site-packages:/root/DockerFiles/drone_ws/install/tello_camera/lib/python3.8/site-packages:/opt/ros/foxy/lib/python3.8/site-packages'), ('COLCON', '1'), ('CMAKE_PREFIX_PATH', '/root/DockerFiles/drone_ws/install/tello_msgs:/root/DockerFiles/drone_ws/install/tello_gazebo:/root/DockerFiles/drone_ws/install/tello_driver:/root/DockerFiles/drone_ws/install/tello_description:/root/DockerFiles/drone_ws/install/ros2_shared:/root/DockerFiles/drone_ws/install/tello_mission:/root/DockerFiles/drone_ws/install/tello_hand_move:/root/DockerFiles/drone_ws/install/tello_controller:/root/DockerFiles/drone_ws/install/tello_camera:/opt/ros/foxy')]), 'shell': False}
[3.149926] (-) TimerEvent: {}
[3.165176] (tello_gazebo) StdoutLine: {'line': b'-- Install configuration: ""\n'}
[3.165399] (tello_gazebo) StdoutLine: {'line': b'-- Up-to-date: /root/DockerFiles/drone_ws/install/tello_gazebo/lib/libTelloPlugin.so\n'}
[3.165497] (tello_gazebo) StdoutLine: {'line': b'-- Up-to-date: /root/DockerFiles/drone_ws/install/tello_gazebo/share/tello_gazebo/models\n'}
[3.165575] (tello_gazebo) StdoutLine: {'line': b'-- Up-to-date: /root/DockerFiles/drone_ws/install/tello_gazebo/share/tello_gazebo/models/marker_5\n'}
[3.165653] (tello_gazebo) StdoutLine: {'line': b'-- Up-to-date: /root/DockerFiles/drone_ws/install/tello_gazebo/share/tello_gazebo/models/marker_5/materials\n'}
[3.165747] (tello_gazebo) StdoutLine: {'line': b'-- Up-to-date: /root/DockerFiles/drone_ws/install/tello_gazebo/share/tello_gazebo/models/marker_5/materials/textures\n'}
[3.165829] (tello_gazebo) StdoutLine: {'line': b'-- Up-to-date: /root/DockerFiles/drone_ws/install/tello_gazebo/share/tello_gazebo/models/marker_5/materials/textures/aruco_mark_5.svg\n'}
[3.165922] (tello_gazebo) StdoutLine: {'line': b'-- Up-to-date: /root/DockerFiles/drone_ws/install/tello_gazebo/share/tello_gazebo/models/marker_5/materials/textures/aruco_mark_5.png\n'}
[3.166001] (tello_gazebo) StdoutLine: {'line': b'-- Up-to-date: /root/DockerFiles/drone_ws/install/tello_gazebo/share/tello_gazebo/models/marker_5/materials/scripts\n'}
[3.166078] (tello_gazebo) StdoutLine: {'line': b'-- Up-to-date: /root/DockerFiles/drone_ws/install/tello_gazebo/share/tello_gazebo/models/marker_5/materials/scripts/marker_5.material\n'}
[3.169163] (tello_gazebo) StdoutLine: {'line': b'-- Up-to-date: /root/DockerFiles/drone_ws/install/tello_gazebo/share/tello_gazebo/models/marker_5/model.config\n'}
[3.212412] (tello_gazebo) StdoutLine: {'line': b'-- Up-to-date: /root/DockerFiles/drone_ws/install/tello_gazebo/share/tello_gazebo/models/marker_5/model.sdf\n'}
[3.213116] (tello_gazebo) StdoutLine: {'line': b'-- Up-to-date: /root/DockerFiles/drone_ws/install/tello_gazebo/share/tello_gazebo/models/marker_4\n'}
[3.213757] (tello_gazebo) StdoutLine: {'line': b'-- Up-to-date: /root/DockerFiles/drone_ws/install/tello_gazebo/share/tello_gazebo/models/marker_4/materials\n'}
[3.214780] (tello_gazebo) StdoutLine: {'line': b'-- Up-to-date: /root/DockerFiles/drone_ws/install/tello_gazebo/share/tello_gazebo/models/marker_4/materials/textures\n'}
[3.214920] (tello_gazebo) StdoutLine: {'line': b'-- Up-to-date: /root/DockerFiles/drone_ws/install/tello_gazebo/share/tello_gazebo/models/marker_4/materials/textures/aruco_mark_4.png\n'}
[3.215020] (tello_gazebo) StdoutLine: {'line': b'-- Up-to-date: /root/DockerFiles/drone_ws/install/tello_gazebo/share/tello_gazebo/models/marker_4/materials/textures/aruco_mark_4.svg\n'}
[3.215108] (tello_gazebo) StdoutLine: {'line': b'-- Up-to-date: /root/DockerFiles/drone_ws/install/tello_gazebo/share/tello_gazebo/models/marker_4/materials/scripts\n'}
[3.215192] (tello_gazebo) StdoutLine: {'line': b'-- Up-to-date: /root/DockerFiles/drone_ws/install/tello_gazebo/share/tello_gazebo/models/marker_4/materials/scripts/marker_4.material\n'}
[3.215275] (tello_driver) StdoutLine: {'line': b'[ 31%] Built target tello_emulator\n'}
[3.215438] (tello_gazebo) StdoutLine: {'line': b'-- Up-to-date: /root/DockerFiles/drone_ws/install/tello_gazebo/share/tello_gazebo/models/marker_4/model.config\n'}
[3.215563] (tello_gazebo) StdoutLine: {'line': b'-- Up-to-date: /root/DockerFiles/drone_ws/install/tello_gazebo/share/tello_gazebo/models/marker_4/model.sdf\n'}
[3.215716] (tello_gazebo) StdoutLine: {'line': b'-- Up-to-date: /root/DockerFiles/drone_ws/install/tello_gazebo/share/tello_gazebo/models/marker_0\n'}
[3.215823] (tello_gazebo) StdoutLine: {'line': b'-- Up-to-date: /root/DockerFiles/drone_ws/install/tello_gazebo/share/tello_gazebo/models/marker_0/materials\n'}
[3.215919] (tello_gazebo) StdoutLine: {'line': b'-- Up-to-date: /root/DockerFiles/drone_ws/install/tello_gazebo/share/tello_gazebo/models/marker_0/materials/textures\n'}
[3.216006] (tello_gazebo) StdoutLine: {'line': b'-- Up-to-date: /root/DockerFiles/drone_ws/install/tello_gazebo/share/tello_gazebo/models/marker_0/materials/textures/aruco_mark_0.png\n'}
[3.216090] (tello_gazebo) StdoutLine: {'line': b'-- Up-to-date: /root/DockerFiles/drone_ws/install/tello_gazebo/share/tello_gazebo/models/marker_0/materials/textures/aruco_mark_0.svg\n'}
[3.216170] (tello_gazebo) StdoutLine: {'line': b'-- Up-to-date: /root/DockerFiles/drone_ws/install/tello_gazebo/share/tello_gazebo/models/marker_0/materials/scripts\n'}
[3.216252] (tello_gazebo) StdoutLine: {'line': b'-- Up-to-date: /root/DockerFiles/drone_ws/install/tello_gazebo/share/tello_gazebo/models/marker_0/materials/scripts/marker_0.material\n'}
[3.216337] (tello_gazebo) StdoutLine: {'line': b'-- Up-to-date: /root/DockerFiles/drone_ws/install/tello_gazebo/share/tello_gazebo/models/marker_0/model.config\n'}
[3.216419] (tello_gazebo) StdoutLine: {'line': b'-- Up-to-date: /root/DockerFiles/drone_ws/install/tello_gazebo/share/tello_gazebo/models/marker_0/model.sdf\n'}
[3.216498] (tello_gazebo) StdoutLine: {'line': b'-- Up-to-date: /root/DockerFiles/drone_ws/install/tello_gazebo/share/tello_gazebo/models/marker_2\n'}
[3.216580] (tello_gazebo) StdoutLine: {'line': b'-- Up-to-date: /root/DockerFiles/drone_ws/install/tello_gazebo/share/tello_gazebo/models/marker_2/materials\n'}
[3.216662] (tello_gazebo) StdoutLine: {'line': b'-- Up-to-date: /root/DockerFiles/drone_ws/install/tello_gazebo/share/tello_gazebo/models/marker_2/materials/textures\n'}
[3.216745] (tello_gazebo) StdoutLine: {'line': b'-- Up-to-date: /root/DockerFiles/drone_ws/install/tello_gazebo/share/tello_gazebo/models/marker_2/materials/textures/aruco_mark_2.png\n'}
[3.216827] (tello_controller) StdoutLine: {'line': b'running egg_info\n'}
[3.231395] (tello_controller) StdoutLine: {'line': b'writing ../../build/tello_controller/tello_controller.egg-info/PKG-INFO\n'}
[3.232142] (tello_controller) StdoutLine: {'line': b'writing dependency_links to ../../build/tello_controller/tello_controller.egg-info/dependency_links.txt\n'}
[3.233009] (tello_controller) StdoutLine: {'line': b'writing requirements to ../../build/tello_controller/tello_controller.egg-info/requires.txt\n'}
[3.233945] (tello_controller) StdoutLine: {'line': b'writing top-level names to ../../build/tello_controller/tello_controller.egg-info/top_level.txt\n'}
[3.234259] (tello_gazebo) StdoutLine: {'line': b'-- Up-to-date: /root/DockerFiles/drone_ws/install/tello_gazebo/share/tello_gazebo/models/marker_2/materials/textures/aruco_mark_2.svg\n'}
[3.234373] (tello_gazebo) StdoutLine: {'line': b'-- Up-to-date: /root/DockerFiles/drone_ws/install/tello_gazebo/share/tello_gazebo/models/marker_2/materials/scripts\n'}
[3.234486] (tello_gazebo) StdoutLine: {'line': b'-- Up-to-date: /root/DockerFiles/drone_ws/install/tello_gazebo/share/tello_gazebo/models/marker_2/materials/scripts/marker_2.material\n'}
[3.234580] (tello_gazebo) StdoutLine: {'line': b'-- Up-to-date: /root/DockerFiles/drone_ws/install/tello_gazebo/share/tello_gazebo/models/marker_2/model.config\n'}
[3.234669] (tello_gazebo) StdoutLine: {'line': b'-- Up-to-date: /root/DockerFiles/drone_ws/install/tello_gazebo/share/tello_gazebo/models/marker_2/model.sdf\n'}
[3.234772] (tello_gazebo) StdoutLine: {'line': b'-- Up-to-date: /root/DockerFiles/drone_ws/install/tello_gazebo/share/tello_gazebo/models/marker_1\n'}
[3.234881] (tello_gazebo) StdoutLine: {'line': b'-- Up-to-date: /root/DockerFiles/drone_ws/install/tello_gazebo/share/tello_gazebo/models/marker_1/materials\n'}
[3.234987] (tello_gazebo) StdoutLine: {'line': b'-- Up-to-date: /root/DockerFiles/drone_ws/install/tello_gazebo/share/tello_gazebo/models/marker_1/materials/textures\n'}
[3.235090] (tello_gazebo) StdoutLine: {'line': b'-- Up-to-date: /root/DockerFiles/drone_ws/install/tello_gazebo/share/tello_gazebo/models/marker_1/materials/textures/aruco_mark_1.svg\n'}
[3.235198] (tello_gazebo) StdoutLine: {'line': b'-- Up-to-date: /root/DockerFiles/drone_ws/install/tello_gazebo/share/tello_gazebo/models/marker_1/materials/textures/aruco_mark_1.png\n'}
[3.235301] (tello_gazebo) StdoutLine: {'line': b'-- Up-to-date: /root/DockerFiles/drone_ws/install/tello_gazebo/share/tello_gazebo/models/marker_1/materials/scripts\n'}
[3.235406] (tello_gazebo) StdoutLine: {'line': b'-- Up-to-date: /root/DockerFiles/drone_ws/install/tello_gazebo/share/tello_gazebo/models/marker_1/materials/scripts/marker_1.material\n'}
[3.235506] (tello_gazebo) StdoutLine: {'line': b'-- Up-to-date: /root/DockerFiles/drone_ws/install/tello_gazebo/share/tello_gazebo/models/marker_1/model.config\n'}
[3.235611] (tello_gazebo) StdoutLine: {'line': b'-- Up-to-date: /root/DockerFiles/drone_ws/install/tello_gazebo/share/tello_gazebo/models/marker_1/model.sdf\n'}
[3.235711] (tello_gazebo) StdoutLine: {'line': b'-- Up-to-date: /root/DockerFiles/drone_ws/install/tello_gazebo/share/tello_gazebo/models/marker_7\n'}
[3.235813] (tello_gazebo) StdoutLine: {'line': b'-- Up-to-date: /root/DockerFiles/drone_ws/install/tello_gazebo/share/tello_gazebo/models/marker_7/materials\n'}
[3.235928] (tello_gazebo) StdoutLine: {'line': b'-- Up-to-date: /root/DockerFiles/drone_ws/install/tello_gazebo/share/tello_gazebo/models/marker_7/materials/textures\n'}
[3.236035] (tello_gazebo) StdoutLine: {'line': b'-- Up-to-date: /root/DockerFiles/drone_ws/install/tello_gazebo/share/tello_gazebo/models/marker_7/materials/textures/aruco_mark_7.svg\n'}
[3.236139] (tello_gazebo) StdoutLine: {'line': b'-- Up-to-date: /root/DockerFiles/drone_ws/install/tello_gazebo/share/tello_gazebo/models/marker_7/materials/textures/aruco_mark_7.png\n'}
[3.236242] (tello_gazebo) StdoutLine: {'line': b'-- Up-to-date: /root/DockerFiles/drone_ws/install/tello_gazebo/share/tello_gazebo/models/marker_7/materials/scripts\n'}
[3.236346] (tello_gazebo) StdoutLine: {'line': b'-- Up-to-date: /root/DockerFiles/drone_ws/install/tello_gazebo/share/tello_gazebo/models/marker_7/materials/scripts/marker_7.material\n'}
[3.236450] (tello_gazebo) StdoutLine: {'line': b'-- Up-to-date: /root/DockerFiles/drone_ws/install/tello_gazebo/share/tello_gazebo/models/marker_7/model.config\n'}
[3.236553] (tello_gazebo) StdoutLine: {'line': b'-- Up-to-date: /root/DockerFiles/drone_ws/install/tello_gazebo/share/tello_gazebo/models/marker_7/model.sdf\n'}
[3.236661] (tello_gazebo) StdoutLine: {'line': b'-- Up-to-date: /root/DockerFiles/drone_ws/install/tello_gazebo/share/tello_gazebo/models/marker_6\n'}
[3.236768] (tello_gazebo) StdoutLine: {'line': b'-- Up-to-date: /root/DockerFiles/drone_ws/install/tello_gazebo/share/tello_gazebo/models/marker_6/materials\n'}
[3.236894] (tello_gazebo) StdoutLine: {'line': b'-- Up-to-date: /root/DockerFiles/drone_ws/install/tello_gazebo/share/tello_gazebo/models/marker_6/materials/textures\n'}
[3.241335] (tello_gazebo) StdoutLine: {'line': b'-- Up-to-date: /root/DockerFiles/drone_ws/install/tello_gazebo/share/tello_gazebo/models/marker_6/materials/textures/aruco_mark_6.png\n'}
[3.241442] (tello_gazebo) StdoutLine: {'line': b'-- Up-to-date: /root/DockerFiles/drone_ws/install/tello_gazebo/share/tello_gazebo/models/marker_6/materials/textures/aruco_mark_6.svg\n'}
[3.241532] (tello_gazebo) StdoutLine: {'line': b'-- Up-to-date: /root/DockerFiles/drone_ws/install/tello_gazebo/share/tello_gazebo/models/marker_6/materials/scripts\n'}
[3.241626] (tello_gazebo) StdoutLine: {'line': b'-- Up-to-date: /root/DockerFiles/drone_ws/install/tello_gazebo/share/tello_gazebo/models/marker_6/materials/scripts/marker_6.material\n'}
[3.241719] (tello_gazebo) StdoutLine: {'line': b'-- Up-to-date: /root/DockerFiles/drone_ws/install/tello_gazebo/share/tello_gazebo/models/marker_6/model.config\n'}
[3.241828] (tello_gazebo) StdoutLine: {'line': b'-- Up-to-date: /root/DockerFiles/drone_ws/install/tello_gazebo/share/tello_gazebo/models/marker_6/model.sdf\n'}
[3.241936] (tello_gazebo) StdoutLine: {'line': b'-- Up-to-date: /root/DockerFiles/drone_ws/install/tello_gazebo/share/tello_gazebo/models/marker_3\n'}
[3.242032] (tello_gazebo) StdoutLine: {'line': b'-- Up-to-date: /root/DockerFiles/drone_ws/install/tello_gazebo/share/tello_gazebo/models/marker_3/materials\n'}
[3.242125] (tello_gazebo) StdoutLine: {'line': b'-- Up-to-date: /root/DockerFiles/drone_ws/install/tello_gazebo/share/tello_gazebo/models/marker_3/materials/textures\n'}
[3.242216] (tello_gazebo) StdoutLine: {'line': b'-- Up-to-date: /root/DockerFiles/drone_ws/install/tello_gazebo/share/tello_gazebo/models/marker_3/materials/textures/aruco_mark_3.png\n'}
[3.242307] (tello_gazebo) StdoutLine: {'line': b'-- Up-to-date: /root/DockerFiles/drone_ws/install/tello_gazebo/share/tello_gazebo/models/marker_3/materials/textures/aruco_mark_3.svg\n'}
[3.242416] (tello_gazebo) StdoutLine: {'line': b'-- Up-to-date: /root/DockerFiles/drone_ws/install/tello_gazebo/share/tello_gazebo/models/marker_3/materials/scripts\n'}
[3.242508] (tello_gazebo) StdoutLine: {'line': b'-- Up-to-date: /root/DockerFiles/drone_ws/install/tello_gazebo/share/tello_gazebo/models/marker_3/materials/scripts/marker_3.material\n'}
[3.242599] (tello_gazebo) StdoutLine: {'line': b'-- Up-to-date: /root/DockerFiles/drone_ws/install/tello_gazebo/share/tello_gazebo/models/marker_3/model.config\n'}
[3.242690] (tello_gazebo) StdoutLine: {'line': b'-- Up-to-date: /root/DockerFiles/drone_ws/install/tello_gazebo/share/tello_gazebo/models/marker_3/model.sdf\n'}
[3.242785] (tello_gazebo) StdoutLine: {'line': b'-- Up-to-date: /root/DockerFiles/drone_ws/install/tello_gazebo/share/tello_gazebo/worlds\n'}
[3.242882] (tello_gazebo) StdoutLine: {'line': b'-- Up-to-date: /root/DockerFiles/drone_ws/install/tello_gazebo/share/tello_gazebo/worlds/f2_map.yaml\n'}
[3.242975] (tello_gazebo) StdoutLine: {'line': b'-- Up-to-date: /root/DockerFiles/drone_ws/install/tello_gazebo/share/tello_gazebo/worlds/build_world.py\n'}
[3.243064] (tello_gazebo) StdoutLine: {'line': b'-- Up-to-date: /root/DockerFiles/drone_ws/install/tello_gazebo/share/tello_gazebo/worlds/fiducial.world\n'}
[3.243162] (tello_gazebo) StdoutLine: {'line': b'-- Up-to-date: /root/DockerFiles/drone_ws/install/tello_gazebo/share/tello_gazebo/worlds/simple.world\n'}
[3.243262] (tello_gazebo) StdoutLine: {'line': b'-- Up-to-date: /root/DockerFiles/drone_ws/install/tello_gazebo/share/tello_gazebo/worlds/fiducial_map.yaml\n'}
[3.243357] (tello_gazebo) StdoutLine: {'line': b'-- Up-to-date: /root/DockerFiles/drone_ws/install/tello_gazebo/share/tello_gazebo/worlds/f2.world\n'}
[3.243452] (tello_gazebo) StdoutLine: {'line': b'-- Up-to-date: /root/DockerFiles/drone_ws/install/tello_gazebo/share/tello_gazebo/launch\n'}
[3.243552] (tello_gazebo) StdoutLine: {'line': b'-- Up-to-date: /root/DockerFiles/drone_ws/install/tello_gazebo/share/tello_gazebo/launch/vlam_launch.py\n'}
[3.243655] (tello_gazebo) StdoutLine: {'line': b'-- Up-to-date: /root/DockerFiles/drone_ws/install/tello_gazebo/share/tello_gazebo/launch/simple_launch.py\n'}
[3.243758] (tello_gazebo) StdoutLine: {'line': b'-- Up-to-date: /root/DockerFiles/drone_ws/install/tello_gazebo/lib/tello_gazebo/inject_entity.py\n'}
[3.243870] (tello_gazebo) StdoutLine: {'line': b'-- Up-to-date: /root/DockerFiles/drone_ws/install/tello_gazebo/share/ament_index/resource_index/package_run_dependencies/tello_gazebo\n'}
[3.243976] (tello_gazebo) StdoutLine: {'line': b'-- Up-to-date: /root/DockerFiles/drone_ws/install/tello_gazebo/share/ament_index/resource_index/parent_prefix_path/tello_gazebo\n'}
[3.244079] (tello_gazebo) StdoutLine: {'line': b'-- Up-to-date: /root/DockerFiles/drone_ws/install/tello_gazebo/share/tello_gazebo/environment/ament_prefix_path.sh\n'}
[3.244178] (tello_gazebo) StdoutLine: {'line': b'-- Up-to-date: /root/DockerFiles/drone_ws/install/tello_gazebo/share/tello_gazebo/environment/ament_prefix_path.dsv\n'}
[3.244286] (tello_gazebo) StdoutLine: {'line': b'-- Up-to-date: /root/DockerFiles/drone_ws/install/tello_gazebo/share/tello_gazebo/environment/path.sh\n'}
[3.244377] (tello_gazebo) StdoutLine: {'line': b'-- Up-to-date: /root/DockerFiles/drone_ws/install/tello_gazebo/share/tello_gazebo/environment/path.dsv\n'}
[3.244467] (tello_gazebo) StdoutLine: {'line': b'-- Up-to-date: /root/DockerFiles/drone_ws/install/tello_gazebo/share/tello_gazebo/local_setup.bash\n'}
[3.244570] (tello_gazebo) StdoutLine: {'line': b'-- Up-to-date: /root/DockerFiles/drone_ws/install/tello_gazebo/share/tello_gazebo/local_setup.sh\n'}
[3.244673] (tello_gazebo) StdoutLine: {'line': b'-- Up-to-date: /root/DockerFiles/drone_ws/install/tello_gazebo/share/tello_gazebo/local_setup.zsh\n'}
[3.244767] (tello_gazebo) StdoutLine: {'line': b'-- Up-to-date: /root/DockerFiles/drone_ws/install/tello_gazebo/share/tello_gazebo/local_setup.dsv\n'}
[3.245012] (tello_gazebo) StdoutLine: {'line': b'-- Installing: /root/DockerFiles/drone_ws/install/tello_gazebo/share/tello_gazebo/package.dsv\n'}
[3.249415] (tello_gazebo) StdoutLine: {'line': b'-- Up-to-date: /root/DockerFiles/drone_ws/install/tello_gazebo/share/ament_index/resource_index/packages/tello_gazebo\n'}
[3.249535] (tello_gazebo) StdoutLine: {'line': b'-- Up-to-date: /root/DockerFiles/drone_ws/install/tello_gazebo/share/tello_gazebo/cmake/tello_gazeboConfig.cmake\n'}
[3.249643] (tello_gazebo) StdoutLine: {'line': b'-- Up-to-date: /root/DockerFiles/drone_ws/install/tello_gazebo/share/tello_gazebo/cmake/tello_gazeboConfig-version.cmake\n'}
[3.249744] (tello_gazebo) StdoutLine: {'line': b'-- Up-to-date: /root/DockerFiles/drone_ws/install/tello_gazebo/share/tello_gazebo/package.xml\n'}
[3.249842] (tello_gazebo) CommandEnded: {'returncode': 0}
[3.252164] (-) TimerEvent: {}
[3.258379] (tello_mission) StdoutLine: {'line': b'running egg_info\n'}
[3.258632] (tello_camera) StdoutLine: {'line': b'running egg_info\n'}
[3.258777] (tello_camera) StdoutLine: {'line': b'writing ../../build/tello_camera/tello_camera.egg-info/PKG-INFO\n'}
[3.275293] (tello_camera) StdoutLine: {'line': b'writing dependency_links to ../../build/tello_camera/tello_camera.egg-info/dependency_links.txt\n'}
[3.275552] (tello_camera) StdoutLine: {'line': b'writing entry points to ../../build/tello_camera/tello_camera.egg-info/entry_points.txt\n'}
[3.275647] (tello_camera) StdoutLine: {'line': b'writing requirements to ../../build/tello_camera/tello_camera.egg-info/requires.txt\n'}
[3.275732] (tello_camera) StdoutLine: {'line': b'writing top-level names to ../../build/tello_camera/tello_camera.egg-info/top_level.txt\n'}
[3.275818] (tello_mission) StdoutLine: {'line': b'writing ../../build/tello_mission/tello_mission.egg-info/PKG-INFO\n'}
[3.275932] (tello_hand_move) StdoutLine: {'line': b'running egg_info\n'}
[3.276073] (tello_hand_move) StdoutLine: {'line': b'writing ../../build/tello_hand_move/tello_hand_move.egg-info/PKG-INFO\n'}
[3.276159] (tello_hand_move) StdoutLine: {'line': b'writing dependency_links to ../../build/tello_hand_move/tello_hand_move.egg-info/dependency_links.txt\n'}
[3.276240] (tello_hand_move) StdoutLine: {'line': b'writing entry points to ../../build/tello_hand_move/tello_hand_move.egg-info/entry_points.txt\n'}
[3.276328] (tello_hand_move) StdoutLine: {'line': b'writing requirements to ../../build/tello_hand_move/tello_hand_move.egg-info/requires.txt\n'}
[3.276409] (tello_hand_move) StdoutLine: {'line': b'writing top-level names to ../../build/tello_hand_move/tello_hand_move.egg-info/top_level.txt\n'}
[3.282792] (tello_camera) StdoutLine: {'line': b"reading manifest file '../../build/tello_camera/tello_camera.egg-info/SOURCES.txt'\n"}
[3.283681] (tello_camera) StdoutLine: {'line': b"writing manifest file '../../build/tello_camera/tello_camera.egg-info/SOURCES.txt'\n"}
[3.283805] (tello_camera) StdoutLine: {'line': b'running build\n'}
[3.283901] (tello_camera) StdoutLine: {'line': b'running build_py\n'}
[3.284003] (tello_camera) StdoutLine: {'line': b'running install\n'}
[3.287449] (tello_controller) StdoutLine: {'line': b"reading manifest file '../../build/tello_controller/tello_controller.egg-info/SOURCES.txt'\n"}
[3.287637] (tello_camera) StdoutLine: {'line': b'running install_lib\n'}
[3.287784] (tello_camera) StdoutLine: {'line': b'running install_data\n'}
[3.287938] (tello_controller) StdoutLine: {'line': b"writing manifest file '../../build/tello_controller/tello_controller.egg-info/SOURCES.txt'\n"}
[3.288031] (tello_camera) StdoutLine: {'line': b'running install_egg_info\n'}
[3.288113] (tello_controller) StdoutLine: {'line': b'running build\n'}
[3.288194] (tello_controller) StdoutLine: {'line': b'running build_py\n'}
[3.288333] (tello_controller) StdoutLine: {'line': b'running install\n'}
[3.290340] (tello_camera) StdoutLine: {'line': b"removing '/root/DockerFiles/drone_ws/install/tello_camera/lib/python3.8/site-packages/tello_camera-0.0.1-py3.8.egg-info' (and everything under it)\n"}
[3.290688] (tello_camera) StdoutLine: {'line': b'Copying ../../build/tello_camera/tello_camera.egg-info to /root/DockerFiles/drone_ws/install/tello_camera/lib/python3.8/site-packages/tello_camera-0.0.1-py3.8.egg-info\n'}
[3.291772] (tello_camera) StdoutLine: {'line': b'running install_scripts\n'}
[3.292457] (tello_controller) StdoutLine: {'line': b'running install_lib\n'}
[3.297716] (tello_controller) StdoutLine: {'line': b'running install_data\n'}
[3.298327] (tello_controller) StdoutLine: {'line': b'running install_egg_info\n'}
[3.306709] (tello_controller) StdoutLine: {'line': b"removing '/root/DockerFiles/drone_ws/install/tello_controller/lib/python3.8/site-packages/tello_controller-0.0.1-py3.8.egg-info' (and everything under it)\n"}
[3.306943] (tello_controller) StdoutLine: {'line': b'Copying ../../build/tello_controller/tello_controller.egg-info to /root/DockerFiles/drone_ws/install/tello_controller/lib/python3.8/site-packages/tello_controller-0.0.1-py3.8.egg-info\n'}
[3.308971] (tello_controller) StdoutLine: {'line': b'running install_scripts\n'}
[3.316676] (tello_camera) StdoutLine: {'line': b'Installing tello_camera script to /root/DockerFiles/drone_ws/install/tello_camera/lib/tello_camera\n'}
[3.317195] (tello_camera) StdoutLine: {'line': b"writing list of installed files to '/root/DockerFiles/drone_ws/build/tello_camera/install.log'\n"}
[3.323151] (tello_mission) StdoutLine: {'line': b'writing dependency_links to ../../build/tello_mission/tello_mission.egg-info/dependency_links.txt\n'}
[3.324712] (tello_mission) StdoutLine: {'line': b'writing entry points to ../../build/tello_mission/tello_mission.egg-info/entry_points.txt\n'}
[3.324985] (tello_mission) StdoutLine: {'line': b'writing requirements to ../../build/tello_mission/tello_mission.egg-info/requires.txt\n'}
[3.325281] (tello_mission) StdoutLine: {'line': b'writing top-level names to ../../build/tello_mission/tello_mission.egg-info/top_level.txt\n'}
[3.336114] (tello_hand_move) StdoutLine: {'line': b"reading manifest file '../../build/tello_hand_move/tello_hand_move.egg-info/SOURCES.txt'\n"}
[3.338287] (tello_hand_move) StdoutLine: {'line': b"writing manifest file '../../build/tello_hand_move/tello_hand_move.egg-info/SOURCES.txt'\n"}
[3.339765] (tello_hand_move) StdoutLine: {'line': b'running build\n'}
[3.343846] (tello_hand_move) StdoutLine: {'line': b'running build_py\n'}
[3.345162] (tello_hand_move) StdoutLine: {'line': b'running install\n'}
[3.345310] (tello_hand_move) StdoutLine: {'line': b'running install_lib\n'}
[3.345400] (tello_hand_move) StdoutLine: {'line': b'running install_egg_info\n'}
[3.349978] (tello_hand_move) StdoutLine: {'line': b"removing '/root/DockerFiles/drone_ws/install/tello_hand_move/lib/python3.8/site-packages/tello_hand_move-0.0.2-py3.8.egg-info' (and everything under it)\n"}
[3.350216] (tello_hand_move) StdoutLine: {'line': b'Copying ../../build/tello_hand_move/tello_hand_move.egg-info to /root/DockerFiles/drone_ws/install/tello_hand_move/lib/python3.8/site-packages/tello_hand_move-0.0.2-py3.8.egg-info\n'}
[3.350391] (tello_hand_move) StdoutLine: {'line': b'running install_scripts\n'}
[3.353826] (-) TimerEvent: {}
[3.378419] (tello_controller) StdoutLine: {'line': b"writing list of installed files to '/root/DockerFiles/drone_ws/build/tello_controller/install.log'\n"}
[3.385083] (tello_hand_move) StdoutLine: {'line': b'Installing tello_hand_move script to /root/DockerFiles/drone_ws/install/tello_hand_move/lib/tello_hand_move\n'}
[3.385737] (tello_hand_move) StdoutLine: {'line': b"writing list of installed files to '/root/DockerFiles/drone_ws/build/tello_hand_move/install.log'\n"}
[3.390450] (tello_gazebo) JobEnded: {'identifier': 'tello_gazebo', 'rc': 0}
[3.396510] (tello_camera) CommandEnded: {'returncode': 0}
[3.409559] (tello_driver) StdoutLine: {'line': b'[ 68%] Built target tello_driver_main\n'}
[3.425157] (tello_mission) StdoutLine: {'line': b"reading manifest file '../../build/tello_mission/tello_mission.egg-info/SOURCES.txt'\n"}
[3.434820] (tello_mission) StdoutLine: {'line': b"writing manifest file '../../build/tello_mission/tello_mission.egg-info/SOURCES.txt'\n"}
[3.435060] (tello_mission) StdoutLine: {'line': b'running build\n'}
[3.435167] (tello_mission) StdoutLine: {'line': b'running build_py\n'}
[3.435262] (tello_mission) StdoutLine: {'line': b'copying tello_mission/tello_mission.py -> /root/DockerFiles/drone_ws/build/tello_mission/build/lib/tello_mission\n'}
[3.435352] (tello_mission) StdoutLine: {'line': b'running install\n'}
[3.435440] (tello_mission) StdoutLine: {'line': b'running install_lib\n'}
[3.442196] (tello_mission) StdoutLine: {'line': b'copying /root/DockerFiles/drone_ws/build/tello_mission/build/lib/tello_mission/tello_mission.py -> /root/DockerFiles/drone_ws/install/tello_mission/lib/python3.8/site-packages/tello_mission\n'}
[3.445020] (tello_mission) StdoutLine: {'line': b'byte-compiling /root/DockerFiles/drone_ws/install/tello_mission/lib/python3.8/site-packages/tello_mission/tello_mission.py to tello_mission.cpython-38.pyc\n'}
[3.451880] (tello_camera) JobEnded: {'identifier': 'tello_camera', 'rc': 0}
[3.453253] (tello_mission) StdoutLine: {'line': b'running install_data\n'}
[3.454099] (-) TimerEvent: {}
[3.458139] (tello_mission) StdoutLine: {'line': b'running install_egg_info\n'}
[3.462271] (tello_mission) StdoutLine: {'line': b"removing '/root/DockerFiles/drone_ws/install/tello_mission/lib/python3.8/site-packages/tello_mission-0.0.1-py3.8.egg-info' (and everything under it)\n"}
[3.463219] (tello_mission) StdoutLine: {'line': b'Copying ../../build/tello_mission/tello_mission.egg-info to /root/DockerFiles/drone_ws/install/tello_mission/lib/python3.8/site-packages/tello_mission-0.0.1-py3.8.egg-info\n'}
[3.464048] (tello_mission) StdoutLine: {'line': b'running install_scripts\n'}
[3.471822] (tello_hand_move) CommandEnded: {'returncode': 0}
[3.492632] (tello_hand_move) JobEnded: {'identifier': 'tello_hand_move', 'rc': 0}
[3.493572] (tello_mission) StdoutLine: {'line': b'Installing tello_mission script to /root/DockerFiles/drone_ws/install/tello_mission/lib/tello_mission\n'}
[3.493748] (tello_mission) StdoutLine: {'line': b"writing list of installed files to '/root/DockerFiles/drone_ws/build/tello_mission/install.log'\n"}
[3.514249] (tello_driver) StdoutLine: {'line': b'[100%] Built target tello_driver_node\n'}
[3.514537] (tello_controller) CommandEnded: {'returncode': 0}
[3.534097] (tello_controller) JobEnded: {'identifier': 'tello_controller', 'rc': 0}
[3.536766] (tello_driver) CommandEnded: {'returncode': 0}
[3.562543] (tello_mission) CommandEnded: {'returncode': 0}
[3.563749] (-) TimerEvent: {}
[3.577420] (tello_mission) JobEnded: {'identifier': 'tello_mission', 'rc': 0}
[3.668292] (tello_driver) JobProgress: {'identifier': 'tello_driver', 'progress': 'install'}
[3.668473] (-) TimerEvent: {}
[3.670128] (tello_driver) Command: {'cmd': ['/usr/bin/cmake', '--install', '/root/DockerFiles/drone_ws/build/tello_driver'], 'cwd': '/root/DockerFiles/drone_ws/build/tello_driver', 'env': OrderedDict([('HOSTNAME', 'vdani-H410M-H-V2'), ('SHLVL', '1'), ('LD_LIBRARY_PATH', '/root/DockerFiles/drone_ws/install/tello_msgs/lib:/root/DockerFiles/drone_ws/install/tello_gazebo/lib:/root/DockerFiles/drone_ws/install/tello_driver/lib:/usr/lib/x86_64-linux-gnu/gazebo-11/plugins:/opt/ros/foxy/opt/yaml_cpp_vendor/lib:/opt/ros/foxy/opt/rviz_ogre_vendor/lib:/opt/ros/foxy/lib/x86_64-linux-gnu:/opt/ros/foxy/lib'), ('HOME', '/root'), ('OLDPWD', '/root/DockerFiles'), ('ROS_PYTHON_VERSION', '3'), ('COLCON_PREFIX_PATH', '/root/DockerFiles/drone_ws/install'), ('ROS_DISTRO', 'foxy'), ('_', '/usr/bin/colcon'), ('ROS_VERSION', '2'), ('TERM', 'xterm'), ('ROS_LOCALHOST_ONLY', '0'), ('QT_X11_NO_MITSHM', '1'), ('PATH', '/opt/ros/foxy/bin:/usr/local/sbin:/usr/local/bin:/usr/sbin:/usr/bin:/sbin:/bin'), ('XDG_RUNTIME_DIR', '/run/user/1000'), ('DISPLAY', ':0'), ('LANG', 'C.UTF-8'), ('RMW_IMPLEMENTATION', 'rmw_fastrtps_cpp'), ('LS_COLORS', 'rs=0:di=01;34:ln=01;36:mh=00:pi=40;33:so=01;35:do=01;35:bd=40;33;01:cd=40;33;01:or=40;31;01:mi=00:su=37;41:sg=30;43:ca=30;41:tw=30;42:ow=34;42:st=37;44:ex=01;32:*.tar=01;31:*.tgz=01;31:*.arc=01;31:*.arj=01;31:*.taz=01;31:*.lha=01;31:*.lz4=01;31:*.lzh=01;31:*.lzma=01;31:*.tlz=01;31:*.txz=01;31:*.tzo=01;31:*.t7z=01;31:*.zip=01;31:*.z=01;31:*.dz=01;31:*.gz=01;31:*.lrz=01;31:*.lz=01;31:*.lzo=01;31:*.xz=01;31:*.zst=01;31:*.tzst=01;31:*.bz2=01;31:*.bz=01;31:*.tbz=01;31:*.tbz2=01;31:*.tz=01;31:*.deb=01;31:*.rpm=01;31:*.jar=01;31:*.war=01;31:*.ear=01;31:*.sar=01;31:*.rar=01;31:*.alz=01;31:*.ace=01;31:*.zoo=01;31:*.cpio=01;31:*.7z=01;31:*.rz=01;31:*.cab=01;31:*.wim=01;31:*.swm=01;31:*.dwm=01;31:*.esd=01;31:*.jpg=01;35:*.jpeg=01;35:*.mjpg=01;35:*.mjpeg=01;35:*.gif=01;35:*.bmp=01;35:*.pbm=01;35:*.pgm=01;35:*.ppm=01;35:*.tga=01;35:*.xbm=01;35:*.xpm=01;35:*.tif=01;35:*.tiff=01;35:*.png=01;35:*.svg=01;35:*.svgz=01;35:*.mng=01;35:*.pcx=01;35:*.mov=01;35:*.mpg=01;35:*.mpeg=01;35:*.m2v=01;35:*.mkv=01;35:*.webm=01;35:*.ogm=01;35:*.mp4=01;35:*.m4v=01;35:*.mp4v=01;35:*.vob=01;35:*.qt=01;35:*.nuv=01;35:*.wmv=01;35:*.asf=01;35:*.rm=01;35:*.rmvb=01;35:*.flc=01;35:*.avi=01;35:*.fli=01;35:*.flv=01;35:*.gl=01;35:*.dl=01;35:*.xcf=01;35:*.xwd=01;35:*.yuv=01;35:*.cgm=01;35:*.emf=01;35:*.ogv=01;35:*.ogx=01;35:*.aac=00;36:*.au=00;36:*.flac=00;36:*.m4a=00;36:*.mid=00;36:*.midi=00;36:*.mka=00;36:*.mp3=00;36:*.mpc=00;36:*.ogg=00;36:*.ra=00;36:*.wav=00;36:*.oga=00;36:*.opus=00;36:*.spx=00;36:*.xspf=00;36:'), ('AMENT_PREFIX_PATH', '/root/DockerFiles/drone_ws/install/tello_gazebo:/root/DockerFiles/drone_ws/install/tello_driver:/root/DockerFiles/drone_ws/install/tello_msgs:/root/DockerFiles/drone_ws/install/tello_mission:/root/DockerFiles/drone_ws/install/tello_hand_move:/root/DockerFiles/drone_ws/install/tello_description:/root/DockerFiles/drone_ws/install/tello_controller:/root/DockerFiles/drone_ws/install/tello_camera:/root/DockerFiles/drone_ws/install/ros2_shared:/opt/ros/foxy'), ('PWD', '/root/DockerFiles/drone_ws/build/tello_driver'), ('LC_ALL', 'C.UTF-8'), ('PYTHONPATH', '/root/DockerFiles/drone_ws/install/tello_msgs/lib/python3.8/site-packages:/root/DockerFiles/drone_ws/install/tello_mission/lib/python3.8/site-packages:/root/DockerFiles/drone_ws/install/tello_hand_move/lib/python3.8/site-packages:/root/DockerFiles/drone_ws/install/tello_controller/lib/python3.8/site-packages:/root/DockerFiles/drone_ws/install/tello_camera/lib/python3.8/site-packages:/opt/ros/foxy/lib/python3.8/site-packages'), ('COLCON', '1'), ('CMAKE_PREFIX_PATH', '/root/DockerFiles/drone_ws/install/tello_msgs:/root/DockerFiles/drone_ws/install/ros2_shared:/root/DockerFiles/drone_ws/install/tello_gazebo:/root/DockerFiles/drone_ws/install/tello_driver:/root/DockerFiles/drone_ws/install/tello_description:/root/DockerFiles/drone_ws/install/tello_mission:/root/DockerFiles/drone_ws/install/tello_hand_move:/root/DockerFiles/drone_ws/install/tello_controller:/root/DockerFiles/drone_ws/install/tello_camera:/opt/ros/foxy')]), 'shell': False}
[3.684781] (tello_driver) StdoutLine: {'line': b'-- Install configuration: ""\n'}
[3.685782] (tello_driver) StdoutLine: {'line': b'-- Up-to-date: /root/DockerFiles/drone_ws/install/tello_driver/share/tello_driver/environment/library_path.sh\n'}
[3.686023] (tello_driver) StdoutLine: {'line': b'-- Up-to-date: /root/DockerFiles/drone_ws/install/tello_driver/share/tello_driver/environment/library_path.dsv\n'}
[3.686154] (tello_driver) StdoutLine: {'line': b'-- Up-to-date: /root/DockerFiles/drone_ws/install/tello_driver/lib/libtello_driver_node.so\n'}
[3.686258] (tello_driver) StdoutLine: {'line': b'-- Up-to-date: /root/DockerFiles/drone_ws/install/tello_driver/lib/libtello_joy_node.so\n'}
[3.686357] (tello_driver) StdoutLine: {'line': b'-- Up-to-date: /root/DockerFiles/drone_ws/install/tello_driver/lib/tello_driver/tello_driver_main\n'}
[3.686493] (tello_driver) StdoutLine: {'line': b'-- Up-to-date: /root/DockerFiles/drone_ws/install/tello_driver/lib/tello_driver/tello_joy_main\n'}
[3.686838] (tello_driver) StdoutLine: {'line': b'-- Up-to-date: /root/DockerFiles/drone_ws/install/tello_driver/lib/tello_driver/tello_emulator\n'}
[3.689491] (tello_driver) StdoutLine: {'line': b'-- Up-to-date: /root/DockerFiles/drone_ws/install/tello_driver/share/tello_driver/cfg\n'}
[3.689634] (tello_driver) StdoutLine: {'line': b'-- Up-to-date: /root/DockerFiles/drone_ws/install/tello_driver/share/tello_driver/cfg/camera_info.yaml\n'}
[3.689749] (tello_driver) StdoutLine: {'line': b'-- Up-to-date: /root/DockerFiles/drone_ws/install/tello_driver/share/tello_driver/launch\n'}
[3.689839] (tello_driver) StdoutLine: {'line': b'-- Up-to-date: /root/DockerFiles/drone_ws/install/tello_driver/share/tello_driver/launch/teleop_launch.py\n'}
[3.689935] (tello_driver) StdoutLine: {'line': b'-- Up-to-date: /root/DockerFiles/drone_ws/install/tello_driver/share/tello_driver/launch/emulators_launch.py\n'}
[3.692701] (tello_driver) StdoutLine: {'line': b'-- Up-to-date: /root/DockerFiles/drone_ws/install/tello_driver/share/tello_driver/launch/emulator_launch.py\n'}
[3.692854] (tello_driver) StdoutLine: {'line': b'-- Up-to-date: /root/DockerFiles/drone_ws/install/tello_driver/share/ament_index/resource_index/package_run_dependencies/tello_driver\n'}
[3.694243] (tello_driver) StdoutLine: {'line': b'-- Up-to-date: /root/DockerFiles/drone_ws/install/tello_driver/share/ament_index/resource_index/parent_prefix_path/tello_driver\n'}
[3.700909] (tello_driver) StdoutLine: {'line': b'-- Up-to-date: /root/DockerFiles/drone_ws/install/tello_driver/share/tello_driver/environment/ament_prefix_path.sh\n'}
[3.701072] (tello_driver) StdoutLine: {'line': b'-- Up-to-date: /root/DockerFiles/drone_ws/install/tello_driver/share/tello_driver/environment/ament_prefix_path.dsv\n'}
[3.701165] (tello_driver) StdoutLine: {'line': b'-- Up-to-date: /root/DockerFiles/drone_ws/install/tello_driver/share/tello_driver/environment/path.sh\n'}
[3.701246] (tello_driver) StdoutLine: {'line': b'-- Up-to-date: /root/DockerFiles/drone_ws/install/tello_driver/share/tello_driver/environment/path.dsv\n'}
[3.701328] (tello_driver) StdoutLine: {'line': b'-- Up-to-date: /root/DockerFiles/drone_ws/install/tello_driver/share/tello_driver/local_setup.bash\n'}
[3.701407] (tello_driver) StdoutLine: {'line': b'-- Up-to-date: /root/DockerFiles/drone_ws/install/tello_driver/share/tello_driver/local_setup.sh\n'}
[3.701484] (tello_driver) StdoutLine: {'line': b'-- Up-to-date: /root/DockerFiles/drone_ws/install/tello_driver/share/tello_driver/local_setup.zsh\n'}
[3.713603] (tello_driver) StdoutLine: {'line': b'-- Up-to-date: /root/DockerFiles/drone_ws/install/tello_driver/share/tello_driver/local_setup.dsv\n'}
[3.713847] (tello_driver) StdoutLine: {'line': b'-- Installing: /root/DockerFiles/drone_ws/install/tello_driver/share/tello_driver/package.dsv\n'}
[3.714005] (tello_driver) StdoutLine: {'line': b'-- Up-to-date: /root/DockerFiles/drone_ws/install/tello_driver/share/ament_index/resource_index/packages/tello_driver\n'}
[3.714951] (tello_driver) StdoutLine: {'line': b'-- Up-to-date: /root/DockerFiles/drone_ws/install/tello_driver/share/ament_index/resource_index/rclcpp_components/tello_driver\n'}
[3.715441] (tello_driver) StdoutLine: {'line': b'-- Up-to-date: /root/DockerFiles/drone_ws/install/tello_driver/share/tello_driver/cmake/tello_driverConfig.cmake\n'}
[3.715538] (tello_driver) StdoutLine: {'line': b'-- Up-to-date: /root/DockerFiles/drone_ws/install/tello_driver/share/tello_driver/cmake/tello_driverConfig-version.cmake\n'}
[3.715640] (tello_driver) StdoutLine: {'line': b'-- Up-to-date: /root/DockerFiles/drone_ws/install/tello_driver/share/tello_driver/package.xml\n'}
[3.728926] (tello_driver) CommandEnded: {'returncode': 0}
[3.770747] (-) TimerEvent: {}
[3.875313] (-) TimerEvent: {}
[3.939841] (tello_driver) JobEnded: {'identifier': 'tello_driver', 'rc': 0}
[3.940992] (-) EventReactorShutdown: {}
