[0.000000] (-) TimerEvent: {}
[0.000712] (ros2_shared) JobQueued: {'identifier': 'ros2_shared', 'dependencies': OrderedDict()}
[0.000813] (tello_camera) JobQueued: {'identifier': 'tello_camera', 'dependencies': OrderedDict()}
[0.000928] (tello_description) JobQueued: {'identifier': 'tello_description', 'dependencies': OrderedDict()}
[0.002800] (tello_hand_move) JobQueued: {'identifier': 'tello_hand_move', 'dependencies': OrderedDict()}
[0.003356] (tello_msgs) JobQueued: {'identifier': 'tello_msgs', 'dependencies': OrderedDict()}
[0.006552] (tello_driver) JobQueued: {'identifier': 'tello_driver', 'dependencies': OrderedDict([('ros2_shared', '/root/DockerFiles/drone_ws/install/ros2_shared'), ('tello_msgs', '/root/DockerFiles/drone_ws/install/tello_msgs')])}
[0.006754] (tello_gazebo) JobQueued: {'identifier': 'tello_gazebo', 'dependencies': OrderedDict([('tello_msgs', '/root/DockerFiles/drone_ws/install/tello_msgs')])}
[0.006789] (tello_msgs) JobStarted: {'identifier': 'tello_msgs'}
[0.024798] (ros2_shared) JobStarted: {'identifier': 'ros2_shared'}
[0.038800] (tello_camera) JobStarted: {'identifier': 'tello_camera'}
[0.055168] (tello_description) JobStarted: {'identifier': 'tello_description'}
[0.068608] (tello_hand_move) JobStarted: {'identifier': 'tello_hand_move'}
[0.092930] (tello_msgs) JobProgress: {'identifier': 'tello_msgs', 'progress': 'cmake'}
[0.093173] (tello_msgs) Command: {'cmd': ['/usr/bin/cmake', '/root/DockerFiles/drone_ws/src/tello_ros/tello_msgs', '-DCMAKE_INSTALL_PREFIX=/root/DockerFiles/drone_ws/install/tello_msgs'], 'cwd': '/root/DockerFiles/drone_ws/build/tello_msgs', 'env': OrderedDict([('HOSTNAME', 'vdani-H410M-H-V2'), ('SHLVL', '1'), ('LD_LIBRARY_PATH', '/root/DockerFiles/drone_ws/install/tello_gazebo/lib:/root/DockerFiles/drone_ws/install/tello_driver/lib:/root/DockerFiles/drone_ws/install/tello_msgs/lib:/usr/lib/x86_64-linux-gnu/gazebo-11/plugins:/opt/ros/foxy/opt/yaml_cpp_vendor/lib:/opt/ros/foxy/opt/rviz_ogre_vendor/lib:/opt/ros/foxy/lib/x86_64-linux-gnu:/opt/ros/foxy/lib'), ('HOME', '/root'), ('OLDPWD', '/root/DockerFiles'), ('ROS_PYTHON_VERSION', '3'), ('COLCON_PREFIX_PATH', '/root/DockerFiles/drone_ws/install:/root/DockerFiles/install'), ('ROS_DISTRO', 'foxy'), ('_', '/usr/bin/colcon'), ('ROS_VERSION', '2'), ('TERM', 'xterm'), ('ROS_LOCALHOST_ONLY', '0'), ('QT_X11_NO_MITSHM', '1'), ('PATH', '/root/DockerFiles/drone_ws/install/tello_camera/bin:/opt/ros/foxy/bin:/root/DockerFiles/install/tello_camera/bin:/usr/local/sbin:/usr/local/bin:/usr/sbin:/usr/bin:/sbin:/bin'), ('XDG_RUNTIME_DIR', '/run/user/1000'), ('DISPLAY', ':0'), ('LANG', 'C.UTF-8'), ('RMW_IMPLEMENTATION', 'rmw_fastrtps_cpp'), ('LS_COLORS', 'rs=0:di=01;34:ln=01;36:mh=00:pi=40;33:so=01;35:do=01;35:bd=40;33;01:cd=40;33;01:or=40;31;01:mi=00:su=37;41:sg=30;43:ca=30;41:tw=30;42:ow=34;42:st=37;44:ex=01;32:*.tar=01;31:*.tgz=01;31:*.arc=01;31:*.arj=01;31:*.taz=01;31:*.lha=01;31:*.lz4=01;31:*.lzh=01;31:*.lzma=01;31:*.tlz=01;31:*.txz=01;31:*.tzo=01;31:*.t7z=01;31:*.zip=01;31:*.z=01;31:*.dz=01;31:*.gz=01;31:*.lrz=01;31:*.lz=01;31:*.lzo=01;31:*.xz=01;31:*.zst=01;31:*.tzst=01;31:*.bz2=01;31:*.bz=01;31:*.tbz=01;31:*.tbz2=01;31:*.tz=01;31:*.deb=01;31:*.rpm=01;31:*.jar=01;31:*.war=01;31:*.ear=01;31:*.sar=01;31:*.rar=01;31:*.alz=01;31:*.ace=01;31:*.zoo=01;31:*.cpio=01;31:*.7z=01;31:*.rz=01;31:*.cab=01;31:*.wim=01;31:*.swm=01;31:*.dwm=01;31:*.esd=01;31:*.jpg=01;35:*.jpeg=01;35:*.mjpg=01;35:*.mjpeg=01;35:*.gif=01;35:*.bmp=01;35:*.pbm=01;35:*.pgm=01;35:*.ppm=01;35:*.tga=01;35:*.xbm=01;35:*.xpm=01;35:*.tif=01;35:*.tiff=01;35:*.png=01;35:*.svg=01;35:*.svgz=01;35:*.mng=01;35:*.pcx=01;35:*.mov=01;35:*.mpg=01;35:*.mpeg=01;35:*.m2v=01;35:*.mkv=01;35:*.webm=01;35:*.ogm=01;35:*.mp4=01;35:*.m4v=01;35:*.mp4v=01;35:*.vob=01;35:*.qt=01;35:*.nuv=01;35:*.wmv=01;35:*.asf=01;35:*.rm=01;35:*.rmvb=01;35:*.flc=01;35:*.avi=01;35:*.fli=01;35:*.flv=01;35:*.gl=01;35:*.dl=01;35:*.xcf=01;35:*.xwd=01;35:*.yuv=01;35:*.cgm=01;35:*.emf=01;35:*.ogv=01;35:*.ogx=01;35:*.aac=00;36:*.au=00;36:*.flac=00;36:*.m4a=00;36:*.mid=00;36:*.midi=00;36:*.mka=00;36:*.mp3=00;36:*.mpc=00;36:*.ogg=00;36:*.ra=00;36:*.wav=00;36:*.oga=00;36:*.opus=00;36:*.spx=00;36:*.xspf=00;36:'), ('AMENT_PREFIX_PATH', '/root/DockerFiles/drone_ws/install/tello_gazebo:/root/DockerFiles/drone_ws/install/tello_driver:/root/DockerFiles/drone_ws/install/tello_msgs:/root/DockerFiles/drone_ws/install/tello_hand_move:/root/DockerFiles/drone_ws/install/tello_description:/root/DockerFiles/drone_ws/install/tello_camera:/root/DockerFiles/drone_ws/install/ros2_shared:/opt/ros/foxy:/root/DockerFiles/install/tello_camera'), ('PWD', '/root/DockerFiles/drone_ws/build/tello_msgs'), ('LC_ALL', 'C.UTF-8'), ('PYTHONPATH', '/root/DockerFiles/drone_ws/install/tello_msgs/lib/python3.8/site-packages:/root/DockerFiles/drone_ws/install/tello_hand_move/lib/python3.8/site-packages:/root/DockerFiles/drone_ws/install/tello_camera/lib/python3.8/site-packages:/opt/ros/foxy/lib/python3.8/site-packages:/root/DockerFiles/build/tello_camera:/root/DockerFiles/install/tello_camera/lib/python3.8/site-packages'), ('COLCON', '1'), ('CMAKE_PREFIX_PATH', '/root/DockerFiles/drone_ws/install/tello_gazebo:/root/DockerFiles/drone_ws/install/tello_driver:/root/DockerFiles/drone_ws/install/tello_msgs:/root/DockerFiles/drone_ws/install/tello_description:/root/DockerFiles/drone_ws/install/ros2_shared:/root/DockerFiles/drone_ws/install/tello_hand_move:/root/DockerFiles/drone_ws/install/tello_camera:/opt/ros/foxy:/root/DockerFiles/install/tello_camera')]), 'shell': False}
[0.098924] (-) TimerEvent: {}
[0.100590] (ros2_shared) JobProgress: {'identifier': 'ros2_shared', 'progress': 'cmake'}
[0.100898] (ros2_shared) Command: {'cmd': ['/usr/bin/cmake', '/root/DockerFiles/drone_ws/src/ros2_shared', '-DCMAKE_INSTALL_PREFIX=/root/DockerFiles/drone_ws/install/ros2_shared'], 'cwd': '/root/DockerFiles/drone_ws/build/ros2_shared', 'env': OrderedDict([('HOSTNAME', 'vdani-H410M-H-V2'), ('SHLVL', '1'), ('LD_LIBRARY_PATH', '/root/DockerFiles/drone_ws/install/tello_gazebo/lib:/root/DockerFiles/drone_ws/install/tello_driver/lib:/root/DockerFiles/drone_ws/install/tello_msgs/lib:/usr/lib/x86_64-linux-gnu/gazebo-11/plugins:/opt/ros/foxy/opt/yaml_cpp_vendor/lib:/opt/ros/foxy/opt/rviz_ogre_vendor/lib:/opt/ros/foxy/lib/x86_64-linux-gnu:/opt/ros/foxy/lib'), ('HOME', '/root'), ('OLDPWD', '/root/DockerFiles'), ('ROS_PYTHON_VERSION', '3'), ('COLCON_PREFIX_PATH', '/root/DockerFiles/drone_ws/install:/root/DockerFiles/install'), ('ROS_DISTRO', 'foxy'), ('_', '/usr/bin/colcon'), ('ROS_VERSION', '2'), ('TERM', 'xterm'), ('ROS_LOCALHOST_ONLY', '0'), ('QT_X11_NO_MITSHM', '1'), ('PATH', '/root/DockerFiles/drone_ws/install/tello_camera/bin:/opt/ros/foxy/bin:/root/DockerFiles/install/tello_camera/bin:/usr/local/sbin:/usr/local/bin:/usr/sbin:/usr/bin:/sbin:/bin'), ('XDG_RUNTIME_DIR', '/run/user/1000'), ('DISPLAY', ':0'), ('LANG', 'C.UTF-8'), ('RMW_IMPLEMENTATION', 'rmw_fastrtps_cpp'), ('LS_COLORS', 'rs=0:di=01;34:ln=01;36:mh=00:pi=40;33:so=01;35:do=01;35:bd=40;33;01:cd=40;33;01:or=40;31;01:mi=00:su=37;41:sg=30;43:ca=30;41:tw=30;42:ow=34;42:st=37;44:ex=01;32:*.tar=01;31:*.tgz=01;31:*.arc=01;31:*.arj=01;31:*.taz=01;31:*.lha=01;31:*.lz4=01;31:*.lzh=01;31:*.lzma=01;31:*.tlz=01;31:*.txz=01;31:*.tzo=01;31:*.t7z=01;31:*.zip=01;31:*.z=01;31:*.dz=01;31:*.gz=01;31:*.lrz=01;31:*.lz=01;31:*.lzo=01;31:*.xz=01;31:*.zst=01;31:*.tzst=01;31:*.bz2=01;31:*.bz=01;31:*.tbz=01;31:*.tbz2=01;31:*.tz=01;31:*.deb=01;31:*.rpm=01;31:*.jar=01;31:*.war=01;31:*.ear=01;31:*.sar=01;31:*.rar=01;31:*.alz=01;31:*.ace=01;31:*.zoo=01;31:*.cpio=01;31:*.7z=01;31:*.rz=01;31:*.cab=01;31:*.wim=01;31:*.swm=01;31:*.dwm=01;31:*.esd=01;31:*.jpg=01;35:*.jpeg=01;35:*.mjpg=01;35:*.mjpeg=01;35:*.gif=01;35:*.bmp=01;35:*.pbm=01;35:*.pgm=01;35:*.ppm=01;35:*.tga=01;35:*.xbm=01;35:*.xpm=01;35:*.tif=01;35:*.tiff=01;35:*.png=01;35:*.svg=01;35:*.svgz=01;35:*.mng=01;35:*.pcx=01;35:*.mov=01;35:*.mpg=01;35:*.mpeg=01;35:*.m2v=01;35:*.mkv=01;35:*.webm=01;35:*.ogm=01;35:*.mp4=01;35:*.m4v=01;35:*.mp4v=01;35:*.vob=01;35:*.qt=01;35:*.nuv=01;35:*.wmv=01;35:*.asf=01;35:*.rm=01;35:*.rmvb=01;35:*.flc=01;35:*.avi=01;35:*.fli=01;35:*.flv=01;35:*.gl=01;35:*.dl=01;35:*.xcf=01;35:*.xwd=01;35:*.yuv=01;35:*.cgm=01;35:*.emf=01;35:*.ogv=01;35:*.ogx=01;35:*.aac=00;36:*.au=00;36:*.flac=00;36:*.m4a=00;36:*.mid=00;36:*.midi=00;36:*.mka=00;36:*.mp3=00;36:*.mpc=00;36:*.ogg=00;36:*.ra=00;36:*.wav=00;36:*.oga=00;36:*.opus=00;36:*.spx=00;36:*.xspf=00;36:'), ('AMENT_PREFIX_PATH', '/root/DockerFiles/drone_ws/install/tello_gazebo:/root/DockerFiles/drone_ws/install/tello_driver:/root/DockerFiles/drone_ws/install/tello_msgs:/root/DockerFiles/drone_ws/install/tello_hand_move:/root/DockerFiles/drone_ws/install/tello_description:/root/DockerFiles/drone_ws/install/tello_camera:/root/DockerFiles/drone_ws/install/ros2_shared:/opt/ros/foxy:/root/DockerFiles/install/tello_camera'), ('PWD', '/root/DockerFiles/drone_ws/build/ros2_shared'), ('LC_ALL', 'C.UTF-8'), ('PYTHONPATH', '/root/DockerFiles/drone_ws/install/tello_msgs/lib/python3.8/site-packages:/root/DockerFiles/drone_ws/install/tello_hand_move/lib/python3.8/site-packages:/root/DockerFiles/drone_ws/install/tello_camera/lib/python3.8/site-packages:/opt/ros/foxy/lib/python3.8/site-packages:/root/DockerFiles/build/tello_camera:/root/DockerFiles/install/tello_camera/lib/python3.8/site-packages'), ('COLCON', '1'), ('CMAKE_PREFIX_PATH', '/root/DockerFiles/drone_ws/install/tello_gazebo:/root/DockerFiles/drone_ws/install/tello_driver:/root/DockerFiles/drone_ws/install/tello_msgs:/root/DockerFiles/drone_ws/install/tello_description:/root/DockerFiles/drone_ws/install/ros2_shared:/root/DockerFiles/drone_ws/install/tello_hand_move:/root/DockerFiles/drone_ws/install/tello_camera:/opt/ros/foxy:/root/DockerFiles/install/tello_camera')]), 'shell': False}
[0.200449] (-) TimerEvent: {}
[0.301198] (-) TimerEvent: {}
[0.404597] (-) TimerEvent: {}
[0.417544] (tello_description) JobProgress: {'identifier': 'tello_description', 'progress': 'cmake'}
[0.421089] (tello_description) Command: {'cmd': ['/usr/bin/cmake', '/root/DockerFiles/drone_ws/src/tello_ros/tello_description', '-DCMAKE_INSTALL_PREFIX=/root/DockerFiles/drone_ws/install/tello_description'], 'cwd': '/root/DockerFiles/drone_ws/build/tello_description', 'env': OrderedDict([('HOSTNAME', 'vdani-H410M-H-V2'), ('SHLVL', '1'), ('LD_LIBRARY_PATH', '/root/DockerFiles/drone_ws/install/tello_gazebo/lib:/root/DockerFiles/drone_ws/install/tello_driver/lib:/root/DockerFiles/drone_ws/install/tello_msgs/lib:/usr/lib/x86_64-linux-gnu/gazebo-11/plugins:/opt/ros/foxy/opt/yaml_cpp_vendor/lib:/opt/ros/foxy/opt/rviz_ogre_vendor/lib:/opt/ros/foxy/lib/x86_64-linux-gnu:/opt/ros/foxy/lib'), ('HOME', '/root'), ('OLDPWD', '/root/DockerFiles'), ('ROS_PYTHON_VERSION', '3'), ('COLCON_PREFIX_PATH', '/root/DockerFiles/drone_ws/install:/root/DockerFiles/install'), ('ROS_DISTRO', 'foxy'), ('_', '/usr/bin/colcon'), ('ROS_VERSION', '2'), ('TERM', 'xterm'), ('ROS_LOCALHOST_ONLY', '0'), ('QT_X11_NO_MITSHM', '1'), ('PATH', '/root/DockerFiles/drone_ws/install/tello_camera/bin:/opt/ros/foxy/bin:/root/DockerFiles/install/tello_camera/bin:/usr/local/sbin:/usr/local/bin:/usr/sbin:/usr/bin:/sbin:/bin'), ('XDG_RUNTIME_DIR', '/run/user/1000'), ('DISPLAY', ':0'), ('LANG', 'C.UTF-8'), ('RMW_IMPLEMENTATION', 'rmw_fastrtps_cpp'), ('LS_COLORS', 'rs=0:di=01;34:ln=01;36:mh=00:pi=40;33:so=01;35:do=01;35:bd=40;33;01:cd=40;33;01:or=40;31;01:mi=00:su=37;41:sg=30;43:ca=30;41:tw=30;42:ow=34;42:st=37;44:ex=01;32:*.tar=01;31:*.tgz=01;31:*.arc=01;31:*.arj=01;31:*.taz=01;31:*.lha=01;31:*.lz4=01;31:*.lzh=01;31:*.lzma=01;31:*.tlz=01;31:*.txz=01;31:*.tzo=01;31:*.t7z=01;31:*.zip=01;31:*.z=01;31:*.dz=01;31:*.gz=01;31:*.lrz=01;31:*.lz=01;31:*.lzo=01;31:*.xz=01;31:*.zst=01;31:*.tzst=01;31:*.bz2=01;31:*.bz=01;31:*.tbz=01;31:*.tbz2=01;31:*.tz=01;31:*.deb=01;31:*.rpm=01;31:*.jar=01;31:*.war=01;31:*.ear=01;31:*.sar=01;31:*.rar=01;31:*.alz=01;31:*.ace=01;31:*.zoo=01;31:*.cpio=01;31:*.7z=01;31:*.rz=01;31:*.cab=01;31:*.wim=01;31:*.swm=01;31:*.dwm=01;31:*.esd=01;31:*.jpg=01;35:*.jpeg=01;35:*.mjpg=01;35:*.mjpeg=01;35:*.gif=01;35:*.bmp=01;35:*.pbm=01;35:*.pgm=01;35:*.ppm=01;35:*.tga=01;35:*.xbm=01;35:*.xpm=01;35:*.tif=01;35:*.tiff=01;35:*.png=01;35:*.svg=01;35:*.svgz=01;35:*.mng=01;35:*.pcx=01;35:*.mov=01;35:*.mpg=01;35:*.mpeg=01;35:*.m2v=01;35:*.mkv=01;35:*.webm=01;35:*.ogm=01;35:*.mp4=01;35:*.m4v=01;35:*.mp4v=01;35:*.vob=01;35:*.qt=01;35:*.nuv=01;35:*.wmv=01;35:*.asf=01;35:*.rm=01;35:*.rmvb=01;35:*.flc=01;35:*.avi=01;35:*.fli=01;35:*.flv=01;35:*.gl=01;35:*.dl=01;35:*.xcf=01;35:*.xwd=01;35:*.yuv=01;35:*.cgm=01;35:*.emf=01;35:*.ogv=01;35:*.ogx=01;35:*.aac=00;36:*.au=00;36:*.flac=00;36:*.m4a=00;36:*.mid=00;36:*.midi=00;36:*.mka=00;36:*.mp3=00;36:*.mpc=00;36:*.ogg=00;36:*.ra=00;36:*.wav=00;36:*.oga=00;36:*.opus=00;36:*.spx=00;36:*.xspf=00;36:'), ('AMENT_PREFIX_PATH', '/root/DockerFiles/drone_ws/install/tello_gazebo:/root/DockerFiles/drone_ws/install/tello_driver:/root/DockerFiles/drone_ws/install/tello_msgs:/root/DockerFiles/drone_ws/install/tello_hand_move:/root/DockerFiles/drone_ws/install/tello_description:/root/DockerFiles/drone_ws/install/tello_camera:/root/DockerFiles/drone_ws/install/ros2_shared:/opt/ros/foxy:/root/DockerFiles/install/tello_camera'), ('PWD', '/root/DockerFiles/drone_ws/build/tello_description'), ('LC_ALL', 'C.UTF-8'), ('PYTHONPATH', '/root/DockerFiles/drone_ws/install/tello_msgs/lib/python3.8/site-packages:/root/DockerFiles/drone_ws/install/tello_hand_move/lib/python3.8/site-packages:/root/DockerFiles/drone_ws/install/tello_camera/lib/python3.8/site-packages:/opt/ros/foxy/lib/python3.8/site-packages:/root/DockerFiles/build/tello_camera:/root/DockerFiles/install/tello_camera/lib/python3.8/site-packages'), ('COLCON', '1'), ('CMAKE_PREFIX_PATH', '/root/DockerFiles/drone_ws/install/tello_gazebo:/root/DockerFiles/drone_ws/install/tello_driver:/root/DockerFiles/drone_ws/install/tello_msgs:/root/DockerFiles/drone_ws/install/tello_description:/root/DockerFiles/drone_ws/install/ros2_shared:/root/DockerFiles/drone_ws/install/tello_hand_move:/root/DockerFiles/drone_ws/install/tello_camera:/opt/ros/foxy:/root/DockerFiles/install/tello_camera')]), 'shell': False}
[0.505383] (-) TimerEvent: {}
[0.606085] (-) TimerEvent: {}
[0.708968] (-) TimerEvent: {}
[0.764095] (tello_msgs) StdoutLine: {'line': b'-- The C compiler identification is GNU 9.4.0\n'}
[0.765299] (tello_msgs) StdoutLine: {'line': b'-- The CXX compiler identification is GNU 9.4.0\n'}
[0.765862] (tello_msgs) StdoutLine: {'line': b'-- Check for working C compiler: /usr/bin/cc\n'}
[0.765986] (tello_msgs) StdoutLine: {'line': b'-- Check for working C compiler: /usr/bin/cc -- works\n'}
[0.766053] (tello_msgs) StdoutLine: {'line': b'-- Detecting C compiler ABI info\n'}
[0.766114] (tello_msgs) StdoutLine: {'line': b'-- Detecting C compiler ABI info - done\n'}
[0.766173] (tello_msgs) StdoutLine: {'line': b'-- Detecting C compile features\n'}
[0.766229] (tello_msgs) StdoutLine: {'line': b'-- Detecting C compile features - done\n'}
[0.766305] (tello_msgs) StdoutLine: {'line': b'-- Check for working CXX compiler: /usr/bin/c++\n'}
[0.766365] (tello_msgs) StdoutLine: {'line': b'-- Check for working CXX compiler: /usr/bin/c++ -- works\n'}
[0.766421] (tello_msgs) StdoutLine: {'line': b'-- Detecting CXX compiler ABI info\n'}
[0.766482] (ros2_shared) StdoutLine: {'line': b'-- The C compiler identification is GNU 9.4.0\n'}
[0.766575] (ros2_shared) StdoutLine: {'line': b'-- The CXX compiler identification is GNU 9.4.0\n'}
[0.766631] (ros2_shared) StdoutLine: {'line': b'-- Check for working C compiler: /usr/bin/cc\n'}
[0.766683] (ros2_shared) StdoutLine: {'line': b'-- Check for working C compiler: /usr/bin/cc -- works\n'}
[0.766754] (ros2_shared) StdoutLine: {'line': b'-- Detecting C compiler ABI info\n'}
[0.766837] (ros2_shared) StdoutLine: {'line': b'-- Detecting C compiler ABI info - done\n'}
[0.766918] (ros2_shared) StdoutLine: {'line': b'-- Detecting C compile features\n'}
[0.766999] (ros2_shared) StdoutLine: {'line': b'-- Detecting C compile features - done\n'}
[0.767208] (ros2_shared) StdoutLine: {'line': b'-- Check for working CXX compiler: /usr/bin/c++\n'}
[0.769435] (ros2_shared) StdoutLine: {'line': b'-- Check for working CXX compiler: /usr/bin/c++ -- works\n'}
[0.770016] (ros2_shared) StdoutLine: {'line': b'-- Detecting CXX compiler ABI info\n'}
[0.770562] (tello_description) StdoutLine: {'line': b'-- The C compiler identification is GNU 9.4.0\n'}
[0.770774] (tello_description) StdoutLine: {'line': b'-- The CXX compiler identification is GNU 9.4.0\n'}
[0.770910] (tello_description) StdoutLine: {'line': b'-- Check for working C compiler: /usr/bin/cc\n'}
[0.776707] (tello_description) StdoutLine: {'line': b'-- Check for working C compiler: /usr/bin/cc -- works\n'}
[0.777146] (tello_description) StdoutLine: {'line': b'-- Detecting C compiler ABI info\n'}
[0.800857] (tello_msgs) StdoutLine: {'line': b'-- Detecting CXX compiler ABI info - done\n'}
[0.809071] (-) TimerEvent: {}
[0.838344] (ros2_shared) StdoutLine: {'line': b'-- Detecting CXX compiler ABI info - done\n'}
[0.842571] (tello_msgs) StdoutLine: {'line': b'-- Detecting CXX compile features\n'}
[0.843097] (tello_msgs) StdoutLine: {'line': b'-- Detecting CXX compile features - done\n'}
[0.845315] (tello_msgs) StdoutLine: {'line': b'-- Found ament_cmake: 0.9.12 (/opt/ros/foxy/share/ament_cmake/cmake)\n'}
[0.855083] (ros2_shared) StdoutLine: {'line': b'-- Detecting CXX compile features\n'}
[0.855786] (ros2_shared) StdoutLine: {'line': b'-- Detecting CXX compile features - done\n'}
[0.859844] (ros2_shared) StdoutLine: {'line': b'-- Found ament_cmake: 0.9.12 (/opt/ros/foxy/share/ament_cmake/cmake)\n'}
[0.885933] (tello_msgs) StdoutLine: {'line': b'-- Found PythonInterp: /usr/bin/python3 (found suitable version "3.8.10", minimum required is "3") \n'}
[0.886230] (tello_msgs) StdoutLine: {'line': b'-- Using PYTHON_EXECUTABLE: /usr/bin/python3\n'}
[0.895786] (tello_description) StdoutLine: {'line': b'-- Detecting C compiler ABI info - done\n'}
[0.896326] (ros2_shared) StdoutLine: {'line': b'-- Found PythonInterp: /usr/bin/python3 (found suitable version "3.8.10", minimum required is "3") \n'}
[0.898378] (ros2_shared) StdoutLine: {'line': b'-- Using PYTHON_EXECUTABLE: /usr/bin/python3\n'}
[0.909168] (-) TimerEvent: {}
[0.914890] (tello_description) StdoutLine: {'line': b'-- Detecting C compile features\n'}
[0.916200] (tello_description) StdoutLine: {'line': b'-- Detecting C compile features - done\n'}
[0.922925] (tello_description) StdoutLine: {'line': b'-- Check for working CXX compiler: /usr/bin/c++\n'}
[1.009276] (-) TimerEvent: {}
[1.081832] (tello_description) StdoutLine: {'line': b'-- Check for working CXX compiler: /usr/bin/c++ -- works\n'}
[1.082834] (tello_description) StdoutLine: {'line': b'-- Detecting CXX compiler ABI info\n'}
[1.110211] (-) TimerEvent: {}
[1.160871] (ros2_shared) StdoutLine: {'line': b'-- Found rclcpp: 2.4.3 (/opt/ros/foxy/share/rclcpp/cmake)\n'}
[1.184490] (tello_msgs) StdoutLine: {'line': b'-- Found rosidl_default_generators: 1.0.1 (/opt/ros/foxy/share/rosidl_default_generators/cmake)\n'}
[1.190382] (tello_msgs) StdoutLine: {'line': b'-- Using all available rosidl_typesupport_c: rosidl_typesupport_fastrtps_c;rosidl_typesupport_introspection_c\n'}
[1.198296] (tello_msgs) StdoutLine: {'line': b'-- Found rosidl_adapter: 1.3.1 (/opt/ros/foxy/share/rosidl_adapter/cmake)\n'}
[1.210307] (-) TimerEvent: {}
[1.217798] (tello_description) StdoutLine: {'line': b'-- Detecting CXX compiler ABI info - done\n'}
[1.235037] (tello_description) StdoutLine: {'line': b'-- Detecting CXX compile features\n'}
[1.235207] (tello_description) StdoutLine: {'line': b'-- Detecting CXX compile features - done\n'}
[1.238144] (tello_description) StdoutLine: {'line': b'-- Found ament_cmake: 0.9.12 (/opt/ros/foxy/share/ament_cmake/cmake)\n'}
[1.239360] (ros2_shared) StdoutLine: {'line': b'-- Using all available rosidl_typesupport_c: rosidl_typesupport_fastrtps_c;rosidl_typesupport_introspection_c\n'}
[1.246912] (ros2_shared) StdoutLine: {'line': b'-- Found rosidl_adapter: 1.3.1 (/opt/ros/foxy/share/rosidl_adapter/cmake)\n'}
[1.276989] (tello_description) StdoutLine: {'line': b'-- Found PythonInterp: /usr/bin/python3 (found suitable version "3.8.10", minimum required is "3") \n'}
[1.277212] (tello_description) StdoutLine: {'line': b'-- Using PYTHON_EXECUTABLE: /usr/bin/python3\n'}
[1.310453] (-) TimerEvent: {}
[1.378926] (tello_camera) Command: {'cmd': ['/usr/bin/python3', 'setup.py', 'egg_info', '--egg-base', '../../build/tello_camera', 'build', '--build-base', '/root/DockerFiles/drone_ws/build/tello_camera/build', 'install', '--record', '/root/DockerFiles/drone_ws/build/tello_camera/install.log', '--single-version-externally-managed'], 'cwd': '/root/DockerFiles/drone_ws/src/tello_camera', 'env': {'HOSTNAME': 'vdani-H410M-H-V2', 'SHLVL': '1', 'LD_LIBRARY_PATH': '/root/DockerFiles/drone_ws/install/tello_gazebo/lib:/root/DockerFiles/drone_ws/install/tello_driver/lib:/root/DockerFiles/drone_ws/install/tello_msgs/lib:/usr/lib/x86_64-linux-gnu/gazebo-11/plugins:/opt/ros/foxy/opt/yaml_cpp_vendor/lib:/opt/ros/foxy/opt/rviz_ogre_vendor/lib:/opt/ros/foxy/lib/x86_64-linux-gnu:/opt/ros/foxy/lib', 'HOME': '/root', 'OLDPWD': '/root/DockerFiles', 'ROS_PYTHON_VERSION': '3', 'COLCON_PREFIX_PATH': '/root/DockerFiles/drone_ws/install:/root/DockerFiles/install', 'ROS_DISTRO': 'foxy', '_': '/usr/bin/colcon', 'ROS_VERSION': '2', 'TERM': 'xterm', 'ROS_LOCALHOST_ONLY': '0', 'QT_X11_NO_MITSHM': '1', 'PATH': '/root/DockerFiles/drone_ws/install/tello_camera/bin:/opt/ros/foxy/bin:/root/DockerFiles/install/tello_camera/bin:/usr/local/sbin:/usr/local/bin:/usr/sbin:/usr/bin:/sbin:/bin', 'XDG_RUNTIME_DIR': '/run/user/1000', 'DISPLAY': ':0', 'LANG': 'C.UTF-8', 'RMW_IMPLEMENTATION': 'rmw_fastrtps_cpp', 'LS_COLORS': 'rs=0:di=01;34:ln=01;36:mh=00:pi=40;33:so=01;35:do=01;35:bd=40;33;01:cd=40;33;01:or=40;31;01:mi=00:su=37;41:sg=30;43:ca=30;41:tw=30;42:ow=34;42:st=37;44:ex=01;32:*.tar=01;31:*.tgz=01;31:*.arc=01;31:*.arj=01;31:*.taz=01;31:*.lha=01;31:*.lz4=01;31:*.lzh=01;31:*.lzma=01;31:*.tlz=01;31:*.txz=01;31:*.tzo=01;31:*.t7z=01;31:*.zip=01;31:*.z=01;31:*.dz=01;31:*.gz=01;31:*.lrz=01;31:*.lz=01;31:*.lzo=01;31:*.xz=01;31:*.zst=01;31:*.tzst=01;31:*.bz2=01;31:*.bz=01;31:*.tbz=01;31:*.tbz2=01;31:*.tz=01;31:*.deb=01;31:*.rpm=01;31:*.jar=01;31:*.war=01;31:*.ear=01;31:*.sar=01;31:*.rar=01;31:*.alz=01;31:*.ace=01;31:*.zoo=01;31:*.cpio=01;31:*.7z=01;31:*.rz=01;31:*.cab=01;31:*.wim=01;31:*.swm=01;31:*.dwm=01;31:*.esd=01;31:*.jpg=01;35:*.jpeg=01;35:*.mjpg=01;35:*.mjpeg=01;35:*.gif=01;35:*.bmp=01;35:*.pbm=01;35:*.pgm=01;35:*.ppm=01;35:*.tga=01;35:*.xbm=01;35:*.xpm=01;35:*.tif=01;35:*.tiff=01;35:*.png=01;35:*.svg=01;35:*.svgz=01;35:*.mng=01;35:*.pcx=01;35:*.mov=01;35:*.mpg=01;35:*.mpeg=01;35:*.m2v=01;35:*.mkv=01;35:*.webm=01;35:*.ogm=01;35:*.mp4=01;35:*.m4v=01;35:*.mp4v=01;35:*.vob=01;35:*.qt=01;35:*.nuv=01;35:*.wmv=01;35:*.asf=01;35:*.rm=01;35:*.rmvb=01;35:*.flc=01;35:*.avi=01;35:*.fli=01;35:*.flv=01;35:*.gl=01;35:*.dl=01;35:*.xcf=01;35:*.xwd=01;35:*.yuv=01;35:*.cgm=01;35:*.emf=01;35:*.ogv=01;35:*.ogx=01;35:*.aac=00;36:*.au=00;36:*.flac=00;36:*.m4a=00;36:*.mid=00;36:*.midi=00;36:*.mka=00;36:*.mp3=00;36:*.mpc=00;36:*.ogg=00;36:*.ra=00;36:*.wav=00;36:*.oga=00;36:*.opus=00;36:*.spx=00;36:*.xspf=00;36:', 'AMENT_PREFIX_PATH': '/root/DockerFiles/drone_ws/install/tello_gazebo:/root/DockerFiles/drone_ws/install/tello_driver:/root/DockerFiles/drone_ws/install/tello_msgs:/root/DockerFiles/drone_ws/install/tello_hand_move:/root/DockerFiles/drone_ws/install/tello_description:/root/DockerFiles/drone_ws/install/tello_camera:/root/DockerFiles/drone_ws/install/ros2_shared:/opt/ros/foxy:/root/DockerFiles/install/tello_camera', 'PWD': '/root/DockerFiles/drone_ws/build/tello_camera', 'LC_ALL': 'C.UTF-8', 'PYTHONPATH': '/root/DockerFiles/drone_ws/build/tello_camera/prefix_override:/root/DockerFiles/drone_ws/install/tello_camera/lib/python3.8/site-packages:/root/DockerFiles/drone_ws/install/tello_msgs/lib/python3.8/site-packages:/root/DockerFiles/drone_ws/install/tello_hand_move/lib/python3.8/site-packages:/root/DockerFiles/drone_ws/install/tello_camera/lib/python3.8/site-packages:/opt/ros/foxy/lib/python3.8/site-packages:/root/DockerFiles/build/tello_camera:/root/DockerFiles/install/tello_camera/lib/python3.8/site-packages', 'COLCON': '1', 'CMAKE_PREFIX_PATH': '/root/DockerFiles/drone_ws/install/tello_gazebo:/root/DockerFiles/drone_ws/install/tello_driver:/root/DockerFiles/drone_ws/install/tello_msgs:/root/DockerFiles/drone_ws/install/tello_description:/root/DockerFiles/drone_ws/install/ros2_shared'}, 'shell': False}
[1.385093] (tello_hand_move) Command: {'cmd': ['/usr/bin/python3', 'setup.py', 'egg_info', '--egg-base', '../../build/tello_hand_move', 'build', '--build-base', '/root/DockerFiles/drone_ws/build/tello_hand_move/build', 'install', '--record', '/root/DockerFiles/drone_ws/build/tello_hand_move/install.log', '--single-version-externally-managed'], 'cwd': '/root/DockerFiles/drone_ws/src/tello_hand_move', 'env': {'HOSTNAME': 'vdani-H410M-H-V2', 'SHLVL': '1', 'LD_LIBRARY_PATH': '/root/DockerFiles/drone_ws/install/tello_gazebo/lib:/root/DockerFiles/drone_ws/install/tello_driver/lib:/root/DockerFiles/drone_ws/install/tello_msgs/lib:/usr/lib/x86_64-linux-gnu/gazebo-11/plugins:/opt/ros/foxy/opt/yaml_cpp_vendor/lib:/opt/ros/foxy/opt/rviz_ogre_vendor/lib:/opt/ros/foxy/lib/x86_64-linux-gnu:/opt/ros/foxy/lib', 'HOME': '/root', 'OLDPWD': '/root/DockerFiles', 'ROS_PYTHON_VERSION': '3', 'COLCON_PREFIX_PATH': '/root/DockerFiles/drone_ws/install:/root/DockerFiles/install', 'ROS_DISTRO': 'foxy', '_': '/usr/bin/colcon', 'ROS_VERSION': '2', 'TERM': 'xterm', 'ROS_LOCALHOST_ONLY': '0', 'QT_X11_NO_MITSHM': '1', 'PATH': '/root/DockerFiles/drone_ws/install/tello_camera/bin:/opt/ros/foxy/bin:/root/DockerFiles/install/tello_camera/bin:/usr/local/sbin:/usr/local/bin:/usr/sbin:/usr/bin:/sbin:/bin', 'XDG_RUNTIME_DIR': '/run/user/1000', 'DISPLAY': ':0', 'LANG': 'C.UTF-8', 'RMW_IMPLEMENTATION': 'rmw_fastrtps_cpp', 'LS_COLORS': 'rs=0:di=01;34:ln=01;36:mh=00:pi=40;33:so=01;35:do=01;35:bd=40;33;01:cd=40;33;01:or=40;31;01:mi=00:su=37;41:sg=30;43:ca=30;41:tw=30;42:ow=34;42:st=37;44:ex=01;32:*.tar=01;31:*.tgz=01;31:*.arc=01;31:*.arj=01;31:*.taz=01;31:*.lha=01;31:*.lz4=01;31:*.lzh=01;31:*.lzma=01;31:*.tlz=01;31:*.txz=01;31:*.tzo=01;31:*.t7z=01;31:*.zip=01;31:*.z=01;31:*.dz=01;31:*.gz=01;31:*.lrz=01;31:*.lz=01;31:*.lzo=01;31:*.xz=01;31:*.zst=01;31:*.tzst=01;31:*.bz2=01;31:*.bz=01;31:*.tbz=01;31:*.tbz2=01;31:*.tz=01;31:*.deb=01;31:*.rpm=01;31:*.jar=01;31:*.war=01;31:*.ear=01;31:*.sar=01;31:*.rar=01;31:*.alz=01;31:*.ace=01;31:*.zoo=01;31:*.cpio=01;31:*.7z=01;31:*.rz=01;31:*.cab=01;31:*.wim=01;31:*.swm=01;31:*.dwm=01;31:*.esd=01;31:*.jpg=01;35:*.jpeg=01;35:*.mjpg=01;35:*.mjpeg=01;35:*.gif=01;35:*.bmp=01;35:*.pbm=01;35:*.pgm=01;35:*.ppm=01;35:*.tga=01;35:*.xbm=01;35:*.xpm=01;35:*.tif=01;35:*.tiff=01;35:*.png=01;35:*.svg=01;35:*.svgz=01;35:*.mng=01;35:*.pcx=01;35:*.mov=01;35:*.mpg=01;35:*.mpeg=01;35:*.m2v=01;35:*.mkv=01;35:*.webm=01;35:*.ogm=01;35:*.mp4=01;35:*.m4v=01;35:*.mp4v=01;35:*.vob=01;35:*.qt=01;35:*.nuv=01;35:*.wmv=01;35:*.asf=01;35:*.rm=01;35:*.rmvb=01;35:*.flc=01;35:*.avi=01;35:*.fli=01;35:*.flv=01;35:*.gl=01;35:*.dl=01;35:*.xcf=01;35:*.xwd=01;35:*.yuv=01;35:*.cgm=01;35:*.emf=01;35:*.ogv=01;35:*.ogx=01;35:*.aac=00;36:*.au=00;36:*.flac=00;36:*.m4a=00;36:*.mid=00;36:*.midi=00;36:*.mka=00;36:*.mp3=00;36:*.mpc=00;36:*.ogg=00;36:*.ra=00;36:*.wav=00;36:*.oga=00;36:*.opus=00;36:*.spx=00;36:*.xspf=00;36:', 'AMENT_PREFIX_PATH': '/root/DockerFiles/drone_ws/install/tello_gazebo:/root/DockerFiles/drone_ws/install/tello_driver:/root/DockerFiles/drone_ws/install/tello_msgs:/root/DockerFiles/drone_ws/install/tello_hand_move:/root/DockerFiles/drone_ws/install/tello_description:/root/DockerFiles/drone_ws/install/tello_camera:/root/DockerFiles/drone_ws/install/ros2_shared:/opt/ros/foxy:/root/DockerFiles/install/tello_camera', 'PWD': '/root/DockerFiles/drone_ws/build/tello_hand_move', 'LC_ALL': 'C.UTF-8', 'PYTHONPATH': '/root/DockerFiles/drone_ws/build/tello_hand_move/prefix_override:/root/DockerFiles/drone_ws/install/tello_hand_move/lib/python3.8/site-packages:/root/DockerFiles/drone_ws/install/tello_msgs/lib/python3.8/site-packages:/root/DockerFiles/drone_ws/install/tello_hand_move/lib/python3.8/site-packages:/root/DockerFiles/drone_ws/install/tello_camera/lib/python3.8/site-packages:/opt/ros/foxy/lib/python3.8/site-packages:/root/DockerFiles/build/tello_camera:/root/DockerFiles/install/tello_camera/lib/python3.8/site-packages', 'COLCON': '1', 'CMAKE_PREFIX_PATH': '/root/DockerFiles/drone_ws/install/tello_gazebo:/root/DockerFiles/drone_ws/install/tello_driver:/root/DockerFiles/drone_ws/install/tello_msgs:/root/DockerFiles/drone_ws/install/tello_description:/root/DockerFiles/drone_ws/install/ros2_shared'}, 'shell': False}
[1.394550] (tello_msgs) StdoutLine: {'line': b'-- Found OpenSSL: /usr/lib/x86_64-linux-gnu/libcrypto.so (found version "1.1.1f")  \n'}
[1.411303] (-) TimerEvent: {}
[1.419414] (ros2_shared) StdoutLine: {'line': b'-- Found OpenSSL: /usr/lib/x86_64-linux-gnu/libcrypto.so (found version "1.1.1f")  \n'}
[1.432776] (tello_msgs) StdoutLine: {'line': b'-- Found FastRTPS: /opt/ros/foxy/include  \n'}
[1.474569] (ros2_shared) StdoutLine: {'line': b'-- Found FastRTPS: /opt/ros/foxy/include  \n'}
[1.512380] (-) TimerEvent: {}
[1.565999] (tello_msgs) StdoutLine: {'line': b'-- Using all available rosidl_typesupport_cpp: rosidl_typesupport_fastrtps_cpp;rosidl_typesupport_introspection_cpp\n'}
[1.581895] (tello_description) StdoutLine: {'line': b'-- creating rules for /root/DockerFiles/drone_ws/build/tello_description/urdf/tello.urdf\n'}
[1.582127] (tello_description) StdoutLine: {'line': b'-- creating rules for /root/DockerFiles/drone_ws/build/tello_description/urdf/tello_1.urdf\n'}
[1.582231] (tello_description) StdoutLine: {'line': b'-- creating rules for /root/DockerFiles/drone_ws/build/tello_description/urdf/tello_2.urdf\n'}
[1.582338] (tello_description) StdoutLine: {'line': b'-- creating rules for /root/DockerFiles/drone_ws/build/tello_description/urdf/tello_3.urdf\n'}
[1.582429] (tello_description) StdoutLine: {'line': b'-- creating rules for /root/DockerFiles/drone_ws/build/tello_description/urdf/tello_4.urdf\n'}
[1.582511] (tello_description) StdoutLine: {'line': b'-- creating rules for /root/DockerFiles/drone_ws/build/tello_description/urdf/tello_5.urdf\n'}
[1.582597] (tello_description) StdoutLine: {'line': b'-- creating rules for /root/DockerFiles/drone_ws/build/tello_description/urdf/tello_6.urdf\n'}
[1.582677] (tello_description) StdoutLine: {'line': b'-- creating rules for /root/DockerFiles/drone_ws/build/tello_description/urdf/tello_7.urdf\n'}
[1.582755] (tello_description) StdoutLine: {'line': b'-- creating rules for /root/DockerFiles/drone_ws/build/tello_description/urdf/tello_8.urdf\n'}
[1.612472] (-) TimerEvent: {}
[1.619386] (ros2_shared) StdoutLine: {'line': b'-- Using all available rosidl_typesupport_cpp: rosidl_typesupport_fastrtps_cpp;rosidl_typesupport_introspection_cpp\n'}
[1.635355] (tello_msgs) StdoutLine: {'line': b'-- Found std_msgs: 2.0.5 (/opt/ros/foxy/share/std_msgs/cmake)\n'}
[1.654684] (tello_camera) StdoutLine: {'line': b'running egg_info\n'}
[1.657102] (tello_hand_move) StdoutLine: {'line': b'running egg_info\n'}
[1.659923] (tello_hand_move) StdoutLine: {'line': b'creating ../../build/tello_hand_move/tello_hand_move.egg-info\n'}
[1.660714] (tello_hand_move) StdoutLine: {'line': b'writing ../../build/tello_hand_move/tello_hand_move.egg-info/PKG-INFO\n'}
[1.661435] (tello_hand_move) StdoutLine: {'line': b'writing dependency_links to ../../build/tello_hand_move/tello_hand_move.egg-info/dependency_links.txt\n'}
[1.662413] (tello_hand_move) StdoutLine: {'line': b'writing entry points to ../../build/tello_hand_move/tello_hand_move.egg-info/entry_points.txt\n'}
[1.662550] (tello_hand_move) StdoutLine: {'line': b'writing requirements to ../../build/tello_hand_move/tello_hand_move.egg-info/requires.txt\n'}
[1.662650] (tello_hand_move) StdoutLine: {'line': b'writing top-level names to ../../build/tello_hand_move/tello_hand_move.egg-info/top_level.txt\n'}
[1.662740] (tello_camera) StdoutLine: {'line': b'creating ../../build/tello_camera/tello_camera.egg-info\n'}
[1.662837] (tello_camera) StdoutLine: {'line': b'writing ../../build/tello_camera/tello_camera.egg-info/PKG-INFO\n'}
[1.662929] (tello_camera) StdoutLine: {'line': b'writing dependency_links to ../../build/tello_camera/tello_camera.egg-info/dependency_links.txt\n'}
[1.663013] (tello_camera) StdoutLine: {'line': b'writing entry points to ../../build/tello_camera/tello_camera.egg-info/entry_points.txt\n'}
[1.663097] (tello_camera) StdoutLine: {'line': b'writing requirements to ../../build/tello_camera/tello_camera.egg-info/requires.txt\n'}
[1.663196] (tello_camera) StdoutLine: {'line': b'writing top-level names to ../../build/tello_camera/tello_camera.egg-info/top_level.txt\n'}
[1.663287] (tello_camera) StdoutLine: {'line': b"writing manifest file '../../build/tello_camera/tello_camera.egg-info/SOURCES.txt'\n"}
[1.664190] (tello_hand_move) StdoutLine: {'line': b"writing manifest file '../../build/tello_hand_move/tello_hand_move.egg-info/SOURCES.txt'\n"}
[1.684856] (tello_description) StdoutLine: {'line': b'-- Configuring done\n'}
[1.692554] (tello_description) StdoutLine: {'line': b'-- Generating done\n'}
[1.698042] (tello_description) StdoutLine: {'line': b'-- Build files have been written to: /root/DockerFiles/drone_ws/build/tello_description\n'}
[1.698312] (ros2_shared) StdoutLine: {'line': b'-- Found rmw_implementation_cmake: 1.0.4 (/opt/ros/foxy/share/rmw_implementation_cmake/cmake)\n'}
[1.699699] (ros2_shared) StdoutLine: {'line': b"-- Using RMW implementation 'rmw_fastrtps_cpp' as default\n"}
[1.701719] (tello_camera) StdoutLine: {'line': b"reading manifest file '../../build/tello_camera/tello_camera.egg-info/SOURCES.txt'\n"}
[1.703291] (ros2_shared) StdoutLine: {'line': b'-- Looking for pthread.h\n'}
[1.703514] (tello_camera) StdoutLine: {'line': b"writing manifest file '../../build/tello_camera/tello_camera.egg-info/SOURCES.txt'\n"}
[1.705160] (tello_camera) StdoutLine: {'line': b'running build\n'}
[1.705334] (tello_camera) StdoutLine: {'line': b'running build_py\n'}
[1.705441] (tello_camera) StdoutLine: {'line': b'creating /root/DockerFiles/drone_ws/build/tello_camera/build\n'}
[1.705541] (tello_camera) StdoutLine: {'line': b'creating /root/DockerFiles/drone_ws/build/tello_camera/build/lib\n'}
[1.706281] (tello_camera) StdoutLine: {'line': b'creating /root/DockerFiles/drone_ws/build/tello_camera/build/lib/tello_camera\n'}
[1.706424] (tello_camera) StdoutLine: {'line': b'copying tello_camera/__init__.py -> /root/DockerFiles/drone_ws/build/tello_camera/build/lib/tello_camera\n'}
[1.706526] (tello_camera) StdoutLine: {'line': b'copying tello_camera/circle_detector.py -> /root/DockerFiles/drone_ws/build/tello_camera/build/lib/tello_camera\n'}
[1.706616] (tello_camera) StdoutLine: {'line': b'running install\n'}
[1.707364] (tello_camera) StdoutLine: {'line': b'running install_lib\n'}
[1.709370] (tello_camera) StdoutLine: {'line': b'creating /root/DockerFiles/drone_ws/install/tello_camera/lib/python3.8/site-packages/tello_camera\n'}
[1.709636] (tello_camera) StdoutLine: {'line': b'copying /root/DockerFiles/drone_ws/build/tello_camera/build/lib/tello_camera/__init__.py -> /root/DockerFiles/drone_ws/install/tello_camera/lib/python3.8/site-packages/tello_camera\n'}
[1.709815] (tello_camera) StdoutLine: {'line': b'copying /root/DockerFiles/drone_ws/build/tello_camera/build/lib/tello_camera/circle_detector.py -> /root/DockerFiles/drone_ws/install/tello_camera/lib/python3.8/site-packages/tello_camera\n'}
[1.710638] (tello_camera) StdoutLine: {'line': b'byte-compiling /root/DockerFiles/drone_ws/install/tello_camera/lib/python3.8/site-packages/tello_camera/__init__.py to __init__.cpython-38.pyc\n'}
[1.710846] (tello_description) CommandEnded: {'returncode': 0}
[1.711300] (tello_description) JobProgress: {'identifier': 'tello_description', 'progress': 'build'}
[1.724627] (tello_description) Command: {'cmd': ['/usr/bin/cmake', '--build', '/root/DockerFiles/drone_ws/build/tello_description', '--', '-j12', '-l12'], 'cwd': '/root/DockerFiles/drone_ws/build/tello_description', 'env': OrderedDict([('HOSTNAME', 'vdani-H410M-H-V2'), ('SHLVL', '1'), ('LD_LIBRARY_PATH', '/root/DockerFiles/drone_ws/install/tello_gazebo/lib:/root/DockerFiles/drone_ws/install/tello_driver/lib:/root/DockerFiles/drone_ws/install/tello_msgs/lib:/usr/lib/x86_64-linux-gnu/gazebo-11/plugins:/opt/ros/foxy/opt/yaml_cpp_vendor/lib:/opt/ros/foxy/opt/rviz_ogre_vendor/lib:/opt/ros/foxy/lib/x86_64-linux-gnu:/opt/ros/foxy/lib'), ('HOME', '/root'), ('OLDPWD', '/root/DockerFiles'), ('ROS_PYTHON_VERSION', '3'), ('COLCON_PREFIX_PATH', '/root/DockerFiles/drone_ws/install:/root/DockerFiles/install'), ('ROS_DISTRO', 'foxy'), ('_', '/usr/bin/colcon'), ('ROS_VERSION', '2'), ('TERM', 'xterm'), ('ROS_LOCALHOST_ONLY', '0'), ('QT_X11_NO_MITSHM', '1'), ('PATH', '/root/DockerFiles/drone_ws/install/tello_camera/bin:/opt/ros/foxy/bin:/root/DockerFiles/install/tello_camera/bin:/usr/local/sbin:/usr/local/bin:/usr/sbin:/usr/bin:/sbin:/bin'), ('XDG_RUNTIME_DIR', '/run/user/1000'), ('DISPLAY', ':0'), ('LANG', 'C.UTF-8'), ('RMW_IMPLEMENTATION', 'rmw_fastrtps_cpp'), ('LS_COLORS', 'rs=0:di=01;34:ln=01;36:mh=00:pi=40;33:so=01;35:do=01;35:bd=40;33;01:cd=40;33;01:or=40;31;01:mi=00:su=37;41:sg=30;43:ca=30;41:tw=30;42:ow=34;42:st=37;44:ex=01;32:*.tar=01;31:*.tgz=01;31:*.arc=01;31:*.arj=01;31:*.taz=01;31:*.lha=01;31:*.lz4=01;31:*.lzh=01;31:*.lzma=01;31:*.tlz=01;31:*.txz=01;31:*.tzo=01;31:*.t7z=01;31:*.zip=01;31:*.z=01;31:*.dz=01;31:*.gz=01;31:*.lrz=01;31:*.lz=01;31:*.lzo=01;31:*.xz=01;31:*.zst=01;31:*.tzst=01;31:*.bz2=01;31:*.bz=01;31:*.tbz=01;31:*.tbz2=01;31:*.tz=01;31:*.deb=01;31:*.rpm=01;31:*.jar=01;31:*.war=01;31:*.ear=01;31:*.sar=01;31:*.rar=01;31:*.alz=01;31:*.ace=01;31:*.zoo=01;31:*.cpio=01;31:*.7z=01;31:*.rz=01;31:*.cab=01;31:*.wim=01;31:*.swm=01;31:*.dwm=01;31:*.esd=01;31:*.jpg=01;35:*.jpeg=01;35:*.mjpg=01;35:*.mjpeg=01;35:*.gif=01;35:*.bmp=01;35:*.pbm=01;35:*.pgm=01;35:*.ppm=01;35:*.tga=01;35:*.xbm=01;35:*.xpm=01;35:*.tif=01;35:*.tiff=01;35:*.png=01;35:*.svg=01;35:*.svgz=01;35:*.mng=01;35:*.pcx=01;35:*.mov=01;35:*.mpg=01;35:*.mpeg=01;35:*.m2v=01;35:*.mkv=01;35:*.webm=01;35:*.ogm=01;35:*.mp4=01;35:*.m4v=01;35:*.mp4v=01;35:*.vob=01;35:*.qt=01;35:*.nuv=01;35:*.wmv=01;35:*.asf=01;35:*.rm=01;35:*.rmvb=01;35:*.flc=01;35:*.avi=01;35:*.fli=01;35:*.flv=01;35:*.gl=01;35:*.dl=01;35:*.xcf=01;35:*.xwd=01;35:*.yuv=01;35:*.cgm=01;35:*.emf=01;35:*.ogv=01;35:*.ogx=01;35:*.aac=00;36:*.au=00;36:*.flac=00;36:*.m4a=00;36:*.mid=00;36:*.midi=00;36:*.mka=00;36:*.mp3=00;36:*.mpc=00;36:*.ogg=00;36:*.ra=00;36:*.wav=00;36:*.oga=00;36:*.opus=00;36:*.spx=00;36:*.xspf=00;36:'), ('AMENT_PREFIX_PATH', '/root/DockerFiles/drone_ws/install/tello_gazebo:/root/DockerFiles/drone_ws/install/tello_driver:/root/DockerFiles/drone_ws/install/tello_msgs:/root/DockerFiles/drone_ws/install/tello_hand_move:/root/DockerFiles/drone_ws/install/tello_description:/root/DockerFiles/drone_ws/install/tello_camera:/root/DockerFiles/drone_ws/install/ros2_shared:/opt/ros/foxy:/root/DockerFiles/install/tello_camera'), ('PWD', '/root/DockerFiles/drone_ws/build/tello_description'), ('LC_ALL', 'C.UTF-8'), ('PYTHONPATH', '/root/DockerFiles/drone_ws/install/tello_msgs/lib/python3.8/site-packages:/root/DockerFiles/drone_ws/install/tello_hand_move/lib/python3.8/site-packages:/root/DockerFiles/drone_ws/install/tello_camera/lib/python3.8/site-packages:/opt/ros/foxy/lib/python3.8/site-packages:/root/DockerFiles/build/tello_camera:/root/DockerFiles/install/tello_camera/lib/python3.8/site-packages'), ('COLCON', '1'), ('CMAKE_PREFIX_PATH', '/root/DockerFiles/drone_ws/install/tello_gazebo:/root/DockerFiles/drone_ws/install/tello_driver:/root/DockerFiles/drone_ws/install/tello_msgs:/root/DockerFiles/drone_ws/install/tello_description:/root/DockerFiles/drone_ws/install/ros2_shared:/root/DockerFiles/drone_ws/install/tello_hand_move:/root/DockerFiles/drone_ws/install/tello_camera:/opt/ros/foxy:/root/DockerFiles/install/tello_camera')]), 'shell': False}
[1.726386] (-) TimerEvent: {}
[1.726961] (tello_camera) StdoutLine: {'line': b'byte-compiling /root/DockerFiles/drone_ws/install/tello_camera/lib/python3.8/site-packages/tello_camera/circle_detector.py to circle_detector.cpython-38.pyc\n'}
[1.727141] (tello_camera) StdoutLine: {'line': b'running install_data\n'}
[1.727260] (tello_camera) StdoutLine: {'line': b'creating /root/DockerFiles/drone_ws/install/tello_camera/share/ament_index\n'}
[1.727371] (tello_camera) StdoutLine: {'line': b'creating /root/DockerFiles/drone_ws/install/tello_camera/share/ament_index/resource_index\n'}
[1.727479] (tello_camera) StdoutLine: {'line': b'creating /root/DockerFiles/drone_ws/install/tello_camera/share/ament_index/resource_index/packages\n'}
[1.727596] (tello_camera) StdoutLine: {'line': b'copying resource/tello_camera -> /root/DockerFiles/drone_ws/install/tello_camera/share/ament_index/resource_index/packages\n'}
[1.727705] (tello_camera) StdoutLine: {'line': b'copying package.xml -> /root/DockerFiles/drone_ws/install/tello_camera/share/tello_camera\n'}
[1.727810] (tello_camera) StdoutLine: {'line': b'running install_egg_info\n'}
[1.727912] (tello_camera) StdoutLine: {'line': b'Copying ../../build/tello_camera/tello_camera.egg-info to /root/DockerFiles/drone_ws/install/tello_camera/lib/python3.8/site-packages/tello_camera-0.0.1-py3.8.egg-info\n'}
[1.728023] (tello_camera) StdoutLine: {'line': b'running install_scripts\n'}
[1.731529] (tello_hand_move) StdoutLine: {'line': b"reading manifest file '../../build/tello_hand_move/tello_hand_move.egg-info/SOURCES.txt'\n"}
[1.733287] (tello_hand_move) StdoutLine: {'line': b"writing manifest file '../../build/tello_hand_move/tello_hand_move.egg-info/SOURCES.txt'\n"}
[1.734512] (tello_hand_move) StdoutLine: {'line': b'running build\n'}
[1.735063] (tello_hand_move) StdoutLine: {'line': b'running build_py\n'}
[1.735232] (tello_hand_move) StdoutLine: {'line': b'creating /root/DockerFiles/drone_ws/build/tello_hand_move/build\n'}
[1.735350] (tello_hand_move) StdoutLine: {'line': b'creating /root/DockerFiles/drone_ws/build/tello_hand_move/build/lib\n'}
[1.735449] (tello_hand_move) StdoutLine: {'line': b'creating /root/DockerFiles/drone_ws/build/tello_hand_move/build/lib/tello_hand_move\n'}
[1.735547] (tello_hand_move) StdoutLine: {'line': b'copying tello_hand_move/teleop_wasd_altitude.py -> /root/DockerFiles/drone_ws/build/tello_hand_move/build/lib/tello_hand_move\n'}
[1.735644] (tello_hand_move) StdoutLine: {'line': b'copying tello_hand_move/__init__.py -> /root/DockerFiles/drone_ws/build/tello_hand_move/build/lib/tello_hand_move\n'}
[1.735737] (tello_hand_move) StdoutLine: {'line': b'running install\n'}
[1.735832] (tello_msgs) StdoutLine: {'line': b'-- Found PythonInterp: /usr/bin/python3 (found version "3.8.10") \n'}
[1.735944] (tello_hand_move) StdoutLine: {'line': b'running install_lib\n'}
[1.736094] (tello_hand_move) StdoutLine: {'line': b'creating /root/DockerFiles/drone_ws/install/tello_hand_move/lib/python3.8/site-packages/tello_hand_move\n'}
[1.736224] (tello_hand_move) StdoutLine: {'line': b'copying /root/DockerFiles/drone_ws/build/tello_hand_move/build/lib/tello_hand_move/teleop_wasd_altitude.py -> /root/DockerFiles/drone_ws/install/tello_hand_move/lib/python3.8/site-packages/tello_hand_move\n'}
[1.736372] (tello_hand_move) StdoutLine: {'line': b'copying /root/DockerFiles/drone_ws/build/tello_hand_move/build/lib/tello_hand_move/__init__.py -> /root/DockerFiles/drone_ws/install/tello_hand_move/lib/python3.8/site-packages/tello_hand_move\n'}
[1.738327] (tello_hand_move) StdoutLine: {'line': b'byte-compiling /root/DockerFiles/drone_ws/install/tello_hand_move/lib/python3.8/site-packages/tello_hand_move/teleop_wasd_altitude.py to teleop_wasd_altitude.cpython-38.pyc\n'}
[1.742860] (tello_hand_move) StdoutLine: {'line': b'byte-compiling /root/DockerFiles/drone_ws/install/tello_hand_move/lib/python3.8/site-packages/tello_hand_move/__init__.py to __init__.cpython-38.pyc\n'}
[1.743122] (tello_hand_move) StdoutLine: {'line': b'running install_egg_info\n'}
[1.744887] (tello_hand_move) StdoutLine: {'line': b'Copying ../../build/tello_hand_move/tello_hand_move.egg-info to /root/DockerFiles/drone_ws/install/tello_hand_move/lib/python3.8/site-packages/tello_hand_move-0.0.2-py3.8.egg-info\n'}
[1.745333] (tello_hand_move) StdoutLine: {'line': b'running install_scripts\n'}
[1.754800] (tello_camera) StdoutLine: {'line': b'Installing circle_detector script to /root/DockerFiles/drone_ws/install/tello_camera/lib/tello_camera\n'}
[1.756516] (tello_camera) StdoutLine: {'line': b"writing list of installed files to '/root/DockerFiles/drone_ws/build/tello_camera/install.log'\n"}
[1.767283] (tello_hand_move) StdoutLine: {'line': b'Installing teleop_wasd_altitude script to /root/DockerFiles/drone_ws/install/tello_hand_move/lib/tello_hand_move\n'}
[1.767721] (tello_hand_move) StdoutLine: {'line': b"writing list of installed files to '/root/DockerFiles/drone_ws/build/tello_hand_move/install.log'\n"}
[1.816070] (tello_camera) CommandEnded: {'returncode': 0}
[1.818139] (tello_description) StdoutLine: {'line': b'\x1b[35m\x1b[1mScanning dependencies of target generate_urdf\x1b[0m\n'}
[1.829437] (tello_description) StdoutLine: {'line': b'\x1b[35m\x1b[1mScanning dependencies of target generate_urdf_3\x1b[0m\n'}
[1.830324] (-) TimerEvent: {}
[1.835746] (tello_description) StdoutLine: {'line': b'\x1b[35m\x1b[1mScanning dependencies of target generate_urdf_6\x1b[0m\n'}
[1.840348] (tello_description) StdoutLine: {'line': b'\x1b[35m\x1b[1mScanning dependencies of target generate_urdf_8\x1b[0m\n'}
[1.841231] (tello_description) StdoutLine: {'line': b'\x1b[35m\x1b[1mScanning dependencies of target generate_urdf_1\x1b[0m\n'}
[1.841882] (tello_description) StdoutLine: {'line': b'\x1b[35m\x1b[1mScanning dependencies of target generate_urdf_5\x1b[0m\n'}
[1.842036] (tello_description) StdoutLine: {'line': b'\x1b[35m\x1b[1mScanning dependencies of target generate_urdf_4\x1b[0m\n'}
[1.843880] (tello_description) StdoutLine: {'line': b'[ 11%] \x1b[34m\x1b[1mGenerate /root/DockerFiles/drone_ws/build/tello_description/urdf/tello.urdf\x1b[0m\n'}
[1.845235] (tello_description) StdoutLine: {'line': b'[ 22%] \x1b[34m\x1b[1mGenerate /root/DockerFiles/drone_ws/build/tello_description/urdf/tello_6.urdf\x1b[0m\n'}
[1.846567] (tello_description) StdoutLine: {'line': b'[ 33%] \x1b[34m\x1b[1mGenerate /root/DockerFiles/drone_ws/build/tello_description/urdf/tello_8.urdf\x1b[0m\n'}
[1.852482] (tello_description) StdoutLine: {'line': b'[ 44%] \x1b[34m\x1b[1mGenerate /root/DockerFiles/drone_ws/build/tello_description/urdf/tello_1.urdf\x1b[0m\n'}
[1.862806] (tello_description) StdoutLine: {'line': b'[ 55%] \x1b[34m\x1b[1mGenerate /root/DockerFiles/drone_ws/build/tello_description/urdf/tello_5.urdf\x1b[0m\n'}
[1.863031] (tello_description) StdoutLine: {'line': b'[ 66%] \x1b[34m\x1b[1mGenerate /root/DockerFiles/drone_ws/build/tello_description/urdf/tello_4.urdf\x1b[0m\n'}
[1.863143] (tello_description) StdoutLine: {'line': b'\x1b[35m\x1b[1mScanning dependencies of target generate_urdf_7\x1b[0m\n'}
[1.875339] (tello_camera) JobEnded: {'identifier': 'tello_camera', 'rc': 0}
[1.876729] (tello_description) StdoutLine: {'line': b'\x1b[35m\x1b[1mScanning dependencies of target generate_urdf_2\x1b[0m\n'}
[1.883912] (tello_hand_move) CommandEnded: {'returncode': 0}
[1.884482] (tello_description) StdoutLine: {'line': b'[ 77%] \x1b[34m\x1b[1mGenerate /root/DockerFiles/drone_ws/build/tello_description/urdf/tello_3.urdf\x1b[0m\n'}
[1.908471] (ros2_shared) StdoutLine: {'line': b'-- Looking for pthread.h - found\n'}
[1.908773] (ros2_shared) StdoutLine: {'line': b'-- Performing Test CMAKE_HAVE_LIBC_PTHREAD\n'}
[1.908951] (tello_description) StdoutLine: {'line': b'[100%] \x1b[34m\x1b[1mGenerate /root/DockerFiles/drone_ws/build/tello_description/urdf/tello_7.urdf\x1b[0m\n'}
[1.909069] (tello_description) StdoutLine: {'line': b'[100%] \x1b[34m\x1b[1mGenerate /root/DockerFiles/drone_ws/build/tello_description/urdf/tello_2.urdf\x1b[0m\n'}
[1.913378] (tello_hand_move) JobEnded: {'identifier': 'tello_hand_move', 'rc': 0}
[1.920536] (tello_description) StdoutLine: {'line': b'[100%] Built target generate_urdf_1\n'}
[1.925138] (tello_description) StdoutLine: {'line': b'[100%] Built target generate_urdf_4\n'}
[1.930438] (-) TimerEvent: {}
[1.932376] (tello_description) StdoutLine: {'line': b'[100%] Built target generate_urdf_8\n'}
[1.964039] (tello_description) StdoutLine: {'line': b'[100%] Built target generate_urdf_2\n'}
[1.965693] (tello_description) StdoutLine: {'line': b'[100%] Built target generate_urdf_5\n'}
[1.973063] (tello_description) StdoutLine: {'line': b'[100%] Built target generate_urdf_3\n'}
[1.975911] (tello_description) StdoutLine: {'line': b'[100%] Built target generate_urdf_6\n'}
[1.976348] (tello_description) StdoutLine: {'line': b'[100%] Built target generate_urdf\n'}
[1.987435] (tello_description) StdoutLine: {'line': b'[100%] Built target generate_urdf_7\n'}
[2.020081] (tello_description) CommandEnded: {'returncode': 0}
[2.030779] (-) TimerEvent: {}
[2.038760] (ros2_shared) StdoutLine: {'line': b'-- Performing Test CMAKE_HAVE_LIBC_PTHREAD - Failed\n'}
[2.039063] (ros2_shared) StdoutLine: {'line': b'-- Looking for pthread_create in pthreads\n'}
[2.073804] (tello_description) JobProgress: {'identifier': 'tello_description', 'progress': 'install'}
[2.095355] (tello_description) Command: {'cmd': ['/usr/bin/cmake', '--install', '/root/DockerFiles/drone_ws/build/tello_description'], 'cwd': '/root/DockerFiles/drone_ws/build/tello_description', 'env': OrderedDict([('HOSTNAME', 'vdani-H410M-H-V2'), ('SHLVL', '1'), ('LD_LIBRARY_PATH', '/root/DockerFiles/drone_ws/install/tello_gazebo/lib:/root/DockerFiles/drone_ws/install/tello_driver/lib:/root/DockerFiles/drone_ws/install/tello_msgs/lib:/usr/lib/x86_64-linux-gnu/gazebo-11/plugins:/opt/ros/foxy/opt/yaml_cpp_vendor/lib:/opt/ros/foxy/opt/rviz_ogre_vendor/lib:/opt/ros/foxy/lib/x86_64-linux-gnu:/opt/ros/foxy/lib'), ('HOME', '/root'), ('OLDPWD', '/root/DockerFiles'), ('ROS_PYTHON_VERSION', '3'), ('COLCON_PREFIX_PATH', '/root/DockerFiles/drone_ws/install:/root/DockerFiles/install'), ('ROS_DISTRO', 'foxy'), ('_', '/usr/bin/colcon'), ('ROS_VERSION', '2'), ('TERM', 'xterm'), ('ROS_LOCALHOST_ONLY', '0'), ('QT_X11_NO_MITSHM', '1'), ('PATH', '/root/DockerFiles/drone_ws/install/tello_camera/bin:/opt/ros/foxy/bin:/root/DockerFiles/install/tello_camera/bin:/usr/local/sbin:/usr/local/bin:/usr/sbin:/usr/bin:/sbin:/bin'), ('XDG_RUNTIME_DIR', '/run/user/1000'), ('DISPLAY', ':0'), ('LANG', 'C.UTF-8'), ('RMW_IMPLEMENTATION', 'rmw_fastrtps_cpp'), ('LS_COLORS', 'rs=0:di=01;34:ln=01;36:mh=00:pi=40;33:so=01;35:do=01;35:bd=40;33;01:cd=40;33;01:or=40;31;01:mi=00:su=37;41:sg=30;43:ca=30;41:tw=30;42:ow=34;42:st=37;44:ex=01;32:*.tar=01;31:*.tgz=01;31:*.arc=01;31:*.arj=01;31:*.taz=01;31:*.lha=01;31:*.lz4=01;31:*.lzh=01;31:*.lzma=01;31:*.tlz=01;31:*.txz=01;31:*.tzo=01;31:*.t7z=01;31:*.zip=01;31:*.z=01;31:*.dz=01;31:*.gz=01;31:*.lrz=01;31:*.lz=01;31:*.lzo=01;31:*.xz=01;31:*.zst=01;31:*.tzst=01;31:*.bz2=01;31:*.bz=01;31:*.tbz=01;31:*.tbz2=01;31:*.tz=01;31:*.deb=01;31:*.rpm=01;31:*.jar=01;31:*.war=01;31:*.ear=01;31:*.sar=01;31:*.rar=01;31:*.alz=01;31:*.ace=01;31:*.zoo=01;31:*.cpio=01;31:*.7z=01;31:*.rz=01;31:*.cab=01;31:*.wim=01;31:*.swm=01;31:*.dwm=01;31:*.esd=01;31:*.jpg=01;35:*.jpeg=01;35:*.mjpg=01;35:*.mjpeg=01;35:*.gif=01;35:*.bmp=01;35:*.pbm=01;35:*.pgm=01;35:*.ppm=01;35:*.tga=01;35:*.xbm=01;35:*.xpm=01;35:*.tif=01;35:*.tiff=01;35:*.png=01;35:*.svg=01;35:*.svgz=01;35:*.mng=01;35:*.pcx=01;35:*.mov=01;35:*.mpg=01;35:*.mpeg=01;35:*.m2v=01;35:*.mkv=01;35:*.webm=01;35:*.ogm=01;35:*.mp4=01;35:*.m4v=01;35:*.mp4v=01;35:*.vob=01;35:*.qt=01;35:*.nuv=01;35:*.wmv=01;35:*.asf=01;35:*.rm=01;35:*.rmvb=01;35:*.flc=01;35:*.avi=01;35:*.fli=01;35:*.flv=01;35:*.gl=01;35:*.dl=01;35:*.xcf=01;35:*.xwd=01;35:*.yuv=01;35:*.cgm=01;35:*.emf=01;35:*.ogv=01;35:*.ogx=01;35:*.aac=00;36:*.au=00;36:*.flac=00;36:*.m4a=00;36:*.mid=00;36:*.midi=00;36:*.mka=00;36:*.mp3=00;36:*.mpc=00;36:*.ogg=00;36:*.ra=00;36:*.wav=00;36:*.oga=00;36:*.opus=00;36:*.spx=00;36:*.xspf=00;36:'), ('AMENT_PREFIX_PATH', '/root/DockerFiles/drone_ws/install/tello_gazebo:/root/DockerFiles/drone_ws/install/tello_driver:/root/DockerFiles/drone_ws/install/tello_msgs:/root/DockerFiles/drone_ws/install/tello_hand_move:/root/DockerFiles/drone_ws/install/tello_description:/root/DockerFiles/drone_ws/install/tello_camera:/root/DockerFiles/drone_ws/install/ros2_shared:/opt/ros/foxy:/root/DockerFiles/install/tello_camera'), ('PWD', '/root/DockerFiles/drone_ws/build/tello_description'), ('LC_ALL', 'C.UTF-8'), ('PYTHONPATH', '/root/DockerFiles/drone_ws/install/tello_msgs/lib/python3.8/site-packages:/root/DockerFiles/drone_ws/install/tello_hand_move/lib/python3.8/site-packages:/root/DockerFiles/drone_ws/install/tello_camera/lib/python3.8/site-packages:/opt/ros/foxy/lib/python3.8/site-packages:/root/DockerFiles/build/tello_camera:/root/DockerFiles/install/tello_camera/lib/python3.8/site-packages'), ('COLCON', '1'), ('CMAKE_PREFIX_PATH', '/root/DockerFiles/drone_ws/install/tello_gazebo:/root/DockerFiles/drone_ws/install/tello_driver:/root/DockerFiles/drone_ws/install/tello_msgs:/root/DockerFiles/drone_ws/install/tello_description:/root/DockerFiles/drone_ws/install/ros2_shared:/root/DockerFiles/drone_ws/install/tello_hand_move:/root/DockerFiles/drone_ws/install/tello_camera:/opt/ros/foxy:/root/DockerFiles/install/tello_camera')]), 'shell': False}
[2.098987] (tello_msgs) StdoutLine: {'line': b'-- Found ament_cmake_ros: 0.9.2 (/opt/ros/foxy/share/ament_cmake_ros/cmake)\n'}
[2.118814] (tello_description) StdoutLine: {'line': b'-- Install configuration: ""\n'}
[2.119072] (tello_description) StdoutLine: {'line': b'-- Installing: /root/DockerFiles/drone_ws/install/tello_description/share/tello_description/urdf\n'}
[2.119210] (tello_description) StdoutLine: {'line': b'-- Installing: /root/DockerFiles/drone_ws/install/tello_description/share/tello_description/urdf/tello_8.urdf\n'}
[2.119340] (tello_description) StdoutLine: {'line': b'-- Installing: /root/DockerFiles/drone_ws/install/tello_description/share/tello_description/urdf/tello_3.urdf\n'}
[2.119456] (tello_description) StdoutLine: {'line': b'-- Installing: /root/DockerFiles/drone_ws/install/tello_description/share/tello_description/urdf/tello_1.urdf\n'}
[2.119589] (tello_description) StdoutLine: {'line': b'-- Installing: /root/DockerFiles/drone_ws/install/tello_description/share/tello_description/urdf/tello_5.urdf\n'}
[2.119721] (tello_description) StdoutLine: {'line': b'-- Installing: /root/DockerFiles/drone_ws/install/tello_description/share/tello_description/urdf/tello_4.urdf\n'}
[2.119849] (tello_description) StdoutLine: {'line': b'-- Installing: /root/DockerFiles/drone_ws/install/tello_description/share/tello_description/urdf/tello_6.urdf\n'}
[2.119912] (tello_description) StdoutLine: {'line': b'-- Installing: /root/DockerFiles/drone_ws/install/tello_description/share/tello_description/urdf/tello_2.urdf\n'}
[2.119967] (tello_description) StdoutLine: {'line': b'-- Installing: /root/DockerFiles/drone_ws/install/tello_description/share/tello_description/urdf/tello_7.urdf\n'}
[2.120112] (tello_description) StdoutLine: {'line': b'-- Installing: /root/DockerFiles/drone_ws/install/tello_description/share/tello_description/urdf/tello.urdf\n'}
[2.120200] (tello_description) StdoutLine: {'line': b'-- Installing: /root/DockerFiles/drone_ws/install/tello_description/share/ament_index/resource_index/package_run_dependencies/tello_description\n'}
[2.120319] (tello_description) StdoutLine: {'line': b'-- Installing: /root/DockerFiles/drone_ws/install/tello_description/share/ament_index/resource_index/parent_prefix_path/tello_description\n'}
[2.120414] (tello_description) StdoutLine: {'line': b'-- Installing: /root/DockerFiles/drone_ws/install/tello_description/share/tello_description/environment/ament_prefix_path.sh\n'}
[2.120513] (tello_description) StdoutLine: {'line': b'-- Installing: /root/DockerFiles/drone_ws/install/tello_description/share/tello_description/environment/ament_prefix_path.dsv\n'}
[2.120700] (tello_description) StdoutLine: {'line': b'-- Installing: /root/DockerFiles/drone_ws/install/tello_description/share/tello_description/environment/path.sh\n'}
[2.120905] (tello_description) StdoutLine: {'line': b'-- Installing: /root/DockerFiles/drone_ws/install/tello_description/share/tello_description/environment/path.dsv\n'}
[2.121116] (tello_description) StdoutLine: {'line': b'-- Installing: /root/DockerFiles/drone_ws/install/tello_description/share/tello_description/local_setup.bash\n'}
[2.121337] (tello_description) StdoutLine: {'line': b'-- Installing: /root/DockerFiles/drone_ws/install/tello_description/share/tello_description/local_setup.sh\n'}
[2.122414] (tello_description) StdoutLine: {'line': b'-- Installing: /root/DockerFiles/drone_ws/install/tello_description/share/tello_description/local_setup.zsh\n'}
[2.122730] (tello_description) StdoutLine: {'line': b'-- Installing: /root/DockerFiles/drone_ws/install/tello_description/share/tello_description/local_setup.dsv\n'}
[2.122859] (tello_description) StdoutLine: {'line': b'-- Installing: /root/DockerFiles/drone_ws/install/tello_description/share/tello_description/package.dsv\n'}
[2.122959] (tello_description) StdoutLine: {'line': b'-- Installing: /root/DockerFiles/drone_ws/install/tello_description/share/ament_index/resource_index/packages/tello_description\n'}
[2.123050] (tello_description) StdoutLine: {'line': b'-- Installing: /root/DockerFiles/drone_ws/install/tello_description/share/tello_description/cmake/tello_descriptionConfig.cmake\n'}
[2.123142] (tello_description) StdoutLine: {'line': b'-- Installing: /root/DockerFiles/drone_ws/install/tello_description/share/tello_description/cmake/tello_descriptionConfig-version.cmake\n'}
[2.123236] (tello_description) StdoutLine: {'line': b'-- Installing: /root/DockerFiles/drone_ws/install/tello_description/share/tello_description/package.xml\n'}
[2.126350] (tello_description) CommandEnded: {'returncode': 0}
[2.132410] (-) TimerEvent: {}
[2.143911] (ros2_shared) StdoutLine: {'line': b'-- Looking for pthread_create in pthreads - not found\n'}
[2.144114] (ros2_shared) StdoutLine: {'line': b'-- Looking for pthread_create in pthread\n'}
[2.221548] (tello_description) JobEnded: {'identifier': 'tello_description', 'rc': 0}
[2.232525] (-) TimerEvent: {}
[2.252863] (ros2_shared) StdoutLine: {'line': b'-- Looking for pthread_create in pthread - found\n'}
[2.257982] (ros2_shared) StdoutLine: {'line': b'-- Found Threads: TRUE  \n'}
[2.332620] (-) TimerEvent: {}
[2.368444] (tello_msgs) StdoutLine: {'line': b'-- Using all available rosidl_typesupport_c: rosidl_typesupport_fastrtps_c;rosidl_typesupport_introspection_c\n'}
[2.433312] (-) TimerEvent: {}
[2.502056] (tello_msgs) StdoutLine: {'line': b'-- Using all available rosidl_typesupport_cpp: rosidl_typesupport_fastrtps_cpp;rosidl_typesupport_introspection_cpp\n'}
[2.533433] (-) TimerEvent: {}
[2.543566] (tello_msgs) StdoutLine: {'line': b'-- Found PythonInterp: /usr/bin/python3 (found suitable version "3.8.10", minimum required is "3.5") \n'}
[2.547303] (tello_msgs) StdoutLine: {'line': b'-- Found python_cmake_module: 0.8.1 (/opt/ros/foxy/share/python_cmake_module/cmake)\n'}
[2.586716] (tello_msgs) StdoutLine: {'line': b'-- Found PythonLibs: /usr/lib/x86_64-linux-gnu/libpython3.8.so (found suitable version "3.8.10", minimum required is "3.5") \n'}
[2.587752] (tello_msgs) StdoutLine: {'line': b'-- Using PYTHON_EXECUTABLE: /usr/bin/python3\n'}
[2.589793] (tello_msgs) StdoutLine: {'line': b'-- Using PYTHON_INCLUDE_DIRS: /usr/include/python3.8\n'}
[2.590490] (tello_msgs) StdoutLine: {'line': b'-- Using PYTHON_LIBRARIES: /usr/lib/x86_64-linux-gnu/libpython3.8.so\n'}
[2.606867] (ros2_shared) StdoutLine: {'line': b'-- Configuring done\n'}
[2.626375] (ros2_shared) StdoutLine: {'line': b'-- Generating done\n'}
[2.627293] (ros2_shared) StdoutLine: {'line': b'-- Build files have been written to: /root/DockerFiles/drone_ws/build/ros2_shared\n'}
[2.634342] (-) TimerEvent: {}
[2.639283] (tello_msgs) StdoutLine: {'line': b'-- Found PythonExtra: .so  \n'}
[2.643100] (ros2_shared) CommandEnded: {'returncode': 0}
[2.643751] (ros2_shared) JobProgress: {'identifier': 'ros2_shared', 'progress': 'build'}
[2.644016] (ros2_shared) Command: {'cmd': ['/usr/bin/cmake', '--build', '/root/DockerFiles/drone_ws/build/ros2_shared', '--', '-j12', '-l12'], 'cwd': '/root/DockerFiles/drone_ws/build/ros2_shared', 'env': OrderedDict([('HOSTNAME', 'vdani-H410M-H-V2'), ('SHLVL', '1'), ('LD_LIBRARY_PATH', '/root/DockerFiles/drone_ws/install/tello_gazebo/lib:/root/DockerFiles/drone_ws/install/tello_driver/lib:/root/DockerFiles/drone_ws/install/tello_msgs/lib:/usr/lib/x86_64-linux-gnu/gazebo-11/plugins:/opt/ros/foxy/opt/yaml_cpp_vendor/lib:/opt/ros/foxy/opt/rviz_ogre_vendor/lib:/opt/ros/foxy/lib/x86_64-linux-gnu:/opt/ros/foxy/lib'), ('HOME', '/root'), ('OLDPWD', '/root/DockerFiles'), ('ROS_PYTHON_VERSION', '3'), ('COLCON_PREFIX_PATH', '/root/DockerFiles/drone_ws/install:/root/DockerFiles/install'), ('ROS_DISTRO', 'foxy'), ('_', '/usr/bin/colcon'), ('ROS_VERSION', '2'), ('TERM', 'xterm'), ('ROS_LOCALHOST_ONLY', '0'), ('QT_X11_NO_MITSHM', '1'), ('PATH', '/root/DockerFiles/drone_ws/install/tello_camera/bin:/opt/ros/foxy/bin:/root/DockerFiles/install/tello_camera/bin:/usr/local/sbin:/usr/local/bin:/usr/sbin:/usr/bin:/sbin:/bin'), ('XDG_RUNTIME_DIR', '/run/user/1000'), ('DISPLAY', ':0'), ('LANG', 'C.UTF-8'), ('RMW_IMPLEMENTATION', 'rmw_fastrtps_cpp'), ('LS_COLORS', 'rs=0:di=01;34:ln=01;36:mh=00:pi=40;33:so=01;35:do=01;35:bd=40;33;01:cd=40;33;01:or=40;31;01:mi=00:su=37;41:sg=30;43:ca=30;41:tw=30;42:ow=34;42:st=37;44:ex=01;32:*.tar=01;31:*.tgz=01;31:*.arc=01;31:*.arj=01;31:*.taz=01;31:*.lha=01;31:*.lz4=01;31:*.lzh=01;31:*.lzma=01;31:*.tlz=01;31:*.txz=01;31:*.tzo=01;31:*.t7z=01;31:*.zip=01;31:*.z=01;31:*.dz=01;31:*.gz=01;31:*.lrz=01;31:*.lz=01;31:*.lzo=01;31:*.xz=01;31:*.zst=01;31:*.tzst=01;31:*.bz2=01;31:*.bz=01;31:*.tbz=01;31:*.tbz2=01;31:*.tz=01;31:*.deb=01;31:*.rpm=01;31:*.jar=01;31:*.war=01;31:*.ear=01;31:*.sar=01;31:*.rar=01;31:*.alz=01;31:*.ace=01;31:*.zoo=01;31:*.cpio=01;31:*.7z=01;31:*.rz=01;31:*.cab=01;31:*.wim=01;31:*.swm=01;31:*.dwm=01;31:*.esd=01;31:*.jpg=01;35:*.jpeg=01;35:*.mjpg=01;35:*.mjpeg=01;35:*.gif=01;35:*.bmp=01;35:*.pbm=01;35:*.pgm=01;35:*.ppm=01;35:*.tga=01;35:*.xbm=01;35:*.xpm=01;35:*.tif=01;35:*.tiff=01;35:*.png=01;35:*.svg=01;35:*.svgz=01;35:*.mng=01;35:*.pcx=01;35:*.mov=01;35:*.mpg=01;35:*.mpeg=01;35:*.m2v=01;35:*.mkv=01;35:*.webm=01;35:*.ogm=01;35:*.mp4=01;35:*.m4v=01;35:*.mp4v=01;35:*.vob=01;35:*.qt=01;35:*.nuv=01;35:*.wmv=01;35:*.asf=01;35:*.rm=01;35:*.rmvb=01;35:*.flc=01;35:*.avi=01;35:*.fli=01;35:*.flv=01;35:*.gl=01;35:*.dl=01;35:*.xcf=01;35:*.xwd=01;35:*.yuv=01;35:*.cgm=01;35:*.emf=01;35:*.ogv=01;35:*.ogx=01;35:*.aac=00;36:*.au=00;36:*.flac=00;36:*.m4a=00;36:*.mid=00;36:*.midi=00;36:*.mka=00;36:*.mp3=00;36:*.mpc=00;36:*.ogg=00;36:*.ra=00;36:*.wav=00;36:*.oga=00;36:*.opus=00;36:*.spx=00;36:*.xspf=00;36:'), ('AMENT_PREFIX_PATH', '/root/DockerFiles/drone_ws/install/tello_gazebo:/root/DockerFiles/drone_ws/install/tello_driver:/root/DockerFiles/drone_ws/install/tello_msgs:/root/DockerFiles/drone_ws/install/tello_hand_move:/root/DockerFiles/drone_ws/install/tello_description:/root/DockerFiles/drone_ws/install/tello_camera:/root/DockerFiles/drone_ws/install/ros2_shared:/opt/ros/foxy:/root/DockerFiles/install/tello_camera'), ('PWD', '/root/DockerFiles/drone_ws/build/ros2_shared'), ('LC_ALL', 'C.UTF-8'), ('PYTHONPATH', '/root/DockerFiles/drone_ws/install/tello_msgs/lib/python3.8/site-packages:/root/DockerFiles/drone_ws/install/tello_hand_move/lib/python3.8/site-packages:/root/DockerFiles/drone_ws/install/tello_camera/lib/python3.8/site-packages:/opt/ros/foxy/lib/python3.8/site-packages:/root/DockerFiles/build/tello_camera:/root/DockerFiles/install/tello_camera/lib/python3.8/site-packages'), ('COLCON', '1'), ('CMAKE_PREFIX_PATH', '/root/DockerFiles/drone_ws/install/tello_gazebo:/root/DockerFiles/drone_ws/install/tello_driver:/root/DockerFiles/drone_ws/install/tello_msgs:/root/DockerFiles/drone_ws/install/tello_description:/root/DockerFiles/drone_ws/install/ros2_shared:/root/DockerFiles/drone_ws/install/tello_hand_move:/root/DockerFiles/drone_ws/install/tello_camera:/opt/ros/foxy:/root/DockerFiles/install/tello_camera')]), 'shell': False}
[2.739090] (ros2_shared) CommandEnded: {'returncode': 0}
[2.740427] (-) TimerEvent: {}
[2.757337] (tello_msgs) StdoutLine: {'line': b'-- Configuring done\n'}
[2.782793] (ros2_shared) JobProgress: {'identifier': 'ros2_shared', 'progress': 'install'}
[2.788581] (ros2_shared) Command: {'cmd': ['/usr/bin/cmake', '--install', '/root/DockerFiles/drone_ws/build/ros2_shared'], 'cwd': '/root/DockerFiles/drone_ws/build/ros2_shared', 'env': OrderedDict([('HOSTNAME', 'vdani-H410M-H-V2'), ('SHLVL', '1'), ('LD_LIBRARY_PATH', '/root/DockerFiles/drone_ws/install/tello_gazebo/lib:/root/DockerFiles/drone_ws/install/tello_driver/lib:/root/DockerFiles/drone_ws/install/tello_msgs/lib:/usr/lib/x86_64-linux-gnu/gazebo-11/plugins:/opt/ros/foxy/opt/yaml_cpp_vendor/lib:/opt/ros/foxy/opt/rviz_ogre_vendor/lib:/opt/ros/foxy/lib/x86_64-linux-gnu:/opt/ros/foxy/lib'), ('HOME', '/root'), ('OLDPWD', '/root/DockerFiles'), ('ROS_PYTHON_VERSION', '3'), ('COLCON_PREFIX_PATH', '/root/DockerFiles/drone_ws/install:/root/DockerFiles/install'), ('ROS_DISTRO', 'foxy'), ('_', '/usr/bin/colcon'), ('ROS_VERSION', '2'), ('TERM', 'xterm'), ('ROS_LOCALHOST_ONLY', '0'), ('QT_X11_NO_MITSHM', '1'), ('PATH', '/root/DockerFiles/drone_ws/install/tello_camera/bin:/opt/ros/foxy/bin:/root/DockerFiles/install/tello_camera/bin:/usr/local/sbin:/usr/local/bin:/usr/sbin:/usr/bin:/sbin:/bin'), ('XDG_RUNTIME_DIR', '/run/user/1000'), ('DISPLAY', ':0'), ('LANG', 'C.UTF-8'), ('RMW_IMPLEMENTATION', 'rmw_fastrtps_cpp'), ('LS_COLORS', 'rs=0:di=01;34:ln=01;36:mh=00:pi=40;33:so=01;35:do=01;35:bd=40;33;01:cd=40;33;01:or=40;31;01:mi=00:su=37;41:sg=30;43:ca=30;41:tw=30;42:ow=34;42:st=37;44:ex=01;32:*.tar=01;31:*.tgz=01;31:*.arc=01;31:*.arj=01;31:*.taz=01;31:*.lha=01;31:*.lz4=01;31:*.lzh=01;31:*.lzma=01;31:*.tlz=01;31:*.txz=01;31:*.tzo=01;31:*.t7z=01;31:*.zip=01;31:*.z=01;31:*.dz=01;31:*.gz=01;31:*.lrz=01;31:*.lz=01;31:*.lzo=01;31:*.xz=01;31:*.zst=01;31:*.tzst=01;31:*.bz2=01;31:*.bz=01;31:*.tbz=01;31:*.tbz2=01;31:*.tz=01;31:*.deb=01;31:*.rpm=01;31:*.jar=01;31:*.war=01;31:*.ear=01;31:*.sar=01;31:*.rar=01;31:*.alz=01;31:*.ace=01;31:*.zoo=01;31:*.cpio=01;31:*.7z=01;31:*.rz=01;31:*.cab=01;31:*.wim=01;31:*.swm=01;31:*.dwm=01;31:*.esd=01;31:*.jpg=01;35:*.jpeg=01;35:*.mjpg=01;35:*.mjpeg=01;35:*.gif=01;35:*.bmp=01;35:*.pbm=01;35:*.pgm=01;35:*.ppm=01;35:*.tga=01;35:*.xbm=01;35:*.xpm=01;35:*.tif=01;35:*.tiff=01;35:*.png=01;35:*.svg=01;35:*.svgz=01;35:*.mng=01;35:*.pcx=01;35:*.mov=01;35:*.mpg=01;35:*.mpeg=01;35:*.m2v=01;35:*.mkv=01;35:*.webm=01;35:*.ogm=01;35:*.mp4=01;35:*.m4v=01;35:*.mp4v=01;35:*.vob=01;35:*.qt=01;35:*.nuv=01;35:*.wmv=01;35:*.asf=01;35:*.rm=01;35:*.rmvb=01;35:*.flc=01;35:*.avi=01;35:*.fli=01;35:*.flv=01;35:*.gl=01;35:*.dl=01;35:*.xcf=01;35:*.xwd=01;35:*.yuv=01;35:*.cgm=01;35:*.emf=01;35:*.ogv=01;35:*.ogx=01;35:*.aac=00;36:*.au=00;36:*.flac=00;36:*.m4a=00;36:*.mid=00;36:*.midi=00;36:*.mka=00;36:*.mp3=00;36:*.mpc=00;36:*.ogg=00;36:*.ra=00;36:*.wav=00;36:*.oga=00;36:*.opus=00;36:*.spx=00;36:*.xspf=00;36:'), ('AMENT_PREFIX_PATH', '/root/DockerFiles/drone_ws/install/tello_gazebo:/root/DockerFiles/drone_ws/install/tello_driver:/root/DockerFiles/drone_ws/install/tello_msgs:/root/DockerFiles/drone_ws/install/tello_hand_move:/root/DockerFiles/drone_ws/install/tello_description:/root/DockerFiles/drone_ws/install/tello_camera:/root/DockerFiles/drone_ws/install/ros2_shared:/opt/ros/foxy:/root/DockerFiles/install/tello_camera'), ('PWD', '/root/DockerFiles/drone_ws/build/ros2_shared'), ('LC_ALL', 'C.UTF-8'), ('PYTHONPATH', '/root/DockerFiles/drone_ws/install/tello_msgs/lib/python3.8/site-packages:/root/DockerFiles/drone_ws/install/tello_hand_move/lib/python3.8/site-packages:/root/DockerFiles/drone_ws/install/tello_camera/lib/python3.8/site-packages:/opt/ros/foxy/lib/python3.8/site-packages:/root/DockerFiles/build/tello_camera:/root/DockerFiles/install/tello_camera/lib/python3.8/site-packages'), ('COLCON', '1'), ('CMAKE_PREFIX_PATH', '/root/DockerFiles/drone_ws/install/tello_gazebo:/root/DockerFiles/drone_ws/install/tello_driver:/root/DockerFiles/drone_ws/install/tello_msgs:/root/DockerFiles/drone_ws/install/tello_description:/root/DockerFiles/drone_ws/install/ros2_shared:/root/DockerFiles/drone_ws/install/tello_hand_move:/root/DockerFiles/drone_ws/install/tello_camera:/opt/ros/foxy:/root/DockerFiles/install/tello_camera')]), 'shell': False}
[2.803963] (ros2_shared) StdoutLine: {'line': b'-- Install configuration: ""\n'}
[2.804448] (ros2_shared) StdoutLine: {'line': b'-- Installing: /root/DockerFiles/drone_ws/install/ros2_shared/include\n'}
[2.804795] (ros2_shared) StdoutLine: {'line': b'-- Installing: /root/DockerFiles/drone_ws/install/ros2_shared/include/ros2_shared\n'}
[2.804964] (ros2_shared) StdoutLine: {'line': b'-- Installing: /root/DockerFiles/drone_ws/install/ros2_shared/include/ros2_shared/context_macros.hpp\n'}
[2.805309] (ros2_shared) StdoutLine: {'line': b'-- Installing: /root/DockerFiles/drone_ws/install/ros2_shared/include/ros2_shared/string_printf.hpp\n'}
[2.805477] (ros2_shared) StdoutLine: {'line': b'-- Installing: /root/DockerFiles/drone_ws/install/ros2_shared/include/ros2_shared/param_macros.hpp\n'}
[2.805608] (ros2_shared) StdoutLine: {'line': b'-- Installing: /root/DockerFiles/drone_ws/install/ros2_shared/share/ament_index/resource_index/package_run_dependencies/ros2_shared\n'}
[2.810374] (ros2_shared) StdoutLine: {'line': b'-- Installing: /root/DockerFiles/drone_ws/install/ros2_shared/share/ament_index/resource_index/parent_prefix_path/ros2_shared\n'}
[2.810743] (ros2_shared) StdoutLine: {'line': b'-- Installing: /root/DockerFiles/drone_ws/install/ros2_shared/share/ros2_shared/environment/ament_prefix_path.sh\n'}
[2.811053] (ros2_shared) StdoutLine: {'line': b'-- Installing: /root/DockerFiles/drone_ws/install/ros2_shared/share/ros2_shared/environment/ament_prefix_path.dsv\n'}
[2.811186] (ros2_shared) StdoutLine: {'line': b'-- Installing: /root/DockerFiles/drone_ws/install/ros2_shared/share/ros2_shared/environment/path.sh\n'}
[2.811292] (ros2_shared) StdoutLine: {'line': b'-- Installing: /root/DockerFiles/drone_ws/install/ros2_shared/share/ros2_shared/environment/path.dsv\n'}
[2.811381] (ros2_shared) StdoutLine: {'line': b'-- Installing: /root/DockerFiles/drone_ws/install/ros2_shared/share/ros2_shared/local_setup.bash\n'}
[2.812736] (ros2_shared) StdoutLine: {'line': b'-- Installing: /root/DockerFiles/drone_ws/install/ros2_shared/share/ros2_shared/local_setup.sh\n'}
[2.815447] (ros2_shared) StdoutLine: {'line': b'-- Installing: /root/DockerFiles/drone_ws/install/ros2_shared/share/ros2_shared/local_setup.zsh\n'}
[2.815602] (ros2_shared) StdoutLine: {'line': b'-- Installing: /root/DockerFiles/drone_ws/install/ros2_shared/share/ros2_shared/local_setup.dsv\n'}
[2.815689] (ros2_shared) StdoutLine: {'line': b'-- Installing: /root/DockerFiles/drone_ws/install/ros2_shared/share/ros2_shared/package.dsv\n'}
[2.815779] (ros2_shared) StdoutLine: {'line': b'-- Installing: /root/DockerFiles/drone_ws/install/ros2_shared/share/ament_index/resource_index/packages/ros2_shared\n'}
[2.815866] (ros2_shared) StdoutLine: {'line': b'-- Installing: /root/DockerFiles/drone_ws/install/ros2_shared/share/ros2_shared/cmake/ros2_shared_targetsExport.cmake\n'}
[2.815970] (ros2_shared) StdoutLine: {'line': b'-- Installing: /root/DockerFiles/drone_ws/install/ros2_shared/share/ros2_shared/cmake/ament_cmake_export_targets-extras.cmake\n'}
[2.816095] (ros2_shared) StdoutLine: {'line': b'-- Installing: /root/DockerFiles/drone_ws/install/ros2_shared/share/ros2_shared/cmake/ament_cmake_export_dependencies-extras.cmake\n'}
[2.816173] (ros2_shared) StdoutLine: {'line': b'-- Installing: /root/DockerFiles/drone_ws/install/ros2_shared/share/ros2_shared/cmake/ros2_sharedConfig.cmake\n'}
[2.816307] (ros2_shared) StdoutLine: {'line': b'-- Installing: /root/DockerFiles/drone_ws/install/ros2_shared/share/ros2_shared/cmake/ros2_sharedConfig-version.cmake\n'}
[2.816462] (ros2_shared) StdoutLine: {'line': b'-- Installing: /root/DockerFiles/drone_ws/install/ros2_shared/share/ros2_shared/package.xml\n'}
[2.816545] (ros2_shared) CommandEnded: {'returncode': 0}
[2.840926] (-) TimerEvent: {}
[2.848538] (tello_msgs) StdoutLine: {'line': b'-- Generating done\n'}
[2.855441] (tello_msgs) StdoutLine: {'line': b'-- Build files have been written to: /root/DockerFiles/drone_ws/build/tello_msgs\n'}
[2.875415] (tello_msgs) CommandEnded: {'returncode': 0}
[2.877116] (tello_msgs) JobProgress: {'identifier': 'tello_msgs', 'progress': 'build'}
[2.879955] (tello_msgs) Command: {'cmd': ['/usr/bin/cmake', '--build', '/root/DockerFiles/drone_ws/build/tello_msgs', '--', '-j12', '-l12'], 'cwd': '/root/DockerFiles/drone_ws/build/tello_msgs', 'env': OrderedDict([('HOSTNAME', 'vdani-H410M-H-V2'), ('SHLVL', '1'), ('LD_LIBRARY_PATH', '/root/DockerFiles/drone_ws/install/tello_gazebo/lib:/root/DockerFiles/drone_ws/install/tello_driver/lib:/root/DockerFiles/drone_ws/install/tello_msgs/lib:/usr/lib/x86_64-linux-gnu/gazebo-11/plugins:/opt/ros/foxy/opt/yaml_cpp_vendor/lib:/opt/ros/foxy/opt/rviz_ogre_vendor/lib:/opt/ros/foxy/lib/x86_64-linux-gnu:/opt/ros/foxy/lib'), ('HOME', '/root'), ('OLDPWD', '/root/DockerFiles'), ('ROS_PYTHON_VERSION', '3'), ('COLCON_PREFIX_PATH', '/root/DockerFiles/drone_ws/install:/root/DockerFiles/install'), ('ROS_DISTRO', 'foxy'), ('_', '/usr/bin/colcon'), ('ROS_VERSION', '2'), ('TERM', 'xterm'), ('ROS_LOCALHOST_ONLY', '0'), ('QT_X11_NO_MITSHM', '1'), ('PATH', '/root/DockerFiles/drone_ws/install/tello_camera/bin:/opt/ros/foxy/bin:/root/DockerFiles/install/tello_camera/bin:/usr/local/sbin:/usr/local/bin:/usr/sbin:/usr/bin:/sbin:/bin'), ('XDG_RUNTIME_DIR', '/run/user/1000'), ('DISPLAY', ':0'), ('LANG', 'C.UTF-8'), ('RMW_IMPLEMENTATION', 'rmw_fastrtps_cpp'), ('LS_COLORS', 'rs=0:di=01;34:ln=01;36:mh=00:pi=40;33:so=01;35:do=01;35:bd=40;33;01:cd=40;33;01:or=40;31;01:mi=00:su=37;41:sg=30;43:ca=30;41:tw=30;42:ow=34;42:st=37;44:ex=01;32:*.tar=01;31:*.tgz=01;31:*.arc=01;31:*.arj=01;31:*.taz=01;31:*.lha=01;31:*.lz4=01;31:*.lzh=01;31:*.lzma=01;31:*.tlz=01;31:*.txz=01;31:*.tzo=01;31:*.t7z=01;31:*.zip=01;31:*.z=01;31:*.dz=01;31:*.gz=01;31:*.lrz=01;31:*.lz=01;31:*.lzo=01;31:*.xz=01;31:*.zst=01;31:*.tzst=01;31:*.bz2=01;31:*.bz=01;31:*.tbz=01;31:*.tbz2=01;31:*.tz=01;31:*.deb=01;31:*.rpm=01;31:*.jar=01;31:*.war=01;31:*.ear=01;31:*.sar=01;31:*.rar=01;31:*.alz=01;31:*.ace=01;31:*.zoo=01;31:*.cpio=01;31:*.7z=01;31:*.rz=01;31:*.cab=01;31:*.wim=01;31:*.swm=01;31:*.dwm=01;31:*.esd=01;31:*.jpg=01;35:*.jpeg=01;35:*.mjpg=01;35:*.mjpeg=01;35:*.gif=01;35:*.bmp=01;35:*.pbm=01;35:*.pgm=01;35:*.ppm=01;35:*.tga=01;35:*.xbm=01;35:*.xpm=01;35:*.tif=01;35:*.tiff=01;35:*.png=01;35:*.svg=01;35:*.svgz=01;35:*.mng=01;35:*.pcx=01;35:*.mov=01;35:*.mpg=01;35:*.mpeg=01;35:*.m2v=01;35:*.mkv=01;35:*.webm=01;35:*.ogm=01;35:*.mp4=01;35:*.m4v=01;35:*.mp4v=01;35:*.vob=01;35:*.qt=01;35:*.nuv=01;35:*.wmv=01;35:*.asf=01;35:*.rm=01;35:*.rmvb=01;35:*.flc=01;35:*.avi=01;35:*.fli=01;35:*.flv=01;35:*.gl=01;35:*.dl=01;35:*.xcf=01;35:*.xwd=01;35:*.yuv=01;35:*.cgm=01;35:*.emf=01;35:*.ogv=01;35:*.ogx=01;35:*.aac=00;36:*.au=00;36:*.flac=00;36:*.m4a=00;36:*.mid=00;36:*.midi=00;36:*.mka=00;36:*.mp3=00;36:*.mpc=00;36:*.ogg=00;36:*.ra=00;36:*.wav=00;36:*.oga=00;36:*.opus=00;36:*.spx=00;36:*.xspf=00;36:'), ('AMENT_PREFIX_PATH', '/root/DockerFiles/drone_ws/install/tello_gazebo:/root/DockerFiles/drone_ws/install/tello_driver:/root/DockerFiles/drone_ws/install/tello_msgs:/root/DockerFiles/drone_ws/install/tello_hand_move:/root/DockerFiles/drone_ws/install/tello_description:/root/DockerFiles/drone_ws/install/tello_camera:/root/DockerFiles/drone_ws/install/ros2_shared:/opt/ros/foxy:/root/DockerFiles/install/tello_camera'), ('PWD', '/root/DockerFiles/drone_ws/build/tello_msgs'), ('LC_ALL', 'C.UTF-8'), ('PYTHONPATH', '/root/DockerFiles/drone_ws/install/tello_msgs/lib/python3.8/site-packages:/root/DockerFiles/drone_ws/install/tello_hand_move/lib/python3.8/site-packages:/root/DockerFiles/drone_ws/install/tello_camera/lib/python3.8/site-packages:/opt/ros/foxy/lib/python3.8/site-packages:/root/DockerFiles/build/tello_camera:/root/DockerFiles/install/tello_camera/lib/python3.8/site-packages'), ('COLCON', '1'), ('CMAKE_PREFIX_PATH', '/root/DockerFiles/drone_ws/install/tello_gazebo:/root/DockerFiles/drone_ws/install/tello_driver:/root/DockerFiles/drone_ws/install/tello_msgs:/root/DockerFiles/drone_ws/install/tello_description:/root/DockerFiles/drone_ws/install/ros2_shared:/root/DockerFiles/drone_ws/install/tello_hand_move:/root/DockerFiles/drone_ws/install/tello_camera:/opt/ros/foxy:/root/DockerFiles/install/tello_camera')]), 'shell': False}
[2.907858] (ros2_shared) JobEnded: {'identifier': 'ros2_shared', 'rc': 0}
[2.942559] (-) TimerEvent: {}
[2.953956] (tello_msgs) StdoutLine: {'line': b'\x1b[35m\x1b[1mScanning dependencies of target tello_msgs__cpp\x1b[0m\n'}
[2.957301] (tello_msgs) StdoutLine: {'line': b'[  2%] \x1b[34m\x1b[1mGenerating C code for ROS interfaces\x1b[0m\n'}
[2.976544] (tello_msgs) StdoutLine: {'line': b'[  4%] \x1b[34m\x1b[1mGenerating C++ code for ROS interfaces\x1b[0m\n'}
[3.042639] (-) TimerEvent: {}
[3.142950] (-) TimerEvent: {}
[3.243995] (-) TimerEvent: {}
[3.344702] (-) TimerEvent: {}
[3.448955] (-) TimerEvent: {}
[3.549323] (-) TimerEvent: {}
[3.649718] (-) TimerEvent: {}
[3.750128] (-) TimerEvent: {}
[3.854312] (-) TimerEvent: {}
[3.880575] (tello_msgs) StdoutLine: {'line': b'\x1b[35m\x1b[1mScanning dependencies of target tello_msgs__rosidl_generator_c\x1b[0m\n'}
[3.903965] (tello_msgs) StdoutLine: {'line': b'[  6%] \x1b[32mBuilding C object CMakeFiles/tello_msgs__rosidl_generator_c.dir/rosidl_generator_c/tello_msgs/msg/detail/flight_data__functions.c.o\x1b[0m\n'}
[3.904951] (tello_msgs) StdoutLine: {'line': b'[  8%] \x1b[32mBuilding C object CMakeFiles/tello_msgs__rosidl_generator_c.dir/rosidl_generator_c/tello_msgs/srv/detail/tello_action__functions.c.o\x1b[0m\n'}
[3.905700] (tello_msgs) StdoutLine: {'line': b'[ 10%] \x1b[32mBuilding C object CMakeFiles/tello_msgs__rosidl_generator_c.dir/rosidl_generator_c/tello_msgs/msg/detail/tello_response__functions.c.o\x1b[0m\n'}
[3.909393] (tello_msgs) StdoutLine: {'line': b'[ 10%] Built target tello_msgs__cpp\n'}
[3.931766] (tello_msgs) StdoutLine: {'line': b'[ 14%] \x1b[34m\x1b[1mGenerating C++ introspection for ROS interfaces\x1b[0m\n'}
[3.932323] (tello_msgs) StdoutLine: {'line': b'[ 14%] \x1b[34m\x1b[1mGenerating C++ type support for eProsima Fast-RTPS\x1b[0m\n'}
[3.945376] (tello_msgs) StdoutLine: {'line': b'[ 17%] \x1b[34m\x1b[1mGenerating C++ type support dispatch for ROS interfaces\x1b[0m\n'}
[3.955941] (-) TimerEvent: {}
[3.999203] (tello_msgs) StdoutLine: {'line': b'[ 19%] \x1b[32m\x1b[1mLinking C shared library libtello_msgs__rosidl_generator_c.so\x1b[0m\n'}
[4.056064] (-) TimerEvent: {}
[4.088595] (tello_msgs) StdoutLine: {'line': b'[ 19%] Built target tello_msgs__rosidl_generator_c\n'}
[4.119212] (tello_msgs) StdoutLine: {'line': b'[ 21%] \x1b[34m\x1b[1mGenerating C type support dispatch for ROS interfaces\x1b[0m\n'}
[4.151196] (tello_msgs) StdoutLine: {'line': b'[ 23%] \x1b[34m\x1b[1mGenerating C introspection for ROS interfaces\x1b[0m\n'}
[4.156148] (-) TimerEvent: {}
[4.256608] (-) TimerEvent: {}
[4.357071] (-) TimerEvent: {}
[4.457542] (-) TimerEvent: {}
[4.558011] (-) TimerEvent: {}
[4.658721] (-) TimerEvent: {}
[4.764110] (-) TimerEvent: {}
[4.864855] (-) TimerEvent: {}
[4.905337] (tello_msgs) StdoutLine: {'line': b'\x1b[35m\x1b[1mScanning dependencies of target tello_msgs__rosidl_typesupport_introspection_cpp\x1b[0m\n'}
[4.927189] (tello_msgs) StdoutLine: {'line': b'\x1b[35m\x1b[1mScanning dependencies of target tello_msgs__rosidl_typesupport_cpp\x1b[0m\n'}
[4.940364] (tello_msgs) StdoutLine: {'line': b'\x1b[35m\x1b[1mScanning dependencies of target tello_msgs__rosidl_typesupport_fastrtps_cpp\x1b[0m\n'}
[4.949419] (tello_msgs) StdoutLine: {'line': b'[ 25%] \x1b[32mBuilding CXX object CMakeFiles/tello_msgs__rosidl_typesupport_introspection_cpp.dir/rosidl_typesupport_introspection_cpp/tello_msgs/msg/detail/flight_data__type_support.cpp.o\x1b[0m\n'}
[4.949672] (tello_msgs) StdoutLine: {'line': b'[ 27%] \x1b[32mBuilding CXX object CMakeFiles/tello_msgs__rosidl_typesupport_introspection_cpp.dir/rosidl_typesupport_introspection_cpp/tello_msgs/msg/detail/tello_response__type_support.cpp.o\x1b[0m\n'}
[4.949813] (tello_msgs) StdoutLine: {'line': b'[ 29%] \x1b[32mBuilding CXX object CMakeFiles/tello_msgs__rosidl_typesupport_introspection_cpp.dir/rosidl_typesupport_introspection_cpp/tello_msgs/srv/detail/tello_action__type_support.cpp.o\x1b[0m\n'}
[4.951348] (tello_msgs) StdoutLine: {'line': b'[ 31%] \x1b[32mBuilding CXX object CMakeFiles/tello_msgs__rosidl_typesupport_cpp.dir/rosidl_typesupport_cpp/tello_msgs/msg/flight_data__type_support.cpp.o\x1b[0m\n'}
[4.958976] (tello_msgs) StdoutLine: {'line': b'[ 34%] \x1b[32mBuilding CXX object CMakeFiles/tello_msgs__rosidl_typesupport_cpp.dir/rosidl_typesupport_cpp/tello_msgs/msg/tello_response__type_support.cpp.o\x1b[0m\n'}
[4.961699] (tello_msgs) StdoutLine: {'line': b'[ 36%] \x1b[32mBuilding CXX object CMakeFiles/tello_msgs__rosidl_typesupport_cpp.dir/rosidl_typesupport_cpp/tello_msgs/srv/tello_action__type_support.cpp.o\x1b[0m\n'}
[4.964979] (-) TimerEvent: {}
[4.973849] (tello_msgs) StdoutLine: {'line': b'[ 38%] \x1b[32mBuilding CXX object CMakeFiles/tello_msgs__rosidl_typesupport_fastrtps_cpp.dir/rosidl_typesupport_fastrtps_cpp/tello_msgs/srv/detail/dds_fastrtps/tello_action__type_support.cpp.o\x1b[0m\n'}
[4.982958] (tello_msgs) StdoutLine: {'line': b'[ 40%] \x1b[32mBuilding CXX object CMakeFiles/tello_msgs__rosidl_typesupport_fastrtps_cpp.dir/rosidl_typesupport_fastrtps_cpp/tello_msgs/msg/detail/dds_fastrtps/tello_response__type_support.cpp.o\x1b[0m\n'}
[4.983195] (tello_msgs) StdoutLine: {'line': b'[ 42%] \x1b[32mBuilding CXX object CMakeFiles/tello_msgs__rosidl_typesupport_fastrtps_cpp.dir/rosidl_typesupport_fastrtps_cpp/tello_msgs/msg/detail/dds_fastrtps/flight_data__type_support.cpp.o\x1b[0m\n'}
[5.068317] (-) TimerEvent: {}
[5.168981] (-) TimerEvent: {}
[5.191858] (tello_msgs) StdoutLine: {'line': b'\x1b[35m\x1b[1mScanning dependencies of target tello_msgs__rosidl_typesupport_c\x1b[0m\n'}
[5.240385] (tello_msgs) StdoutLine: {'line': b'[ 44%] \x1b[32mBuilding CXX object CMakeFiles/tello_msgs__rosidl_typesupport_c.dir/rosidl_typesupport_c/tello_msgs/msg/flight_data__type_support.cpp.o\x1b[0m\n'}
[5.266228] (tello_msgs) StdoutLine: {'line': b'[ 46%] \x1b[32mBuilding CXX object CMakeFiles/tello_msgs__rosidl_typesupport_c.dir/rosidl_typesupport_c/tello_msgs/msg/tello_response__type_support.cpp.o\x1b[0m\n'}
[5.270307] (-) TimerEvent: {}
[5.282746] (tello_msgs) StdoutLine: {'line': b'\x1b[35m\x1b[1mScanning dependencies of target tello_msgs__rosidl_typesupport_introspection_c\x1b[0m\n'}
[5.316862] (tello_msgs) StdoutLine: {'line': b'[ 48%] \x1b[32mBuilding CXX object CMakeFiles/tello_msgs__rosidl_typesupport_c.dir/rosidl_typesupport_c/tello_msgs/srv/tello_action__type_support.cpp.o\x1b[0m\n'}
[5.371503] (-) TimerEvent: {}
[5.382181] (tello_msgs) StdoutLine: {'line': b'[ 51%] \x1b[32mBuilding C object CMakeFiles/tello_msgs__rosidl_typesupport_introspection_c.dir/rosidl_typesupport_introspection_c/tello_msgs/msg/detail/flight_data__type_support.c.o\x1b[0m\n'}
[5.399428] (tello_msgs) StdoutLine: {'line': b'[ 53%] \x1b[32mBuilding C object CMakeFiles/tello_msgs__rosidl_typesupport_introspection_c.dir/rosidl_typesupport_introspection_c/tello_msgs/msg/detail/tello_response__type_support.c.o\x1b[0m\n'}
[5.400405] (tello_msgs) StdoutLine: {'line': b'[ 55%] \x1b[32m\x1b[1mLinking CXX shared library libtello_msgs__rosidl_typesupport_c.so\x1b[0m\n'}
[5.446272] (tello_msgs) StdoutLine: {'line': b'[ 57%] \x1b[32mBuilding C object CMakeFiles/tello_msgs__rosidl_typesupport_introspection_c.dir/rosidl_typesupport_introspection_c/tello_msgs/srv/detail/tello_action__type_support.c.o\x1b[0m\n'}
[5.471615] (-) TimerEvent: {}
[5.534735] (tello_msgs) StdoutLine: {'line': b'[ 57%] Built target tello_msgs__rosidl_typesupport_c\n'}
[5.539623] (tello_msgs) StdoutLine: {'line': b'[ 59%] \x1b[32m\x1b[1mLinking C shared library libtello_msgs__rosidl_typesupport_introspection_c.so\x1b[0m\n'}
[5.548147] (tello_msgs) StdoutLine: {'line': b'[ 61%] \x1b[32m\x1b[1mLinking CXX shared library libtello_msgs__rosidl_typesupport_introspection_cpp.so\x1b[0m\n'}
[5.571730] (-) TimerEvent: {}
[5.593484] (tello_msgs) StdoutLine: {'line': b'[ 61%] Built target tello_msgs__rosidl_typesupport_introspection_c\n'}
[5.671896] (-) TimerEvent: {}
[5.687402] (tello_msgs) StdoutLine: {'line': b'[ 63%] \x1b[32m\x1b[1mLinking CXX shared library libtello_msgs__rosidl_typesupport_cpp.so\x1b[0m\n'}
[5.691477] (tello_msgs) StdoutLine: {'line': b'[ 63%] Built target tello_msgs__rosidl_typesupport_introspection_cpp\n'}
[5.758523] (tello_msgs) StdoutLine: {'line': b'[ 63%] Built target tello_msgs__rosidl_typesupport_cpp\n'}
[5.771992] (-) TimerEvent: {}
[5.872393] (-) TimerEvent: {}
[5.909495] (tello_msgs) StdoutLine: {'line': b'[ 65%] \x1b[32m\x1b[1mLinking CXX shared library libtello_msgs__rosidl_typesupport_fastrtps_cpp.so\x1b[0m\n'}
[5.972513] (-) TimerEvent: {}
[6.073323] (-) TimerEvent: {}
[6.079070] (tello_msgs) StdoutLine: {'line': b'[ 65%] Built target tello_msgs__rosidl_typesupport_fastrtps_cpp\n'}
[6.099707] (tello_msgs) StdoutLine: {'line': b'[ 68%] \x1b[34m\x1b[1mGenerating C type support for eProsima Fast-RTPS\x1b[0m\n'}
[6.173480] (-) TimerEvent: {}
[6.274058] (-) TimerEvent: {}
[6.374580] (-) TimerEvent: {}
[6.475937] (-) TimerEvent: {}
[6.576772] (-) TimerEvent: {}
[6.678348] (-) TimerEvent: {}
[6.779777] (-) TimerEvent: {}
[6.883870] (-) TimerEvent: {}
[6.984436] (-) TimerEvent: {}
[7.048553] (tello_msgs) StdoutLine: {'line': b'\x1b[35m\x1b[1mScanning dependencies of target tello_msgs__rosidl_typesupport_fastrtps_c\x1b[0m\n'}
[7.084935] (-) TimerEvent: {}
[7.097204] (tello_msgs) StdoutLine: {'line': b'[ 70%] \x1b[32mBuilding CXX object CMakeFiles/tello_msgs__rosidl_typesupport_fastrtps_c.dir/rosidl_typesupport_fastrtps_c/tello_msgs/msg/detail/tello_response__type_support_c.cpp.o\x1b[0m\n'}
[7.103494] (tello_msgs) StdoutLine: {'line': b'[ 72%] \x1b[32mBuilding CXX object CMakeFiles/tello_msgs__rosidl_typesupport_fastrtps_c.dir/rosidl_typesupport_fastrtps_c/tello_msgs/msg/detail/flight_data__type_support_c.cpp.o\x1b[0m\n'}
[7.104035] (tello_msgs) StdoutLine: {'line': b'[ 74%] \x1b[32mBuilding CXX object CMakeFiles/tello_msgs__rosidl_typesupport_fastrtps_c.dir/rosidl_typesupport_fastrtps_c/tello_msgs/srv/detail/tello_action__type_support_c.cpp.o\x1b[0m\n'}
[7.186324] (-) TimerEvent: {}
[7.286743] (-) TimerEvent: {}
[7.389997] (-) TimerEvent: {}
[7.491202] (-) TimerEvent: {}
[7.592689] (-) TimerEvent: {}
[7.673236] (tello_msgs) StdoutLine: {'line': b'[ 76%] \x1b[32m\x1b[1mLinking CXX shared library libtello_msgs__rosidl_typesupport_fastrtps_c.so\x1b[0m\n'}
[7.692776] (-) TimerEvent: {}
[7.796539] (-) TimerEvent: {}
[7.836357] (tello_msgs) StdoutLine: {'line': b'[ 76%] Built target tello_msgs__rosidl_typesupport_fastrtps_c\n'}
[7.859571] (tello_msgs) StdoutLine: {'line': b'\x1b[35m\x1b[1mScanning dependencies of target tello_msgs\x1b[0m\n'}
[7.878585] (tello_msgs) StdoutLine: {'line': b'[ 76%] Built target tello_msgs\n'}
[7.893624] (tello_msgs) StdoutLine: {'line': b'\x1b[35m\x1b[1mScanning dependencies of target tello_msgs__py\x1b[0m\n'}
[7.896640] (-) TimerEvent: {}
[7.913392] (tello_msgs) StdoutLine: {'line': b'[ 78%] \x1b[34m\x1b[1mGenerating Python code for ROS interfaces\x1b[0m\n'}
[7.996871] (-) TimerEvent: {}
[8.098024] (-) TimerEvent: {}
[8.198443] (-) TimerEvent: {}
[8.300331] (-) TimerEvent: {}
[8.400706] (-) TimerEvent: {}
[8.502014] (-) TimerEvent: {}
[8.602475] (-) TimerEvent: {}
[8.704708] (-) TimerEvent: {}
[8.809303] (-) TimerEvent: {}
[8.909651] (-) TimerEvent: {}
[9.010178] (-) TimerEvent: {}
[9.114384] (-) TimerEvent: {}
[9.214750] (-) TimerEvent: {}
[9.315126] (-) TimerEvent: {}
[9.415657] (-) TimerEvent: {}
[9.517235] (-) TimerEvent: {}
[9.619802] (-) TimerEvent: {}
[9.694755] (tello_msgs) StdoutLine: {'line': b'[ 78%] Built target tello_msgs__py\n'}
[9.712747] (tello_msgs) StdoutLine: {'line': b'\x1b[35m\x1b[1mScanning dependencies of target tello_msgs__python\x1b[0m\n'}
[9.720368] (-) TimerEvent: {}
[9.741679] (tello_msgs) StdoutLine: {'line': b'[ 80%] \x1b[32mBuilding C object CMakeFiles/tello_msgs__python.dir/rosidl_generator_py/tello_msgs/msg/_flight_data_s.c.o\x1b[0m\n'}
[9.743213] (tello_msgs) StdoutLine: {'line': b'[ 82%] \x1b[32mBuilding C object CMakeFiles/tello_msgs__python.dir/rosidl_generator_py/tello_msgs/srv/_tello_action_s.c.o\x1b[0m\n'}
[9.747369] (tello_msgs) StdoutLine: {'line': b'[ 85%] \x1b[32mBuilding C object CMakeFiles/tello_msgs__python.dir/rosidl_generator_py/tello_msgs/msg/_tello_response_s.c.o\x1b[0m\n'}
[9.820775] (-) TimerEvent: {}
[9.921491] (-) TimerEvent: {}
[9.929390] (tello_msgs) StdoutLine: {'line': b'[ 87%] \x1b[32m\x1b[1mLinking C shared library rosidl_generator_py/tello_msgs/libtello_msgs__python.so\x1b[0m\n'}
[9.997047] (tello_msgs) StdoutLine: {'line': b'[ 87%] Built target tello_msgs__python\n'}
[10.021204] (tello_msgs) StdoutLine: {'line': b'\x1b[35m\x1b[1mScanning dependencies of target tello_msgs__rosidl_typesupport_c__pyext\x1b[0m\n'}
[10.021527] (-) TimerEvent: {}
[10.022753] (tello_msgs) StdoutLine: {'line': b'\x1b[35m\x1b[1mScanning dependencies of target tello_msgs__rosidl_typesupport_introspection_c__pyext\x1b[0m\n'}
[10.028521] (tello_msgs) StdoutLine: {'line': b'\x1b[35m\x1b[1mScanning dependencies of target tello_msgs__rosidl_typesupport_fastrtps_c__pyext\x1b[0m\n'}
[10.054339] (tello_msgs) StdoutLine: {'line': b'[ 89%] \x1b[32mBuilding C object CMakeFiles/tello_msgs__rosidl_typesupport_introspection_c__pyext.dir/rosidl_generator_py/tello_msgs/_tello_msgs_s.ep.rosidl_typesupport_introspection_c.c.o\x1b[0m\n'}
[10.066272] (tello_msgs) StdoutLine: {'line': b'[ 91%] \x1b[32mBuilding C object CMakeFiles/tello_msgs__rosidl_typesupport_c__pyext.dir/rosidl_generator_py/tello_msgs/_tello_msgs_s.ep.rosidl_typesupport_c.c.o\x1b[0m\n'}
[10.068217] (tello_msgs) StdoutLine: {'line': b'[ 93%] \x1b[32mBuilding C object CMakeFiles/tello_msgs__rosidl_typesupport_fastrtps_c__pyext.dir/rosidl_generator_py/tello_msgs/_tello_msgs_s.ep.rosidl_typesupport_fastrtps_c.c.o\x1b[0m\n'}
[10.121725] (-) TimerEvent: {}
[10.209843] (tello_msgs) StdoutLine: {'line': b'[ 95%] \x1b[32m\x1b[1mLinking C shared library rosidl_generator_py/tello_msgs/tello_msgs_s__rosidl_typesupport_introspection_c.cpython-38-x86_64-linux-gnu.so\x1b[0m\n'}
[10.217453] (tello_msgs) StdoutLine: {'line': b'[ 97%] \x1b[32m\x1b[1mLinking C shared library rosidl_generator_py/tello_msgs/tello_msgs_s__rosidl_typesupport_c.cpython-38-x86_64-linux-gnu.so\x1b[0m\n'}
[10.221097] (tello_msgs) StdoutLine: {'line': b'[100%] \x1b[32m\x1b[1mLinking CXX shared library rosidl_generator_py/tello_msgs/tello_msgs_s__rosidl_typesupport_fastrtps_c.cpython-38-x86_64-linux-gnu.so\x1b[0m\n'}
[10.222333] (-) TimerEvent: {}
[10.277533] (tello_msgs) StdoutLine: {'line': b'[100%] Built target tello_msgs__rosidl_typesupport_introspection_c__pyext\n'}
[10.286303] (tello_msgs) StdoutLine: {'line': b'[100%] Built target tello_msgs__rosidl_typesupport_c__pyext\n'}
[10.322508] (-) TimerEvent: {}
[10.334173] (tello_msgs) StdoutLine: {'line': b'[100%] Built target tello_msgs__rosidl_typesupport_fastrtps_c__pyext\n'}
[10.352369] (tello_msgs) CommandEnded: {'returncode': 0}
[10.424925] (-) TimerEvent: {}
[10.497345] (tello_msgs) JobProgress: {'identifier': 'tello_msgs', 'progress': 'install'}
[10.497672] (tello_msgs) Command: {'cmd': ['/usr/bin/cmake', '--install', '/root/DockerFiles/drone_ws/build/tello_msgs'], 'cwd': '/root/DockerFiles/drone_ws/build/tello_msgs', 'env': OrderedDict([('HOSTNAME', 'vdani-H410M-H-V2'), ('SHLVL', '1'), ('LD_LIBRARY_PATH', '/root/DockerFiles/drone_ws/install/tello_gazebo/lib:/root/DockerFiles/drone_ws/install/tello_driver/lib:/root/DockerFiles/drone_ws/install/tello_msgs/lib:/usr/lib/x86_64-linux-gnu/gazebo-11/plugins:/opt/ros/foxy/opt/yaml_cpp_vendor/lib:/opt/ros/foxy/opt/rviz_ogre_vendor/lib:/opt/ros/foxy/lib/x86_64-linux-gnu:/opt/ros/foxy/lib'), ('HOME', '/root'), ('OLDPWD', '/root/DockerFiles'), ('ROS_PYTHON_VERSION', '3'), ('COLCON_PREFIX_PATH', '/root/DockerFiles/drone_ws/install:/root/DockerFiles/install'), ('ROS_DISTRO', 'foxy'), ('_', '/usr/bin/colcon'), ('ROS_VERSION', '2'), ('TERM', 'xterm'), ('ROS_LOCALHOST_ONLY', '0'), ('QT_X11_NO_MITSHM', '1'), ('PATH', '/root/DockerFiles/drone_ws/install/tello_camera/bin:/opt/ros/foxy/bin:/root/DockerFiles/install/tello_camera/bin:/usr/local/sbin:/usr/local/bin:/usr/sbin:/usr/bin:/sbin:/bin'), ('XDG_RUNTIME_DIR', '/run/user/1000'), ('DISPLAY', ':0'), ('LANG', 'C.UTF-8'), ('RMW_IMPLEMENTATION', 'rmw_fastrtps_cpp'), ('LS_COLORS', 'rs=0:di=01;34:ln=01;36:mh=00:pi=40;33:so=01;35:do=01;35:bd=40;33;01:cd=40;33;01:or=40;31;01:mi=00:su=37;41:sg=30;43:ca=30;41:tw=30;42:ow=34;42:st=37;44:ex=01;32:*.tar=01;31:*.tgz=01;31:*.arc=01;31:*.arj=01;31:*.taz=01;31:*.lha=01;31:*.lz4=01;31:*.lzh=01;31:*.lzma=01;31:*.tlz=01;31:*.txz=01;31:*.tzo=01;31:*.t7z=01;31:*.zip=01;31:*.z=01;31:*.dz=01;31:*.gz=01;31:*.lrz=01;31:*.lz=01;31:*.lzo=01;31:*.xz=01;31:*.zst=01;31:*.tzst=01;31:*.bz2=01;31:*.bz=01;31:*.tbz=01;31:*.tbz2=01;31:*.tz=01;31:*.deb=01;31:*.rpm=01;31:*.jar=01;31:*.war=01;31:*.ear=01;31:*.sar=01;31:*.rar=01;31:*.alz=01;31:*.ace=01;31:*.zoo=01;31:*.cpio=01;31:*.7z=01;31:*.rz=01;31:*.cab=01;31:*.wim=01;31:*.swm=01;31:*.dwm=01;31:*.esd=01;31:*.jpg=01;35:*.jpeg=01;35:*.mjpg=01;35:*.mjpeg=01;35:*.gif=01;35:*.bmp=01;35:*.pbm=01;35:*.pgm=01;35:*.ppm=01;35:*.tga=01;35:*.xbm=01;35:*.xpm=01;35:*.tif=01;35:*.tiff=01;35:*.png=01;35:*.svg=01;35:*.svgz=01;35:*.mng=01;35:*.pcx=01;35:*.mov=01;35:*.mpg=01;35:*.mpeg=01;35:*.m2v=01;35:*.mkv=01;35:*.webm=01;35:*.ogm=01;35:*.mp4=01;35:*.m4v=01;35:*.mp4v=01;35:*.vob=01;35:*.qt=01;35:*.nuv=01;35:*.wmv=01;35:*.asf=01;35:*.rm=01;35:*.rmvb=01;35:*.flc=01;35:*.avi=01;35:*.fli=01;35:*.flv=01;35:*.gl=01;35:*.dl=01;35:*.xcf=01;35:*.xwd=01;35:*.yuv=01;35:*.cgm=01;35:*.emf=01;35:*.ogv=01;35:*.ogx=01;35:*.aac=00;36:*.au=00;36:*.flac=00;36:*.m4a=00;36:*.mid=00;36:*.midi=00;36:*.mka=00;36:*.mp3=00;36:*.mpc=00;36:*.ogg=00;36:*.ra=00;36:*.wav=00;36:*.oga=00;36:*.opus=00;36:*.spx=00;36:*.xspf=00;36:'), ('AMENT_PREFIX_PATH', '/root/DockerFiles/drone_ws/install/tello_gazebo:/root/DockerFiles/drone_ws/install/tello_driver:/root/DockerFiles/drone_ws/install/tello_msgs:/root/DockerFiles/drone_ws/install/tello_hand_move:/root/DockerFiles/drone_ws/install/tello_description:/root/DockerFiles/drone_ws/install/tello_camera:/root/DockerFiles/drone_ws/install/ros2_shared:/opt/ros/foxy:/root/DockerFiles/install/tello_camera'), ('PWD', '/root/DockerFiles/drone_ws/build/tello_msgs'), ('LC_ALL', 'C.UTF-8'), ('PYTHONPATH', '/root/DockerFiles/drone_ws/install/tello_msgs/lib/python3.8/site-packages:/root/DockerFiles/drone_ws/install/tello_hand_move/lib/python3.8/site-packages:/root/DockerFiles/drone_ws/install/tello_camera/lib/python3.8/site-packages:/opt/ros/foxy/lib/python3.8/site-packages:/root/DockerFiles/build/tello_camera:/root/DockerFiles/install/tello_camera/lib/python3.8/site-packages'), ('COLCON', '1'), ('CMAKE_PREFIX_PATH', '/root/DockerFiles/drone_ws/install/tello_gazebo:/root/DockerFiles/drone_ws/install/tello_driver:/root/DockerFiles/drone_ws/install/tello_msgs:/root/DockerFiles/drone_ws/install/tello_description:/root/DockerFiles/drone_ws/install/ros2_shared:/root/DockerFiles/drone_ws/install/tello_hand_move:/root/DockerFiles/drone_ws/install/tello_camera:/opt/ros/foxy:/root/DockerFiles/install/tello_camera')]), 'shell': False}
[10.516338] (tello_msgs) StdoutLine: {'line': b'-- Install configuration: ""\n'}
[10.516659] (tello_msgs) StdoutLine: {'line': b'-- Installing: /root/DockerFiles/drone_ws/install/tello_msgs/share/ament_index/resource_index/rosidl_interfaces/tello_msgs\n'}
[10.517825] (tello_msgs) StdoutLine: {'line': b'-- Installing: /root/DockerFiles/drone_ws/install/tello_msgs/include/tello_msgs\n'}
[10.518027] (tello_msgs) StdoutLine: {'line': b'-- Installing: /root/DockerFiles/drone_ws/install/tello_msgs/include/tello_msgs/msg\n'}
[10.518123] (tello_msgs) StdoutLine: {'line': b'-- Installing: /root/DockerFiles/drone_ws/install/tello_msgs/include/tello_msgs/msg/detail\n'}
[10.518212] (tello_msgs) StdoutLine: {'line': b'-- Installing: /root/DockerFiles/drone_ws/install/tello_msgs/include/tello_msgs/msg/detail/flight_data__struct.h\n'}
[10.518352] (tello_msgs) StdoutLine: {'line': b'-- Installing: /root/DockerFiles/drone_ws/install/tello_msgs/include/tello_msgs/msg/detail/tello_response__struct.h\n'}
[10.518453] (tello_msgs) StdoutLine: {'line': b'-- Installing: /root/DockerFiles/drone_ws/install/tello_msgs/include/tello_msgs/msg/detail/flight_data__functions.h\n'}
[10.518553] (tello_msgs) StdoutLine: {'line': b'-- Installing: /root/DockerFiles/drone_ws/install/tello_msgs/include/tello_msgs/msg/detail/flight_data__functions.c\n'}
[10.518651] (tello_msgs) StdoutLine: {'line': b'-- Installing: /root/DockerFiles/drone_ws/install/tello_msgs/include/tello_msgs/msg/detail/tello_response__functions.c\n'}
[10.518716] (tello_msgs) StdoutLine: {'line': b'-- Installing: /root/DockerFiles/drone_ws/install/tello_msgs/include/tello_msgs/msg/detail/flight_data__type_support.h\n'}
[10.518815] (tello_msgs) StdoutLine: {'line': b'-- Installing: /root/DockerFiles/drone_ws/install/tello_msgs/include/tello_msgs/msg/detail/tello_response__functions.h\n'}
[10.518904] (tello_msgs) StdoutLine: {'line': b'-- Installing: /root/DockerFiles/drone_ws/install/tello_msgs/include/tello_msgs/msg/detail/tello_response__type_support.h\n'}
[10.518989] (tello_msgs) StdoutLine: {'line': b'-- Installing: /root/DockerFiles/drone_ws/install/tello_msgs/include/tello_msgs/msg/rosidl_generator_c__visibility_control.h\n'}
[10.519090] (tello_msgs) StdoutLine: {'line': b'-- Installing: /root/DockerFiles/drone_ws/install/tello_msgs/include/tello_msgs/msg/tello_response.h\n'}
[10.519175] (tello_msgs) StdoutLine: {'line': b'-- Installing: /root/DockerFiles/drone_ws/install/tello_msgs/include/tello_msgs/msg/flight_data.h\n'}
[10.519267] (tello_msgs) StdoutLine: {'line': b'-- Installing: /root/DockerFiles/drone_ws/install/tello_msgs/include/tello_msgs/srv\n'}
[10.519367] (tello_msgs) StdoutLine: {'line': b'-- Installing: /root/DockerFiles/drone_ws/install/tello_msgs/include/tello_msgs/srv/detail\n'}
[10.519436] (tello_msgs) StdoutLine: {'line': b'-- Installing: /root/DockerFiles/drone_ws/install/tello_msgs/include/tello_msgs/srv/detail/tello_action__struct.h\n'}
[10.519517] (tello_msgs) StdoutLine: {'line': b'-- Installing: /root/DockerFiles/drone_ws/install/tello_msgs/include/tello_msgs/srv/detail/tello_action__functions.h\n'}
[10.519576] (tello_msgs) StdoutLine: {'line': b'-- Installing: /root/DockerFiles/drone_ws/install/tello_msgs/include/tello_msgs/srv/detail/tello_action__type_support.h\n'}
[10.519648] (tello_msgs) StdoutLine: {'line': b'-- Installing: /root/DockerFiles/drone_ws/install/tello_msgs/include/tello_msgs/srv/detail/tello_action__functions.c\n'}
[10.519771] (tello_msgs) StdoutLine: {'line': b'-- Installing: /root/DockerFiles/drone_ws/install/tello_msgs/include/tello_msgs/srv/tello_action.h\n'}
[10.519833] (tello_msgs) StdoutLine: {'line': b'-- Installing: /root/DockerFiles/drone_ws/install/tello_msgs/share/tello_msgs/environment/library_path.sh\n'}
[10.519919] (tello_msgs) StdoutLine: {'line': b'-- Installing: /root/DockerFiles/drone_ws/install/tello_msgs/share/tello_msgs/environment/library_path.dsv\n'}
[10.520071] (tello_msgs) StdoutLine: {'line': b'-- Installing: /root/DockerFiles/drone_ws/install/tello_msgs/lib/libtello_msgs__rosidl_generator_c.so\n'}
[10.520399] (tello_msgs) StdoutLine: {'line': b'-- Set runtime path of "/root/DockerFiles/drone_ws/install/tello_msgs/lib/libtello_msgs__rosidl_generator_c.so" to ""\n'}
[10.520551] (tello_msgs) StdoutLine: {'line': b'-- Up-to-date: /root/DockerFiles/drone_ws/install/tello_msgs/include/tello_msgs\n'}
[10.520666] (tello_msgs) StdoutLine: {'line': b'-- Up-to-date: /root/DockerFiles/drone_ws/install/tello_msgs/include/tello_msgs/msg\n'}
[10.520778] (tello_msgs) StdoutLine: {'line': b'-- Up-to-date: /root/DockerFiles/drone_ws/install/tello_msgs/include/tello_msgs/msg/detail\n'}
[10.520890] (tello_msgs) StdoutLine: {'line': b'-- Installing: /root/DockerFiles/drone_ws/install/tello_msgs/include/tello_msgs/msg/detail/tello_response__rosidl_typesupport_fastrtps_c.h\n'}
[10.521023] (tello_msgs) StdoutLine: {'line': b'-- Installing: /root/DockerFiles/drone_ws/install/tello_msgs/include/tello_msgs/msg/detail/flight_data__rosidl_typesupport_fastrtps_c.h\n'}
[10.521119] (tello_msgs) StdoutLine: {'line': b'-- Installing: /root/DockerFiles/drone_ws/install/tello_msgs/include/tello_msgs/msg/rosidl_typesupport_fastrtps_c__visibility_control.h\n'}
[10.521228] (tello_msgs) StdoutLine: {'line': b'-- Up-to-date: /root/DockerFiles/drone_ws/install/tello_msgs/include/tello_msgs/srv\n'}
[10.521327] (tello_msgs) StdoutLine: {'line': b'-- Up-to-date: /root/DockerFiles/drone_ws/install/tello_msgs/include/tello_msgs/srv/detail\n'}
[10.521411] (tello_msgs) StdoutLine: {'line': b'-- Installing: /root/DockerFiles/drone_ws/install/tello_msgs/include/tello_msgs/srv/detail/tello_action__rosidl_typesupport_fastrtps_c.h\n'}
[10.521514] (tello_msgs) StdoutLine: {'line': b'-- Installing: /root/DockerFiles/drone_ws/install/tello_msgs/lib/libtello_msgs__rosidl_typesupport_fastrtps_c.so\n'}
[10.521643] (tello_msgs) StdoutLine: {'line': b'-- Set runtime path of "/root/DockerFiles/drone_ws/install/tello_msgs/lib/libtello_msgs__rosidl_typesupport_fastrtps_c.so" to ""\n'}
[10.521756] (tello_msgs) StdoutLine: {'line': b'-- Up-to-date: /root/DockerFiles/drone_ws/install/tello_msgs/include/tello_msgs\n'}
[10.521858] (tello_msgs) StdoutLine: {'line': b'-- Up-to-date: /root/DockerFiles/drone_ws/install/tello_msgs/include/tello_msgs/msg\n'}
[10.521958] (tello_msgs) StdoutLine: {'line': b'-- Up-to-date: /root/DockerFiles/drone_ws/install/tello_msgs/include/tello_msgs/msg/detail\n'}
[10.522081] (tello_msgs) StdoutLine: {'line': b'-- Installing: /root/DockerFiles/drone_ws/install/tello_msgs/include/tello_msgs/msg/detail/flight_data__rosidl_typesupport_fastrtps_cpp.hpp\n'}
[10.522181] (tello_msgs) StdoutLine: {'line': b'-- Installing: /root/DockerFiles/drone_ws/install/tello_msgs/include/tello_msgs/msg/detail/dds_fastrtps\n'}
[10.522280] (tello_msgs) StdoutLine: {'line': b'-- Installing: /root/DockerFiles/drone_ws/install/tello_msgs/include/tello_msgs/msg/detail/tello_response__rosidl_typesupport_fastrtps_cpp.hpp\n'}
[10.522391] (tello_msgs) StdoutLine: {'line': b'-- Installing: /root/DockerFiles/drone_ws/install/tello_msgs/include/tello_msgs/msg/rosidl_typesupport_fastrtps_cpp__visibility_control.h\n'}
[10.522486] (tello_msgs) StdoutLine: {'line': b'-- Up-to-date: /root/DockerFiles/drone_ws/install/tello_msgs/include/tello_msgs/srv\n'}
[10.522577] (tello_msgs) StdoutLine: {'line': b'-- Up-to-date: /root/DockerFiles/drone_ws/install/tello_msgs/include/tello_msgs/srv/detail\n'}
[10.522716] (tello_msgs) StdoutLine: {'line': b'-- Installing: /root/DockerFiles/drone_ws/install/tello_msgs/include/tello_msgs/srv/detail/dds_fastrtps\n'}
[10.522853] (tello_msgs) StdoutLine: {'line': b'-- Installing: /root/DockerFiles/drone_ws/install/tello_msgs/include/tello_msgs/srv/detail/tello_action__rosidl_typesupport_fastrtps_cpp.hpp\n'}
[10.522943] (tello_msgs) StdoutLine: {'line': b'-- Installing: /root/DockerFiles/drone_ws/install/tello_msgs/lib/libtello_msgs__rosidl_typesupport_fastrtps_cpp.so\n'}
[10.523027] (tello_msgs) StdoutLine: {'line': b'-- Set runtime path of "/root/DockerFiles/drone_ws/install/tello_msgs/lib/libtello_msgs__rosidl_typesupport_fastrtps_cpp.so" to ""\n'}
[10.523100] (tello_msgs) StdoutLine: {'line': b'-- Up-to-date: /root/DockerFiles/drone_ws/install/tello_msgs/include/tello_msgs\n'}
[10.523169] (tello_msgs) StdoutLine: {'line': b'-- Up-to-date: /root/DockerFiles/drone_ws/install/tello_msgs/include/tello_msgs/msg\n'}
[10.523235] (tello_msgs) StdoutLine: {'line': b'-- Up-to-date: /root/DockerFiles/drone_ws/install/tello_msgs/include/tello_msgs/msg/detail\n'}
[10.523308] (tello_msgs) StdoutLine: {'line': b'-- Installing: /root/DockerFiles/drone_ws/install/tello_msgs/include/tello_msgs/msg/detail/flight_data__rosidl_typesupport_introspection_c.h\n'}
[10.523399] (tello_msgs) StdoutLine: {'line': b'-- Installing: /root/DockerFiles/drone_ws/install/tello_msgs/include/tello_msgs/msg/detail/tello_response__type_support.c\n'}
[10.523462] (tello_msgs) StdoutLine: {'line': b'-- Installing: /root/DockerFiles/drone_ws/install/tello_msgs/include/tello_msgs/msg/detail/tello_response__rosidl_typesupport_introspection_c.h\n'}
[10.523581] (tello_msgs) StdoutLine: {'line': b'-- Installing: /root/DockerFiles/drone_ws/install/tello_msgs/include/tello_msgs/msg/detail/flight_data__type_support.c\n'}
[10.523648] (tello_msgs) StdoutLine: {'line': b'-- Installing: /root/DockerFiles/drone_ws/install/tello_msgs/include/tello_msgs/msg/rosidl_typesupport_introspection_c__visibility_control.h\n'}
[10.523708] (tello_msgs) StdoutLine: {'line': b'-- Up-to-date: /root/DockerFiles/drone_ws/install/tello_msgs/include/tello_msgs/srv\n'}
[10.523803] (tello_msgs) StdoutLine: {'line': b'-- Up-to-date: /root/DockerFiles/drone_ws/install/tello_msgs/include/tello_msgs/srv/detail\n'}
[10.523867] (tello_msgs) StdoutLine: {'line': b'-- Installing: /root/DockerFiles/drone_ws/install/tello_msgs/include/tello_msgs/srv/detail/tello_action__type_support.c\n'}
[10.523924] (tello_msgs) StdoutLine: {'line': b'-- Installing: /root/DockerFiles/drone_ws/install/tello_msgs/include/tello_msgs/srv/detail/tello_action__rosidl_typesupport_introspection_c.h\n'}
[10.523984] (tello_msgs) StdoutLine: {'line': b'-- Installing: /root/DockerFiles/drone_ws/install/tello_msgs/lib/libtello_msgs__rosidl_typesupport_introspection_c.so\n'}
[10.524077] (tello_msgs) StdoutLine: {'line': b'-- Set runtime path of "/root/DockerFiles/drone_ws/install/tello_msgs/lib/libtello_msgs__rosidl_typesupport_introspection_c.so" to ""\n'}
[10.524175] (tello_msgs) StdoutLine: {'line': b'-- Installing: /root/DockerFiles/drone_ws/install/tello_msgs/lib/libtello_msgs__rosidl_typesupport_c.so\n'}
[10.524414] (tello_msgs) StdoutLine: {'line': b'-- Set runtime path of "/root/DockerFiles/drone_ws/install/tello_msgs/lib/libtello_msgs__rosidl_typesupport_c.so" to ""\n'}
[10.524734] (tello_msgs) StdoutLine: {'line': b'-- Up-to-date: /root/DockerFiles/drone_ws/install/tello_msgs/include/tello_msgs\n'}
[10.524832] (tello_msgs) StdoutLine: {'line': b'-- Up-to-date: /root/DockerFiles/drone_ws/install/tello_msgs/include/tello_msgs/msg\n'}
[10.524918] (-) TimerEvent: {}
[10.525089] (tello_msgs) StdoutLine: {'line': b'-- Up-to-date: /root/DockerFiles/drone_ws/install/tello_msgs/include/tello_msgs/msg/detail\n'}
[10.525198] (tello_msgs) StdoutLine: {'line': b'-- Installing: /root/DockerFiles/drone_ws/install/tello_msgs/include/tello_msgs/msg/detail/tello_response__type_support.hpp\n'}
[10.525275] (tello_msgs) StdoutLine: {'line': b'-- Installing: /root/DockerFiles/drone_ws/install/tello_msgs/include/tello_msgs/msg/detail/flight_data__struct.hpp\n'}
[10.525344] (tello_msgs) StdoutLine: {'line': b'-- Installing: /root/DockerFiles/drone_ws/install/tello_msgs/include/tello_msgs/msg/detail/tello_response__struct.hpp\n'}
[10.525406] (tello_msgs) StdoutLine: {'line': b'-- Installing: /root/DockerFiles/drone_ws/install/tello_msgs/include/tello_msgs/msg/detail/tello_response__traits.hpp\n'}
[10.530533] (tello_msgs) StdoutLine: {'line': b'-- Installing: /root/DockerFiles/drone_ws/install/tello_msgs/include/tello_msgs/msg/detail/tello_response__builder.hpp\n'}
[10.530789] (tello_msgs) StdoutLine: {'line': b'-- Installing: /root/DockerFiles/drone_ws/install/tello_msgs/include/tello_msgs/msg/detail/flight_data__type_support.hpp\n'}
[10.530901] (tello_msgs) StdoutLine: {'line': b'-- Installing: /root/DockerFiles/drone_ws/install/tello_msgs/include/tello_msgs/msg/detail/flight_data__traits.hpp\n'}
[10.530999] (tello_msgs) StdoutLine: {'line': b'-- Installing: /root/DockerFiles/drone_ws/install/tello_msgs/include/tello_msgs/msg/detail/flight_data__builder.hpp\n'}
[10.531096] (tello_msgs) StdoutLine: {'line': b'-- Installing: /root/DockerFiles/drone_ws/install/tello_msgs/include/tello_msgs/msg/rosidl_generator_cpp__visibility_control.hpp\n'}
[10.531217] (tello_msgs) StdoutLine: {'line': b'-- Installing: /root/DockerFiles/drone_ws/install/tello_msgs/include/tello_msgs/msg/tello_response.hpp\n'}
[10.531327] (tello_msgs) StdoutLine: {'line': b'-- Installing: /root/DockerFiles/drone_ws/install/tello_msgs/include/tello_msgs/msg/flight_data.hpp\n'}
[10.531423] (tello_msgs) StdoutLine: {'line': b'-- Up-to-date: /root/DockerFiles/drone_ws/install/tello_msgs/include/tello_msgs/srv\n'}
[10.531485] (tello_msgs) StdoutLine: {'line': b'-- Up-to-date: /root/DockerFiles/drone_ws/install/tello_msgs/include/tello_msgs/srv/detail\n'}
[10.531541] (tello_msgs) StdoutLine: {'line': b'-- Installing: /root/DockerFiles/drone_ws/install/tello_msgs/include/tello_msgs/srv/detail/tello_action__struct.hpp\n'}
[10.531623] (tello_msgs) StdoutLine: {'line': b'-- Installing: /root/DockerFiles/drone_ws/install/tello_msgs/include/tello_msgs/srv/detail/tello_action__builder.hpp\n'}
[10.531683] (tello_msgs) StdoutLine: {'line': b'-- Installing: /root/DockerFiles/drone_ws/install/tello_msgs/include/tello_msgs/srv/detail/tello_action__traits.hpp\n'}
[10.531741] (tello_msgs) StdoutLine: {'line': b'-- Installing: /root/DockerFiles/drone_ws/install/tello_msgs/include/tello_msgs/srv/detail/tello_action__type_support.hpp\n'}
[10.531794] (tello_msgs) StdoutLine: {'line': b'-- Installing: /root/DockerFiles/drone_ws/install/tello_msgs/include/tello_msgs/srv/tello_action.hpp\n'}
[10.531858] (tello_msgs) StdoutLine: {'line': b'-- Up-to-date: /root/DockerFiles/drone_ws/install/tello_msgs/include/tello_msgs\n'}
[10.531938] (tello_msgs) StdoutLine: {'line': b'-- Up-to-date: /root/DockerFiles/drone_ws/install/tello_msgs/include/tello_msgs/msg\n'}
[10.532011] (tello_msgs) StdoutLine: {'line': b'-- Up-to-date: /root/DockerFiles/drone_ws/install/tello_msgs/include/tello_msgs/msg/detail\n'}
[10.532079] (tello_msgs) StdoutLine: {'line': b'-- Installing: /root/DockerFiles/drone_ws/install/tello_msgs/include/tello_msgs/msg/detail/flight_data__type_support.cpp\n'}
[10.532138] (tello_msgs) StdoutLine: {'line': b'-- Installing: /root/DockerFiles/drone_ws/install/tello_msgs/include/tello_msgs/msg/detail/tello_response__rosidl_typesupport_introspection_cpp.hpp\n'}
[10.532198] (tello_msgs) StdoutLine: {'line': b'-- Installing: /root/DockerFiles/drone_ws/install/tello_msgs/include/tello_msgs/msg/detail/flight_data__rosidl_typesupport_introspection_cpp.hpp\n'}
[10.532286] (tello_msgs) StdoutLine: {'line': b'-- Installing: /root/DockerFiles/drone_ws/install/tello_msgs/include/tello_msgs/msg/detail/tello_response__type_support.cpp\n'}
[10.532371] (tello_msgs) StdoutLine: {'line': b'-- Up-to-date: /root/DockerFiles/drone_ws/install/tello_msgs/include/tello_msgs/srv\n'}
[10.532451] (tello_msgs) StdoutLine: {'line': b'-- Up-to-date: /root/DockerFiles/drone_ws/install/tello_msgs/include/tello_msgs/srv/detail\n'}
[10.532514] (tello_msgs) StdoutLine: {'line': b'-- Installing: /root/DockerFiles/drone_ws/install/tello_msgs/include/tello_msgs/srv/detail/tello_action__rosidl_typesupport_introspection_cpp.hpp\n'}
[10.532583] (tello_msgs) StdoutLine: {'line': b'-- Installing: /root/DockerFiles/drone_ws/install/tello_msgs/include/tello_msgs/srv/detail/tello_action__type_support.cpp\n'}
[10.532642] (tello_msgs) StdoutLine: {'line': b'-- Installing: /root/DockerFiles/drone_ws/install/tello_msgs/lib/libtello_msgs__rosidl_typesupport_introspection_cpp.so\n'}
[10.532700] (tello_msgs) StdoutLine: {'line': b'-- Set runtime path of "/root/DockerFiles/drone_ws/install/tello_msgs/lib/libtello_msgs__rosidl_typesupport_introspection_cpp.so" to ""\n'}
[10.536401] (tello_msgs) StdoutLine: {'line': b'-- Installing: /root/DockerFiles/drone_ws/install/tello_msgs/lib/libtello_msgs__rosidl_typesupport_cpp.so\n'}
[10.536508] (tello_msgs) StdoutLine: {'line': b'-- Set runtime path of "/root/DockerFiles/drone_ws/install/tello_msgs/lib/libtello_msgs__rosidl_typesupport_cpp.so" to ""\n'}
[10.536568] (tello_msgs) StdoutLine: {'line': b'-- Installing: /root/DockerFiles/drone_ws/install/tello_msgs/share/tello_msgs/environment/pythonpath.sh\n'}
[10.536624] (tello_msgs) StdoutLine: {'line': b'-- Installing: /root/DockerFiles/drone_ws/install/tello_msgs/share/tello_msgs/environment/pythonpath.dsv\n'}
[10.536688] (tello_msgs) StdoutLine: {'line': b'-- Installing: /root/DockerFiles/drone_ws/install/tello_msgs/lib/python3.8/site-packages/tello_msgs/__init__.py\n'}
[10.600565] (tello_msgs) StdoutLine: {'line': b"Compiling '/root/DockerFiles/drone_ws/install/tello_msgs/lib/python3.8/site-packages/tello_msgs/__init__.py'...\n"}
[10.608137] (tello_msgs) StdoutLine: {'line': b'-- Installing: /root/DockerFiles/drone_ws/install/tello_msgs/lib/python3.8/site-packages/tello_msgs/msg\n'}
[10.608542] (tello_msgs) StdoutLine: {'line': b'-- Installing: /root/DockerFiles/drone_ws/install/tello_msgs/lib/python3.8/site-packages/tello_msgs/msg/_tello_response.py\n'}
[10.608685] (tello_msgs) StdoutLine: {'line': b'-- Installing: /root/DockerFiles/drone_ws/install/tello_msgs/lib/python3.8/site-packages/tello_msgs/msg/__init__.py\n'}
[10.608780] (tello_msgs) StdoutLine: {'line': b'-- Installing: /root/DockerFiles/drone_ws/install/tello_msgs/lib/python3.8/site-packages/tello_msgs/msg/_tello_response_s.c\n'}
[10.608892] (tello_msgs) StdoutLine: {'line': b'-- Installing: /root/DockerFiles/drone_ws/install/tello_msgs/lib/python3.8/site-packages/tello_msgs/msg/_flight_data_s.c\n'}
[10.609003] (tello_msgs) StdoutLine: {'line': b'-- Installing: /root/DockerFiles/drone_ws/install/tello_msgs/lib/python3.8/site-packages/tello_msgs/msg/_flight_data.py\n'}
[10.609105] (tello_msgs) StdoutLine: {'line': b'-- Installing: /root/DockerFiles/drone_ws/install/tello_msgs/lib/python3.8/site-packages/tello_msgs/srv\n'}
[10.609213] (tello_msgs) StdoutLine: {'line': b'-- Installing: /root/DockerFiles/drone_ws/install/tello_msgs/lib/python3.8/site-packages/tello_msgs/srv/__init__.py\n'}
[10.609317] (tello_msgs) StdoutLine: {'line': b'-- Installing: /root/DockerFiles/drone_ws/install/tello_msgs/lib/python3.8/site-packages/tello_msgs/srv/_tello_action.py\n'}
[10.609402] (tello_msgs) StdoutLine: {'line': b'-- Installing: /root/DockerFiles/drone_ws/install/tello_msgs/lib/python3.8/site-packages/tello_msgs/srv/_tello_action_s.c\n'}
[10.611036] (tello_msgs) StdoutLine: {'line': b'-- Installing: /root/DockerFiles/drone_ws/install/tello_msgs/lib/python3.8/site-packages/tello_msgs/tello_msgs_s__rosidl_typesupport_fastrtps_c.cpython-38-x86_64-linux-gnu.so\n'}
[10.611247] (tello_msgs) StdoutLine: {'line': b'-- Set runtime path of "/root/DockerFiles/drone_ws/install/tello_msgs/lib/python3.8/site-packages/tello_msgs/tello_msgs_s__rosidl_typesupport_fastrtps_c.cpython-38-x86_64-linux-gnu.so" to ""\n'}
[10.611339] (tello_msgs) StdoutLine: {'line': b'-- Installing: /root/DockerFiles/drone_ws/install/tello_msgs/lib/python3.8/site-packages/tello_msgs/tello_msgs_s__rosidl_typesupport_introspection_c.cpython-38-x86_64-linux-gnu.so\n'}
[10.611431] (tello_msgs) StdoutLine: {'line': b'-- Set runtime path of "/root/DockerFiles/drone_ws/install/tello_msgs/lib/python3.8/site-packages/tello_msgs/tello_msgs_s__rosidl_typesupport_introspection_c.cpython-38-x86_64-linux-gnu.so" to ""\n'}
[10.611554] (tello_msgs) StdoutLine: {'line': b'-- Installing: /root/DockerFiles/drone_ws/install/tello_msgs/lib/python3.8/site-packages/tello_msgs/tello_msgs_s__rosidl_typesupport_c.cpython-38-x86_64-linux-gnu.so\n'}
[10.611833] (tello_msgs) StdoutLine: {'line': b'-- Set runtime path of "/root/DockerFiles/drone_ws/install/tello_msgs/lib/python3.8/site-packages/tello_msgs/tello_msgs_s__rosidl_typesupport_c.cpython-38-x86_64-linux-gnu.so" to ""\n'}
[10.612071] (tello_msgs) StdoutLine: {'line': b'-- Installing: /root/DockerFiles/drone_ws/install/tello_msgs/lib/libtello_msgs__python.so\n'}
[10.612453] (tello_msgs) StdoutLine: {'line': b'-- Set runtime path of "/root/DockerFiles/drone_ws/install/tello_msgs/lib/libtello_msgs__python.so" to ""\n'}
[10.612615] (tello_msgs) StdoutLine: {'line': b'-- Installing: /root/DockerFiles/drone_ws/install/tello_msgs/share/tello_msgs/msg/FlightData.idl\n'}
[10.612847] (tello_msgs) StdoutLine: {'line': b'-- Installing: /root/DockerFiles/drone_ws/install/tello_msgs/share/tello_msgs/msg/TelloResponse.idl\n'}
[10.613041] (tello_msgs) StdoutLine: {'line': b'-- Installing: /root/DockerFiles/drone_ws/install/tello_msgs/share/tello_msgs/srv/TelloAction.idl\n'}
[10.613207] (tello_msgs) StdoutLine: {'line': b'-- Installing: /root/DockerFiles/drone_ws/install/tello_msgs/share/tello_msgs/msg/FlightData.msg\n'}
[10.617768] (tello_msgs) StdoutLine: {'line': b'-- Installing: /root/DockerFiles/drone_ws/install/tello_msgs/share/tello_msgs/msg/TelloResponse.msg\n'}
[10.617969] (tello_msgs) StdoutLine: {'line': b'-- Installing: /root/DockerFiles/drone_ws/install/tello_msgs/share/tello_msgs/srv/TelloAction.srv\n'}
[10.618043] (tello_msgs) StdoutLine: {'line': b'-- Installing: /root/DockerFiles/drone_ws/install/tello_msgs/share/tello_msgs/srv/TelloAction_Request.msg\n'}
[10.618107] (tello_msgs) StdoutLine: {'line': b'-- Installing: /root/DockerFiles/drone_ws/install/tello_msgs/share/tello_msgs/srv/TelloAction_Response.msg\n'}
[10.618163] (tello_msgs) StdoutLine: {'line': b'-- Installing: /root/DockerFiles/drone_ws/install/tello_msgs/share/ament_index/resource_index/package_run_dependencies/tello_msgs\n'}
[10.618225] (tello_msgs) StdoutLine: {'line': b'-- Installing: /root/DockerFiles/drone_ws/install/tello_msgs/share/ament_index/resource_index/parent_prefix_path/tello_msgs\n'}
[10.618349] (tello_msgs) StdoutLine: {'line': b'-- Installing: /root/DockerFiles/drone_ws/install/tello_msgs/share/tello_msgs/environment/ament_prefix_path.sh\n'}
[10.618476] (tello_msgs) StdoutLine: {'line': b'-- Installing: /root/DockerFiles/drone_ws/install/tello_msgs/share/tello_msgs/environment/ament_prefix_path.dsv\n'}
[10.618560] (tello_msgs) StdoutLine: {'line': b'-- Installing: /root/DockerFiles/drone_ws/install/tello_msgs/share/tello_msgs/environment/path.sh\n'}
[10.618620] (tello_msgs) StdoutLine: {'line': b'-- Installing: /root/DockerFiles/drone_ws/install/tello_msgs/share/tello_msgs/environment/path.dsv\n'}
[10.618678] (tello_msgs) StdoutLine: {'line': b'-- Installing: /root/DockerFiles/drone_ws/install/tello_msgs/share/tello_msgs/local_setup.bash\n'}
[10.618846] (tello_msgs) StdoutLine: {'line': b'-- Installing: /root/DockerFiles/drone_ws/install/tello_msgs/share/tello_msgs/local_setup.sh\n'}
[10.618954] (tello_msgs) StdoutLine: {'line': b'-- Installing: /root/DockerFiles/drone_ws/install/tello_msgs/share/tello_msgs/local_setup.zsh\n'}
[10.619130] (tello_msgs) StdoutLine: {'line': b'-- Installing: /root/DockerFiles/drone_ws/install/tello_msgs/share/tello_msgs/local_setup.dsv\n'}
[10.619234] (tello_msgs) StdoutLine: {'line': b'-- Installing: /root/DockerFiles/drone_ws/install/tello_msgs/share/tello_msgs/package.dsv\n'}
[10.619369] (tello_msgs) StdoutLine: {'line': b'-- Installing: /root/DockerFiles/drone_ws/install/tello_msgs/share/ament_index/resource_index/packages/tello_msgs\n'}
[10.619531] (tello_msgs) StdoutLine: {'line': b'-- Installing: /root/DockerFiles/drone_ws/install/tello_msgs/share/tello_msgs/cmake/tello_msgs__rosidl_generator_cExport.cmake\n'}
[10.619761] (tello_msgs) StdoutLine: {'line': b'-- Installing: /root/DockerFiles/drone_ws/install/tello_msgs/share/tello_msgs/cmake/tello_msgs__rosidl_generator_cExport-noconfig.cmake\n'}
[10.620000] (tello_msgs) StdoutLine: {'line': b'-- Installing: /root/DockerFiles/drone_ws/install/tello_msgs/share/tello_msgs/cmake/tello_msgs__rosidl_typesupport_introspection_cExport.cmake\n'}
[10.620193] (tello_msgs) StdoutLine: {'line': b'-- Installing: /root/DockerFiles/drone_ws/install/tello_msgs/share/tello_msgs/cmake/tello_msgs__rosidl_typesupport_introspection_cExport-noconfig.cmake\n'}
[10.620428] (tello_msgs) StdoutLine: {'line': b'-- Installing: /root/DockerFiles/drone_ws/install/tello_msgs/share/tello_msgs/cmake/tello_msgs__rosidl_typesupport_cExport.cmake\n'}
[10.620616] (tello_msgs) StdoutLine: {'line': b'-- Installing: /root/DockerFiles/drone_ws/install/tello_msgs/share/tello_msgs/cmake/tello_msgs__rosidl_typesupport_cExport-noconfig.cmake\n'}
[10.621459] (tello_msgs) StdoutLine: {'line': b'-- Installing: /root/DockerFiles/drone_ws/install/tello_msgs/share/tello_msgs/cmake/tello_msgs__rosidl_generator_cppExport.cmake\n'}
[10.621639] (tello_msgs) StdoutLine: {'line': b'-- Installing: /root/DockerFiles/drone_ws/install/tello_msgs/share/tello_msgs/cmake/tello_msgs__rosidl_typesupport_introspection_cppExport.cmake\n'}
[10.621741] (tello_msgs) StdoutLine: {'line': b'-- Installing: /root/DockerFiles/drone_ws/install/tello_msgs/share/tello_msgs/cmake/tello_msgs__rosidl_typesupport_introspection_cppExport-noconfig.cmake\n'}
[10.621872] (tello_msgs) StdoutLine: {'line': b'-- Installing: /root/DockerFiles/drone_ws/install/tello_msgs/share/tello_msgs/cmake/tello_msgs__rosidl_typesupport_cppExport.cmake\n'}
[10.622270] (tello_msgs) StdoutLine: {'line': b'-- Installing: /root/DockerFiles/drone_ws/install/tello_msgs/share/tello_msgs/cmake/tello_msgs__rosidl_typesupport_cppExport-noconfig.cmake\n'}
[10.622447] (tello_msgs) StdoutLine: {'line': b'-- Installing: /root/DockerFiles/drone_ws/install/tello_msgs/share/tello_msgs/cmake/rosidl_cmake-extras.cmake\n'}
[10.622543] (tello_msgs) StdoutLine: {'line': b'-- Installing: /root/DockerFiles/drone_ws/install/tello_msgs/share/tello_msgs/cmake/ament_cmake_export_dependencies-extras.cmake\n'}
[10.622633] (tello_msgs) StdoutLine: {'line': b'-- Installing: /root/DockerFiles/drone_ws/install/tello_msgs/share/tello_msgs/cmake/ament_cmake_export_libraries-extras.cmake\n'}
[10.622762] (tello_msgs) StdoutLine: {'line': b'-- Installing: /root/DockerFiles/drone_ws/install/tello_msgs/share/tello_msgs/cmake/ament_cmake_export_targets-extras.cmake\n'}
[10.622887] (tello_msgs) StdoutLine: {'line': b'-- Installing: /root/DockerFiles/drone_ws/install/tello_msgs/share/tello_msgs/cmake/ament_cmake_export_include_directories-extras.cmake\n'}
[10.623065] (tello_msgs) StdoutLine: {'line': b'-- Installing: /root/DockerFiles/drone_ws/install/tello_msgs/share/tello_msgs/cmake/rosidl_cmake_export_typesupport_libraries-extras.cmake\n'}
[10.623233] (tello_msgs) StdoutLine: {'line': b'-- Installing: /root/DockerFiles/drone_ws/install/tello_msgs/share/tello_msgs/cmake/rosidl_cmake_export_typesupport_targets-extras.cmake\n'}
[10.624457] (tello_msgs) StdoutLine: {'line': b'-- Installing: /root/DockerFiles/drone_ws/install/tello_msgs/share/tello_msgs/cmake/tello_msgsConfig.cmake\n'}
[10.624810] (tello_msgs) StdoutLine: {'line': b'-- Installing: /root/DockerFiles/drone_ws/install/tello_msgs/share/tello_msgs/cmake/tello_msgsConfig-version.cmake\n'}
[10.624919] (-) TimerEvent: {}
[10.625121] (tello_msgs) StdoutLine: {'line': b'-- Installing: /root/DockerFiles/drone_ws/install/tello_msgs/share/tello_msgs/package.xml\n'}
[10.628182] (tello_msgs) CommandEnded: {'returncode': 0}
[10.725186] (-) TimerEvent: {}
[10.828378] (-) TimerEvent: {}
[10.852339] (tello_msgs) JobEnded: {'identifier': 'tello_msgs', 'rc': 0}
[10.853946] (tello_driver) JobStarted: {'identifier': 'tello_driver'}
[10.875196] (tello_gazebo) JobStarted: {'identifier': 'tello_gazebo'}
[10.890678] (tello_driver) JobProgress: {'identifier': 'tello_driver', 'progress': 'cmake'}
[10.890977] (tello_driver) Command: {'cmd': ['/usr/bin/cmake', '/root/DockerFiles/drone_ws/src/tello_ros/tello_driver', '-DCMAKE_INSTALL_PREFIX=/root/DockerFiles/drone_ws/install/tello_driver'], 'cwd': '/root/DockerFiles/drone_ws/build/tello_driver', 'env': OrderedDict([('HOSTNAME', 'vdani-H410M-H-V2'), ('SHLVL', '1'), ('LD_LIBRARY_PATH', '/root/DockerFiles/drone_ws/install/tello_msgs/lib:/root/DockerFiles/drone_ws/install/tello_gazebo/lib:/root/DockerFiles/drone_ws/install/tello_driver/lib:/usr/lib/x86_64-linux-gnu/gazebo-11/plugins:/opt/ros/foxy/opt/yaml_cpp_vendor/lib:/opt/ros/foxy/opt/rviz_ogre_vendor/lib:/opt/ros/foxy/lib/x86_64-linux-gnu:/opt/ros/foxy/lib'), ('HOME', '/root'), ('OLDPWD', '/root/DockerFiles'), ('ROS_PYTHON_VERSION', '3'), ('COLCON_PREFIX_PATH', '/root/DockerFiles/drone_ws/install:/root/DockerFiles/install'), ('ROS_DISTRO', 'foxy'), ('_', '/usr/bin/colcon'), ('ROS_VERSION', '2'), ('TERM', 'xterm'), ('ROS_LOCALHOST_ONLY', '0'), ('QT_X11_NO_MITSHM', '1'), ('PATH', '/root/DockerFiles/drone_ws/install/tello_camera/bin:/opt/ros/foxy/bin:/root/DockerFiles/install/tello_camera/bin:/usr/local/sbin:/usr/local/bin:/usr/sbin:/usr/bin:/sbin:/bin'), ('XDG_RUNTIME_DIR', '/run/user/1000'), ('DISPLAY', ':0'), ('LANG', 'C.UTF-8'), ('RMW_IMPLEMENTATION', 'rmw_fastrtps_cpp'), ('LS_COLORS', 'rs=0:di=01;34:ln=01;36:mh=00:pi=40;33:so=01;35:do=01;35:bd=40;33;01:cd=40;33;01:or=40;31;01:mi=00:su=37;41:sg=30;43:ca=30;41:tw=30;42:ow=34;42:st=37;44:ex=01;32:*.tar=01;31:*.tgz=01;31:*.arc=01;31:*.arj=01;31:*.taz=01;31:*.lha=01;31:*.lz4=01;31:*.lzh=01;31:*.lzma=01;31:*.tlz=01;31:*.txz=01;31:*.tzo=01;31:*.t7z=01;31:*.zip=01;31:*.z=01;31:*.dz=01;31:*.gz=01;31:*.lrz=01;31:*.lz=01;31:*.lzo=01;31:*.xz=01;31:*.zst=01;31:*.tzst=01;31:*.bz2=01;31:*.bz=01;31:*.tbz=01;31:*.tbz2=01;31:*.tz=01;31:*.deb=01;31:*.rpm=01;31:*.jar=01;31:*.war=01;31:*.ear=01;31:*.sar=01;31:*.rar=01;31:*.alz=01;31:*.ace=01;31:*.zoo=01;31:*.cpio=01;31:*.7z=01;31:*.rz=01;31:*.cab=01;31:*.wim=01;31:*.swm=01;31:*.dwm=01;31:*.esd=01;31:*.jpg=01;35:*.jpeg=01;35:*.mjpg=01;35:*.mjpeg=01;35:*.gif=01;35:*.bmp=01;35:*.pbm=01;35:*.pgm=01;35:*.ppm=01;35:*.tga=01;35:*.xbm=01;35:*.xpm=01;35:*.tif=01;35:*.tiff=01;35:*.png=01;35:*.svg=01;35:*.svgz=01;35:*.mng=01;35:*.pcx=01;35:*.mov=01;35:*.mpg=01;35:*.mpeg=01;35:*.m2v=01;35:*.mkv=01;35:*.webm=01;35:*.ogm=01;35:*.mp4=01;35:*.m4v=01;35:*.mp4v=01;35:*.vob=01;35:*.qt=01;35:*.nuv=01;35:*.wmv=01;35:*.asf=01;35:*.rm=01;35:*.rmvb=01;35:*.flc=01;35:*.avi=01;35:*.fli=01;35:*.flv=01;35:*.gl=01;35:*.dl=01;35:*.xcf=01;35:*.xwd=01;35:*.yuv=01;35:*.cgm=01;35:*.emf=01;35:*.ogv=01;35:*.ogx=01;35:*.aac=00;36:*.au=00;36:*.flac=00;36:*.m4a=00;36:*.mid=00;36:*.midi=00;36:*.mka=00;36:*.mp3=00;36:*.mpc=00;36:*.ogg=00;36:*.ra=00;36:*.wav=00;36:*.oga=00;36:*.opus=00;36:*.spx=00;36:*.xspf=00;36:'), ('AMENT_PREFIX_PATH', '/root/DockerFiles/drone_ws/install/tello_gazebo:/root/DockerFiles/drone_ws/install/tello_driver:/root/DockerFiles/drone_ws/install/tello_msgs:/root/DockerFiles/drone_ws/install/tello_hand_move:/root/DockerFiles/drone_ws/install/tello_description:/root/DockerFiles/drone_ws/install/tello_camera:/root/DockerFiles/drone_ws/install/ros2_shared:/opt/ros/foxy:/root/DockerFiles/install/tello_camera'), ('PWD', '/root/DockerFiles/drone_ws/build/tello_driver'), ('LC_ALL', 'C.UTF-8'), ('PYTHONPATH', '/root/DockerFiles/drone_ws/install/tello_msgs/lib/python3.8/site-packages:/root/DockerFiles/drone_ws/install/tello_hand_move/lib/python3.8/site-packages:/root/DockerFiles/drone_ws/install/tello_camera/lib/python3.8/site-packages:/opt/ros/foxy/lib/python3.8/site-packages:/root/DockerFiles/build/tello_camera:/root/DockerFiles/install/tello_camera/lib/python3.8/site-packages'), ('COLCON', '1'), ('CMAKE_PREFIX_PATH', '/root/DockerFiles/drone_ws/install/tello_msgs:/root/DockerFiles/drone_ws/install/ros2_shared:/root/DockerFiles/drone_ws/install/tello_gazebo:/root/DockerFiles/drone_ws/install/tello_driver:/root/DockerFiles/drone_ws/install/tello_description:/root/DockerFiles/drone_ws/install/tello_hand_move:/root/DockerFiles/drone_ws/install/tello_camera:/opt/ros/foxy:/root/DockerFiles/install/tello_camera')]), 'shell': False}
[10.905560] (tello_gazebo) JobProgress: {'identifier': 'tello_gazebo', 'progress': 'cmake'}
[10.906194] (tello_gazebo) Command: {'cmd': ['/usr/bin/cmake', '/root/DockerFiles/drone_ws/src/tello_ros/tello_gazebo', '-DCMAKE_INSTALL_PREFIX=/root/DockerFiles/drone_ws/install/tello_gazebo'], 'cwd': '/root/DockerFiles/drone_ws/build/tello_gazebo', 'env': OrderedDict([('HOSTNAME', 'vdani-H410M-H-V2'), ('SHLVL', '1'), ('LD_LIBRARY_PATH', '/root/DockerFiles/drone_ws/install/tello_msgs/lib:/root/DockerFiles/drone_ws/install/tello_gazebo/lib:/root/DockerFiles/drone_ws/install/tello_driver/lib:/usr/lib/x86_64-linux-gnu/gazebo-11/plugins:/opt/ros/foxy/opt/yaml_cpp_vendor/lib:/opt/ros/foxy/opt/rviz_ogre_vendor/lib:/opt/ros/foxy/lib/x86_64-linux-gnu:/opt/ros/foxy/lib'), ('HOME', '/root'), ('OLDPWD', '/root/DockerFiles'), ('ROS_PYTHON_VERSION', '3'), ('COLCON_PREFIX_PATH', '/root/DockerFiles/drone_ws/install:/root/DockerFiles/install'), ('ROS_DISTRO', 'foxy'), ('_', '/usr/bin/colcon'), ('ROS_VERSION', '2'), ('TERM', 'xterm'), ('ROS_LOCALHOST_ONLY', '0'), ('QT_X11_NO_MITSHM', '1'), ('PATH', '/root/DockerFiles/drone_ws/install/tello_camera/bin:/opt/ros/foxy/bin:/root/DockerFiles/install/tello_camera/bin:/usr/local/sbin:/usr/local/bin:/usr/sbin:/usr/bin:/sbin:/bin'), ('XDG_RUNTIME_DIR', '/run/user/1000'), ('DISPLAY', ':0'), ('LANG', 'C.UTF-8'), ('RMW_IMPLEMENTATION', 'rmw_fastrtps_cpp'), ('LS_COLORS', 'rs=0:di=01;34:ln=01;36:mh=00:pi=40;33:so=01;35:do=01;35:bd=40;33;01:cd=40;33;01:or=40;31;01:mi=00:su=37;41:sg=30;43:ca=30;41:tw=30;42:ow=34;42:st=37;44:ex=01;32:*.tar=01;31:*.tgz=01;31:*.arc=01;31:*.arj=01;31:*.taz=01;31:*.lha=01;31:*.lz4=01;31:*.lzh=01;31:*.lzma=01;31:*.tlz=01;31:*.txz=01;31:*.tzo=01;31:*.t7z=01;31:*.zip=01;31:*.z=01;31:*.dz=01;31:*.gz=01;31:*.lrz=01;31:*.lz=01;31:*.lzo=01;31:*.xz=01;31:*.zst=01;31:*.tzst=01;31:*.bz2=01;31:*.bz=01;31:*.tbz=01;31:*.tbz2=01;31:*.tz=01;31:*.deb=01;31:*.rpm=01;31:*.jar=01;31:*.war=01;31:*.ear=01;31:*.sar=01;31:*.rar=01;31:*.alz=01;31:*.ace=01;31:*.zoo=01;31:*.cpio=01;31:*.7z=01;31:*.rz=01;31:*.cab=01;31:*.wim=01;31:*.swm=01;31:*.dwm=01;31:*.esd=01;31:*.jpg=01;35:*.jpeg=01;35:*.mjpg=01;35:*.mjpeg=01;35:*.gif=01;35:*.bmp=01;35:*.pbm=01;35:*.pgm=01;35:*.ppm=01;35:*.tga=01;35:*.xbm=01;35:*.xpm=01;35:*.tif=01;35:*.tiff=01;35:*.png=01;35:*.svg=01;35:*.svgz=01;35:*.mng=01;35:*.pcx=01;35:*.mov=01;35:*.mpg=01;35:*.mpeg=01;35:*.m2v=01;35:*.mkv=01;35:*.webm=01;35:*.ogm=01;35:*.mp4=01;35:*.m4v=01;35:*.mp4v=01;35:*.vob=01;35:*.qt=01;35:*.nuv=01;35:*.wmv=01;35:*.asf=01;35:*.rm=01;35:*.rmvb=01;35:*.flc=01;35:*.avi=01;35:*.fli=01;35:*.flv=01;35:*.gl=01;35:*.dl=01;35:*.xcf=01;35:*.xwd=01;35:*.yuv=01;35:*.cgm=01;35:*.emf=01;35:*.ogv=01;35:*.ogx=01;35:*.aac=00;36:*.au=00;36:*.flac=00;36:*.m4a=00;36:*.mid=00;36:*.midi=00;36:*.mka=00;36:*.mp3=00;36:*.mpc=00;36:*.ogg=00;36:*.ra=00;36:*.wav=00;36:*.oga=00;36:*.opus=00;36:*.spx=00;36:*.xspf=00;36:'), ('AMENT_PREFIX_PATH', '/root/DockerFiles/drone_ws/install/tello_gazebo:/root/DockerFiles/drone_ws/install/tello_driver:/root/DockerFiles/drone_ws/install/tello_msgs:/root/DockerFiles/drone_ws/install/tello_hand_move:/root/DockerFiles/drone_ws/install/tello_description:/root/DockerFiles/drone_ws/install/tello_camera:/root/DockerFiles/drone_ws/install/ros2_shared:/opt/ros/foxy:/root/DockerFiles/install/tello_camera'), ('PWD', '/root/DockerFiles/drone_ws/build/tello_gazebo'), ('LC_ALL', 'C.UTF-8'), ('PYTHONPATH', '/root/DockerFiles/drone_ws/install/tello_msgs/lib/python3.8/site-packages:/root/DockerFiles/drone_ws/install/tello_hand_move/lib/python3.8/site-packages:/root/DockerFiles/drone_ws/install/tello_camera/lib/python3.8/site-packages:/opt/ros/foxy/lib/python3.8/site-packages:/root/DockerFiles/build/tello_camera:/root/DockerFiles/install/tello_camera/lib/python3.8/site-packages'), ('COLCON', '1'), ('CMAKE_PREFIX_PATH', '/root/DockerFiles/drone_ws/install/tello_msgs:/root/DockerFiles/drone_ws/install/tello_gazebo:/root/DockerFiles/drone_ws/install/tello_driver:/root/DockerFiles/drone_ws/install/tello_description:/root/DockerFiles/drone_ws/install/ros2_shared:/root/DockerFiles/drone_ws/install/tello_hand_move:/root/DockerFiles/drone_ws/install/tello_camera:/opt/ros/foxy:/root/DockerFiles/install/tello_camera')]), 'shell': False}
[10.929433] (-) TimerEvent: {}
[10.998151] (tello_driver) StdoutLine: {'line': b'-- The C compiler identification is GNU 9.4.0\n'}
[11.007427] (tello_gazebo) StdoutLine: {'line': b'-- The C compiler identification is GNU 9.4.0\n'}
[11.029502] (-) TimerEvent: {}
[11.098873] (tello_driver) StdoutLine: {'line': b'-- The CXX compiler identification is GNU 9.4.0\n'}
[11.107049] (tello_driver) StdoutLine: {'line': b'-- Check for working C compiler: /usr/bin/cc\n'}
[11.120268] (tello_gazebo) StdoutLine: {'line': b'-- The CXX compiler identification is GNU 9.4.0\n'}
[11.133345] (-) TimerEvent: {}
[11.141194] (tello_gazebo) StdoutLine: {'line': b'-- Check for working C compiler: /usr/bin/cc\n'}
[11.224909] (tello_driver) StdoutLine: {'line': b'-- Check for working C compiler: /usr/bin/cc -- works\n'}
[11.226094] (tello_driver) StdoutLine: {'line': b'-- Detecting C compiler ABI info\n'}
[11.233488] (-) TimerEvent: {}
[11.265577] (tello_gazebo) StdoutLine: {'line': b'-- Check for working C compiler: /usr/bin/cc -- works\n'}
[11.266462] (tello_gazebo) StdoutLine: {'line': b'-- Detecting C compiler ABI info\n'}
[11.333575] (-) TimerEvent: {}
[11.359328] (tello_driver) StdoutLine: {'line': b'-- Detecting C compiler ABI info - done\n'}
[11.389433] (tello_driver) StdoutLine: {'line': b'-- Detecting C compile features\n'}
[11.390683] (tello_driver) StdoutLine: {'line': b'-- Detecting C compile features - done\n'}
[11.390769] (tello_driver) StdoutLine: {'line': b'-- Check for working CXX compiler: /usr/bin/c++\n'}
[11.407572] (tello_gazebo) StdoutLine: {'line': b'-- Detecting C compiler ABI info - done\n'}
[11.433685] (-) TimerEvent: {}
[11.446745] (tello_gazebo) StdoutLine: {'line': b'-- Detecting C compile features\n'}
[11.447081] (tello_gazebo) StdoutLine: {'line': b'-- Detecting C compile features - done\n'}
[11.450014] (tello_gazebo) StdoutLine: {'line': b'-- Check for working CXX compiler: /usr/bin/c++\n'}
[11.537518] (-) TimerEvent: {}
[11.578607] (tello_driver) StdoutLine: {'line': b'-- Check for working CXX compiler: /usr/bin/c++ -- works\n'}
[11.579256] (tello_driver) StdoutLine: {'line': b'-- Detecting CXX compiler ABI info\n'}
[11.622386] (tello_gazebo) StdoutLine: {'line': b'-- Check for working CXX compiler: /usr/bin/c++ -- works\n'}
[11.624980] (tello_gazebo) StdoutLine: {'line': b'-- Detecting CXX compiler ABI info\n'}
[11.637650] (-) TimerEvent: {}
[11.711827] (tello_driver) StdoutLine: {'line': b'-- Detecting CXX compiler ABI info - done\n'}
[11.726690] (tello_driver) StdoutLine: {'line': b'-- Detecting CXX compile features\n'}
[11.727095] (tello_driver) StdoutLine: {'line': b'-- Detecting CXX compile features - done\n'}
[11.731261] (tello_driver) StdoutLine: {'line': b'-- Found ament_cmake: 0.9.12 (/opt/ros/foxy/share/ament_cmake/cmake)\n'}
[11.738082] (-) TimerEvent: {}
[11.770444] (tello_driver) StdoutLine: {'line': b'-- Found PythonInterp: /usr/bin/python3 (found suitable version "3.8.10", minimum required is "3") \n'}
[11.772948] (tello_driver) StdoutLine: {'line': b'-- Using PYTHON_EXECUTABLE: /usr/bin/python3\n'}
[11.792004] (tello_gazebo) StdoutLine: {'line': b'-- Detecting CXX compiler ABI info - done\n'}
[11.811756] (tello_gazebo) StdoutLine: {'line': b'-- Detecting CXX compile features\n'}
[11.812556] (tello_gazebo) StdoutLine: {'line': b'-- Detecting CXX compile features - done\n'}
[11.816549] (tello_gazebo) StdoutLine: {'line': b'-- Found ament_cmake: 0.9.12 (/opt/ros/foxy/share/ament_cmake/cmake)\n'}
[11.838175] (-) TimerEvent: {}
[11.871745] (tello_gazebo) StdoutLine: {'line': b'-- Found PythonInterp: /usr/bin/python3 (found suitable version "3.8.10", minimum required is "3") \n'}
[11.873747] (tello_gazebo) StdoutLine: {'line': b'-- Using PYTHON_EXECUTABLE: /usr/bin/python3\n'}
[11.938331] (-) TimerEvent: {}
[12.038777] (-) TimerEvent: {}
[12.091939] (tello_driver) StdoutLine: {'line': b'-- Found camera_calibration_parsers: 2.4.0 (/opt/ros/foxy/share/camera_calibration_parsers/cmake)\n'}
[12.144355] (-) TimerEvent: {}
[12.167114] (tello_driver) StdoutLine: {'line': b'-- Using all available rosidl_typesupport_c: rosidl_typesupport_fastrtps_c;rosidl_typesupport_introspection_c\n'}
[12.177879] (tello_driver) StdoutLine: {'line': b'-- Found rosidl_adapter: 1.3.1 (/opt/ros/foxy/share/rosidl_adapter/cmake)\n'}
[12.208418] (tello_gazebo) StdoutLine: {'line': b'-- Found PkgConfig: /usr/bin/pkg-config (found version "0.29.1") \n'}
[12.212996] (tello_gazebo) StdoutLine: {'line': b"-- Checking for module 'bullet>=2.82'\n"}
[12.244481] (-) TimerEvent: {}
[12.244989] (tello_gazebo) StdoutLine: {'line': b'--   Found bullet, version 2.88\n'}
[12.335567] (tello_driver) StdoutLine: {'line': b'-- Found OpenSSL: /usr/lib/x86_64-linux-gnu/libcrypto.so (found version "1.1.1f")  \n'}
[12.344615] (-) TimerEvent: {}
[12.385462] (tello_driver) StdoutLine: {'line': b'-- Found FastRTPS: /opt/ros/foxy/include  \n'}
[12.444874] (-) TimerEvent: {}
[12.521837] (tello_gazebo) StdoutLine: {'line': b'-- Found ccd: /usr/include (found suitable version "2.0", minimum required is "2.0") \n'}
[12.537002] (tello_driver) StdoutLine: {'line': b'-- Using all available rosidl_typesupport_cpp: rosidl_typesupport_fastrtps_cpp;rosidl_typesupport_introspection_cpp\n'}
[12.544966] (-) TimerEvent: {}
[12.638714] (tello_driver) StdoutLine: {'line': b'-- Found rmw_implementation_cmake: 1.0.4 (/opt/ros/foxy/share/rmw_implementation_cmake/cmake)\n'}
[12.640904] (tello_driver) StdoutLine: {'line': b"-- Using RMW implementation 'rmw_fastrtps_cpp' as default\n"}
[12.642394] (tello_driver) StdoutLine: {'line': b'-- Looking for pthread.h\n'}
[12.645078] (-) TimerEvent: {}
[12.658305] (tello_gazebo) StdoutLine: {'line': b'-- Found fcl: /usr/include (found suitable version "0.5.0", minimum required is "0.3.2") \n'}
[12.745186] (-) TimerEvent: {}
[12.789223] (tello_gazebo) StdoutLine: {'line': b'-- Found assimp: /usr/include (found version "5.0.0") \n'}
[12.790387] (tello_driver) StdoutLine: {'line': b'-- Looking for pthread.h - found\n'}
[12.796465] (tello_driver) StdoutLine: {'line': b'-- Performing Test CMAKE_HAVE_LIBC_PTHREAD\n'}
[12.833812] (tello_gazebo) StdoutLine: {'line': b'-- Found DART: /usr/include (Required is at least version "6.6") found components: dart \n'}
[12.845316] (-) TimerEvent: {}
[12.930447] (tello_driver) StdoutLine: {'line': b'-- Performing Test CMAKE_HAVE_LIBC_PTHREAD - Failed\n'}
[12.930705] (tello_driver) StdoutLine: {'line': b'-- Looking for pthread_create in pthreads\n'}
[12.945426] (-) TimerEvent: {}
[13.027992] (tello_driver) StdoutLine: {'line': b'-- Looking for pthread_create in pthreads - not found\n'}
[13.028225] (tello_driver) StdoutLine: {'line': b'-- Looking for pthread_create in pthread\n'}
[13.045587] (-) TimerEvent: {}
[13.148175] (-) TimerEvent: {}
[13.162408] (tello_driver) StdoutLine: {'line': b'-- Looking for pthread_create in pthread - found\n'}
[13.169980] (tello_driver) StdoutLine: {'line': b'-- Found Threads: TRUE  \n'}
[13.248295] (-) TimerEvent: {}
[13.348914] (-) TimerEvent: {}
[13.388355] (tello_gazebo) StdoutLine: {'line': b'-- Found Boost: /usr/lib/x86_64-linux-gnu/cmake/Boost-1.71.0/BoostConfig.cmake (found suitable version "1.71.0", minimum required is "1.40.0") found components: thread system filesystem program_options regex iostreams date_time \n'}
[13.423773] (tello_gazebo) StdoutLine: {'line': b'-- Found Protobuf: /usr/lib/x86_64-linux-gnu/libprotobuf.so;-lpthread (found version "3.6.1") \n'}
[13.433426] (tello_gazebo) StdoutLine: {'line': b'-- Looking for ignition-math6 -- found version 6.13.0\n'}
[13.442735] (tello_gazebo) StdoutLine: {'line': b'-- Searching for dependencies of ignition-math6\n'}
[13.443812] (tello_gazebo) StdoutLine: {'line': b'-- Looking for OGRE...\n'}
[13.444591] (tello_gazebo) StdoutLine: {'line': b'-- OGRE_PREFIX_WATCH changed.\n'}
[13.449367] (-) TimerEvent: {}
[13.455531] (tello_gazebo) StdoutLine: {'line': b"-- Checking for module 'OGRE'\n"}
[13.503317] (tello_gazebo) StdoutLine: {'line': b'--   Found OGRE, version 1.9.0\n'}
[13.549487] (-) TimerEvent: {}
[13.567645] (tello_driver) StdoutLine: {'line': b"-- Setting yaml-cpp_DIR to: '/opt/ros/foxy/share/yaml_cpp_vendor/cmake/../../../opt/yaml_cpp_vendor/lib/cmake/yaml-cpp'\n"}
[13.576246] (tello_driver) StdoutLine: {'line': b'-- Found class_loader: 2.0.3 (/opt/ros/foxy/share/class_loader/cmake)\n'}
[13.588326] (tello_driver) StdoutLine: {'line': b'-- Found cv_bridge: 3.0.7 (/opt/ros/foxy/share/cv_bridge/cmake)\n'}
[13.591093] (tello_gazebo) StdoutLine: {'line': b'-- Found Ogre Ghadamon (1.9.0)\n'}
[13.603372] (tello_gazebo) StdoutLine: {'line': b'-- Found OGRE: optimized;/usr/lib/x86_64-linux-gnu/libOgreMain.so;debug;/usr/lib/x86_64-linux-gnu/libOgreMain.so\n'}
[13.620335] (tello_gazebo) StdoutLine: {'line': b'-- Looking for OGRE_Paging...\n'}
[13.629500] (tello_gazebo) StdoutLine: {'line': b'-- Found OGRE_Paging: optimized;/usr/lib/x86_64-linux-gnu/libOgrePaging.so;debug;/usr/lib/x86_64-linux-gnu/libOgrePaging.so\n'}
[13.633399] (tello_driver) StdoutLine: {'line': b'-- Found OpenCV: /usr (found version "4.2.0") \n'}
[13.634281] (tello_gazebo) StdoutLine: {'line': b'-- Looking for OGRE_Terrain...\n'}
[13.635117] (tello_driver) StdoutLine: {'line': b'-- Found rclcpp_components: 2.4.3 (/opt/ros/foxy/share/rclcpp_components/cmake)\n'}
[13.643069] (tello_gazebo) StdoutLine: {'line': b'-- Found OGRE_Terrain: optimized;/usr/lib/x86_64-linux-gnu/libOgreTerrain.so;debug;/usr/lib/x86_64-linux-gnu/libOgreTerrain.so\n'}
[13.643391] (tello_gazebo) StdoutLine: {'line': b'-- Looking for OGRE_Property...\n'}
[13.653146] (-) TimerEvent: {}
[13.658024] (tello_gazebo) StdoutLine: {'line': b'-- Found OGRE_Property: optimized;/usr/lib/x86_64-linux-gnu/libOgreProperty.so;debug;/usr/lib/x86_64-linux-gnu/libOgreProperty.so\n'}
[13.662880] (tello_gazebo) StdoutLine: {'line': b'-- Looking for OGRE_RTShaderSystem...\n'}
[13.663079] (tello_gazebo) StdoutLine: {'line': b'-- Found OGRE_RTShaderSystem: optimized;/usr/lib/x86_64-linux-gnu/libOgreRTShaderSystem.so;debug;/usr/lib/x86_64-linux-gnu/libOgreRTShaderSystem.so\n'}
[13.663210] (tello_gazebo) StdoutLine: {'line': b'-- Looking for OGRE_Volume...\n'}
[13.672602] (tello_gazebo) StdoutLine: {'line': b'-- Found OGRE_Volume: optimized;/usr/lib/x86_64-linux-gnu/libOgreVolume.so;debug;/usr/lib/x86_64-linux-gnu/libOgreVolume.so\n'}
[13.672848] (tello_gazebo) StdoutLine: {'line': b'-- Looking for OGRE_Overlay...\n'}
[13.678354] (tello_gazebo) StdoutLine: {'line': b'-- Found OGRE_Overlay: optimized;/usr/lib/x86_64-linux-gnu/libOgreOverlay.so;debug;/usr/lib/x86_64-linux-gnu/libOgreOverlay.so\n'}
[13.711365] (tello_driver) StdoutLine: {'line': b'-- Found ros2_shared: 0.1.0 (/root/DockerFiles/drone_ws/install/ros2_shared/share/ros2_shared/cmake)\n'}
[13.718406] (tello_driver) StdoutLine: {'line': b'-- Found tello_msgs: 0.1.0 (/root/DockerFiles/drone_ws/install/tello_msgs/share/tello_msgs/cmake)\n'}
[13.753293] (-) TimerEvent: {}
[13.853839] (-) TimerEvent: {}
[13.901328] (tello_gazebo) StdoutLine: {'line': b'-- Looking for ignition-math6 -- found version 6.13.0\n'}
[13.904042] (tello_gazebo) StdoutLine: {'line': b'-- Looking for ignition-transport8 -- found version 8.3.0\n'}
[13.904404] (tello_gazebo) StdoutLine: {'line': b'-- Searching for dependencies of ignition-transport8\n'}
[13.938309] (tello_gazebo) StdoutLine: {'line': b'-- Found Protobuf: /usr/lib/x86_64-linux-gnu/libprotobuf.so;-lpthread (found suitable version "3.6.1", minimum required is "3") \n'}
[13.953948] (-) TimerEvent: {}
[13.959744] (tello_gazebo) StdoutLine: {'line': b'-- Config-file not installed for ZeroMQ -- checking for pkg-config\n'}
[13.968088] (tello_gazebo) StdoutLine: {'line': b"-- Checking for module 'libzmq >= 4'\n"}
[13.997738] (tello_gazebo) StdoutLine: {'line': b'--   Found libzmq , version 4.3.2\n'}
[14.022555] (tello_driver) StdoutLine: {'line': b'-- Configuring done\n'}
[14.054325] (-) TimerEvent: {}
[14.113357] (tello_gazebo) StdoutLine: {'line': b'-- Found ZeroMQ: TRUE (Required is at least version "4") \n'}
[14.124885] (tello_gazebo) StdoutLine: {'line': b"-- Checking for module 'uuid'\n"}
[14.138685] (tello_driver) StdoutLine: {'line': b'-- Generating done\n'}
[14.142141] (tello_driver) StdoutLine: {'line': b'-- Build files have been written to: /root/DockerFiles/drone_ws/build/tello_driver\n'}
[14.154530] (-) TimerEvent: {}
[14.175645] (tello_driver) CommandEnded: {'returncode': 0}
[14.184594] (tello_driver) JobProgress: {'identifier': 'tello_driver', 'progress': 'build'}
[14.186473] (tello_gazebo) StdoutLine: {'line': b'--   Found uuid, version 2.34.0\n'}
[14.186778] (tello_driver) Command: {'cmd': ['/usr/bin/cmake', '--build', '/root/DockerFiles/drone_ws/build/tello_driver', '--', '-j12', '-l12'], 'cwd': '/root/DockerFiles/drone_ws/build/tello_driver', 'env': OrderedDict([('HOSTNAME', 'vdani-H410M-H-V2'), ('SHLVL', '1'), ('LD_LIBRARY_PATH', '/root/DockerFiles/drone_ws/install/tello_msgs/lib:/root/DockerFiles/drone_ws/install/tello_gazebo/lib:/root/DockerFiles/drone_ws/install/tello_driver/lib:/usr/lib/x86_64-linux-gnu/gazebo-11/plugins:/opt/ros/foxy/opt/yaml_cpp_vendor/lib:/opt/ros/foxy/opt/rviz_ogre_vendor/lib:/opt/ros/foxy/lib/x86_64-linux-gnu:/opt/ros/foxy/lib'), ('HOME', '/root'), ('OLDPWD', '/root/DockerFiles'), ('ROS_PYTHON_VERSION', '3'), ('COLCON_PREFIX_PATH', '/root/DockerFiles/drone_ws/install:/root/DockerFiles/install'), ('ROS_DISTRO', 'foxy'), ('_', '/usr/bin/colcon'), ('ROS_VERSION', '2'), ('TERM', 'xterm'), ('ROS_LOCALHOST_ONLY', '0'), ('QT_X11_NO_MITSHM', '1'), ('PATH', '/root/DockerFiles/drone_ws/install/tello_camera/bin:/opt/ros/foxy/bin:/root/DockerFiles/install/tello_camera/bin:/usr/local/sbin:/usr/local/bin:/usr/sbin:/usr/bin:/sbin:/bin'), ('XDG_RUNTIME_DIR', '/run/user/1000'), ('DISPLAY', ':0'), ('LANG', 'C.UTF-8'), ('RMW_IMPLEMENTATION', 'rmw_fastrtps_cpp'), ('LS_COLORS', 'rs=0:di=01;34:ln=01;36:mh=00:pi=40;33:so=01;35:do=01;35:bd=40;33;01:cd=40;33;01:or=40;31;01:mi=00:su=37;41:sg=30;43:ca=30;41:tw=30;42:ow=34;42:st=37;44:ex=01;32:*.tar=01;31:*.tgz=01;31:*.arc=01;31:*.arj=01;31:*.taz=01;31:*.lha=01;31:*.lz4=01;31:*.lzh=01;31:*.lzma=01;31:*.tlz=01;31:*.txz=01;31:*.tzo=01;31:*.t7z=01;31:*.zip=01;31:*.z=01;31:*.dz=01;31:*.gz=01;31:*.lrz=01;31:*.lz=01;31:*.lzo=01;31:*.xz=01;31:*.zst=01;31:*.tzst=01;31:*.bz2=01;31:*.bz=01;31:*.tbz=01;31:*.tbz2=01;31:*.tz=01;31:*.deb=01;31:*.rpm=01;31:*.jar=01;31:*.war=01;31:*.ear=01;31:*.sar=01;31:*.rar=01;31:*.alz=01;31:*.ace=01;31:*.zoo=01;31:*.cpio=01;31:*.7z=01;31:*.rz=01;31:*.cab=01;31:*.wim=01;31:*.swm=01;31:*.dwm=01;31:*.esd=01;31:*.jpg=01;35:*.jpeg=01;35:*.mjpg=01;35:*.mjpeg=01;35:*.gif=01;35:*.bmp=01;35:*.pbm=01;35:*.pgm=01;35:*.ppm=01;35:*.tga=01;35:*.xbm=01;35:*.xpm=01;35:*.tif=01;35:*.tiff=01;35:*.png=01;35:*.svg=01;35:*.svgz=01;35:*.mng=01;35:*.pcx=01;35:*.mov=01;35:*.mpg=01;35:*.mpeg=01;35:*.m2v=01;35:*.mkv=01;35:*.webm=01;35:*.ogm=01;35:*.mp4=01;35:*.m4v=01;35:*.mp4v=01;35:*.vob=01;35:*.qt=01;35:*.nuv=01;35:*.wmv=01;35:*.asf=01;35:*.rm=01;35:*.rmvb=01;35:*.flc=01;35:*.avi=01;35:*.fli=01;35:*.flv=01;35:*.gl=01;35:*.dl=01;35:*.xcf=01;35:*.xwd=01;35:*.yuv=01;35:*.cgm=01;35:*.emf=01;35:*.ogv=01;35:*.ogx=01;35:*.aac=00;36:*.au=00;36:*.flac=00;36:*.m4a=00;36:*.mid=00;36:*.midi=00;36:*.mka=00;36:*.mp3=00;36:*.mpc=00;36:*.ogg=00;36:*.ra=00;36:*.wav=00;36:*.oga=00;36:*.opus=00;36:*.spx=00;36:*.xspf=00;36:'), ('AMENT_PREFIX_PATH', '/root/DockerFiles/drone_ws/install/tello_gazebo:/root/DockerFiles/drone_ws/install/tello_driver:/root/DockerFiles/drone_ws/install/tello_msgs:/root/DockerFiles/drone_ws/install/tello_hand_move:/root/DockerFiles/drone_ws/install/tello_description:/root/DockerFiles/drone_ws/install/tello_camera:/root/DockerFiles/drone_ws/install/ros2_shared:/opt/ros/foxy:/root/DockerFiles/install/tello_camera'), ('PWD', '/root/DockerFiles/drone_ws/build/tello_driver'), ('LC_ALL', 'C.UTF-8'), ('PYTHONPATH', '/root/DockerFiles/drone_ws/install/tello_msgs/lib/python3.8/site-packages:/root/DockerFiles/drone_ws/install/tello_hand_move/lib/python3.8/site-packages:/root/DockerFiles/drone_ws/install/tello_camera/lib/python3.8/site-packages:/opt/ros/foxy/lib/python3.8/site-packages:/root/DockerFiles/build/tello_camera:/root/DockerFiles/install/tello_camera/lib/python3.8/site-packages'), ('COLCON', '1'), ('CMAKE_PREFIX_PATH', '/root/DockerFiles/drone_ws/install/tello_msgs:/root/DockerFiles/drone_ws/install/ros2_shared:/root/DockerFiles/drone_ws/install/tello_gazebo:/root/DockerFiles/drone_ws/install/tello_driver:/root/DockerFiles/drone_ws/install/tello_description:/root/DockerFiles/drone_ws/install/tello_hand_move:/root/DockerFiles/drone_ws/install/tello_camera:/opt/ros/foxy:/root/DockerFiles/install/tello_camera')]), 'shell': False}
[14.255688] (-) TimerEvent: {}
[14.258819] (tello_driver) StdoutLine: {'line': b'\x1b[35m\x1b[1mScanning dependencies of target tello_driver_node\x1b[0m\n'}
[14.264412] (tello_gazebo) StdoutLine: {'line': b'-- Found UUID: TRUE  \n'}
[14.265705] (tello_driver) StdoutLine: {'line': b'\x1b[35m\x1b[1mScanning dependencies of target tello_joy_main\x1b[0m\n'}
[14.265927] (tello_driver) StdoutLine: {'line': b'\x1b[35m\x1b[1mScanning dependencies of target tello_joy_node\x1b[0m\n'}
[14.266099] (tello_driver) StdoutLine: {'line': b'\x1b[35m\x1b[1mScanning dependencies of target tello_driver_main\x1b[0m\n'}
[14.269220] (tello_gazebo) StdoutLine: {'line': b'-- Looking for ignition-msgs5 -- found version 5.10.0\n'}
[14.269670] (tello_gazebo) StdoutLine: {'line': b'-- Searching for dependencies of ignition-msgs5\n'}
[14.273676] (tello_driver) StdoutLine: {'line': b'\x1b[35m\x1b[1mScanning dependencies of target tello_emulator\x1b[0m\n'}
[14.302068] (tello_driver) StdoutLine: {'line': b'[  4%] \x1b[32mBuilding CXX object CMakeFiles/tello_emulator.dir/src/tello_emulator.cpp.o\x1b[0m\n'}
[14.307591] (tello_gazebo) StdoutLine: {'line': b'-- Looking for ignition-math6 -- found version 6.13.0\n'}
[14.318229] (tello_gazebo) StdoutLine: {'line': b"-- Checking for module 'tinyxml2'\n"}
[14.325398] (tello_driver) StdoutLine: {'line': b'[  9%] \x1b[32mBuilding CXX object CMakeFiles/tello_joy_node.dir/src/tello_joy_node.cpp.o\x1b[0m\n'}
[14.338533] (tello_driver) StdoutLine: {'line': b'[ 13%] \x1b[32mBuilding CXX object CMakeFiles/tello_joy_main.dir/src/tello_joy_main.cpp.o\x1b[0m\n'}
[14.358587] (-) TimerEvent: {}
[14.361635] (tello_gazebo) StdoutLine: {'line': b'--   Found tinyxml2, version 6.2.0\n'}
[14.427774] (tello_driver) StdoutLine: {'line': b'[ 18%] \x1b[32mBuilding CXX object CMakeFiles/tello_driver_node.dir/src/tello_driver_node.cpp.o\x1b[0m\n'}
[14.429882] (tello_driver) StdoutLine: {'line': b'[ 22%] \x1b[32mBuilding CXX object CMakeFiles/tello_driver_main.dir/src/tello_driver_main.cpp.o\x1b[0m\n'}
[14.459040] (-) TimerEvent: {}
[14.486733] (tello_gazebo) StdoutLine: {'line': b'-- Looking for ignition-msgs5 -- found version 5.10.0\n'}
[14.489368] (tello_gazebo) StdoutLine: {'line': b'-- Looking for ignition-common3 -- found version 3.14.2\n'}
[14.490410] (tello_gazebo) StdoutLine: {'line': b'-- Searching for dependencies of ignition-common3\n'}
[14.491116] (tello_gazebo) StdoutLine: {'line': b'-- Looking for dlfcn.h - found\n'}
[14.492477] (tello_gazebo) StdoutLine: {'line': b'-- Looking for libdl - found\n'}
[14.496373] (tello_gazebo) StdoutLine: {'line': b'-- Found DL: TRUE  \n'}
[14.506159] (tello_gazebo) StdoutLine: {'line': b'-- Searching for <ignition-common3> component [graphics]\n'}
[14.510046] (tello_gazebo) StdoutLine: {'line': b'-- Looking for ignition-common3-graphics -- found version 3.14.2\n'}
[14.510883] (tello_gazebo) StdoutLine: {'line': b'-- Searching for dependencies of ignition-common3-graphics\n'}
[14.513434] (tello_gazebo) StdoutLine: {'line': b'-- Looking for ignition-math6 -- found version 6.13.0\n'}
[14.514655] (tello_gazebo) StdoutLine: {'line': b'-- Looking for ignition-fuel_tools4 -- found version 4.6.0\n'}
[14.515198] (tello_gazebo) StdoutLine: {'line': b'-- Searching for dependencies of ignition-fuel_tools4\n'}
[14.559319] (-) TimerEvent: {}
[14.675466] (-) TimerEvent: {}
[14.763845] (tello_gazebo) StdoutLine: {'line': b'-- Found CURL: /usr/lib/x86_64-linux-gnu/libcurl.so (found version "7.68.0")  \n'}
[14.778237] (-) TimerEvent: {}
[14.780355] (tello_gazebo) StdoutLine: {'line': b"-- Checking for module 'jsoncpp'\n"}
[14.833149] (tello_gazebo) StdoutLine: {'line': b'--   Found jsoncpp, version 1.7.4\n'}
[14.878317] (-) TimerEvent: {}
[14.970413] (tello_gazebo) StdoutLine: {'line': b'-- Found JSONCPP: TRUE  \n'}
[14.978427] (-) TimerEvent: {}
[14.980341] (tello_gazebo) StdoutLine: {'line': b"-- Checking for module 'libzip'\n"}
[15.029425] (tello_gazebo) StdoutLine: {'line': b'--   Found libzip, version 1.5.1\n'}
[15.078527] (-) TimerEvent: {}
[15.150695] (tello_gazebo) StdoutLine: {'line': b'-- Found ZIP: TRUE  \n'}
[15.158783] (tello_gazebo) StdoutLine: {'line': b'-- Looking for ignition-common3 -- found version 3.14.2\n'}
[15.159530] (tello_gazebo) StdoutLine: {'line': b'-- Looking for ignition-math6 -- found version 6.13.0\n'}
[15.160098] (tello_gazebo) StdoutLine: {'line': b'-- Looking for ignition-msgs5 -- found version 5.10.0\n'}
[15.164989] (tello_gazebo) StdoutLine: {'line': b'-- Found gazebo_dev: 3.5.3 (/opt/ros/foxy/share/gazebo_dev/cmake)\n'}
[15.165218] (tello_gazebo) StdoutLine: {'line': b'-- Gazebo version: 11.11\n'}
[15.166935] (tello_gazebo) StdoutLine: {'line': b'-- Found gazebo_ros: 3.5.3 (/opt/ros/foxy/share/gazebo_ros/cmake)\n'}
[15.181868] (-) TimerEvent: {}
[15.242024] (tello_gazebo) StdoutLine: {'line': b'-- Using all available rosidl_typesupport_c: rosidl_typesupport_fastrtps_c;rosidl_typesupport_introspection_c\n'}
[15.258085] (tello_gazebo) StdoutLine: {'line': b'-- Found rosidl_adapter: 1.3.1 (/opt/ros/foxy/share/rosidl_adapter/cmake)\n'}
[15.282343] (-) TimerEvent: {}
[15.382864] (-) TimerEvent: {}
[15.483487] (-) TimerEvent: {}
[15.535343] (tello_gazebo) StdoutLine: {'line': b'-- Found OpenSSL: /usr/lib/x86_64-linux-gnu/libcrypto.so (found version "1.1.1f")  \n'}
[15.583585] (-) TimerEvent: {}
[15.590351] (tello_gazebo) StdoutLine: {'line': b'-- Found FastRTPS: /opt/ros/foxy/include  \n'}
[15.683727] (-) TimerEvent: {}
[15.750676] (tello_gazebo) StdoutLine: {'line': b'-- Using all available rosidl_typesupport_cpp: rosidl_typesupport_fastrtps_cpp;rosidl_typesupport_introspection_cpp\n'}
[15.783844] (-) TimerEvent: {}
[15.870664] (tello_gazebo) StdoutLine: {'line': b'-- Found rmw_implementation_cmake: 1.0.4 (/opt/ros/foxy/share/rmw_implementation_cmake/cmake)\n'}
[15.873829] (tello_gazebo) StdoutLine: {'line': b"-- Using RMW implementation 'rmw_fastrtps_cpp' as default\n"}
[15.882882] (tello_gazebo) StdoutLine: {'line': b'-- Found Threads: TRUE  \n'}
[15.883920] (-) TimerEvent: {}
[15.984242] (-) TimerEvent: {}
[16.087722] (-) TimerEvent: {}
[16.177427] (tello_gazebo) StdoutLine: {'line': b'-- Found geometry_msgs: 2.0.5 (/opt/ros/foxy/share/geometry_msgs/cmake)\n'}
[16.187830] (-) TimerEvent: {}
[16.248459] (tello_gazebo) StdoutLine: {'line': b'-- Found sensor_msgs: 2.0.5 (/opt/ros/foxy/share/sensor_msgs/cmake)\n'}
[16.287940] (-) TimerEvent: {}
[16.388815] (-) TimerEvent: {}
[16.391648] (tello_gazebo) StdoutLine: {'line': b'-- Found tello_msgs: 0.1.0 (/root/DockerFiles/drone_ws/install/tello_msgs/share/tello_msgs/cmake)\n'}
[16.439543] (tello_driver) StdoutLine: {'line': b'[ 27%] \x1b[32m\x1b[1mLinking CXX executable tello_emulator\x1b[0m\n'}
[16.488926] (-) TimerEvent: {}
[16.589321] (-) TimerEvent: {}
[16.604807] (tello_gazebo) StdoutLine: {'line': b'-- Configuring done\n'}
[16.657687] (tello_gazebo) StdoutLine: {'line': b'-- Generating done\n'}
[16.661523] (tello_gazebo) StdoutLine: {'line': b'-- Build files have been written to: /root/DockerFiles/drone_ws/build/tello_gazebo\n'}
[16.683673] (tello_gazebo) CommandEnded: {'returncode': 0}
[16.690315] (-) TimerEvent: {}
[16.691939] (tello_gazebo) JobProgress: {'identifier': 'tello_gazebo', 'progress': 'build'}
[16.692288] (tello_gazebo) Command: {'cmd': ['/usr/bin/cmake', '--build', '/root/DockerFiles/drone_ws/build/tello_gazebo', '--', '-j12', '-l12'], 'cwd': '/root/DockerFiles/drone_ws/build/tello_gazebo', 'env': OrderedDict([('HOSTNAME', 'vdani-H410M-H-V2'), ('SHLVL', '1'), ('LD_LIBRARY_PATH', '/root/DockerFiles/drone_ws/install/tello_msgs/lib:/root/DockerFiles/drone_ws/install/tello_gazebo/lib:/root/DockerFiles/drone_ws/install/tello_driver/lib:/usr/lib/x86_64-linux-gnu/gazebo-11/plugins:/opt/ros/foxy/opt/yaml_cpp_vendor/lib:/opt/ros/foxy/opt/rviz_ogre_vendor/lib:/opt/ros/foxy/lib/x86_64-linux-gnu:/opt/ros/foxy/lib'), ('HOME', '/root'), ('OLDPWD', '/root/DockerFiles'), ('ROS_PYTHON_VERSION', '3'), ('COLCON_PREFIX_PATH', '/root/DockerFiles/drone_ws/install:/root/DockerFiles/install'), ('ROS_DISTRO', 'foxy'), ('_', '/usr/bin/colcon'), ('ROS_VERSION', '2'), ('TERM', 'xterm'), ('ROS_LOCALHOST_ONLY', '0'), ('QT_X11_NO_MITSHM', '1'), ('PATH', '/root/DockerFiles/drone_ws/install/tello_camera/bin:/opt/ros/foxy/bin:/root/DockerFiles/install/tello_camera/bin:/usr/local/sbin:/usr/local/bin:/usr/sbin:/usr/bin:/sbin:/bin'), ('XDG_RUNTIME_DIR', '/run/user/1000'), ('DISPLAY', ':0'), ('LANG', 'C.UTF-8'), ('RMW_IMPLEMENTATION', 'rmw_fastrtps_cpp'), ('LS_COLORS', 'rs=0:di=01;34:ln=01;36:mh=00:pi=40;33:so=01;35:do=01;35:bd=40;33;01:cd=40;33;01:or=40;31;01:mi=00:su=37;41:sg=30;43:ca=30;41:tw=30;42:ow=34;42:st=37;44:ex=01;32:*.tar=01;31:*.tgz=01;31:*.arc=01;31:*.arj=01;31:*.taz=01;31:*.lha=01;31:*.lz4=01;31:*.lzh=01;31:*.lzma=01;31:*.tlz=01;31:*.txz=01;31:*.tzo=01;31:*.t7z=01;31:*.zip=01;31:*.z=01;31:*.dz=01;31:*.gz=01;31:*.lrz=01;31:*.lz=01;31:*.lzo=01;31:*.xz=01;31:*.zst=01;31:*.tzst=01;31:*.bz2=01;31:*.bz=01;31:*.tbz=01;31:*.tbz2=01;31:*.tz=01;31:*.deb=01;31:*.rpm=01;31:*.jar=01;31:*.war=01;31:*.ear=01;31:*.sar=01;31:*.rar=01;31:*.alz=01;31:*.ace=01;31:*.zoo=01;31:*.cpio=01;31:*.7z=01;31:*.rz=01;31:*.cab=01;31:*.wim=01;31:*.swm=01;31:*.dwm=01;31:*.esd=01;31:*.jpg=01;35:*.jpeg=01;35:*.mjpg=01;35:*.mjpeg=01;35:*.gif=01;35:*.bmp=01;35:*.pbm=01;35:*.pgm=01;35:*.ppm=01;35:*.tga=01;35:*.xbm=01;35:*.xpm=01;35:*.tif=01;35:*.tiff=01;35:*.png=01;35:*.svg=01;35:*.svgz=01;35:*.mng=01;35:*.pcx=01;35:*.mov=01;35:*.mpg=01;35:*.mpeg=01;35:*.m2v=01;35:*.mkv=01;35:*.webm=01;35:*.ogm=01;35:*.mp4=01;35:*.m4v=01;35:*.mp4v=01;35:*.vob=01;35:*.qt=01;35:*.nuv=01;35:*.wmv=01;35:*.asf=01;35:*.rm=01;35:*.rmvb=01;35:*.flc=01;35:*.avi=01;35:*.fli=01;35:*.flv=01;35:*.gl=01;35:*.dl=01;35:*.xcf=01;35:*.xwd=01;35:*.yuv=01;35:*.cgm=01;35:*.emf=01;35:*.ogv=01;35:*.ogx=01;35:*.aac=00;36:*.au=00;36:*.flac=00;36:*.m4a=00;36:*.mid=00;36:*.midi=00;36:*.mka=00;36:*.mp3=00;36:*.mpc=00;36:*.ogg=00;36:*.ra=00;36:*.wav=00;36:*.oga=00;36:*.opus=00;36:*.spx=00;36:*.xspf=00;36:'), ('AMENT_PREFIX_PATH', '/root/DockerFiles/drone_ws/install/tello_gazebo:/root/DockerFiles/drone_ws/install/tello_driver:/root/DockerFiles/drone_ws/install/tello_msgs:/root/DockerFiles/drone_ws/install/tello_hand_move:/root/DockerFiles/drone_ws/install/tello_description:/root/DockerFiles/drone_ws/install/tello_camera:/root/DockerFiles/drone_ws/install/ros2_shared:/opt/ros/foxy:/root/DockerFiles/install/tello_camera'), ('PWD', '/root/DockerFiles/drone_ws/build/tello_gazebo'), ('LC_ALL', 'C.UTF-8'), ('PYTHONPATH', '/root/DockerFiles/drone_ws/install/tello_msgs/lib/python3.8/site-packages:/root/DockerFiles/drone_ws/install/tello_hand_move/lib/python3.8/site-packages:/root/DockerFiles/drone_ws/install/tello_camera/lib/python3.8/site-packages:/opt/ros/foxy/lib/python3.8/site-packages:/root/DockerFiles/build/tello_camera:/root/DockerFiles/install/tello_camera/lib/python3.8/site-packages'), ('COLCON', '1'), ('CMAKE_PREFIX_PATH', '/root/DockerFiles/drone_ws/install/tello_msgs:/root/DockerFiles/drone_ws/install/tello_gazebo:/root/DockerFiles/drone_ws/install/tello_driver:/root/DockerFiles/drone_ws/install/tello_description:/root/DockerFiles/drone_ws/install/ros2_shared:/root/DockerFiles/drone_ws/install/tello_hand_move:/root/DockerFiles/drone_ws/install/tello_camera:/opt/ros/foxy:/root/DockerFiles/install/tello_camera')]), 'shell': False}
[16.700930] (tello_driver) StdoutLine: {'line': b'[ 27%] Built target tello_emulator\n'}
[16.787826] (tello_gazebo) StdoutLine: {'line': b'\x1b[35m\x1b[1mScanning dependencies of target TelloPlugin\x1b[0m\n'}
[16.790308] (-) TimerEvent: {}
[16.891349] (-) TimerEvent: {}
[16.992348] (-) TimerEvent: {}
[17.056361] (tello_gazebo) StdoutLine: {'line': b'[ 50%] \x1b[32mBuilding CXX object CMakeFiles/TelloPlugin.dir/src/tello_plugin.cpp.o\x1b[0m\n'}
[17.092779] (-) TimerEvent: {}
[17.193433] (-) TimerEvent: {}
[17.293838] (-) TimerEvent: {}
[17.394283] (-) TimerEvent: {}
[17.497068] (-) TimerEvent: {}
[17.600709] (-) TimerEvent: {}
[17.628499] (tello_driver) StdoutLine: {'line': b'[ 31%] \x1b[32mBuilding CXX object CMakeFiles/tello_joy_main.dir/src/tello_joy_node.cpp.o\x1b[0m\n'}
[17.700797] (-) TimerEvent: {}
[17.801967] (-) TimerEvent: {}
[17.902324] (-) TimerEvent: {}
[18.008331] (-) TimerEvent: {}
[18.110324] (-) TimerEvent: {}
[18.210775] (-) TimerEvent: {}
[18.311613] (-) TimerEvent: {}
[18.412312] (-) TimerEvent: {}
[18.513854] (-) TimerEvent: {}
[18.614471] (-) TimerEvent: {}
[18.715299] (-) TimerEvent: {}
[18.817340] (-) TimerEvent: {}
[18.917797] (-) TimerEvent: {}
[19.021842] (-) TimerEvent: {}
[19.123367] (-) TimerEvent: {}
[19.223918] (-) TimerEvent: {}
[19.326773] (-) TimerEvent: {}
[19.427946] (-) TimerEvent: {}
[19.534244] (-) TimerEvent: {}
[19.537541] (tello_driver) StdoutLine: {'line': b'[ 36%] \x1b[32mBuilding CXX object CMakeFiles/tello_driver_main.dir/src/command_socket.cpp.o\x1b[0m\n'}
[19.634377] (-) TimerEvent: {}
[19.735041] (-) TimerEvent: {}
[19.836119] (-) TimerEvent: {}
[19.936617] (-) TimerEvent: {}
[20.037357] (-) TimerEvent: {}
[20.140871] (-) TimerEvent: {}
[20.241522] (-) TimerEvent: {}
[20.342361] (-) TimerEvent: {}
[20.447367] (-) TimerEvent: {}
[20.551348] (-) TimerEvent: {}
[20.652585] (-) TimerEvent: {}
[20.753056] (-) TimerEvent: {}
[20.853792] (-) TimerEvent: {}
[20.956074] (-) TimerEvent: {}
[21.058811] (-) TimerEvent: {}
[21.159608] (-) TimerEvent: {}
[21.260614] (-) TimerEvent: {}
[21.364883] (-) TimerEvent: {}
[21.466956] (-) TimerEvent: {}
[21.567584] (-) TimerEvent: {}
[21.668088] (-) TimerEvent: {}
[21.771317] (-) TimerEvent: {}
[21.872882] (-) TimerEvent: {}
[21.973312] (-) TimerEvent: {}
[22.078934] (-) TimerEvent: {}
[22.179317] (-) TimerEvent: {}
[22.279836] (-) TimerEvent: {}
[22.380337] (-) TimerEvent: {}
[22.480779] (-) TimerEvent: {}
[22.582315] (-) TimerEvent: {}
[22.682632] (-) TimerEvent: {}
[22.783358] (-) TimerEvent: {}
[22.884322] (-) TimerEvent: {}
[22.986567] (-) TimerEvent: {}
[23.088454] (-) TimerEvent: {}
[23.190561] (-) TimerEvent: {}
[23.291066] (-) TimerEvent: {}
[23.392840] (-) TimerEvent: {}
[23.500412] (-) TimerEvent: {}
[23.604311] (-) TimerEvent: {}
[23.704838] (-) TimerEvent: {}
[23.806310] (-) TimerEvent: {}
[23.906817] (-) TimerEvent: {}
[24.007357] (-) TimerEvent: {}
[24.109516] (-) TimerEvent: {}
[24.124376] (tello_driver) StdoutLine: {'line': b'[ 40%] \x1b[32m\x1b[1mLinking CXX shared library libtello_joy_node.so\x1b[0m\n'}
[24.209610] (-) TimerEvent: {}
[24.315316] (-) TimerEvent: {}
[24.415920] (-) TimerEvent: {}
[24.518398] (-) TimerEvent: {}
[24.619143] (-) TimerEvent: {}
[24.642592] (tello_driver) StdoutLine: {'line': b'[ 45%] \x1b[32mBuilding CXX object CMakeFiles/tello_driver_main.dir/src/state_socket.cpp.o\x1b[0m\n'}
[24.685703] (tello_driver) StdoutLine: {'line': b'[ 45%] Built target tello_joy_node\n'}
[24.719316] (-) TimerEvent: {}
[24.819775] (-) TimerEvent: {}
[24.921310] (-) TimerEvent: {}
[25.021636] (-) TimerEvent: {}
[25.121950] (-) TimerEvent: {}
[25.222550] (-) TimerEvent: {}
[25.322970] (-) TimerEvent: {}
[25.423678] (-) TimerEvent: {}
[25.524067] (-) TimerEvent: {}
[25.624397] (-) TimerEvent: {}
[25.726069] (-) TimerEvent: {}
[25.826333] (-) TimerEvent: {}
[25.927775] (-) TimerEvent: {}
[26.028192] (-) TimerEvent: {}
[26.130369] (-) TimerEvent: {}
[26.231450] (-) TimerEvent: {}
[26.332133] (-) TimerEvent: {}
[26.435701] (-) TimerEvent: {}
[26.536274] (-) TimerEvent: {}
[26.570320] (tello_driver) StdoutLine: {'line': b'[ 50%] \x1b[32m\x1b[1mLinking CXX executable tello_joy_main\x1b[0m\n'}
[26.637345] (-) TimerEvent: {}
[26.737726] (-) TimerEvent: {}
[26.838241] (-) TimerEvent: {}
[26.938580] (-) TimerEvent: {}
[27.044850] (-) TimerEvent: {}
[27.145330] (-) TimerEvent: {}
[27.174752] (tello_driver) StdoutLine: {'line': b'[ 50%] Built target tello_joy_main\n'}
[27.245092] (tello_driver) StdoutLine: {'line': b'[ 54%] \x1b[32mBuilding CXX object CMakeFiles/tello_driver_node.dir/h264decoder/h264decoder.cpp.o\x1b[0m\n'}
[27.245394] (-) TimerEvent: {}
[27.345618] (-) TimerEvent: {}
[27.446347] (-) TimerEvent: {}
[27.546830] (-) TimerEvent: {}
[27.611905] (tello_driver) StdoutLine: {'line': b'[ 59%] \x1b[32mBuilding CXX object CMakeFiles/tello_driver_node.dir/src/video_socket.cpp.o\x1b[0m\n'}
[27.646947] (-) TimerEvent: {}
[27.747431] (-) TimerEvent: {}
[27.849184] (-) TimerEvent: {}
[27.950061] (-) TimerEvent: {}
[28.053336] (-) TimerEvent: {}
[28.155428] (-) TimerEvent: {}
[28.255842] (-) TimerEvent: {}
[28.356208] (-) TimerEvent: {}
[28.457308] (-) TimerEvent: {}
[28.557903] (-) TimerEvent: {}
[28.659378] (-) TimerEvent: {}
[28.760089] (-) TimerEvent: {}
[28.861817] (-) TimerEvent: {}
[28.963111] (-) TimerEvent: {}
[29.067945] (-) TimerEvent: {}
[29.168282] (-) TimerEvent: {}
[29.270338] (-) TimerEvent: {}
[29.370777] (-) TimerEvent: {}
[29.471175] (-) TimerEvent: {}
[29.571869] (-) TimerEvent: {}
[29.672528] (-) TimerEvent: {}
[29.772830] (-) TimerEvent: {}
[29.873215] (-) TimerEvent: {}
[29.975329] (-) TimerEvent: {}
[30.076700] (-) TimerEvent: {}
[30.177089] (-) TimerEvent: {}
[30.277674] (-) TimerEvent: {}
[30.378329] (-) TimerEvent: {}
[30.478929] (-) TimerEvent: {}
[30.583626] (-) TimerEvent: {}
[30.684343] (-) TimerEvent: {}
[30.787572] (-) TimerEvent: {}
[30.895147] (-) TimerEvent: {}
[30.995652] (-) TimerEvent: {}
[31.096611] (-) TimerEvent: {}
[31.198332] (-) TimerEvent: {}
[31.298702] (-) TimerEvent: {}
[31.399616] (-) TimerEvent: {}
[31.501607] (-) TimerEvent: {}
[31.602066] (-) TimerEvent: {}
[31.704017] (-) TimerEvent: {}
[31.804368] (-) TimerEvent: {}
[31.902624] (tello_driver) StdoutLine: {'line': b'[ 63%] \x1b[32mBuilding CXX object CMakeFiles/tello_driver_main.dir/h264decoder/h264decoder.cpp.o\x1b[0m\n'}
[31.906331] (-) TimerEvent: {}
[32.006901] (-) TimerEvent: {}
[32.107631] (-) TimerEvent: {}
[32.209923] (-) TimerEvent: {}
[32.247312] (tello_driver) StdoutLine: {'line': b'[ 68%] \x1b[32mBuilding CXX object CMakeFiles/tello_driver_main.dir/src/video_socket.cpp.o\x1b[0m\n'}
[32.310531] (-) TimerEvent: {}
[32.315750] (tello_driver) StdoutLine: {'line': b'[ 72%] \x1b[32mBuilding CXX object CMakeFiles/tello_driver_node.dir/src/state_socket.cpp.o\x1b[0m\n'}
[32.410610] (-) TimerEvent: {}
[32.510873] (-) TimerEvent: {}
[32.611165] (-) TimerEvent: {}
[32.713217] (-) TimerEvent: {}
[32.819346] (-) TimerEvent: {}
[32.920326] (-) TimerEvent: {}
[33.023000] (-) TimerEvent: {}
[33.123847] (-) TimerEvent: {}
[33.224418] (-) TimerEvent: {}
[33.328794] (-) TimerEvent: {}
[33.429142] (-) TimerEvent: {}
[33.529721] (-) TimerEvent: {}
[33.630091] (-) TimerEvent: {}
[33.730544] (-) TimerEvent: {}
[33.832278] (-) TimerEvent: {}
[33.933081] (-) TimerEvent: {}
[34.035492] (-) TimerEvent: {}
[34.142767] (-) TimerEvent: {}
[34.243119] (-) TimerEvent: {}
[34.343433] (-) TimerEvent: {}
[34.447208] (-) TimerEvent: {}
[34.548371] (-) TimerEvent: {}
[34.649978] (-) TimerEvent: {}
[34.750320] (-) TimerEvent: {}
[34.850686] (-) TimerEvent: {}
[34.951315] (-) TimerEvent: {}
[35.053372] (-) TimerEvent: {}
[35.154225] (-) TimerEvent: {}
[35.257336] (-) TimerEvent: {}
[35.357716] (-) TimerEvent: {}
[35.458295] (-) TimerEvent: {}
[35.560567] (-) TimerEvent: {}
[35.661340] (-) TimerEvent: {}
[35.764320] (-) TimerEvent: {}
[35.864929] (-) TimerEvent: {}
[35.965863] (-) TimerEvent: {}
[36.066205] (-) TimerEvent: {}
[36.166630] (-) TimerEvent: {}
[36.267932] (-) TimerEvent: {}
[36.369322] (-) TimerEvent: {}
[36.469928] (-) TimerEvent: {}
[36.571231] (-) TimerEvent: {}
[36.672879] (-) TimerEvent: {}
[36.768472] (tello_driver) StdoutLine: {'line': b'[ 77%] \x1b[32mBuilding CXX object CMakeFiles/tello_driver_main.dir/src/tello_socket.cpp.o\x1b[0m\n'}
[36.772982] (-) TimerEvent: {}
[36.873684] (-) TimerEvent: {}
[36.973944] (-) TimerEvent: {}
[37.074234] (-) TimerEvent: {}
[37.174769] (-) TimerEvent: {}
[37.278498] (-) TimerEvent: {}
[37.379342] (-) TimerEvent: {}
[37.480108] (-) TimerEvent: {}
[37.580668] (-) TimerEvent: {}
[37.681110] (-) TimerEvent: {}
[37.781460] (-) TimerEvent: {}
[37.883208] (-) TimerEvent: {}
[37.985316] (-) TimerEvent: {}
[38.087801] (-) TimerEvent: {}
[38.190747] (-) TimerEvent: {}
[38.291148] (-) TimerEvent: {}
[38.391985] (-) TimerEvent: {}
[38.492323] (-) TimerEvent: {}
[38.596515] (-) TimerEvent: {}
[38.697081] (-) TimerEvent: {}
[38.798213] (-) TimerEvent: {}
[38.898625] (-) TimerEvent: {}
[38.999321] (-) TimerEvent: {}
[39.099729] (-) TimerEvent: {}
[39.200078] (-) TimerEvent: {}
[39.300532] (-) TimerEvent: {}
[39.362831] (tello_driver) StdoutLine: {'line': b'[ 81%] \x1b[32mBuilding CXX object CMakeFiles/tello_driver_node.dir/src/command_socket.cpp.o\x1b[0m\n'}
[39.404269] (-) TimerEvent: {}
[39.504748] (-) TimerEvent: {}
[39.605327] (-) TimerEvent: {}
[39.705703] (-) TimerEvent: {}
[39.806082] (-) TimerEvent: {}
[39.907327] (-) TimerEvent: {}
[40.008652] (-) TimerEvent: {}
[40.109043] (-) TimerEvent: {}
[40.209612] (-) TimerEvent: {}
[40.311016] (-) TimerEvent: {}
[40.413648] (-) TimerEvent: {}
[40.514317] (-) TimerEvent: {}
[40.617356] (-) TimerEvent: {}
[40.718495] (-) TimerEvent: {}
[40.763063] (tello_gazebo) StdoutLine: {'line': b'[100%] \x1b[32m\x1b[1mLinking CXX shared library libTelloPlugin.so\x1b[0m\n'}
[40.821313] (-) TimerEvent: {}
[40.864213] (tello_driver) StdoutLine: {'line': b'[ 86%] \x1b[32mBuilding CXX object CMakeFiles/tello_driver_main.dir/src/tello_driver_node.cpp.o\x1b[0m\n'}
[40.922161] (-) TimerEvent: {}
[41.023791] (-) TimerEvent: {}
[41.124666] (-) TimerEvent: {}
[41.225071] (-) TimerEvent: {}
[41.325706] (-) TimerEvent: {}
[41.426347] (-) TimerEvent: {}
[41.529347] (-) TimerEvent: {}
[41.629936] (-) TimerEvent: {}
[41.731339] (-) TimerEvent: {}
[41.831813] (-) TimerEvent: {}
[41.932325] (-) TimerEvent: {}
[42.032864] (-) TimerEvent: {}
[42.133422] (-) TimerEvent: {}
[42.191423] (tello_gazebo) StdoutLine: {'line': b'[100%] Built target TelloPlugin\n'}
[42.213925] (tello_gazebo) CommandEnded: {'returncode': 0}
[42.234785] (-) TimerEvent: {}
[42.252974] (tello_gazebo) JobProgress: {'identifier': 'tello_gazebo', 'progress': 'install'}
[42.256572] (tello_gazebo) Command: {'cmd': ['/usr/bin/cmake', '--install', '/root/DockerFiles/drone_ws/build/tello_gazebo'], 'cwd': '/root/DockerFiles/drone_ws/build/tello_gazebo', 'env': OrderedDict([('HOSTNAME', 'vdani-H410M-H-V2'), ('SHLVL', '1'), ('LD_LIBRARY_PATH', '/root/DockerFiles/drone_ws/install/tello_msgs/lib:/root/DockerFiles/drone_ws/install/tello_gazebo/lib:/root/DockerFiles/drone_ws/install/tello_driver/lib:/usr/lib/x86_64-linux-gnu/gazebo-11/plugins:/opt/ros/foxy/opt/yaml_cpp_vendor/lib:/opt/ros/foxy/opt/rviz_ogre_vendor/lib:/opt/ros/foxy/lib/x86_64-linux-gnu:/opt/ros/foxy/lib'), ('HOME', '/root'), ('OLDPWD', '/root/DockerFiles'), ('ROS_PYTHON_VERSION', '3'), ('COLCON_PREFIX_PATH', '/root/DockerFiles/drone_ws/install:/root/DockerFiles/install'), ('ROS_DISTRO', 'foxy'), ('_', '/usr/bin/colcon'), ('ROS_VERSION', '2'), ('TERM', 'xterm'), ('ROS_LOCALHOST_ONLY', '0'), ('QT_X11_NO_MITSHM', '1'), ('PATH', '/root/DockerFiles/drone_ws/install/tello_camera/bin:/opt/ros/foxy/bin:/root/DockerFiles/install/tello_camera/bin:/usr/local/sbin:/usr/local/bin:/usr/sbin:/usr/bin:/sbin:/bin'), ('XDG_RUNTIME_DIR', '/run/user/1000'), ('DISPLAY', ':0'), ('LANG', 'C.UTF-8'), ('RMW_IMPLEMENTATION', 'rmw_fastrtps_cpp'), ('LS_COLORS', 'rs=0:di=01;34:ln=01;36:mh=00:pi=40;33:so=01;35:do=01;35:bd=40;33;01:cd=40;33;01:or=40;31;01:mi=00:su=37;41:sg=30;43:ca=30;41:tw=30;42:ow=34;42:st=37;44:ex=01;32:*.tar=01;31:*.tgz=01;31:*.arc=01;31:*.arj=01;31:*.taz=01;31:*.lha=01;31:*.lz4=01;31:*.lzh=01;31:*.lzma=01;31:*.tlz=01;31:*.txz=01;31:*.tzo=01;31:*.t7z=01;31:*.zip=01;31:*.z=01;31:*.dz=01;31:*.gz=01;31:*.lrz=01;31:*.lz=01;31:*.lzo=01;31:*.xz=01;31:*.zst=01;31:*.tzst=01;31:*.bz2=01;31:*.bz=01;31:*.tbz=01;31:*.tbz2=01;31:*.tz=01;31:*.deb=01;31:*.rpm=01;31:*.jar=01;31:*.war=01;31:*.ear=01;31:*.sar=01;31:*.rar=01;31:*.alz=01;31:*.ace=01;31:*.zoo=01;31:*.cpio=01;31:*.7z=01;31:*.rz=01;31:*.cab=01;31:*.wim=01;31:*.swm=01;31:*.dwm=01;31:*.esd=01;31:*.jpg=01;35:*.jpeg=01;35:*.mjpg=01;35:*.mjpeg=01;35:*.gif=01;35:*.bmp=01;35:*.pbm=01;35:*.pgm=01;35:*.ppm=01;35:*.tga=01;35:*.xbm=01;35:*.xpm=01;35:*.tif=01;35:*.tiff=01;35:*.png=01;35:*.svg=01;35:*.svgz=01;35:*.mng=01;35:*.pcx=01;35:*.mov=01;35:*.mpg=01;35:*.mpeg=01;35:*.m2v=01;35:*.mkv=01;35:*.webm=01;35:*.ogm=01;35:*.mp4=01;35:*.m4v=01;35:*.mp4v=01;35:*.vob=01;35:*.qt=01;35:*.nuv=01;35:*.wmv=01;35:*.asf=01;35:*.rm=01;35:*.rmvb=01;35:*.flc=01;35:*.avi=01;35:*.fli=01;35:*.flv=01;35:*.gl=01;35:*.dl=01;35:*.xcf=01;35:*.xwd=01;35:*.yuv=01;35:*.cgm=01;35:*.emf=01;35:*.ogv=01;35:*.ogx=01;35:*.aac=00;36:*.au=00;36:*.flac=00;36:*.m4a=00;36:*.mid=00;36:*.midi=00;36:*.mka=00;36:*.mp3=00;36:*.mpc=00;36:*.ogg=00;36:*.ra=00;36:*.wav=00;36:*.oga=00;36:*.opus=00;36:*.spx=00;36:*.xspf=00;36:'), ('AMENT_PREFIX_PATH', '/root/DockerFiles/drone_ws/install/tello_gazebo:/root/DockerFiles/drone_ws/install/tello_driver:/root/DockerFiles/drone_ws/install/tello_msgs:/root/DockerFiles/drone_ws/install/tello_hand_move:/root/DockerFiles/drone_ws/install/tello_description:/root/DockerFiles/drone_ws/install/tello_camera:/root/DockerFiles/drone_ws/install/ros2_shared:/opt/ros/foxy:/root/DockerFiles/install/tello_camera'), ('PWD', '/root/DockerFiles/drone_ws/build/tello_gazebo'), ('LC_ALL', 'C.UTF-8'), ('PYTHONPATH', '/root/DockerFiles/drone_ws/install/tello_msgs/lib/python3.8/site-packages:/root/DockerFiles/drone_ws/install/tello_hand_move/lib/python3.8/site-packages:/root/DockerFiles/drone_ws/install/tello_camera/lib/python3.8/site-packages:/opt/ros/foxy/lib/python3.8/site-packages:/root/DockerFiles/build/tello_camera:/root/DockerFiles/install/tello_camera/lib/python3.8/site-packages'), ('COLCON', '1'), ('CMAKE_PREFIX_PATH', '/root/DockerFiles/drone_ws/install/tello_msgs:/root/DockerFiles/drone_ws/install/tello_gazebo:/root/DockerFiles/drone_ws/install/tello_driver:/root/DockerFiles/drone_ws/install/tello_description:/root/DockerFiles/drone_ws/install/ros2_shared:/root/DockerFiles/drone_ws/install/tello_hand_move:/root/DockerFiles/drone_ws/install/tello_camera:/opt/ros/foxy:/root/DockerFiles/install/tello_camera')]), 'shell': False}
[42.277252] (tello_gazebo) StdoutLine: {'line': b'-- Install configuration: ""\n'}
[42.277816] (tello_gazebo) StdoutLine: {'line': b'-- Installing: /root/DockerFiles/drone_ws/install/tello_gazebo/lib/libTelloPlugin.so\n'}
[42.285400] (tello_gazebo) StdoutLine: {'line': b'-- Set runtime path of "/root/DockerFiles/drone_ws/install/tello_gazebo/lib/libTelloPlugin.so" to ""\n'}
[42.286542] (tello_gazebo) StdoutLine: {'line': b'-- Installing: /root/DockerFiles/drone_ws/install/tello_gazebo/share/tello_gazebo/models\n'}
[42.287419] (tello_gazebo) StdoutLine: {'line': b'-- Installing: /root/DockerFiles/drone_ws/install/tello_gazebo/share/tello_gazebo/models/marker_5\n'}
[42.288282] (tello_gazebo) StdoutLine: {'line': b'-- Installing: /root/DockerFiles/drone_ws/install/tello_gazebo/share/tello_gazebo/models/marker_5/materials\n'}
[42.288417] (tello_gazebo) StdoutLine: {'line': b'-- Installing: /root/DockerFiles/drone_ws/install/tello_gazebo/share/tello_gazebo/models/marker_5/materials/textures\n'}
[42.288528] (tello_gazebo) StdoutLine: {'line': b'-- Installing: /root/DockerFiles/drone_ws/install/tello_gazebo/share/tello_gazebo/models/marker_5/materials/textures/aruco_mark_5.svg\n'}
[42.288633] (tello_gazebo) StdoutLine: {'line': b'-- Installing: /root/DockerFiles/drone_ws/install/tello_gazebo/share/tello_gazebo/models/marker_5/materials/textures/aruco_mark_5.png\n'}
[42.288733] (tello_gazebo) StdoutLine: {'line': b'-- Installing: /root/DockerFiles/drone_ws/install/tello_gazebo/share/tello_gazebo/models/marker_5/materials/scripts\n'}
[42.288833] (tello_gazebo) StdoutLine: {'line': b'-- Installing: /root/DockerFiles/drone_ws/install/tello_gazebo/share/tello_gazebo/models/marker_5/materials/scripts/marker_5.material\n'}
[42.288932] (tello_gazebo) StdoutLine: {'line': b'-- Installing: /root/DockerFiles/drone_ws/install/tello_gazebo/share/tello_gazebo/models/marker_5/model.config\n'}
[42.289030] (tello_gazebo) StdoutLine: {'line': b'-- Installing: /root/DockerFiles/drone_ws/install/tello_gazebo/share/tello_gazebo/models/marker_5/model.sdf\n'}
[42.289127] (tello_gazebo) StdoutLine: {'line': b'-- Installing: /root/DockerFiles/drone_ws/install/tello_gazebo/share/tello_gazebo/models/marker_4\n'}
[42.289225] (tello_gazebo) StdoutLine: {'line': b'-- Installing: /root/DockerFiles/drone_ws/install/tello_gazebo/share/tello_gazebo/models/marker_4/materials\n'}
[42.289329] (tello_gazebo) StdoutLine: {'line': b'-- Installing: /root/DockerFiles/drone_ws/install/tello_gazebo/share/tello_gazebo/models/marker_4/materials/textures\n'}
[42.289425] (tello_gazebo) StdoutLine: {'line': b'-- Installing: /root/DockerFiles/drone_ws/install/tello_gazebo/share/tello_gazebo/models/marker_4/materials/textures/aruco_mark_4.png\n'}
[42.289523] (tello_gazebo) StdoutLine: {'line': b'-- Installing: /root/DockerFiles/drone_ws/install/tello_gazebo/share/tello_gazebo/models/marker_4/materials/textures/aruco_mark_4.svg\n'}
[42.289618] (tello_gazebo) StdoutLine: {'line': b'-- Installing: /root/DockerFiles/drone_ws/install/tello_gazebo/share/tello_gazebo/models/marker_4/materials/scripts\n'}
[42.289716] (tello_gazebo) StdoutLine: {'line': b'-- Installing: /root/DockerFiles/drone_ws/install/tello_gazebo/share/tello_gazebo/models/marker_4/materials/scripts/marker_4.material\n'}
[42.289953] (tello_gazebo) StdoutLine: {'line': b'-- Installing: /root/DockerFiles/drone_ws/install/tello_gazebo/share/tello_gazebo/models/marker_4/model.config\n'}
[42.290116] (tello_gazebo) StdoutLine: {'line': b'-- Installing: /root/DockerFiles/drone_ws/install/tello_gazebo/share/tello_gazebo/models/marker_4/model.sdf\n'}
[42.290256] (tello_gazebo) StdoutLine: {'line': b'-- Installing: /root/DockerFiles/drone_ws/install/tello_gazebo/share/tello_gazebo/models/marker_0\n'}
[42.290405] (tello_gazebo) StdoutLine: {'line': b'-- Installing: /root/DockerFiles/drone_ws/install/tello_gazebo/share/tello_gazebo/models/marker_0/materials\n'}
[42.290559] (tello_gazebo) StdoutLine: {'line': b'-- Installing: /root/DockerFiles/drone_ws/install/tello_gazebo/share/tello_gazebo/models/marker_0/materials/textures\n'}
[42.290708] (tello_gazebo) StdoutLine: {'line': b'-- Installing: /root/DockerFiles/drone_ws/install/tello_gazebo/share/tello_gazebo/models/marker_0/materials/textures/aruco_mark_0.png\n'}
[42.290853] (tello_gazebo) StdoutLine: {'line': b'-- Installing: /root/DockerFiles/drone_ws/install/tello_gazebo/share/tello_gazebo/models/marker_0/materials/textures/aruco_mark_0.svg\n'}
[42.291026] (tello_gazebo) StdoutLine: {'line': b'-- Installing: /root/DockerFiles/drone_ws/install/tello_gazebo/share/tello_gazebo/models/marker_0/materials/scripts\n'}
[42.291171] (tello_gazebo) StdoutLine: {'line': b'-- Installing: /root/DockerFiles/drone_ws/install/tello_gazebo/share/tello_gazebo/models/marker_0/materials/scripts/marker_0.material\n'}
[42.291279] (tello_gazebo) StdoutLine: {'line': b'-- Installing: /root/DockerFiles/drone_ws/install/tello_gazebo/share/tello_gazebo/models/marker_0/model.config\n'}
[42.291379] (tello_gazebo) StdoutLine: {'line': b'-- Installing: /root/DockerFiles/drone_ws/install/tello_gazebo/share/tello_gazebo/models/marker_0/model.sdf\n'}
[42.291479] (tello_gazebo) StdoutLine: {'line': b'-- Installing: /root/DockerFiles/drone_ws/install/tello_gazebo/share/tello_gazebo/models/marker_2\n'}
[42.291577] (tello_gazebo) StdoutLine: {'line': b'-- Installing: /root/DockerFiles/drone_ws/install/tello_gazebo/share/tello_gazebo/models/marker_2/materials\n'}
[42.291673] (tello_gazebo) StdoutLine: {'line': b'-- Installing: /root/DockerFiles/drone_ws/install/tello_gazebo/share/tello_gazebo/models/marker_2/materials/textures\n'}
[42.291771] (tello_gazebo) StdoutLine: {'line': b'-- Installing: /root/DockerFiles/drone_ws/install/tello_gazebo/share/tello_gazebo/models/marker_2/materials/textures/aruco_mark_2.png\n'}
[42.291873] (tello_gazebo) StdoutLine: {'line': b'-- Installing: /root/DockerFiles/drone_ws/install/tello_gazebo/share/tello_gazebo/models/marker_2/materials/textures/aruco_mark_2.svg\n'}
[42.291970] (tello_gazebo) StdoutLine: {'line': b'-- Installing: /root/DockerFiles/drone_ws/install/tello_gazebo/share/tello_gazebo/models/marker_2/materials/scripts\n'}
[42.292067] (tello_gazebo) StdoutLine: {'line': b'-- Installing: /root/DockerFiles/drone_ws/install/tello_gazebo/share/tello_gazebo/models/marker_2/materials/scripts/marker_2.material\n'}
[42.292170] (tello_gazebo) StdoutLine: {'line': b'-- Installing: /root/DockerFiles/drone_ws/install/tello_gazebo/share/tello_gazebo/models/marker_2/model.config\n'}
[42.292291] (tello_gazebo) StdoutLine: {'line': b'-- Installing: /root/DockerFiles/drone_ws/install/tello_gazebo/share/tello_gazebo/models/marker_2/model.sdf\n'}
[42.292486] (tello_gazebo) StdoutLine: {'line': b'-- Installing: /root/DockerFiles/drone_ws/install/tello_gazebo/share/tello_gazebo/models/marker_1\n'}
[42.292869] (tello_gazebo) StdoutLine: {'line': b'-- Installing: /root/DockerFiles/drone_ws/install/tello_gazebo/share/tello_gazebo/models/marker_1/materials\n'}
[42.292972] (tello_gazebo) StdoutLine: {'line': b'-- Installing: /root/DockerFiles/drone_ws/install/tello_gazebo/share/tello_gazebo/models/marker_1/materials/textures\n'}
[42.293070] (tello_gazebo) StdoutLine: {'line': b'-- Installing: /root/DockerFiles/drone_ws/install/tello_gazebo/share/tello_gazebo/models/marker_1/materials/textures/aruco_mark_1.svg\n'}
[42.293158] (tello_gazebo) StdoutLine: {'line': b'-- Installing: /root/DockerFiles/drone_ws/install/tello_gazebo/share/tello_gazebo/models/marker_1/materials/textures/aruco_mark_1.png\n'}
[42.293247] (tello_gazebo) StdoutLine: {'line': b'-- Installing: /root/DockerFiles/drone_ws/install/tello_gazebo/share/tello_gazebo/models/marker_1/materials/scripts\n'}
[42.293343] (tello_gazebo) StdoutLine: {'line': b'-- Installing: /root/DockerFiles/drone_ws/install/tello_gazebo/share/tello_gazebo/models/marker_1/materials/scripts/marker_1.material\n'}
[42.293440] (tello_gazebo) StdoutLine: {'line': b'-- Installing: /root/DockerFiles/drone_ws/install/tello_gazebo/share/tello_gazebo/models/marker_1/model.config\n'}
[42.293534] (tello_gazebo) StdoutLine: {'line': b'-- Installing: /root/DockerFiles/drone_ws/install/tello_gazebo/share/tello_gazebo/models/marker_1/model.sdf\n'}
[42.293629] (tello_gazebo) StdoutLine: {'line': b'-- Installing: /root/DockerFiles/drone_ws/install/tello_gazebo/share/tello_gazebo/models/marker_7\n'}
[42.293724] (tello_gazebo) StdoutLine: {'line': b'-- Installing: /root/DockerFiles/drone_ws/install/tello_gazebo/share/tello_gazebo/models/marker_7/materials\n'}
[42.293839] (tello_gazebo) StdoutLine: {'line': b'-- Installing: /root/DockerFiles/drone_ws/install/tello_gazebo/share/tello_gazebo/models/marker_7/materials/textures\n'}
[42.293935] (tello_gazebo) StdoutLine: {'line': b'-- Installing: /root/DockerFiles/drone_ws/install/tello_gazebo/share/tello_gazebo/models/marker_7/materials/textures/aruco_mark_7.svg\n'}
[42.294030] (tello_gazebo) StdoutLine: {'line': b'-- Installing: /root/DockerFiles/drone_ws/install/tello_gazebo/share/tello_gazebo/models/marker_7/materials/textures/aruco_mark_7.png\n'}
[42.294129] (tello_gazebo) StdoutLine: {'line': b'-- Installing: /root/DockerFiles/drone_ws/install/tello_gazebo/share/tello_gazebo/models/marker_7/materials/scripts\n'}
[42.294241] (tello_gazebo) StdoutLine: {'line': b'-- Installing: /root/DockerFiles/drone_ws/install/tello_gazebo/share/tello_gazebo/models/marker_7/materials/scripts/marker_7.material\n'}
[42.295507] (tello_gazebo) StdoutLine: {'line': b'-- Installing: /root/DockerFiles/drone_ws/install/tello_gazebo/share/tello_gazebo/models/marker_7/model.config\n'}
[42.295666] (tello_gazebo) StdoutLine: {'line': b'-- Installing: /root/DockerFiles/drone_ws/install/tello_gazebo/share/tello_gazebo/models/marker_7/model.sdf\n'}
[42.295787] (tello_gazebo) StdoutLine: {'line': b'-- Installing: /root/DockerFiles/drone_ws/install/tello_gazebo/share/tello_gazebo/models/marker_6\n'}
[42.295904] (tello_gazebo) StdoutLine: {'line': b'-- Installing: /root/DockerFiles/drone_ws/install/tello_gazebo/share/tello_gazebo/models/marker_6/materials\n'}
[42.296017] (tello_gazebo) StdoutLine: {'line': b'-- Installing: /root/DockerFiles/drone_ws/install/tello_gazebo/share/tello_gazebo/models/marker_6/materials/textures\n'}
[42.296105] (tello_gazebo) StdoutLine: {'line': b'-- Installing: /root/DockerFiles/drone_ws/install/tello_gazebo/share/tello_gazebo/models/marker_6/materials/textures/aruco_mark_6.png\n'}
[42.296224] (tello_gazebo) StdoutLine: {'line': b'-- Installing: /root/DockerFiles/drone_ws/install/tello_gazebo/share/tello_gazebo/models/marker_6/materials/textures/aruco_mark_6.svg\n'}
[42.306322] (tello_gazebo) StdoutLine: {'line': b'-- Installing: /root/DockerFiles/drone_ws/install/tello_gazebo/share/tello_gazebo/models/marker_6/materials/scripts\n'}
[42.308319] (tello_gazebo) StdoutLine: {'line': b'-- Installing: /root/DockerFiles/drone_ws/install/tello_gazebo/share/tello_gazebo/models/marker_6/materials/scripts/marker_6.material\n'}
[42.311945] (tello_gazebo) StdoutLine: {'line': b'-- Installing: /root/DockerFiles/drone_ws/install/tello_gazebo/share/tello_gazebo/models/marker_6/model.config\n'}
[42.317490] (tello_gazebo) StdoutLine: {'line': b'-- Installing: /root/DockerFiles/drone_ws/install/tello_gazebo/share/tello_gazebo/models/marker_6/model.sdf\n'}
[42.317680] (tello_gazebo) StdoutLine: {'line': b'-- Installing: /root/DockerFiles/drone_ws/install/tello_gazebo/share/tello_gazebo/models/marker_3\n'}
[42.317826] (tello_gazebo) StdoutLine: {'line': b'-- Installing: /root/DockerFiles/drone_ws/install/tello_gazebo/share/tello_gazebo/models/marker_3/materials\n'}
[42.317942] (tello_gazebo) StdoutLine: {'line': b'-- Installing: /root/DockerFiles/drone_ws/install/tello_gazebo/share/tello_gazebo/models/marker_3/materials/textures\n'}
[42.318065] (tello_gazebo) StdoutLine: {'line': b'-- Installing: /root/DockerFiles/drone_ws/install/tello_gazebo/share/tello_gazebo/models/marker_3/materials/textures/aruco_mark_3.png\n'}
[42.318182] (tello_gazebo) StdoutLine: {'line': b'-- Installing: /root/DockerFiles/drone_ws/install/tello_gazebo/share/tello_gazebo/models/marker_3/materials/textures/aruco_mark_3.svg\n'}
[42.318295] (tello_gazebo) StdoutLine: {'line': b'-- Installing: /root/DockerFiles/drone_ws/install/tello_gazebo/share/tello_gazebo/models/marker_3/materials/scripts\n'}
[42.318412] (tello_gazebo) StdoutLine: {'line': b'-- Installing: /root/DockerFiles/drone_ws/install/tello_gazebo/share/tello_gazebo/models/marker_3/materials/scripts/marker_3.material\n'}
[42.318544] (tello_gazebo) StdoutLine: {'line': b'-- Installing: /root/DockerFiles/drone_ws/install/tello_gazebo/share/tello_gazebo/models/marker_3/model.config\n'}
[42.318656] (tello_gazebo) StdoutLine: {'line': b'-- Installing: /root/DockerFiles/drone_ws/install/tello_gazebo/share/tello_gazebo/models/marker_3/model.sdf\n'}
[42.318779] (tello_gazebo) StdoutLine: {'line': b'-- Installing: /root/DockerFiles/drone_ws/install/tello_gazebo/share/tello_gazebo/worlds\n'}
[42.318882] (tello_gazebo) StdoutLine: {'line': b'-- Installing: /root/DockerFiles/drone_ws/install/tello_gazebo/share/tello_gazebo/worlds/f2_map.yaml\n'}
[42.318977] (tello_gazebo) StdoutLine: {'line': b'-- Installing: /root/DockerFiles/drone_ws/install/tello_gazebo/share/tello_gazebo/worlds/build_world.py\n'}
[42.319056] (tello_gazebo) StdoutLine: {'line': b'-- Installing: /root/DockerFiles/drone_ws/install/tello_gazebo/share/tello_gazebo/worlds/fiducial.world\n'}
[42.319118] (tello_gazebo) StdoutLine: {'line': b'-- Installing: /root/DockerFiles/drone_ws/install/tello_gazebo/share/tello_gazebo/worlds/simple.world\n'}
[42.319187] (tello_gazebo) StdoutLine: {'line': b'-- Installing: /root/DockerFiles/drone_ws/install/tello_gazebo/share/tello_gazebo/worlds/fiducial_map.yaml\n'}
[42.319287] (tello_gazebo) StdoutLine: {'line': b'-- Installing: /root/DockerFiles/drone_ws/install/tello_gazebo/share/tello_gazebo/worlds/f2.world\n'}
[42.319354] (tello_gazebo) StdoutLine: {'line': b'-- Installing: /root/DockerFiles/drone_ws/install/tello_gazebo/share/tello_gazebo/launch\n'}
[42.319416] (tello_gazebo) StdoutLine: {'line': b'-- Installing: /root/DockerFiles/drone_ws/install/tello_gazebo/share/tello_gazebo/launch/vlam_launch.py\n'}
[42.319485] (tello_gazebo) StdoutLine: {'line': b'-- Installing: /root/DockerFiles/drone_ws/install/tello_gazebo/share/tello_gazebo/launch/simple_launch.py\n'}
[42.319570] (tello_gazebo) StdoutLine: {'line': b'-- Installing: /root/DockerFiles/drone_ws/install/tello_gazebo/lib/tello_gazebo/inject_entity.py\n'}
[42.319630] (tello_gazebo) StdoutLine: {'line': b'-- Installing: /root/DockerFiles/drone_ws/install/tello_gazebo/share/ament_index/resource_index/package_run_dependencies/tello_gazebo\n'}
[42.319692] (tello_gazebo) StdoutLine: {'line': b'-- Installing: /root/DockerFiles/drone_ws/install/tello_gazebo/share/ament_index/resource_index/parent_prefix_path/tello_gazebo\n'}
[42.319753] (tello_gazebo) StdoutLine: {'line': b'-- Installing: /root/DockerFiles/drone_ws/install/tello_gazebo/share/tello_gazebo/environment/ament_prefix_path.sh\n'}
[42.319827] (tello_gazebo) StdoutLine: {'line': b'-- Installing: /root/DockerFiles/drone_ws/install/tello_gazebo/share/tello_gazebo/environment/ament_prefix_path.dsv\n'}
[42.319906] (tello_gazebo) StdoutLine: {'line': b'-- Installing: /root/DockerFiles/drone_ws/install/tello_gazebo/share/tello_gazebo/environment/path.sh\n'}
[42.319988] (tello_gazebo) StdoutLine: {'line': b'-- Installing: /root/DockerFiles/drone_ws/install/tello_gazebo/share/tello_gazebo/environment/path.dsv\n'}
[42.320070] (tello_gazebo) StdoutLine: {'line': b'-- Installing: /root/DockerFiles/drone_ws/install/tello_gazebo/share/tello_gazebo/local_setup.bash\n'}
[42.320134] (tello_gazebo) StdoutLine: {'line': b'-- Installing: /root/DockerFiles/drone_ws/install/tello_gazebo/share/tello_gazebo/local_setup.sh\n'}
[42.320240] (tello_gazebo) StdoutLine: {'line': b'-- Installing: /root/DockerFiles/drone_ws/install/tello_gazebo/share/tello_gazebo/local_setup.zsh\n'}
[42.320343] (tello_gazebo) StdoutLine: {'line': b'-- Installing: /root/DockerFiles/drone_ws/install/tello_gazebo/share/tello_gazebo/local_setup.dsv\n'}
[42.320480] (tello_gazebo) StdoutLine: {'line': b'-- Installing: /root/DockerFiles/drone_ws/install/tello_gazebo/share/tello_gazebo/package.dsv\n'}
[42.320630] (tello_gazebo) StdoutLine: {'line': b'-- Installing: /root/DockerFiles/drone_ws/install/tello_gazebo/share/ament_index/resource_index/packages/tello_gazebo\n'}
[42.320766] (tello_gazebo) StdoutLine: {'line': b'-- Installing: /root/DockerFiles/drone_ws/install/tello_gazebo/share/tello_gazebo/cmake/tello_gazeboConfig.cmake\n'}
[42.320892] (tello_gazebo) StdoutLine: {'line': b'-- Installing: /root/DockerFiles/drone_ws/install/tello_gazebo/share/tello_gazebo/cmake/tello_gazeboConfig-version.cmake\n'}
[42.320997] (tello_gazebo) StdoutLine: {'line': b'-- Installing: /root/DockerFiles/drone_ws/install/tello_gazebo/share/tello_gazebo/package.xml\n'}
[42.321073] (tello_gazebo) CommandEnded: {'returncode': 0}
[42.336643] (-) TimerEvent: {}
[42.413488] (tello_gazebo) JobEnded: {'identifier': 'tello_gazebo', 'rc': 0}
[42.437397] (-) TimerEvent: {}
[42.539389] (-) TimerEvent: {}
[42.641340] (-) TimerEvent: {}
[42.741729] (-) TimerEvent: {}
[42.842395] (-) TimerEvent: {}
[42.944714] (-) TimerEvent: {}
[43.048624] (-) TimerEvent: {}
[43.149025] (-) TimerEvent: {}
[43.250908] (-) TimerEvent: {}
[43.351469] (-) TimerEvent: {}
[43.451931] (-) TimerEvent: {}
[43.552329] (-) TimerEvent: {}
[43.654356] (-) TimerEvent: {}
[43.754941] (-) TimerEvent: {}
[43.856394] (-) TimerEvent: {}
[43.956902] (-) TimerEvent: {}
[43.968330] (tello_driver) StdoutLine: {'line': b'[ 90%] \x1b[32mBuilding CXX object CMakeFiles/tello_driver_node.dir/src/tello_socket.cpp.o\x1b[0m\n'}
[44.058261] (-) TimerEvent: {}
[44.158668] (-) TimerEvent: {}
[44.260846] (-) TimerEvent: {}
[44.361282] (-) TimerEvent: {}
[44.461645] (-) TimerEvent: {}
[44.561980] (-) TimerEvent: {}
[44.664395] (-) TimerEvent: {}
[44.764766] (-) TimerEvent: {}
[44.865309] (-) TimerEvent: {}
[44.965939] (-) TimerEvent: {}
[45.067671] (-) TimerEvent: {}
[45.168121] (-) TimerEvent: {}
[45.270702] (-) TimerEvent: {}
[45.371027] (-) TimerEvent: {}
[45.474314] (-) TimerEvent: {}
[45.576133] (-) TimerEvent: {}
[45.676679] (-) TimerEvent: {}
[45.778358] (-) TimerEvent: {}
[45.878710] (-) TimerEvent: {}
[45.979133] (-) TimerEvent: {}
[46.081120] (-) TimerEvent: {}
[46.185325] (-) TimerEvent: {}
[46.285697] (-) TimerEvent: {}
[46.386375] (-) TimerEvent: {}
[46.487106] (-) TimerEvent: {}
[46.587772] (-) TimerEvent: {}
[46.688729] (-) TimerEvent: {}
[46.789127] (-) TimerEvent: {}
[46.890993] (-) TimerEvent: {}
[46.992320] (-) TimerEvent: {}
[47.092901] (-) TimerEvent: {}
[47.193318] (-) TimerEvent: {}
[47.296340] (-) TimerEvent: {}
[47.397387] (-) TimerEvent: {}
[47.497772] (-) TimerEvent: {}
[47.599196] (-) TimerEvent: {}
[47.699608] (-) TimerEvent: {}
[47.800213] (-) TimerEvent: {}
[47.900604] (-) TimerEvent: {}
[47.990885] (tello_driver) StdoutLine: {'line': b'[ 95%] \x1b[32m\x1b[1mLinking CXX shared library libtello_driver_node.so\x1b[0m\n'}
[48.002966] (-) TimerEvent: {}
[48.103370] (-) TimerEvent: {}
[48.203681] (-) TimerEvent: {}
[48.304134] (-) TimerEvent: {}
[48.404516] (-) TimerEvent: {}
[48.505383] (-) TimerEvent: {}
[48.605847] (-) TimerEvent: {}
[48.711326] (-) TimerEvent: {}
[48.811789] (-) TimerEvent: {}
[48.912220] (-) TimerEvent: {}
[49.013152] (-) TimerEvent: {}
[49.114322] (-) TimerEvent: {}
[49.214809] (-) TimerEvent: {}
[49.315386] (-) TimerEvent: {}
[49.364543] (tello_driver) StdoutLine: {'line': b'[ 95%] Built target tello_driver_node\n'}
[49.416870] (-) TimerEvent: {}
[49.517295] (-) TimerEvent: {}
[49.617612] (-) TimerEvent: {}
[49.718902] (-) TimerEvent: {}
[49.820330] (-) TimerEvent: {}
[49.921345] (-) TimerEvent: {}
[50.021776] (-) TimerEvent: {}
[50.123320] (-) TimerEvent: {}
[50.223827] (-) TimerEvent: {}
[50.326497] (-) TimerEvent: {}
[50.426801] (-) TimerEvent: {}
[50.527268] (-) TimerEvent: {}
[50.627581] (-) TimerEvent: {}
[50.727878] (-) TimerEvent: {}
[50.829291] (-) TimerEvent: {}
[50.929657] (-) TimerEvent: {}
[51.030193] (-) TimerEvent: {}
[51.130651] (-) TimerEvent: {}
[51.231542] (-) TimerEvent: {}
[51.331888] (-) TimerEvent: {}
[51.432308] (-) TimerEvent: {}
[51.533256] (-) TimerEvent: {}
[51.634337] (-) TimerEvent: {}
[51.734658] (-) TimerEvent: {}
[51.835222] (-) TimerEvent: {}
[51.937336] (-) TimerEvent: {}
[52.038073] (-) TimerEvent: {}
[52.139334] (-) TimerEvent: {}
[52.204216] (tello_driver) StdoutLine: {'line': b'[100%] \x1b[32m\x1b[1mLinking CXX executable tello_driver_main\x1b[0m\n'}
[52.240024] (-) TimerEvent: {}
[52.340313] (-) TimerEvent: {}
[52.441411] (-) TimerEvent: {}
[52.541898] (-) TimerEvent: {}
[52.645106] (-) TimerEvent: {}
[52.747445] (-) TimerEvent: {}
[52.847882] (-) TimerEvent: {}
[52.948985] (-) TimerEvent: {}
[53.050039] (-) TimerEvent: {}
[53.153328] (-) TimerEvent: {}
[53.253712] (-) TimerEvent: {}
[53.354319] (-) TimerEvent: {}
[53.454906] (-) TimerEvent: {}
[53.556372] (-) TimerEvent: {}
[53.657079] (-) TimerEvent: {}
[53.758084] (-) TimerEvent: {}
[53.859661] (-) TimerEvent: {}
[53.927510] (tello_driver) StdoutLine: {'line': b'[100%] Built target tello_driver_main\n'}
[53.943917] (tello_driver) CommandEnded: {'returncode': 0}
[53.959801] (-) TimerEvent: {}
[54.007576] (tello_driver) JobProgress: {'identifier': 'tello_driver', 'progress': 'install'}
[54.007870] (tello_driver) Command: {'cmd': ['/usr/bin/cmake', '--install', '/root/DockerFiles/drone_ws/build/tello_driver'], 'cwd': '/root/DockerFiles/drone_ws/build/tello_driver', 'env': OrderedDict([('HOSTNAME', 'vdani-H410M-H-V2'), ('SHLVL', '1'), ('LD_LIBRARY_PATH', '/root/DockerFiles/drone_ws/install/tello_msgs/lib:/root/DockerFiles/drone_ws/install/tello_gazebo/lib:/root/DockerFiles/drone_ws/install/tello_driver/lib:/usr/lib/x86_64-linux-gnu/gazebo-11/plugins:/opt/ros/foxy/opt/yaml_cpp_vendor/lib:/opt/ros/foxy/opt/rviz_ogre_vendor/lib:/opt/ros/foxy/lib/x86_64-linux-gnu:/opt/ros/foxy/lib'), ('HOME', '/root'), ('OLDPWD', '/root/DockerFiles'), ('ROS_PYTHON_VERSION', '3'), ('COLCON_PREFIX_PATH', '/root/DockerFiles/drone_ws/install:/root/DockerFiles/install'), ('ROS_DISTRO', 'foxy'), ('_', '/usr/bin/colcon'), ('ROS_VERSION', '2'), ('TERM', 'xterm'), ('ROS_LOCALHOST_ONLY', '0'), ('QT_X11_NO_MITSHM', '1'), ('PATH', '/root/DockerFiles/drone_ws/install/tello_camera/bin:/opt/ros/foxy/bin:/root/DockerFiles/install/tello_camera/bin:/usr/local/sbin:/usr/local/bin:/usr/sbin:/usr/bin:/sbin:/bin'), ('XDG_RUNTIME_DIR', '/run/user/1000'), ('DISPLAY', ':0'), ('LANG', 'C.UTF-8'), ('RMW_IMPLEMENTATION', 'rmw_fastrtps_cpp'), ('LS_COLORS', 'rs=0:di=01;34:ln=01;36:mh=00:pi=40;33:so=01;35:do=01;35:bd=40;33;01:cd=40;33;01:or=40;31;01:mi=00:su=37;41:sg=30;43:ca=30;41:tw=30;42:ow=34;42:st=37;44:ex=01;32:*.tar=01;31:*.tgz=01;31:*.arc=01;31:*.arj=01;31:*.taz=01;31:*.lha=01;31:*.lz4=01;31:*.lzh=01;31:*.lzma=01;31:*.tlz=01;31:*.txz=01;31:*.tzo=01;31:*.t7z=01;31:*.zip=01;31:*.z=01;31:*.dz=01;31:*.gz=01;31:*.lrz=01;31:*.lz=01;31:*.lzo=01;31:*.xz=01;31:*.zst=01;31:*.tzst=01;31:*.bz2=01;31:*.bz=01;31:*.tbz=01;31:*.tbz2=01;31:*.tz=01;31:*.deb=01;31:*.rpm=01;31:*.jar=01;31:*.war=01;31:*.ear=01;31:*.sar=01;31:*.rar=01;31:*.alz=01;31:*.ace=01;31:*.zoo=01;31:*.cpio=01;31:*.7z=01;31:*.rz=01;31:*.cab=01;31:*.wim=01;31:*.swm=01;31:*.dwm=01;31:*.esd=01;31:*.jpg=01;35:*.jpeg=01;35:*.mjpg=01;35:*.mjpeg=01;35:*.gif=01;35:*.bmp=01;35:*.pbm=01;35:*.pgm=01;35:*.ppm=01;35:*.tga=01;35:*.xbm=01;35:*.xpm=01;35:*.tif=01;35:*.tiff=01;35:*.png=01;35:*.svg=01;35:*.svgz=01;35:*.mng=01;35:*.pcx=01;35:*.mov=01;35:*.mpg=01;35:*.mpeg=01;35:*.m2v=01;35:*.mkv=01;35:*.webm=01;35:*.ogm=01;35:*.mp4=01;35:*.m4v=01;35:*.mp4v=01;35:*.vob=01;35:*.qt=01;35:*.nuv=01;35:*.wmv=01;35:*.asf=01;35:*.rm=01;35:*.rmvb=01;35:*.flc=01;35:*.avi=01;35:*.fli=01;35:*.flv=01;35:*.gl=01;35:*.dl=01;35:*.xcf=01;35:*.xwd=01;35:*.yuv=01;35:*.cgm=01;35:*.emf=01;35:*.ogv=01;35:*.ogx=01;35:*.aac=00;36:*.au=00;36:*.flac=00;36:*.m4a=00;36:*.mid=00;36:*.midi=00;36:*.mka=00;36:*.mp3=00;36:*.mpc=00;36:*.ogg=00;36:*.ra=00;36:*.wav=00;36:*.oga=00;36:*.opus=00;36:*.spx=00;36:*.xspf=00;36:'), ('AMENT_PREFIX_PATH', '/root/DockerFiles/drone_ws/install/tello_gazebo:/root/DockerFiles/drone_ws/install/tello_driver:/root/DockerFiles/drone_ws/install/tello_msgs:/root/DockerFiles/drone_ws/install/tello_hand_move:/root/DockerFiles/drone_ws/install/tello_description:/root/DockerFiles/drone_ws/install/tello_camera:/root/DockerFiles/drone_ws/install/ros2_shared:/opt/ros/foxy:/root/DockerFiles/install/tello_camera'), ('PWD', '/root/DockerFiles/drone_ws/build/tello_driver'), ('LC_ALL', 'C.UTF-8'), ('PYTHONPATH', '/root/DockerFiles/drone_ws/install/tello_msgs/lib/python3.8/site-packages:/root/DockerFiles/drone_ws/install/tello_hand_move/lib/python3.8/site-packages:/root/DockerFiles/drone_ws/install/tello_camera/lib/python3.8/site-packages:/opt/ros/foxy/lib/python3.8/site-packages:/root/DockerFiles/build/tello_camera:/root/DockerFiles/install/tello_camera/lib/python3.8/site-packages'), ('COLCON', '1'), ('CMAKE_PREFIX_PATH', '/root/DockerFiles/drone_ws/install/tello_msgs:/root/DockerFiles/drone_ws/install/ros2_shared:/root/DockerFiles/drone_ws/install/tello_gazebo:/root/DockerFiles/drone_ws/install/tello_driver:/root/DockerFiles/drone_ws/install/tello_description:/root/DockerFiles/drone_ws/install/tello_hand_move:/root/DockerFiles/drone_ws/install/tello_camera:/opt/ros/foxy:/root/DockerFiles/install/tello_camera')]), 'shell': False}
[54.024004] (tello_driver) StdoutLine: {'line': b'-- Install configuration: ""\n'}
[54.024314] (tello_driver) StdoutLine: {'line': b'-- Installing: /root/DockerFiles/drone_ws/install/tello_driver/share/tello_driver/environment/library_path.sh\n'}
[54.030373] (tello_driver) StdoutLine: {'line': b'-- Installing: /root/DockerFiles/drone_ws/install/tello_driver/share/tello_driver/environment/library_path.dsv\n'}
[54.030606] (tello_driver) StdoutLine: {'line': b'-- Installing: /root/DockerFiles/drone_ws/install/tello_driver/lib/libtello_driver_node.so\n'}
[54.031743] (tello_driver) StdoutLine: {'line': b'-- Set runtime path of "/root/DockerFiles/drone_ws/install/tello_driver/lib/libtello_driver_node.so" to ""\n'}
[54.032094] (tello_driver) StdoutLine: {'line': b'-- Installing: /root/DockerFiles/drone_ws/install/tello_driver/lib/libtello_joy_node.so\n'}
[54.036109] (tello_driver) StdoutLine: {'line': b'-- Set runtime path of "/root/DockerFiles/drone_ws/install/tello_driver/lib/libtello_joy_node.so" to ""\n'}
[54.036447] (tello_driver) StdoutLine: {'line': b'-- Installing: /root/DockerFiles/drone_ws/install/tello_driver/lib/tello_driver/tello_driver_main\n'}
[54.042372] (tello_driver) StdoutLine: {'line': b'-- Set runtime path of "/root/DockerFiles/drone_ws/install/tello_driver/lib/tello_driver/tello_driver_main" to ""\n'}
[54.042631] (tello_driver) StdoutLine: {'line': b'-- Installing: /root/DockerFiles/drone_ws/install/tello_driver/lib/tello_driver/tello_joy_main\n'}
[54.042738] (tello_driver) StdoutLine: {'line': b'-- Set runtime path of "/root/DockerFiles/drone_ws/install/tello_driver/lib/tello_driver/tello_joy_main" to ""\n'}
[54.042803] (tello_driver) StdoutLine: {'line': b'-- Installing: /root/DockerFiles/drone_ws/install/tello_driver/lib/tello_driver/tello_emulator\n'}
[54.043030] (tello_driver) StdoutLine: {'line': b'-- Installing: /root/DockerFiles/drone_ws/install/tello_driver/share/tello_driver/cfg\n'}
[54.043118] (tello_driver) StdoutLine: {'line': b'-- Installing: /root/DockerFiles/drone_ws/install/tello_driver/share/tello_driver/cfg/camera_info.yaml\n'}
[54.043205] (tello_driver) StdoutLine: {'line': b'-- Installing: /root/DockerFiles/drone_ws/install/tello_driver/share/tello_driver/launch\n'}
[54.043305] (tello_driver) StdoutLine: {'line': b'-- Installing: /root/DockerFiles/drone_ws/install/tello_driver/share/tello_driver/launch/teleop_launch.py\n'}
[54.043414] (tello_driver) StdoutLine: {'line': b'-- Installing: /root/DockerFiles/drone_ws/install/tello_driver/share/tello_driver/launch/emulators_launch.py\n'}
[54.043520] (tello_driver) StdoutLine: {'line': b'-- Installing: /root/DockerFiles/drone_ws/install/tello_driver/share/tello_driver/launch/emulator_launch.py\n'}
[54.043672] (tello_driver) StdoutLine: {'line': b'-- Installing: /root/DockerFiles/drone_ws/install/tello_driver/share/ament_index/resource_index/package_run_dependencies/tello_driver\n'}
[54.043836] (tello_driver) StdoutLine: {'line': b'-- Installing: /root/DockerFiles/drone_ws/install/tello_driver/share/ament_index/resource_index/parent_prefix_path/tello_driver\n'}
[54.043973] (tello_driver) StdoutLine: {'line': b'-- Installing: /root/DockerFiles/drone_ws/install/tello_driver/share/tello_driver/environment/ament_prefix_path.sh\n'}
[54.044110] (tello_driver) StdoutLine: {'line': b'-- Installing: /root/DockerFiles/drone_ws/install/tello_driver/share/tello_driver/environment/ament_prefix_path.dsv\n'}
[54.044239] (tello_driver) StdoutLine: {'line': b'-- Installing: /root/DockerFiles/drone_ws/install/tello_driver/share/tello_driver/environment/path.sh\n'}
[54.044379] (tello_driver) StdoutLine: {'line': b'-- Installing: /root/DockerFiles/drone_ws/install/tello_driver/share/tello_driver/environment/path.dsv\n'}
[54.044500] (tello_driver) StdoutLine: {'line': b'-- Installing: /root/DockerFiles/drone_ws/install/tello_driver/share/tello_driver/local_setup.bash\n'}
[54.044620] (tello_driver) StdoutLine: {'line': b'-- Installing: /root/DockerFiles/drone_ws/install/tello_driver/share/tello_driver/local_setup.sh\n'}
[54.044751] (tello_driver) StdoutLine: {'line': b'-- Installing: /root/DockerFiles/drone_ws/install/tello_driver/share/tello_driver/local_setup.zsh\n'}
[54.044893] (tello_driver) StdoutLine: {'line': b'-- Installing: /root/DockerFiles/drone_ws/install/tello_driver/share/tello_driver/local_setup.dsv\n'}
[54.045028] (tello_driver) StdoutLine: {'line': b'-- Installing: /root/DockerFiles/drone_ws/install/tello_driver/share/tello_driver/package.dsv\n'}
[54.045201] (tello_driver) StdoutLine: {'line': b'-- Installing: /root/DockerFiles/drone_ws/install/tello_driver/share/ament_index/resource_index/packages/tello_driver\n'}
[54.045475] (tello_driver) StdoutLine: {'line': b'-- Installing: /root/DockerFiles/drone_ws/install/tello_driver/share/ament_index/resource_index/rclcpp_components/tello_driver\n'}
[54.045671] (tello_driver) StdoutLine: {'line': b'-- Installing: /root/DockerFiles/drone_ws/install/tello_driver/share/tello_driver/cmake/tello_driverConfig.cmake\n'}
[54.045852] (tello_driver) StdoutLine: {'line': b'-- Installing: /root/DockerFiles/drone_ws/install/tello_driver/share/tello_driver/cmake/tello_driverConfig-version.cmake\n'}
[54.046045] (tello_driver) StdoutLine: {'line': b'-- Installing: /root/DockerFiles/drone_ws/install/tello_driver/share/tello_driver/package.xml\n'}
[54.053459] (tello_driver) CommandEnded: {'returncode': 0}
[54.060131] (-) TimerEvent: {}
[54.160691] (-) TimerEvent: {}
[54.166427] (tello_driver) JobEnded: {'identifier': 'tello_driver', 'rc': 0}
[54.170543] (-) EventReactorShutdown: {}
