[0.520s] DEBUG:colcon:Command line arguments: ['/usr/bin/colcon', 'build']
[0.520s] DEBUG:colcon:Parsed command line arguments: Namespace(ament_cmake_args=None, base_paths=['.'], build_base='build', catkin_cmake_args=None, catkin_skip_building_tests=False, cmake_args=None, cmake_clean_cache=False, cmake_clean_first=False, cmake_force_configure=False, cmake_target=None, cmake_target_skip_unavailable=False, continue_on_error=False, event_handlers=None, executor='parallel', ignore_user_meta=False, install_base='install', log_base=None, log_level=None, main=<bound method BuildVerb.main of <colcon_core.verb.build.BuildVerb object at 0x7042886e22e0>>, merge_install=False, metas=['./colcon.meta'], mixin=None, mixin_files=None, mixin_verb=('build',), packages_above=None, packages_above_and_dependencies=None, packages_above_depth=None, packages_end=None, packages_ignore=None, packages_ignore_regex=None, packages_select=None, packages_select_build_failed=False, packages_select_by_dep=None, packages_select_regex=None, packages_select_test_failures=False, packages_skip=None, packages_skip_build_finished=False, packages_skip_by_dep=None, packages_skip_regex=None, packages_skip_test_passed=False, packages_skip_up_to=None, packages_start=None, packages_up_to=None, packages_up_to_regex=None, parallel_workers=12, paths=None, symlink_install=False, test_result_base=None, verb_extension=<colcon_core.verb.build.BuildVerb object at 0x7042886e22e0>, verb_name='build', verb_parser=<colcon_mixin.mixin.mixin_argument.MixinArgumentDecorator object at 0x7042886e2940>)
[0.564s] Level 1:colcon.colcon_core.package_discovery:discover_packages(colcon_meta) check parameters
[0.566s] INFO:colcon.colcon_metadata.package_discovery.colcon_meta:Using configuration from '/root/.colcon/metadata/default/Gazebo.meta'
[0.567s] INFO:colcon.colcon_metadata.package_discovery.colcon_meta:Using configuration from '/root/.colcon/metadata/default/fastdds.meta'
[0.569s] INFO:colcon.colcon_metadata.package_discovery.colcon_meta:Using configuration from '/root/.colcon/metadata/default/fastrtps.meta'
[0.569s] Level 1:colcon.colcon_core.package_discovery:discover_packages(recursive) check parameters
[0.569s] Level 1:colcon.colcon_core.package_discovery:discover_packages(ignore) check parameters
[0.569s] Level 1:colcon.colcon_core.package_discovery:discover_packages(path) check parameters
[0.569s] Level 1:colcon.colcon_core.package_discovery:discover_packages(colcon_meta) discover
[0.570s] Level 1:colcon.colcon_core.package_discovery:discover_packages(recursive) discover
[0.570s] INFO:colcon.colcon_core.package_discovery:Crawling recursively for packages in '/root/DockerFiles/drone_ws'
[0.570s] Level 1:colcon.colcon_core.package_identification:_identify(.) by extensions ['ignore', 'ignore_ament_install']
[0.570s] Level 1:colcon.colcon_core.package_identification:_identify(.) by extension 'ignore'
[0.571s] Level 1:colcon.colcon_core.package_identification:_identify(.) by extension 'ignore_ament_install'
[0.571s] Level 1:colcon.colcon_core.package_identification:_identify(.) by extensions ['colcon_pkg']
[0.571s] Level 1:colcon.colcon_core.package_identification:_identify(.) by extension 'colcon_pkg'
[0.571s] Level 1:colcon.colcon_core.package_identification:_identify(.) by extensions ['colcon_meta']
[0.571s] Level 1:colcon.colcon_core.package_identification:_identify(.) by extension 'colcon_meta'
[0.571s] Level 1:colcon.colcon_core.package_identification:_identify(.) by extensions ['ros']
[0.571s] Level 1:colcon.colcon_core.package_identification:_identify(.) by extension 'ros'
[0.621s] Level 1:colcon.colcon_core.package_identification:_identify(.) by extensions ['cmake', 'python']
[0.622s] Level 1:colcon.colcon_core.package_identification:_identify(.) by extension 'cmake'
[0.622s] Level 1:colcon.colcon_core.package_identification:_identify(.) by extension 'python'
[0.622s] Level 1:colcon.colcon_core.package_identification:_identify(.) by extensions ['python_setup_py']
[0.623s] Level 1:colcon.colcon_core.package_identification:_identify(.) by extension 'python_setup_py'
[0.623s] Level 1:colcon.colcon_core.package_identification:_identify(build) by extensions ['ignore', 'ignore_ament_install']
[0.623s] Level 1:colcon.colcon_core.package_identification:_identify(build) by extension 'ignore'
[0.624s] Level 1:colcon.colcon_core.package_identification:_identify(build) ignored
[0.624s] Level 1:colcon.colcon_core.package_identification:_identify(install) by extensions ['ignore', 'ignore_ament_install']
[0.624s] Level 1:colcon.colcon_core.package_identification:_identify(install) by extension 'ignore'
[0.624s] Level 1:colcon.colcon_core.package_identification:_identify(install) ignored
[0.625s] Level 1:colcon.colcon_core.package_identification:_identify(log) by extensions ['ignore', 'ignore_ament_install']
[0.625s] Level 1:colcon.colcon_core.package_identification:_identify(log) by extension 'ignore'
[0.625s] Level 1:colcon.colcon_core.package_identification:_identify(log) ignored
[0.625s] Level 1:colcon.colcon_core.package_identification:_identify(sim) by extensions ['ignore', 'ignore_ament_install']
[0.626s] Level 1:colcon.colcon_core.package_identification:_identify(sim) by extension 'ignore'
[0.626s] Level 1:colcon.colcon_core.package_identification:_identify(sim) by extension 'ignore_ament_install'
[0.626s] Level 1:colcon.colcon_core.package_identification:_identify(sim) by extensions ['colcon_pkg']
[0.626s] Level 1:colcon.colcon_core.package_identification:_identify(sim) by extension 'colcon_pkg'
[0.627s] Level 1:colcon.colcon_core.package_identification:_identify(sim) by extensions ['colcon_meta']
[0.627s] Level 1:colcon.colcon_core.package_identification:_identify(sim) by extension 'colcon_meta'
[0.627s] Level 1:colcon.colcon_core.package_identification:_identify(sim) by extensions ['ros']
[0.627s] Level 1:colcon.colcon_core.package_identification:_identify(sim) by extension 'ros'
[0.627s] Level 1:colcon.colcon_core.package_identification:_identify(sim) by extensions ['cmake', 'python']
[0.627s] Level 1:colcon.colcon_core.package_identification:_identify(sim) by extension 'cmake'
[0.628s] Level 1:colcon.colcon_core.package_identification:_identify(sim) by extension 'python'
[0.628s] Level 1:colcon.colcon_core.package_identification:_identify(sim) by extensions ['python_setup_py']
[0.628s] Level 1:colcon.colcon_core.package_identification:_identify(sim) by extension 'python_setup_py'
[0.628s] Level 1:colcon.colcon_core.package_identification:_identify(sim/build) by extensions ['ignore', 'ignore_ament_install']
[0.629s] Level 1:colcon.colcon_core.package_identification:_identify(sim/build) by extension 'ignore'
[0.629s] Level 1:colcon.colcon_core.package_identification:_identify(sim/build) ignored
[0.629s] Level 1:colcon.colcon_core.package_identification:_identify(sim/install) by extensions ['ignore', 'ignore_ament_install']
[0.629s] Level 1:colcon.colcon_core.package_identification:_identify(sim/install) by extension 'ignore'
[0.629s] Level 1:colcon.colcon_core.package_identification:_identify(sim/install) ignored
[0.630s] Level 1:colcon.colcon_core.package_identification:_identify(sim/log) by extensions ['ignore', 'ignore_ament_install']
[0.630s] Level 1:colcon.colcon_core.package_identification:_identify(sim/log) by extension 'ignore'
[0.630s] Level 1:colcon.colcon_core.package_identification:_identify(sim/log) ignored
[0.630s] Level 1:colcon.colcon_core.package_identification:_identify(sim/worlds) by extensions ['ignore', 'ignore_ament_install']
[0.631s] Level 1:colcon.colcon_core.package_identification:_identify(sim/worlds) by extension 'ignore'
[0.631s] Level 1:colcon.colcon_core.package_identification:_identify(sim/worlds) by extension 'ignore_ament_install'
[0.631s] Level 1:colcon.colcon_core.package_identification:_identify(sim/worlds) by extensions ['colcon_pkg']
[0.631s] Level 1:colcon.colcon_core.package_identification:_identify(sim/worlds) by extension 'colcon_pkg'
[0.632s] Level 1:colcon.colcon_core.package_identification:_identify(sim/worlds) by extensions ['colcon_meta']
[0.632s] Level 1:colcon.colcon_core.package_identification:_identify(sim/worlds) by extension 'colcon_meta'
[0.632s] Level 1:colcon.colcon_core.package_identification:_identify(sim/worlds) by extensions ['ros']
[0.632s] Level 1:colcon.colcon_core.package_identification:_identify(sim/worlds) by extension 'ros'
[0.632s] Level 1:colcon.colcon_core.package_identification:_identify(sim/worlds) by extensions ['cmake', 'python']
[0.633s] Level 1:colcon.colcon_core.package_identification:_identify(sim/worlds) by extension 'cmake'
[0.633s] Level 1:colcon.colcon_core.package_identification:_identify(sim/worlds) by extension 'python'
[0.633s] Level 1:colcon.colcon_core.package_identification:_identify(sim/worlds) by extensions ['python_setup_py']
[0.633s] Level 1:colcon.colcon_core.package_identification:_identify(sim/worlds) by extension 'python_setup_py'
[0.633s] Level 1:colcon.colcon_core.package_identification:_identify(src) by extensions ['ignore', 'ignore_ament_install']
[0.633s] Level 1:colcon.colcon_core.package_identification:_identify(src) by extension 'ignore'
[0.633s] Level 1:colcon.colcon_core.package_identification:_identify(src) by extension 'ignore_ament_install'
[0.634s] Level 1:colcon.colcon_core.package_identification:_identify(src) by extensions ['colcon_pkg']
[0.634s] Level 1:colcon.colcon_core.package_identification:_identify(src) by extension 'colcon_pkg'
[0.634s] Level 1:colcon.colcon_core.package_identification:_identify(src) by extensions ['colcon_meta']
[0.634s] Level 1:colcon.colcon_core.package_identification:_identify(src) by extension 'colcon_meta'
[0.634s] Level 1:colcon.colcon_core.package_identification:_identify(src) by extensions ['ros']
[0.634s] Level 1:colcon.colcon_core.package_identification:_identify(src) by extension 'ros'
[0.634s] Level 1:colcon.colcon_core.package_identification:_identify(src) by extensions ['cmake', 'python']
[0.634s] Level 1:colcon.colcon_core.package_identification:_identify(src) by extension 'cmake'
[0.634s] Level 1:colcon.colcon_core.package_identification:_identify(src) by extension 'python'
[0.634s] Level 1:colcon.colcon_core.package_identification:_identify(src) by extensions ['python_setup_py']
[0.634s] Level 1:colcon.colcon_core.package_identification:_identify(src) by extension 'python_setup_py'
[0.634s] Level 1:colcon.colcon_core.package_identification:_identify(src/ros2_shared) by extensions ['ignore', 'ignore_ament_install']
[0.635s] Level 1:colcon.colcon_core.package_identification:_identify(src/ros2_shared) by extension 'ignore'
[0.635s] Level 1:colcon.colcon_core.package_identification:_identify(src/ros2_shared) by extension 'ignore_ament_install'
[0.635s] Level 1:colcon.colcon_core.package_identification:_identify(src/ros2_shared) by extensions ['colcon_pkg']
[0.635s] Level 1:colcon.colcon_core.package_identification:_identify(src/ros2_shared) by extension 'colcon_pkg'
[0.635s] Level 1:colcon.colcon_core.package_identification:_identify(src/ros2_shared) by extensions ['colcon_meta']
[0.635s] Level 1:colcon.colcon_core.package_identification:_identify(src/ros2_shared) by extension 'colcon_meta'
[0.635s] Level 1:colcon.colcon_core.package_identification:_identify(src/ros2_shared) by extensions ['ros']
[0.635s] Level 1:colcon.colcon_core.package_identification:_identify(src/ros2_shared) by extension 'ros'
[0.640s] DEBUG:colcon.colcon_core.package_identification:Package 'src/ros2_shared' with type 'ros.ament_cmake' and name 'ros2_shared'
[0.640s] Level 1:colcon.colcon_core.package_identification:_identify(src/tello_camera) by extensions ['ignore', 'ignore_ament_install']
[0.641s] Level 1:colcon.colcon_core.package_identification:_identify(src/tello_camera) by extension 'ignore'
[0.641s] Level 1:colcon.colcon_core.package_identification:_identify(src/tello_camera) by extension 'ignore_ament_install'
[0.641s] Level 1:colcon.colcon_core.package_identification:_identify(src/tello_camera) by extensions ['colcon_pkg']
[0.641s] Level 1:colcon.colcon_core.package_identification:_identify(src/tello_camera) by extension 'colcon_pkg'
[0.641s] Level 1:colcon.colcon_core.package_identification:_identify(src/tello_camera) by extensions ['colcon_meta']
[0.641s] Level 1:colcon.colcon_core.package_identification:_identify(src/tello_camera) by extension 'colcon_meta'
[0.641s] Level 1:colcon.colcon_core.package_identification:_identify(src/tello_camera) by extensions ['ros']
[0.641s] Level 1:colcon.colcon_core.package_identification:_identify(src/tello_camera) by extension 'ros'
[0.641s] DEBUG:colcon.colcon_core.package_identification:Package 'src/tello_camera' with type 'ros.ament_python' and name 'tello_camera'
[0.642s] Level 1:colcon.colcon_core.package_identification:_identify(src/tello_controller) by extensions ['ignore', 'ignore_ament_install']
[0.642s] Level 1:colcon.colcon_core.package_identification:_identify(src/tello_controller) by extension 'ignore'
[0.642s] Level 1:colcon.colcon_core.package_identification:_identify(src/tello_controller) by extension 'ignore_ament_install'
[0.642s] Level 1:colcon.colcon_core.package_identification:_identify(src/tello_controller) by extensions ['colcon_pkg']
[0.642s] Level 1:colcon.colcon_core.package_identification:_identify(src/tello_controller) by extension 'colcon_pkg'
[0.642s] Level 1:colcon.colcon_core.package_identification:_identify(src/tello_controller) by extensions ['colcon_meta']
[0.642s] Level 1:colcon.colcon_core.package_identification:_identify(src/tello_controller) by extension 'colcon_meta'
[0.642s] Level 1:colcon.colcon_core.package_identification:_identify(src/tello_controller) by extensions ['ros']
[0.642s] Level 1:colcon.colcon_core.package_identification:_identify(src/tello_controller) by extension 'ros'
[0.643s] DEBUG:colcon.colcon_core.package_identification:Package 'src/tello_controller' with type 'ros.ament_python' and name 'tello_controller'
[0.643s] Level 1:colcon.colcon_core.package_identification:_identify(src/tello_hand_move) by extensions ['ignore', 'ignore_ament_install']
[0.643s] Level 1:colcon.colcon_core.package_identification:_identify(src/tello_hand_move) by extension 'ignore'
[0.643s] Level 1:colcon.colcon_core.package_identification:_identify(src/tello_hand_move) by extension 'ignore_ament_install'
[0.644s] Level 1:colcon.colcon_core.package_identification:_identify(src/tello_hand_move) by extensions ['colcon_pkg']
[0.644s] Level 1:colcon.colcon_core.package_identification:_identify(src/tello_hand_move) by extension 'colcon_pkg'
[0.644s] Level 1:colcon.colcon_core.package_identification:_identify(src/tello_hand_move) by extensions ['colcon_meta']
[0.644s] Level 1:colcon.colcon_core.package_identification:_identify(src/tello_hand_move) by extension 'colcon_meta'
[0.644s] Level 1:colcon.colcon_core.package_identification:_identify(src/tello_hand_move) by extensions ['ros']
[0.644s] Level 1:colcon.colcon_core.package_identification:_identify(src/tello_hand_move) by extension 'ros'
[0.645s] DEBUG:colcon.colcon_core.package_identification:Package 'src/tello_hand_move' with type 'ros.ament_python' and name 'tello_hand_move'
[0.645s] Level 1:colcon.colcon_core.package_identification:_identify(src/tello_mission) by extensions ['ignore', 'ignore_ament_install']
[0.645s] Level 1:colcon.colcon_core.package_identification:_identify(src/tello_mission) by extension 'ignore'
[0.646s] Level 1:colcon.colcon_core.package_identification:_identify(src/tello_mission) by extension 'ignore_ament_install'
[0.646s] Level 1:colcon.colcon_core.package_identification:_identify(src/tello_mission) by extensions ['colcon_pkg']
[0.646s] Level 1:colcon.colcon_core.package_identification:_identify(src/tello_mission) by extension 'colcon_pkg'
[0.646s] Level 1:colcon.colcon_core.package_identification:_identify(src/tello_mission) by extensions ['colcon_meta']
[0.646s] Level 1:colcon.colcon_core.package_identification:_identify(src/tello_mission) by extension 'colcon_meta'
[0.646s] Level 1:colcon.colcon_core.package_identification:_identify(src/tello_mission) by extensions ['ros']
[0.646s] Level 1:colcon.colcon_core.package_identification:_identify(src/tello_mission) by extension 'ros'
[0.646s] DEBUG:colcon.colcon_core.package_identification:Package 'src/tello_mission' with type 'ros.ament_python' and name 'tello_mission'
[0.647s] Level 1:colcon.colcon_core.package_identification:_identify(src/tello_ros) by extensions ['ignore', 'ignore_ament_install']
[0.647s] Level 1:colcon.colcon_core.package_identification:_identify(src/tello_ros) by extension 'ignore'
[0.647s] Level 1:colcon.colcon_core.package_identification:_identify(src/tello_ros) by extension 'ignore_ament_install'
[0.647s] Level 1:colcon.colcon_core.package_identification:_identify(src/tello_ros) by extensions ['colcon_pkg']
[0.648s] Level 1:colcon.colcon_core.package_identification:_identify(src/tello_ros) by extension 'colcon_pkg'
[0.648s] Level 1:colcon.colcon_core.package_identification:_identify(src/tello_ros) by extensions ['colcon_meta']
[0.648s] Level 1:colcon.colcon_core.package_identification:_identify(src/tello_ros) by extension 'colcon_meta'
[0.648s] Level 1:colcon.colcon_core.package_identification:_identify(src/tello_ros) by extensions ['ros']
[0.648s] Level 1:colcon.colcon_core.package_identification:_identify(src/tello_ros) by extension 'ros'
[0.649s] Level 1:colcon.colcon_core.package_identification:_identify(src/tello_ros) by extensions ['cmake', 'python']
[0.649s] Level 1:colcon.colcon_core.package_identification:_identify(src/tello_ros) by extension 'cmake'
[0.649s] Level 1:colcon.colcon_core.package_identification:_identify(src/tello_ros) by extension 'python'
[0.649s] Level 1:colcon.colcon_core.package_identification:_identify(src/tello_ros) by extensions ['python_setup_py']
[0.649s] Level 1:colcon.colcon_core.package_identification:_identify(src/tello_ros) by extension 'python_setup_py'
[0.650s] Level 1:colcon.colcon_core.package_identification:_identify(src/tello_ros/tello_description) by extensions ['ignore', 'ignore_ament_install']
[0.650s] Level 1:colcon.colcon_core.package_identification:_identify(src/tello_ros/tello_description) by extension 'ignore'
[0.650s] Level 1:colcon.colcon_core.package_identification:_identify(src/tello_ros/tello_description) by extension 'ignore_ament_install'
[0.650s] Level 1:colcon.colcon_core.package_identification:_identify(src/tello_ros/tello_description) by extensions ['colcon_pkg']
[0.650s] Level 1:colcon.colcon_core.package_identification:_identify(src/tello_ros/tello_description) by extension 'colcon_pkg'
[0.651s] Level 1:colcon.colcon_core.package_identification:_identify(src/tello_ros/tello_description) by extensions ['colcon_meta']
[0.651s] Level 1:colcon.colcon_core.package_identification:_identify(src/tello_ros/tello_description) by extension 'colcon_meta'
[0.651s] Level 1:colcon.colcon_core.package_identification:_identify(src/tello_ros/tello_description) by extensions ['ros']
[0.651s] Level 1:colcon.colcon_core.package_identification:_identify(src/tello_ros/tello_description) by extension 'ros'
[0.652s] DEBUG:colcon.colcon_core.package_identification:Package 'src/tello_ros/tello_description' with type 'ros.ament_cmake' and name 'tello_description'
[0.652s] Level 1:colcon.colcon_core.package_identification:_identify(src/tello_ros/tello_driver) by extensions ['ignore', 'ignore_ament_install']
[0.653s] Level 1:colcon.colcon_core.package_identification:_identify(src/tello_ros/tello_driver) by extension 'ignore'
[0.653s] Level 1:colcon.colcon_core.package_identification:_identify(src/tello_ros/tello_driver) by extension 'ignore_ament_install'
[0.653s] Level 1:colcon.colcon_core.package_identification:_identify(src/tello_ros/tello_driver) by extensions ['colcon_pkg']
[0.653s] Level 1:colcon.colcon_core.package_identification:_identify(src/tello_ros/tello_driver) by extension 'colcon_pkg'
[0.654s] Level 1:colcon.colcon_core.package_identification:_identify(src/tello_ros/tello_driver) by extensions ['colcon_meta']
[0.654s] Level 1:colcon.colcon_core.package_identification:_identify(src/tello_ros/tello_driver) by extension 'colcon_meta'
[0.654s] Level 1:colcon.colcon_core.package_identification:_identify(src/tello_ros/tello_driver) by extensions ['ros']
[0.654s] Level 1:colcon.colcon_core.package_identification:_identify(src/tello_ros/tello_driver) by extension 'ros'
[0.656s] DEBUG:colcon.colcon_core.package_identification:Package 'src/tello_ros/tello_driver' with type 'ros.ament_cmake' and name 'tello_driver'
[0.657s] Level 1:colcon.colcon_core.package_identification:_identify(src/tello_ros/tello_gazebo) by extensions ['ignore', 'ignore_ament_install']
[0.657s] Level 1:colcon.colcon_core.package_identification:_identify(src/tello_ros/tello_gazebo) by extension 'ignore'
[0.657s] Level 1:colcon.colcon_core.package_identification:_identify(src/tello_ros/tello_gazebo) by extension 'ignore_ament_install'
[0.657s] Level 1:colcon.colcon_core.package_identification:_identify(src/tello_ros/tello_gazebo) by extensions ['colcon_pkg']
[0.658s] Level 1:colcon.colcon_core.package_identification:_identify(src/tello_ros/tello_gazebo) by extension 'colcon_pkg'
[0.658s] Level 1:colcon.colcon_core.package_identification:_identify(src/tello_ros/tello_gazebo) by extensions ['colcon_meta']
[0.658s] Level 1:colcon.colcon_core.package_identification:_identify(src/tello_ros/tello_gazebo) by extension 'colcon_meta'
[0.658s] Level 1:colcon.colcon_core.package_identification:_identify(src/tello_ros/tello_gazebo) by extensions ['ros']
[0.658s] Level 1:colcon.colcon_core.package_identification:_identify(src/tello_ros/tello_gazebo) by extension 'ros'
[0.660s] DEBUG:colcon.colcon_core.package_identification:Package 'src/tello_ros/tello_gazebo' with type 'ros.ament_cmake' and name 'tello_gazebo'
[0.661s] Level 1:colcon.colcon_core.package_identification:_identify(src/tello_ros/tello_msgs) by extensions ['ignore', 'ignore_ament_install']
[0.661s] Level 1:colcon.colcon_core.package_identification:_identify(src/tello_ros/tello_msgs) by extension 'ignore'
[0.661s] Level 1:colcon.colcon_core.package_identification:_identify(src/tello_ros/tello_msgs) by extension 'ignore_ament_install'
[0.661s] Level 1:colcon.colcon_core.package_identification:_identify(src/tello_ros/tello_msgs) by extensions ['colcon_pkg']
[0.662s] Level 1:colcon.colcon_core.package_identification:_identify(src/tello_ros/tello_msgs) by extension 'colcon_pkg'
[0.662s] Level 1:colcon.colcon_core.package_identification:_identify(src/tello_ros/tello_msgs) by extensions ['colcon_meta']
[0.662s] Level 1:colcon.colcon_core.package_identification:_identify(src/tello_ros/tello_msgs) by extension 'colcon_meta'
[0.662s] Level 1:colcon.colcon_core.package_identification:_identify(src/tello_ros/tello_msgs) by extensions ['ros']
[0.662s] Level 1:colcon.colcon_core.package_identification:_identify(src/tello_ros/tello_msgs) by extension 'ros'
[0.663s] DEBUG:colcon.colcon_core.package_identification:Package 'src/tello_ros/tello_msgs' with type 'ros.ament_cmake' and name 'tello_msgs'
[0.664s] Level 1:colcon.colcon_core.package_discovery:discover_packages(recursive) using defaults
[0.664s] Level 1:colcon.colcon_core.package_discovery:discover_packages(ignore) discover
[0.664s] Level 1:colcon.colcon_core.package_discovery:discover_packages(ignore) using defaults
[0.664s] Level 1:colcon.colcon_core.package_discovery:discover_packages(path) discover
[0.664s] Level 1:colcon.colcon_core.package_discovery:discover_packages(path) using defaults
[0.700s] Level 5:colcon.colcon_core.verb:set package 'ros2_shared' build argument 'cmake_args' from command line to 'None'
[0.701s] Level 5:colcon.colcon_core.verb:set package 'ros2_shared' build argument 'cmake_target' from command line to 'None'
[0.701s] Level 5:colcon.colcon_core.verb:set package 'ros2_shared' build argument 'cmake_target_skip_unavailable' from command line to 'False'
[0.701s] Level 5:colcon.colcon_core.verb:set package 'ros2_shared' build argument 'cmake_clean_cache' from command line to 'False'
[0.701s] Level 5:colcon.colcon_core.verb:set package 'ros2_shared' build argument 'cmake_clean_first' from command line to 'False'
[0.701s] Level 5:colcon.colcon_core.verb:set package 'ros2_shared' build argument 'cmake_force_configure' from command line to 'False'
[0.701s] Level 5:colcon.colcon_core.verb:set package 'ros2_shared' build argument 'ament_cmake_args' from command line to 'None'
[0.701s] Level 5:colcon.colcon_core.verb:set package 'ros2_shared' build argument 'catkin_cmake_args' from command line to 'None'
[0.701s] Level 5:colcon.colcon_core.verb:set package 'ros2_shared' build argument 'catkin_skip_building_tests' from command line to 'False'
[0.702s] DEBUG:colcon.colcon_core.verb:Building package 'ros2_shared' with the following arguments: {'ament_cmake_args': None, 'build_base': '/root/DockerFiles/drone_ws/build/ros2_shared', 'catkin_cmake_args': None, 'catkin_skip_building_tests': False, 'cmake_args': None, 'cmake_clean_cache': False, 'cmake_clean_first': False, 'cmake_force_configure': False, 'cmake_target': None, 'cmake_target_skip_unavailable': False, 'install_base': '/root/DockerFiles/drone_ws/install/ros2_shared', 'merge_install': False, 'path': '/root/DockerFiles/drone_ws/src/ros2_shared', 'symlink_install': False, 'test_result_base': None}
[0.703s] Level 5:colcon.colcon_core.verb:set package 'tello_camera' build argument 'cmake_args' from command line to 'None'
[0.704s] Level 5:colcon.colcon_core.verb:set package 'tello_camera' build argument 'cmake_target' from command line to 'None'
[0.704s] Level 5:colcon.colcon_core.verb:set package 'tello_camera' build argument 'cmake_target_skip_unavailable' from command line to 'False'
[0.704s] Level 5:colcon.colcon_core.verb:set package 'tello_camera' build argument 'cmake_clean_cache' from command line to 'False'
[0.705s] Level 5:colcon.colcon_core.verb:set package 'tello_camera' build argument 'cmake_clean_first' from command line to 'False'
[0.705s] Level 5:colcon.colcon_core.verb:set package 'tello_camera' build argument 'cmake_force_configure' from command line to 'False'
[0.705s] Level 5:colcon.colcon_core.verb:set package 'tello_camera' build argument 'ament_cmake_args' from command line to 'None'
[0.705s] Level 5:colcon.colcon_core.verb:set package 'tello_camera' build argument 'catkin_cmake_args' from command line to 'None'
[0.705s] Level 5:colcon.colcon_core.verb:set package 'tello_camera' build argument 'catkin_skip_building_tests' from command line to 'False'
[0.705s] DEBUG:colcon.colcon_core.verb:Building package 'tello_camera' with the following arguments: {'ament_cmake_args': None, 'build_base': '/root/DockerFiles/drone_ws/build/tello_camera', 'catkin_cmake_args': None, 'catkin_skip_building_tests': False, 'cmake_args': None, 'cmake_clean_cache': False, 'cmake_clean_first': False, 'cmake_force_configure': False, 'cmake_target': None, 'cmake_target_skip_unavailable': False, 'install_base': '/root/DockerFiles/drone_ws/install/tello_camera', 'merge_install': False, 'path': '/root/DockerFiles/drone_ws/src/tello_camera', 'symlink_install': False, 'test_result_base': None}
[0.708s] Level 5:colcon.colcon_core.verb:set package 'tello_controller' build argument 'cmake_args' from command line to 'None'
[0.709s] Level 5:colcon.colcon_core.verb:set package 'tello_controller' build argument 'cmake_target' from command line to 'None'
[0.709s] Level 5:colcon.colcon_core.verb:set package 'tello_controller' build argument 'cmake_target_skip_unavailable' from command line to 'False'
[0.709s] Level 5:colcon.colcon_core.verb:set package 'tello_controller' build argument 'cmake_clean_cache' from command line to 'False'
[0.710s] Level 5:colcon.colcon_core.verb:set package 'tello_controller' build argument 'cmake_clean_first' from command line to 'False'
[0.710s] Level 5:colcon.colcon_core.verb:set package 'tello_controller' build argument 'cmake_force_configure' from command line to 'False'
[0.710s] Level 5:colcon.colcon_core.verb:set package 'tello_controller' build argument 'ament_cmake_args' from command line to 'None'
[0.710s] Level 5:colcon.colcon_core.verb:set package 'tello_controller' build argument 'catkin_cmake_args' from command line to 'None'
[0.710s] Level 5:colcon.colcon_core.verb:set package 'tello_controller' build argument 'catkin_skip_building_tests' from command line to 'False'
[0.710s] DEBUG:colcon.colcon_core.verb:Building package 'tello_controller' with the following arguments: {'ament_cmake_args': None, 'build_base': '/root/DockerFiles/drone_ws/build/tello_controller', 'catkin_cmake_args': None, 'catkin_skip_building_tests': False, 'cmake_args': None, 'cmake_clean_cache': False, 'cmake_clean_first': False, 'cmake_force_configure': False, 'cmake_target': None, 'cmake_target_skip_unavailable': False, 'install_base': '/root/DockerFiles/drone_ws/install/tello_controller', 'merge_install': False, 'path': '/root/DockerFiles/drone_ws/src/tello_controller', 'symlink_install': False, 'test_result_base': None}
[0.712s] Level 5:colcon.colcon_core.verb:set package 'tello_description' build argument 'cmake_args' from command line to 'None'
[0.712s] Level 5:colcon.colcon_core.verb:set package 'tello_description' build argument 'cmake_target' from command line to 'None'
[0.713s] Level 5:colcon.colcon_core.verb:set package 'tello_description' build argument 'cmake_target_skip_unavailable' from command line to 'False'
[0.713s] Level 5:colcon.colcon_core.verb:set package 'tello_description' build argument 'cmake_clean_cache' from command line to 'False'
[0.713s] Level 5:colcon.colcon_core.verb:set package 'tello_description' build argument 'cmake_clean_first' from command line to 'False'
[0.713s] Level 5:colcon.colcon_core.verb:set package 'tello_description' build argument 'cmake_force_configure' from command line to 'False'
[0.713s] Level 5:colcon.colcon_core.verb:set package 'tello_description' build argument 'ament_cmake_args' from command line to 'None'
[0.713s] Level 5:colcon.colcon_core.verb:set package 'tello_description' build argument 'catkin_cmake_args' from command line to 'None'
[0.714s] Level 5:colcon.colcon_core.verb:set package 'tello_description' build argument 'catkin_skip_building_tests' from command line to 'False'
[0.714s] DEBUG:colcon.colcon_core.verb:Building package 'tello_description' with the following arguments: {'ament_cmake_args': None, 'build_base': '/root/DockerFiles/drone_ws/build/tello_description', 'catkin_cmake_args': None, 'catkin_skip_building_tests': False, 'cmake_args': None, 'cmake_clean_cache': False, 'cmake_clean_first': False, 'cmake_force_configure': False, 'cmake_target': None, 'cmake_target_skip_unavailable': False, 'install_base': '/root/DockerFiles/drone_ws/install/tello_description', 'merge_install': False, 'path': '/root/DockerFiles/drone_ws/src/tello_ros/tello_description', 'symlink_install': False, 'test_result_base': None}
[0.716s] Level 5:colcon.colcon_core.verb:set package 'tello_hand_move' build argument 'cmake_args' from command line to 'None'
[0.716s] Level 5:colcon.colcon_core.verb:set package 'tello_hand_move' build argument 'cmake_target' from command line to 'None'
[0.717s] Level 5:colcon.colcon_core.verb:set package 'tello_hand_move' build argument 'cmake_target_skip_unavailable' from command line to 'False'
[0.717s] Level 5:colcon.colcon_core.verb:set package 'tello_hand_move' build argument 'cmake_clean_cache' from command line to 'False'
[0.717s] Level 5:colcon.colcon_core.verb:set package 'tello_hand_move' build argument 'cmake_clean_first' from command line to 'False'
[0.717s] Level 5:colcon.colcon_core.verb:set package 'tello_hand_move' build argument 'cmake_force_configure' from command line to 'False'
[0.717s] Level 5:colcon.colcon_core.verb:set package 'tello_hand_move' build argument 'ament_cmake_args' from command line to 'None'
[0.717s] Level 5:colcon.colcon_core.verb:set package 'tello_hand_move' build argument 'catkin_cmake_args' from command line to 'None'
[0.718s] Level 5:colcon.colcon_core.verb:set package 'tello_hand_move' build argument 'catkin_skip_building_tests' from command line to 'False'
[0.718s] DEBUG:colcon.colcon_core.verb:Building package 'tello_hand_move' with the following arguments: {'ament_cmake_args': None, 'build_base': '/root/DockerFiles/drone_ws/build/tello_hand_move', 'catkin_cmake_args': None, 'catkin_skip_building_tests': False, 'cmake_args': None, 'cmake_clean_cache': False, 'cmake_clean_first': False, 'cmake_force_configure': False, 'cmake_target': None, 'cmake_target_skip_unavailable': False, 'install_base': '/root/DockerFiles/drone_ws/install/tello_hand_move', 'merge_install': False, 'path': '/root/DockerFiles/drone_ws/src/tello_hand_move', 'symlink_install': False, 'test_result_base': None}
[0.719s] Level 5:colcon.colcon_core.verb:set package 'tello_mission' build argument 'cmake_args' from command line to 'None'
[0.720s] Level 5:colcon.colcon_core.verb:set package 'tello_mission' build argument 'cmake_target' from command line to 'None'
[0.720s] Level 5:colcon.colcon_core.verb:set package 'tello_mission' build argument 'cmake_target_skip_unavailable' from command line to 'False'
[0.720s] Level 5:colcon.colcon_core.verb:set package 'tello_mission' build argument 'cmake_clean_cache' from command line to 'False'
[0.720s] Level 5:colcon.colcon_core.verb:set package 'tello_mission' build argument 'cmake_clean_first' from command line to 'False'
[0.720s] Level 5:colcon.colcon_core.verb:set package 'tello_mission' build argument 'cmake_force_configure' from command line to 'False'
[0.720s] Level 5:colcon.colcon_core.verb:set package 'tello_mission' build argument 'ament_cmake_args' from command line to 'None'
[0.720s] Level 5:colcon.colcon_core.verb:set package 'tello_mission' build argument 'catkin_cmake_args' from command line to 'None'
[0.720s] Level 5:colcon.colcon_core.verb:set package 'tello_mission' build argument 'catkin_skip_building_tests' from command line to 'False'
[0.720s] DEBUG:colcon.colcon_core.verb:Building package 'tello_mission' with the following arguments: {'ament_cmake_args': None, 'build_base': '/root/DockerFiles/drone_ws/build/tello_mission', 'catkin_cmake_args': None, 'catkin_skip_building_tests': False, 'cmake_args': None, 'cmake_clean_cache': False, 'cmake_clean_first': False, 'cmake_force_configure': False, 'cmake_target': None, 'cmake_target_skip_unavailable': False, 'install_base': '/root/DockerFiles/drone_ws/install/tello_mission', 'merge_install': False, 'path': '/root/DockerFiles/drone_ws/src/tello_mission', 'symlink_install': False, 'test_result_base': None}
[0.722s] Level 5:colcon.colcon_core.verb:set package 'tello_msgs' build argument 'cmake_args' from command line to 'None'
[0.723s] Level 5:colcon.colcon_core.verb:set package 'tello_msgs' build argument 'cmake_target' from command line to 'None'
[0.723s] Level 5:colcon.colcon_core.verb:set package 'tello_msgs' build argument 'cmake_target_skip_unavailable' from command line to 'False'
[0.723s] Level 5:colcon.colcon_core.verb:set package 'tello_msgs' build argument 'cmake_clean_cache' from command line to 'False'
[0.723s] Level 5:colcon.colcon_core.verb:set package 'tello_msgs' build argument 'cmake_clean_first' from command line to 'False'
[0.723s] Level 5:colcon.colcon_core.verb:set package 'tello_msgs' build argument 'cmake_force_configure' from command line to 'False'
[0.723s] Level 5:colcon.colcon_core.verb:set package 'tello_msgs' build argument 'ament_cmake_args' from command line to 'None'
[0.723s] Level 5:colcon.colcon_core.verb:set package 'tello_msgs' build argument 'catkin_cmake_args' from command line to 'None'
[0.723s] Level 5:colcon.colcon_core.verb:set package 'tello_msgs' build argument 'catkin_skip_building_tests' from command line to 'False'
[0.723s] DEBUG:colcon.colcon_core.verb:Building package 'tello_msgs' with the following arguments: {'ament_cmake_args': None, 'build_base': '/root/DockerFiles/drone_ws/build/tello_msgs', 'catkin_cmake_args': None, 'catkin_skip_building_tests': False, 'cmake_args': None, 'cmake_clean_cache': False, 'cmake_clean_first': False, 'cmake_force_configure': False, 'cmake_target': None, 'cmake_target_skip_unavailable': False, 'install_base': '/root/DockerFiles/drone_ws/install/tello_msgs', 'merge_install': False, 'path': '/root/DockerFiles/drone_ws/src/tello_ros/tello_msgs', 'symlink_install': False, 'test_result_base': None}
[0.725s] Level 5:colcon.colcon_core.verb:set package 'tello_driver' build argument 'cmake_args' from command line to 'None'
[0.725s] Level 5:colcon.colcon_core.verb:set package 'tello_driver' build argument 'cmake_target' from command line to 'None'
[0.725s] Level 5:colcon.colcon_core.verb:set package 'tello_driver' build argument 'cmake_target_skip_unavailable' from command line to 'False'
[0.725s] Level 5:colcon.colcon_core.verb:set package 'tello_driver' build argument 'cmake_clean_cache' from command line to 'False'
[0.725s] Level 5:colcon.colcon_core.verb:set package 'tello_driver' build argument 'cmake_clean_first' from command line to 'False'
[0.726s] Level 5:colcon.colcon_core.verb:set package 'tello_driver' build argument 'cmake_force_configure' from command line to 'False'
[0.726s] Level 5:colcon.colcon_core.verb:set package 'tello_driver' build argument 'ament_cmake_args' from command line to 'None'
[0.726s] Level 5:colcon.colcon_core.verb:set package 'tello_driver' build argument 'catkin_cmake_args' from command line to 'None'
[0.726s] Level 5:colcon.colcon_core.verb:set package 'tello_driver' build argument 'catkin_skip_building_tests' from command line to 'False'
[0.726s] DEBUG:colcon.colcon_core.verb:Building package 'tello_driver' with the following arguments: {'ament_cmake_args': None, 'build_base': '/root/DockerFiles/drone_ws/build/tello_driver', 'catkin_cmake_args': None, 'catkin_skip_building_tests': False, 'cmake_args': None, 'cmake_clean_cache': False, 'cmake_clean_first': False, 'cmake_force_configure': False, 'cmake_target': None, 'cmake_target_skip_unavailable': False, 'install_base': '/root/DockerFiles/drone_ws/install/tello_driver', 'merge_install': False, 'path': '/root/DockerFiles/drone_ws/src/tello_ros/tello_driver', 'symlink_install': False, 'test_result_base': None}
[0.730s] Level 5:colcon.colcon_core.verb:set package 'tello_gazebo' build argument 'cmake_args' from command line to 'None'
[0.730s] Level 5:colcon.colcon_core.verb:set package 'tello_gazebo' build argument 'cmake_target' from command line to 'None'
[0.730s] Level 5:colcon.colcon_core.verb:set package 'tello_gazebo' build argument 'cmake_target_skip_unavailable' from command line to 'False'
[0.730s] Level 5:colcon.colcon_core.verb:set package 'tello_gazebo' build argument 'cmake_clean_cache' from command line to 'False'
[0.730s] Level 5:colcon.colcon_core.verb:set package 'tello_gazebo' build argument 'cmake_clean_first' from command line to 'False'
[0.730s] Level 5:colcon.colcon_core.verb:set package 'tello_gazebo' build argument 'cmake_force_configure' from command line to 'False'
[0.730s] Level 5:colcon.colcon_core.verb:set package 'tello_gazebo' build argument 'ament_cmake_args' from command line to 'None'
[0.730s] Level 5:colcon.colcon_core.verb:set package 'tello_gazebo' build argument 'catkin_cmake_args' from command line to 'None'
[0.731s] Level 5:colcon.colcon_core.verb:set package 'tello_gazebo' build argument 'catkin_skip_building_tests' from command line to 'False'
[0.731s] DEBUG:colcon.colcon_core.verb:Building package 'tello_gazebo' with the following arguments: {'ament_cmake_args': None, 'build_base': '/root/DockerFiles/drone_ws/build/tello_gazebo', 'catkin_cmake_args': None, 'catkin_skip_building_tests': False, 'cmake_args': None, 'cmake_clean_cache': False, 'cmake_clean_first': False, 'cmake_force_configure': False, 'cmake_target': None, 'cmake_target_skip_unavailable': False, 'install_base': '/root/DockerFiles/drone_ws/install/tello_gazebo', 'merge_install': False, 'path': '/root/DockerFiles/drone_ws/src/tello_ros/tello_gazebo', 'symlink_install': False, 'test_result_base': None}
[0.733s] INFO:colcon.colcon_core.executor:Executing jobs using 'parallel' executor
[0.745s] DEBUG:colcon.colcon_parallel_executor.executor.parallel:run_until_complete
[0.746s] INFO:colcon.colcon_ros.task.ament_cmake.build:Building ROS package in '/root/DockerFiles/drone_ws/src/tello_ros/tello_msgs' with build type 'ament_cmake'
[0.749s] INFO:colcon.colcon_cmake.task.cmake.build:Building CMake package in '/root/DockerFiles/drone_ws/src/tello_ros/tello_msgs'
[0.764s] INFO:colcon.colcon_core.plugin_system:Skipping extension 'colcon_core.shell.bat': Not used on non-Windows systems
[0.765s] INFO:colcon.colcon_core.shell:Skip shell extension 'powershell' for command environment: Not usable outside of PowerShell
[0.765s] DEBUG:colcon.colcon_core.shell:Skip shell extension 'dsv' for command environment
[0.776s] INFO:colcon.colcon_ros.task.ament_cmake.build:Building ROS package in '/root/DockerFiles/drone_ws/src/ros2_shared' with build type 'ament_cmake'
[0.776s] INFO:colcon.colcon_cmake.task.cmake.build:Building CMake package in '/root/DockerFiles/drone_ws/src/ros2_shared'
[0.783s] INFO:colcon.colcon_core.shell:Skip shell extension 'powershell' for command environment: Not usable outside of PowerShell
[0.783s] DEBUG:colcon.colcon_core.shell:Skip shell extension 'dsv' for command environment
[0.798s] INFO:colcon.colcon_ros.task.ament_python.build:Building ROS package in '/root/DockerFiles/drone_ws/src/tello_camera' with build type 'ament_python'
[0.799s] Level 1:colcon.colcon_core.shell:create_environment_hook('tello_camera', 'ament_prefix_path')
[0.802s] INFO:colcon.colcon_core.shell:Creating environment hook '/root/DockerFiles/drone_ws/install/tello_camera/share/tello_camera/hook/ament_prefix_path.ps1'
[0.814s] INFO:colcon.colcon_core.shell:Creating environment descriptor '/root/DockerFiles/drone_ws/install/tello_camera/share/tello_camera/hook/ament_prefix_path.dsv'
[0.825s] INFO:colcon.colcon_core.shell:Creating environment hook '/root/DockerFiles/drone_ws/install/tello_camera/share/tello_camera/hook/ament_prefix_path.sh'
[0.828s] INFO:colcon.colcon_core.shell:Skip shell extension 'powershell' for command environment: Not usable outside of PowerShell
[0.828s] DEBUG:colcon.colcon_core.shell:Skip shell extension 'dsv' for command environment
[0.841s] INFO:colcon.colcon_ros.task.ament_python.build:Building ROS package in '/root/DockerFiles/drone_ws/src/tello_controller' with build type 'ament_python'
[0.841s] Level 1:colcon.colcon_core.shell:create_environment_hook('tello_controller', 'ament_prefix_path')
[0.844s] INFO:colcon.colcon_core.shell:Creating environment hook '/root/DockerFiles/drone_ws/install/tello_controller/share/tello_controller/hook/ament_prefix_path.ps1'
[0.845s] INFO:colcon.colcon_core.shell:Creating environment descriptor '/root/DockerFiles/drone_ws/install/tello_controller/share/tello_controller/hook/ament_prefix_path.dsv'
[0.846s] INFO:colcon.colcon_core.shell:Creating environment hook '/root/DockerFiles/drone_ws/install/tello_controller/share/tello_controller/hook/ament_prefix_path.sh'
[0.849s] INFO:colcon.colcon_core.shell:Skip shell extension 'powershell' for command environment: Not usable outside of PowerShell
[0.849s] DEBUG:colcon.colcon_core.shell:Skip shell extension 'dsv' for command environment
[0.860s] INFO:colcon.colcon_ros.task.ament_cmake.build:Building ROS package in '/root/DockerFiles/drone_ws/src/tello_ros/tello_description' with build type 'ament_cmake'
[0.862s] INFO:colcon.colcon_cmake.task.cmake.build:Building CMake package in '/root/DockerFiles/drone_ws/src/tello_ros/tello_description'
[0.865s] INFO:colcon.colcon_core.shell:Skip shell extension 'powershell' for command environment: Not usable outside of PowerShell
[0.866s] DEBUG:colcon.colcon_core.shell:Skip shell extension 'dsv' for command environment
[0.881s] INFO:colcon.colcon_ros.task.ament_python.build:Building ROS package in '/root/DockerFiles/drone_ws/src/tello_hand_move' with build type 'ament_python'
[0.885s] Level 1:colcon.colcon_core.shell:create_environment_hook('tello_hand_move', 'ament_prefix_path')
[0.892s] INFO:colcon.colcon_core.shell:Creating environment hook '/root/DockerFiles/drone_ws/install/tello_hand_move/share/tello_hand_move/hook/ament_prefix_path.ps1'
[0.897s] INFO:colcon.colcon_core.shell:Creating environment descriptor '/root/DockerFiles/drone_ws/install/tello_hand_move/share/tello_hand_move/hook/ament_prefix_path.dsv'
[0.907s] INFO:colcon.colcon_core.shell:Creating environment hook '/root/DockerFiles/drone_ws/install/tello_hand_move/share/tello_hand_move/hook/ament_prefix_path.sh'
[0.909s] INFO:colcon.colcon_core.shell:Skip shell extension 'powershell' for command environment: Not usable outside of PowerShell
[0.910s] DEBUG:colcon.colcon_core.shell:Skip shell extension 'dsv' for command environment
[0.928s] INFO:colcon.colcon_ros.task.ament_python.build:Building ROS package in '/root/DockerFiles/drone_ws/src/tello_mission' with build type 'ament_python'
[0.929s] Level 1:colcon.colcon_core.shell:create_environment_hook('tello_mission', 'ament_prefix_path')
[0.932s] INFO:colcon.colcon_core.shell:Creating environment hook '/root/DockerFiles/drone_ws/install/tello_mission/share/tello_mission/hook/ament_prefix_path.ps1'
[0.933s] INFO:colcon.colcon_core.shell:Creating environment descriptor '/root/DockerFiles/drone_ws/install/tello_mission/share/tello_mission/hook/ament_prefix_path.dsv'
[0.934s] INFO:colcon.colcon_core.shell:Creating environment hook '/root/DockerFiles/drone_ws/install/tello_mission/share/tello_mission/hook/ament_prefix_path.sh'
[0.937s] INFO:colcon.colcon_core.shell:Skip shell extension 'powershell' for command environment: Not usable outside of PowerShell
[0.937s] DEBUG:colcon.colcon_core.shell:Skip shell extension 'dsv' for command environment
[0.962s] DEBUG:colcon.colcon_core.event_handler.log_command:Invoking command in '/root/DockerFiles/drone_ws/build/tello_msgs': CMAKE_PREFIX_PATH=${CMAKE_PREFIX_PATH}:/root/DockerFiles/drone_ws/install/tello_mission:/root/DockerFiles/drone_ws/install/tello_hand_move:/root/DockerFiles/drone_ws/install/tello_controller:/root/DockerFiles/drone_ws/install/tello_camera:/opt/ros/foxy /usr/bin/cmake --build /root/DockerFiles/drone_ws/build/tello_msgs -- -j12 -l12
[0.979s] DEBUG:colcon.colcon_core.event_handler.log_command:Invoking command in '/root/DockerFiles/drone_ws/build/ros2_shared': CMAKE_PREFIX_PATH=${CMAKE_PREFIX_PATH}:/root/DockerFiles/drone_ws/install/tello_mission:/root/DockerFiles/drone_ws/install/tello_hand_move:/root/DockerFiles/drone_ws/install/tello_controller:/root/DockerFiles/drone_ws/install/tello_camera:/opt/ros/foxy /usr/bin/cmake --build /root/DockerFiles/drone_ws/build/ros2_shared -- -j12 -l12
[1.374s] INFO:colcon.colcon_core.task.python.build:Building Python package in '/root/DockerFiles/drone_ws/src/tello_camera'
[1.376s] INFO:colcon.colcon_core.shell:Skip shell extension 'powershell' for command environment: Not usable outside of PowerShell
[1.376s] DEBUG:colcon.colcon_core.shell:Skip shell extension 'dsv' for command environment
[1.738s] INFO:colcon.colcon_core.task.python.build:Building Python package in '/root/DockerFiles/drone_ws/src/tello_controller'
[1.741s] INFO:colcon.colcon_core.shell:Skip shell extension 'powershell' for command environment: Not usable outside of PowerShell
[1.741s] DEBUG:colcon.colcon_core.shell:Skip shell extension 'dsv' for command environment
[1.763s] DEBUG:colcon.colcon_core.event_handler.log_command:Invoking command in '/root/DockerFiles/drone_ws/build/tello_description': CMAKE_PREFIX_PATH=${CMAKE_PREFIX_PATH}:/root/DockerFiles/drone_ws/install/tello_mission:/root/DockerFiles/drone_ws/install/tello_hand_move:/root/DockerFiles/drone_ws/install/tello_controller:/root/DockerFiles/drone_ws/install/tello_camera:/opt/ros/foxy /usr/bin/cmake --build /root/DockerFiles/drone_ws/build/tello_description -- -j12 -l12
[2.166s] WARNING:colcon.colcon_ros.task.ament_python.build:Package 'tello_hand_move' doesn't explicitly install a marker in the package index (colcon-ros currently does it implicitly but that fallback will be removed in the future)
[2.167s] WARNING:colcon.colcon_ros.task.ament_python.build:Package 'tello_hand_move' doesn't explicitly install the 'package.xml' file (colcon-ros currently does it implicitly but that fallback will be removed in the future)
[2.167s] INFO:colcon.colcon_core.task.python.build:Building Python package in '/root/DockerFiles/drone_ws/src/tello_hand_move'
[2.173s] INFO:colcon.colcon_core.shell:Skip shell extension 'powershell' for command environment: Not usable outside of PowerShell
[2.174s] DEBUG:colcon.colcon_core.shell:Skip shell extension 'dsv' for command environment
[2.226s] DEBUG:colcon.colcon_core.event_handler.log_command:Invoked command in '/root/DockerFiles/drone_ws/build/tello_msgs' returned '0': CMAKE_PREFIX_PATH=${CMAKE_PREFIX_PATH}:/root/DockerFiles/drone_ws/install/tello_mission:/root/DockerFiles/drone_ws/install/tello_hand_move:/root/DockerFiles/drone_ws/install/tello_controller:/root/DockerFiles/drone_ws/install/tello_camera:/opt/ros/foxy /usr/bin/cmake --build /root/DockerFiles/drone_ws/build/tello_msgs -- -j12 -l12
[2.227s] DEBUG:colcon.colcon_core.event_handler.log_command:Invoked command in '/root/DockerFiles/drone_ws/build/ros2_shared' returned '0': CMAKE_PREFIX_PATH=${CMAKE_PREFIX_PATH}:/root/DockerFiles/drone_ws/install/tello_mission:/root/DockerFiles/drone_ws/install/tello_hand_move:/root/DockerFiles/drone_ws/install/tello_controller:/root/DockerFiles/drone_ws/install/tello_camera:/opt/ros/foxy /usr/bin/cmake --build /root/DockerFiles/drone_ws/build/ros2_shared -- -j12 -l12
[2.636s] INFO:colcon.colcon_core.task.python.build:Building Python package in '/root/DockerFiles/drone_ws/src/tello_mission'
[2.639s] INFO:colcon.colcon_core.shell:Skip shell extension 'powershell' for command environment: Not usable outside of PowerShell
[2.639s] DEBUG:colcon.colcon_core.shell:Skip shell extension 'dsv' for command environment
[2.690s] DEBUG:colcon.colcon_core.event_handler.log_command:Invoked command in '/root/DockerFiles/drone_ws/build/tello_description' returned '0': CMAKE_PREFIX_PATH=${CMAKE_PREFIX_PATH}:/root/DockerFiles/drone_ws/install/tello_mission:/root/DockerFiles/drone_ws/install/tello_hand_move:/root/DockerFiles/drone_ws/install/tello_controller:/root/DockerFiles/drone_ws/install/tello_camera:/opt/ros/foxy /usr/bin/cmake --build /root/DockerFiles/drone_ws/build/tello_description -- -j12 -l12
[2.755s] DEBUG:colcon.colcon_core.event_handler.log_command:Invoking command in '/root/DockerFiles/drone_ws/build/tello_msgs': CMAKE_PREFIX_PATH=${CMAKE_PREFIX_PATH}:/root/DockerFiles/drone_ws/install/tello_mission:/root/DockerFiles/drone_ws/install/tello_hand_move:/root/DockerFiles/drone_ws/install/tello_controller:/root/DockerFiles/drone_ws/install/tello_camera:/opt/ros/foxy /usr/bin/cmake --install /root/DockerFiles/drone_ws/build/tello_msgs
[2.765s] DEBUG:colcon.colcon_core.event_handler.log_command:Invoking command in '/root/DockerFiles/drone_ws/build/ros2_shared': CMAKE_PREFIX_PATH=${CMAKE_PREFIX_PATH}:/root/DockerFiles/drone_ws/install/tello_mission:/root/DockerFiles/drone_ws/install/tello_hand_move:/root/DockerFiles/drone_ws/install/tello_controller:/root/DockerFiles/drone_ws/install/tello_camera:/opt/ros/foxy /usr/bin/cmake --install /root/DockerFiles/drone_ws/build/ros2_shared
[2.794s] DEBUG:colcon.colcon_core.event_handler.log_command:Invoking command in '/root/DockerFiles/drone_ws/build/tello_description': CMAKE_PREFIX_PATH=${CMAKE_PREFIX_PATH}:/root/DockerFiles/drone_ws/install/tello_mission:/root/DockerFiles/drone_ws/install/tello_hand_move:/root/DockerFiles/drone_ws/install/tello_controller:/root/DockerFiles/drone_ws/install/tello_camera:/opt/ros/foxy /usr/bin/cmake --install /root/DockerFiles/drone_ws/build/tello_description
[2.808s] Level 1:colcon.colcon_core.environment:create_environment_scripts_only(ros2_shared)
[2.825s] Level 1:colcon.colcon_core.environment:checking '/root/DockerFiles/drone_ws/install/ros2_shared' for CMake module files
[2.830s] Level 1:colcon.colcon_core.environment:checking '/root/DockerFiles/drone_ws/install/ros2_shared' for CMake config files
[2.830s] Level 1:colcon.colcon_core.shell:create_environment_hook('ros2_shared', 'cmake_prefix_path')
[2.833s] INFO:colcon.colcon_core.shell:Creating environment hook '/root/DockerFiles/drone_ws/install/ros2_shared/share/ros2_shared/hook/cmake_prefix_path.ps1'
[2.834s] INFO:colcon.colcon_core.shell:Creating environment descriptor '/root/DockerFiles/drone_ws/install/ros2_shared/share/ros2_shared/hook/cmake_prefix_path.dsv'
[2.835s] INFO:colcon.colcon_core.shell:Creating environment hook '/root/DockerFiles/drone_ws/install/ros2_shared/share/ros2_shared/hook/cmake_prefix_path.sh'
[2.836s] Level 1:colcon.colcon_core.environment:checking '/root/DockerFiles/drone_ws/install/ros2_shared/bin'
[2.836s] Level 1:colcon.colcon_core.environment:checking '/root/DockerFiles/drone_ws/install/ros2_shared/lib/pkgconfig/ros2_shared.pc'
[2.836s] Level 1:colcon.colcon_core.environment:checking '/root/DockerFiles/drone_ws/install/ros2_shared/lib/python3.8/site-packages'
[2.837s] Level 1:colcon.colcon_core.environment:checking '/root/DockerFiles/drone_ws/install/ros2_shared/bin'
[2.843s] INFO:colcon.colcon_core.shell:Creating package script '/root/DockerFiles/drone_ws/install/ros2_shared/share/ros2_shared/package.ps1'
[2.845s] INFO:colcon.colcon_core.shell:Creating package descriptor '/root/DockerFiles/drone_ws/install/ros2_shared/share/ros2_shared/package.dsv'
[2.844s] DEBUG:colcon.colcon_core.event_handler.log_command:Invoked command in '/root/DockerFiles/drone_ws/build/ros2_shared' returned '0': CMAKE_PREFIX_PATH=${CMAKE_PREFIX_PATH}:/root/DockerFiles/drone_ws/install/tello_mission:/root/DockerFiles/drone_ws/install/tello_hand_move:/root/DockerFiles/drone_ws/install/tello_controller:/root/DockerFiles/drone_ws/install/tello_camera:/opt/ros/foxy /usr/bin/cmake --install /root/DockerFiles/drone_ws/build/ros2_shared
[2.849s] INFO:colcon.colcon_core.shell:Creating package script '/root/DockerFiles/drone_ws/install/ros2_shared/share/ros2_shared/package.sh'
[2.850s] INFO:colcon.colcon_core.shell:Creating package script '/root/DockerFiles/drone_ws/install/ros2_shared/share/ros2_shared/package.bash'
[2.853s] INFO:colcon.colcon_core.shell:Creating package script '/root/DockerFiles/drone_ws/install/ros2_shared/share/ros2_shared/package.zsh'
[2.854s] Level 1:colcon.colcon_core.environment:create_file_with_runtime_dependencies(/root/DockerFiles/drone_ws/install/ros2_shared/share/colcon-core/packages/ros2_shared)
[2.870s] Level 1:colcon.colcon_core.environment:create_environment_scripts_only(tello_description)
[2.870s] DEBUG:colcon.colcon_core.event_handler.log_command:Invoked command in '/root/DockerFiles/drone_ws/build/tello_description' returned '0': CMAKE_PREFIX_PATH=${CMAKE_PREFIX_PATH}:/root/DockerFiles/drone_ws/install/tello_mission:/root/DockerFiles/drone_ws/install/tello_hand_move:/root/DockerFiles/drone_ws/install/tello_controller:/root/DockerFiles/drone_ws/install/tello_camera:/opt/ros/foxy /usr/bin/cmake --install /root/DockerFiles/drone_ws/build/tello_description
[2.890s] Level 1:colcon.colcon_core.environment:checking '/root/DockerFiles/drone_ws/install/tello_description' for CMake module files
[2.913s] Level 1:colcon.colcon_core.environment:checking '/root/DockerFiles/drone_ws/install/tello_description' for CMake config files
[2.914s] Level 1:colcon.colcon_core.shell:create_environment_hook('tello_description', 'cmake_prefix_path')
[2.916s] INFO:colcon.colcon_core.shell:Creating environment hook '/root/DockerFiles/drone_ws/install/tello_description/share/tello_description/hook/cmake_prefix_path.ps1'
[2.928s] INFO:colcon.colcon_core.shell:Creating environment descriptor '/root/DockerFiles/drone_ws/install/tello_description/share/tello_description/hook/cmake_prefix_path.dsv'
[2.931s] INFO:colcon.colcon_core.shell:Creating environment hook '/root/DockerFiles/drone_ws/install/tello_description/share/tello_description/hook/cmake_prefix_path.sh'
[2.935s] Level 1:colcon.colcon_core.environment:checking '/root/DockerFiles/drone_ws/install/tello_description/bin'
[2.935s] Level 1:colcon.colcon_core.environment:checking '/root/DockerFiles/drone_ws/install/tello_description/lib/pkgconfig/tello_description.pc'
[2.936s] Level 1:colcon.colcon_core.environment:checking '/root/DockerFiles/drone_ws/install/tello_description/lib/python3.8/site-packages'
[2.936s] Level 1:colcon.colcon_core.environment:checking '/root/DockerFiles/drone_ws/install/tello_description/bin'
[2.939s] INFO:colcon.colcon_core.shell:Creating package script '/root/DockerFiles/drone_ws/install/tello_description/share/tello_description/package.ps1'
[2.941s] INFO:colcon.colcon_core.shell:Creating package descriptor '/root/DockerFiles/drone_ws/install/tello_description/share/tello_description/package.dsv'
[2.941s] INFO:colcon.colcon_core.shell:Creating package script '/root/DockerFiles/drone_ws/install/tello_description/share/tello_description/package.sh'
[2.942s] INFO:colcon.colcon_core.shell:Creating package script '/root/DockerFiles/drone_ws/install/tello_description/share/tello_description/package.bash'
[2.942s] INFO:colcon.colcon_core.shell:Creating package script '/root/DockerFiles/drone_ws/install/tello_description/share/tello_description/package.zsh'
[2.943s] Level 1:colcon.colcon_core.environment:create_file_with_runtime_dependencies(/root/DockerFiles/drone_ws/install/tello_description/share/colcon-core/packages/tello_description)
[2.963s] Level 1:colcon.colcon_core.environment:create_environment_scripts_only(ros2_shared)
[2.977s] Level 1:colcon.colcon_core.environment:checking '/root/DockerFiles/drone_ws/install/ros2_shared' for CMake module files
[2.978s] Level 1:colcon.colcon_core.environment:checking '/root/DockerFiles/drone_ws/install/ros2_shared' for CMake config files
[2.980s] Level 1:colcon.colcon_core.shell:create_environment_hook('ros2_shared', 'cmake_prefix_path')
[2.984s] INFO:colcon.colcon_core.shell:Creating environment hook '/root/DockerFiles/drone_ws/install/ros2_shared/share/ros2_shared/hook/cmake_prefix_path.ps1'
[2.989s] INFO:colcon.colcon_core.shell:Creating environment descriptor '/root/DockerFiles/drone_ws/install/ros2_shared/share/ros2_shared/hook/cmake_prefix_path.dsv'
[2.991s] INFO:colcon.colcon_core.shell:Creating environment hook '/root/DockerFiles/drone_ws/install/ros2_shared/share/ros2_shared/hook/cmake_prefix_path.sh'
[2.992s] Level 1:colcon.colcon_core.environment:checking '/root/DockerFiles/drone_ws/install/ros2_shared/bin'
[2.993s] Level 1:colcon.colcon_core.environment:checking '/root/DockerFiles/drone_ws/install/ros2_shared/lib/pkgconfig/ros2_shared.pc'
[2.993s] Level 1:colcon.colcon_core.environment:checking '/root/DockerFiles/drone_ws/install/ros2_shared/lib/python3.8/site-packages'
[2.995s] Level 1:colcon.colcon_core.environment:checking '/root/DockerFiles/drone_ws/install/ros2_shared/bin'
[2.997s] INFO:colcon.colcon_core.shell:Creating package script '/root/DockerFiles/drone_ws/install/ros2_shared/share/ros2_shared/package.ps1'
[3.002s] INFO:colcon.colcon_core.shell:Creating package descriptor '/root/DockerFiles/drone_ws/install/ros2_shared/share/ros2_shared/package.dsv'
[3.008s] INFO:colcon.colcon_core.shell:Creating package script '/root/DockerFiles/drone_ws/install/ros2_shared/share/ros2_shared/package.sh'
[3.009s] INFO:colcon.colcon_core.shell:Creating package script '/root/DockerFiles/drone_ws/install/ros2_shared/share/ros2_shared/package.bash'
[3.010s] INFO:colcon.colcon_core.shell:Creating package script '/root/DockerFiles/drone_ws/install/ros2_shared/share/ros2_shared/package.zsh'
[3.011s] Level 1:colcon.colcon_core.environment:create_file_with_runtime_dependencies(/root/DockerFiles/drone_ws/install/ros2_shared/share/colcon-core/packages/ros2_shared)
[3.021s] Level 1:colcon.colcon_core.environment:create_environment_scripts_only(tello_msgs)
[3.024s] Level 1:colcon.colcon_core.environment:checking '/root/DockerFiles/drone_ws/install/tello_msgs' for CMake module files
[3.025s] DEBUG:colcon.colcon_core.event_handler.log_command:Invoked command in '/root/DockerFiles/drone_ws/build/tello_msgs' returned '0': CMAKE_PREFIX_PATH=${CMAKE_PREFIX_PATH}:/root/DockerFiles/drone_ws/install/tello_mission:/root/DockerFiles/drone_ws/install/tello_hand_move:/root/DockerFiles/drone_ws/install/tello_controller:/root/DockerFiles/drone_ws/install/tello_camera:/opt/ros/foxy /usr/bin/cmake --install /root/DockerFiles/drone_ws/build/tello_msgs
[3.026s] Level 1:colcon.colcon_core.environment:checking '/root/DockerFiles/drone_ws/install/tello_msgs' for CMake config files
[3.027s] Level 1:colcon.colcon_core.shell:create_environment_hook('tello_msgs', 'cmake_prefix_path')
[3.029s] INFO:colcon.colcon_core.shell:Creating environment hook '/root/DockerFiles/drone_ws/install/tello_msgs/share/tello_msgs/hook/cmake_prefix_path.ps1'
[3.030s] INFO:colcon.colcon_core.shell:Creating environment descriptor '/root/DockerFiles/drone_ws/install/tello_msgs/share/tello_msgs/hook/cmake_prefix_path.dsv'
[3.030s] INFO:colcon.colcon_core.shell:Creating environment hook '/root/DockerFiles/drone_ws/install/tello_msgs/share/tello_msgs/hook/cmake_prefix_path.sh'
[3.031s] Level 1:colcon.colcon_core.environment:checking '/root/DockerFiles/drone_ws/install/tello_msgs/lib'
[3.032s] Level 1:colcon.colcon_core.shell:create_environment_hook('tello_msgs', 'ld_library_path_lib')
[3.034s] INFO:colcon.colcon_core.shell:Creating environment hook '/root/DockerFiles/drone_ws/install/tello_msgs/share/tello_msgs/hook/ld_library_path_lib.ps1'
[3.035s] INFO:colcon.colcon_core.shell:Creating environment descriptor '/root/DockerFiles/drone_ws/install/tello_msgs/share/tello_msgs/hook/ld_library_path_lib.dsv'
[3.037s] INFO:colcon.colcon_core.shell:Creating environment hook '/root/DockerFiles/drone_ws/install/tello_msgs/share/tello_msgs/hook/ld_library_path_lib.sh'
[3.039s] Level 1:colcon.colcon_core.environment:checking '/root/DockerFiles/drone_ws/install/tello_msgs/bin'
[3.039s] Level 1:colcon.colcon_core.environment:checking '/root/DockerFiles/drone_ws/install/tello_msgs/lib/pkgconfig/tello_msgs.pc'
[3.039s] Level 1:colcon.colcon_core.environment:checking '/root/DockerFiles/drone_ws/install/tello_msgs/lib/python3.8/site-packages'
[3.040s] Level 1:colcon.colcon_core.shell:create_environment_hook('tello_msgs', 'pythonpath')
[3.042s] INFO:colcon.colcon_core.shell:Creating environment hook '/root/DockerFiles/drone_ws/install/tello_msgs/share/tello_msgs/hook/pythonpath.ps1'
[3.043s] INFO:colcon.colcon_core.shell:Creating environment descriptor '/root/DockerFiles/drone_ws/install/tello_msgs/share/tello_msgs/hook/pythonpath.dsv'
[3.043s] INFO:colcon.colcon_core.shell:Creating environment hook '/root/DockerFiles/drone_ws/install/tello_msgs/share/tello_msgs/hook/pythonpath.sh'
[3.044s] Level 1:colcon.colcon_core.environment:checking '/root/DockerFiles/drone_ws/install/tello_msgs/bin'
[3.046s] INFO:colcon.colcon_core.shell:Creating package script '/root/DockerFiles/drone_ws/install/tello_msgs/share/tello_msgs/package.ps1'
[3.047s] INFO:colcon.colcon_core.shell:Creating package descriptor '/root/DockerFiles/drone_ws/install/tello_msgs/share/tello_msgs/package.dsv'
[3.047s] INFO:colcon.colcon_core.shell:Creating package script '/root/DockerFiles/drone_ws/install/tello_msgs/share/tello_msgs/package.sh'
[3.048s] INFO:colcon.colcon_core.shell:Creating package script '/root/DockerFiles/drone_ws/install/tello_msgs/share/tello_msgs/package.bash'
[3.048s] INFO:colcon.colcon_core.shell:Creating package script '/root/DockerFiles/drone_ws/install/tello_msgs/share/tello_msgs/package.zsh'
[3.049s] Level 1:colcon.colcon_core.environment:create_file_with_runtime_dependencies(/root/DockerFiles/drone_ws/install/tello_msgs/share/colcon-core/packages/tello_msgs)
[3.062s] Level 1:colcon.colcon_core.environment:create_environment_scripts_only(tello_description)
[3.066s] Level 1:colcon.colcon_core.environment:checking '/root/DockerFiles/drone_ws/install/tello_description' for CMake module files
[3.068s] Level 1:colcon.colcon_core.environment:checking '/root/DockerFiles/drone_ws/install/tello_description' for CMake config files
[3.069s] Level 1:colcon.colcon_core.shell:create_environment_hook('tello_description', 'cmake_prefix_path')
[3.072s] INFO:colcon.colcon_core.shell:Creating environment hook '/root/DockerFiles/drone_ws/install/tello_description/share/tello_description/hook/cmake_prefix_path.ps1'
[3.073s] INFO:colcon.colcon_core.shell:Creating environment descriptor '/root/DockerFiles/drone_ws/install/tello_description/share/tello_description/hook/cmake_prefix_path.dsv'
[3.074s] INFO:colcon.colcon_core.shell:Creating environment hook '/root/DockerFiles/drone_ws/install/tello_description/share/tello_description/hook/cmake_prefix_path.sh'
[3.075s] Level 1:colcon.colcon_core.environment:checking '/root/DockerFiles/drone_ws/install/tello_description/bin'
[3.075s] Level 1:colcon.colcon_core.environment:checking '/root/DockerFiles/drone_ws/install/tello_description/lib/pkgconfig/tello_description.pc'
[3.076s] Level 1:colcon.colcon_core.environment:checking '/root/DockerFiles/drone_ws/install/tello_description/lib/python3.8/site-packages'
[3.076s] Level 1:colcon.colcon_core.environment:checking '/root/DockerFiles/drone_ws/install/tello_description/bin'
[3.079s] INFO:colcon.colcon_core.shell:Creating package script '/root/DockerFiles/drone_ws/install/tello_description/share/tello_description/package.ps1'
[3.082s] INFO:colcon.colcon_core.shell:Creating package descriptor '/root/DockerFiles/drone_ws/install/tello_description/share/tello_description/package.dsv'
[3.083s] INFO:colcon.colcon_core.shell:Creating package script '/root/DockerFiles/drone_ws/install/tello_description/share/tello_description/package.sh'
[3.088s] INFO:colcon.colcon_core.shell:Creating package script '/root/DockerFiles/drone_ws/install/tello_description/share/tello_description/package.bash'
[3.088s] INFO:colcon.colcon_core.shell:Creating package script '/root/DockerFiles/drone_ws/install/tello_description/share/tello_description/package.zsh'
[3.089s] Level 1:colcon.colcon_core.environment:create_file_with_runtime_dependencies(/root/DockerFiles/drone_ws/install/tello_description/share/colcon-core/packages/tello_description)
[3.389s] DEBUG:colcon.colcon_core.event_handler.log_command:Invoking command in '/root/DockerFiles/drone_ws/src/tello_controller': PYTHONPATH=/root/DockerFiles/drone_ws/build/tello_controller/prefix_override:/root/DockerFiles/drone_ws/install/tello_controller/lib/python3.8/site-packages:${PYTHONPATH} /usr/bin/python3 setup.py egg_info --egg-base ../../build/tello_controller build --build-base /root/DockerFiles/drone_ws/build/tello_controller/build install --record /root/DockerFiles/drone_ws/build/tello_controller/install.log --single-version-externally-managed
[3.403s] Level 1:colcon.colcon_core.environment:create_environment_scripts_only(tello_msgs)
[3.408s] Level 1:colcon.colcon_core.environment:checking '/root/DockerFiles/drone_ws/install/tello_msgs' for CMake module files
[3.409s] Level 1:colcon.colcon_core.environment:checking '/root/DockerFiles/drone_ws/install/tello_msgs' for CMake config files
[3.409s] Level 1:colcon.colcon_core.shell:create_environment_hook('tello_msgs', 'cmake_prefix_path')
[3.412s] INFO:colcon.colcon_core.shell:Creating environment hook '/root/DockerFiles/drone_ws/install/tello_msgs/share/tello_msgs/hook/cmake_prefix_path.ps1'
[3.413s] INFO:colcon.colcon_core.shell:Creating environment descriptor '/root/DockerFiles/drone_ws/install/tello_msgs/share/tello_msgs/hook/cmake_prefix_path.dsv'
[3.413s] INFO:colcon.colcon_core.shell:Creating environment hook '/root/DockerFiles/drone_ws/install/tello_msgs/share/tello_msgs/hook/cmake_prefix_path.sh'
[3.414s] Level 1:colcon.colcon_core.environment:checking '/root/DockerFiles/drone_ws/install/tello_msgs/lib'
[3.414s] Level 1:colcon.colcon_core.shell:create_environment_hook('tello_msgs', 'ld_library_path_lib')
[3.416s] INFO:colcon.colcon_core.shell:Creating environment hook '/root/DockerFiles/drone_ws/install/tello_msgs/share/tello_msgs/hook/ld_library_path_lib.ps1'
[3.421s] INFO:colcon.colcon_core.shell:Creating environment descriptor '/root/DockerFiles/drone_ws/install/tello_msgs/share/tello_msgs/hook/ld_library_path_lib.dsv'
[3.422s] INFO:colcon.colcon_core.shell:Creating environment hook '/root/DockerFiles/drone_ws/install/tello_msgs/share/tello_msgs/hook/ld_library_path_lib.sh'
[3.424s] Level 1:colcon.colcon_core.environment:checking '/root/DockerFiles/drone_ws/install/tello_msgs/bin'
[3.424s] Level 1:colcon.colcon_core.environment:checking '/root/DockerFiles/drone_ws/install/tello_msgs/lib/pkgconfig/tello_msgs.pc'
[3.425s] Level 1:colcon.colcon_core.environment:checking '/root/DockerFiles/drone_ws/install/tello_msgs/lib/python3.8/site-packages'
[3.432s] Level 1:colcon.colcon_core.shell:create_environment_hook('tello_msgs', 'pythonpath')
[3.436s] INFO:colcon.colcon_core.shell:Creating environment hook '/root/DockerFiles/drone_ws/install/tello_msgs/share/tello_msgs/hook/pythonpath.ps1'
[3.438s] INFO:colcon.colcon_core.shell:Creating environment descriptor '/root/DockerFiles/drone_ws/install/tello_msgs/share/tello_msgs/hook/pythonpath.dsv'
[3.438s] INFO:colcon.colcon_core.shell:Creating environment hook '/root/DockerFiles/drone_ws/install/tello_msgs/share/tello_msgs/hook/pythonpath.sh'
[3.439s] Level 1:colcon.colcon_core.environment:checking '/root/DockerFiles/drone_ws/install/tello_msgs/bin'
[3.442s] INFO:colcon.colcon_core.shell:Creating package script '/root/DockerFiles/drone_ws/install/tello_msgs/share/tello_msgs/package.ps1'
[3.443s] INFO:colcon.colcon_core.shell:Creating package descriptor '/root/DockerFiles/drone_ws/install/tello_msgs/share/tello_msgs/package.dsv'
[3.443s] INFO:colcon.colcon_core.shell:Creating package script '/root/DockerFiles/drone_ws/install/tello_msgs/share/tello_msgs/package.sh'
[3.444s] INFO:colcon.colcon_core.shell:Creating package script '/root/DockerFiles/drone_ws/install/tello_msgs/share/tello_msgs/package.bash'
[3.445s] INFO:colcon.colcon_core.shell:Creating package script '/root/DockerFiles/drone_ws/install/tello_msgs/share/tello_msgs/package.zsh'
[3.445s] Level 1:colcon.colcon_core.environment:create_file_with_runtime_dependencies(/root/DockerFiles/drone_ws/install/tello_msgs/share/colcon-core/packages/tello_msgs)
[3.449s] INFO:colcon.colcon_ros.task.ament_cmake.build:Building ROS package in '/root/DockerFiles/drone_ws/src/tello_ros/tello_driver' with build type 'ament_cmake'
[3.450s] INFO:colcon.colcon_cmake.task.cmake.build:Building CMake package in '/root/DockerFiles/drone_ws/src/tello_ros/tello_driver'
[3.452s] INFO:colcon.colcon_core.shell:Skip shell extension 'powershell' for command environment: Not usable outside of PowerShell
[3.452s] DEBUG:colcon.colcon_core.shell:Skip shell extension 'dsv' for command environment
[3.471s] INFO:colcon.colcon_ros.task.ament_cmake.build:Building ROS package in '/root/DockerFiles/drone_ws/src/tello_ros/tello_gazebo' with build type 'ament_cmake'
[3.473s] INFO:colcon.colcon_cmake.task.cmake.build:Building CMake package in '/root/DockerFiles/drone_ws/src/tello_ros/tello_gazebo'
[3.477s] INFO:colcon.colcon_core.shell:Skip shell extension 'powershell' for command environment: Not usable outside of PowerShell
[3.477s] DEBUG:colcon.colcon_core.shell:Skip shell extension 'dsv' for command environment
[3.499s] DEBUG:colcon.colcon_core.event_handler.log_command:Invoking command in '/root/DockerFiles/drone_ws/src/tello_camera': PYTHONPATH=/root/DockerFiles/drone_ws/build/tello_camera/prefix_override:/root/DockerFiles/drone_ws/install/tello_camera/lib/python3.8/site-packages:${PYTHONPATH} /usr/bin/python3 setup.py egg_info --egg-base ../../build/tello_camera build --build-base /root/DockerFiles/drone_ws/build/tello_camera/build install --record /root/DockerFiles/drone_ws/build/tello_camera/install.log --single-version-externally-managed
[3.519s] DEBUG:colcon.colcon_core.event_handler.log_command:Invoking command in '/root/DockerFiles/drone_ws/src/tello_hand_move': PYTHONPATH=/root/DockerFiles/drone_ws/build/tello_hand_move/prefix_override:/root/DockerFiles/drone_ws/install/tello_hand_move/lib/python3.8/site-packages:${PYTHONPATH} /usr/bin/python3 setup.py egg_info --egg-base ../../build/tello_hand_move build --build-base /root/DockerFiles/drone_ws/build/tello_hand_move/build install --record /root/DockerFiles/drone_ws/build/tello_hand_move/install.log --single-version-externally-managed
[3.585s] DEBUG:colcon.colcon_core.event_handler.log_command:Invoking command in '/root/DockerFiles/drone_ws/build/tello_driver': CMAKE_PREFIX_PATH=/root/DockerFiles/drone_ws/install/tello_msgs:/root/DockerFiles/drone_ws/install/ros2_shared:/root/DockerFiles/drone_ws/install/tello_gazebo:/root/DockerFiles/drone_ws/install/tello_driver:/root/DockerFiles/drone_ws/install/tello_description:/root/DockerFiles/drone_ws/install/tello_mission:/root/DockerFiles/drone_ws/install/tello_hand_move:/root/DockerFiles/drone_ws/install/tello_controller:/root/DockerFiles/drone_ws/install/tello_camera:/opt/ros/foxy LD_LIBRARY_PATH=/root/DockerFiles/drone_ws/install/tello_msgs/lib:/root/DockerFiles/drone_ws/install/tello_gazebo/lib:/root/DockerFiles/drone_ws/install/tello_driver/lib:/usr/lib/x86_64-linux-gnu/gazebo-11/plugins:/opt/ros/foxy/opt/yaml_cpp_vendor/lib:/opt/ros/foxy/opt/rviz_ogre_vendor/lib:/opt/ros/foxy/lib/x86_64-linux-gnu:/opt/ros/foxy/lib /usr/bin/cmake --build /root/DockerFiles/drone_ws/build/tello_driver -- -j12 -l12
[3.622s] DEBUG:colcon.colcon_core.event_handler.log_command:Invoking command in '/root/DockerFiles/drone_ws/build/tello_gazebo': CMAKE_PREFIX_PATH=/root/DockerFiles/drone_ws/install/tello_msgs:/root/DockerFiles/drone_ws/install/tello_gazebo:/root/DockerFiles/drone_ws/install/tello_driver:/root/DockerFiles/drone_ws/install/tello_description:/root/DockerFiles/drone_ws/install/ros2_shared:/root/DockerFiles/drone_ws/install/tello_mission:/root/DockerFiles/drone_ws/install/tello_hand_move:/root/DockerFiles/drone_ws/install/tello_controller:/root/DockerFiles/drone_ws/install/tello_camera:/opt/ros/foxy LD_LIBRARY_PATH=/root/DockerFiles/drone_ws/install/tello_msgs/lib:/root/DockerFiles/drone_ws/install/tello_gazebo/lib:/root/DockerFiles/drone_ws/install/tello_driver/lib:/usr/lib/x86_64-linux-gnu/gazebo-11/plugins:/opt/ros/foxy/opt/yaml_cpp_vendor/lib:/opt/ros/foxy/opt/rviz_ogre_vendor/lib:/opt/ros/foxy/lib/x86_64-linux-gnu:/opt/ros/foxy/lib /usr/bin/cmake --build /root/DockerFiles/drone_ws/build/tello_gazebo -- -j12 -l12
[3.629s] DEBUG:colcon.colcon_core.event_handler.log_command:Invoking command in '/root/DockerFiles/drone_ws/src/tello_mission': PYTHONPATH=/root/DockerFiles/drone_ws/build/tello_mission/prefix_override:/root/DockerFiles/drone_ws/install/tello_mission/lib/python3.8/site-packages:${PYTHONPATH} /usr/bin/python3 setup.py egg_info --egg-base ../../build/tello_mission build --build-base /root/DockerFiles/drone_ws/build/tello_mission/build install --record /root/DockerFiles/drone_ws/build/tello_mission/install.log --single-version-externally-managed
[3.901s] DEBUG:colcon.colcon_core.event_handler.log_command:Invoked command in '/root/DockerFiles/drone_ws/build/tello_gazebo' returned '0': CMAKE_PREFIX_PATH=/root/DockerFiles/drone_ws/install/tello_msgs:/root/DockerFiles/drone_ws/install/tello_gazebo:/root/DockerFiles/drone_ws/install/tello_driver:/root/DockerFiles/drone_ws/install/tello_description:/root/DockerFiles/drone_ws/install/ros2_shared:/root/DockerFiles/drone_ws/install/tello_mission:/root/DockerFiles/drone_ws/install/tello_hand_move:/root/DockerFiles/drone_ws/install/tello_controller:/root/DockerFiles/drone_ws/install/tello_camera:/opt/ros/foxy LD_LIBRARY_PATH=/root/DockerFiles/drone_ws/install/tello_msgs/lib:/root/DockerFiles/drone_ws/install/tello_gazebo/lib:/root/DockerFiles/drone_ws/install/tello_driver/lib:/usr/lib/x86_64-linux-gnu/gazebo-11/plugins:/opt/ros/foxy/opt/yaml_cpp_vendor/lib:/opt/ros/foxy/opt/rviz_ogre_vendor/lib:/opt/ros/foxy/lib/x86_64-linux-gnu:/opt/ros/foxy/lib /usr/bin/cmake --build /root/DockerFiles/drone_ws/build/tello_gazebo -- -j12 -l12
[3.941s] DEBUG:colcon.colcon_core.event_handler.log_command:Invoked command in '/root/DockerFiles/drone_ws/src/tello_controller' returned '0': PYTHONPATH=/root/DockerFiles/drone_ws/build/tello_controller/prefix_override:/root/DockerFiles/drone_ws/install/tello_controller/lib/python3.8/site-packages:${PYTHONPATH} /usr/bin/python3 setup.py egg_info --egg-base ../../build/tello_controller build --build-base /root/DockerFiles/drone_ws/build/tello_controller/build install --record /root/DockerFiles/drone_ws/build/tello_controller/install.log --single-version-externally-managed
[3.941s] Level 1:colcon.colcon_core.environment:checking '/root/DockerFiles/drone_ws/install/tello_controller' for CMake module files
[3.943s] Level 1:colcon.colcon_core.environment:checking '/root/DockerFiles/drone_ws/install/tello_controller' for CMake config files
[3.944s] Level 1:colcon.colcon_core.environment:checking '/root/DockerFiles/drone_ws/install/tello_controller/lib'
[3.945s] Level 1:colcon.colcon_core.environment:checking '/root/DockerFiles/drone_ws/install/tello_controller/bin'
[3.945s] Level 1:colcon.colcon_core.environment:checking '/root/DockerFiles/drone_ws/install/tello_controller/lib/pkgconfig/tello_controller.pc'
[3.945s] Level 1:colcon.colcon_core.environment:checking '/root/DockerFiles/drone_ws/install/tello_controller/lib/python3.8/site-packages'
[3.945s] Level 1:colcon.colcon_core.shell:create_environment_hook('tello_controller', 'pythonpath')
[3.948s] INFO:colcon.colcon_core.shell:Creating environment hook '/root/DockerFiles/drone_ws/install/tello_controller/share/tello_controller/hook/pythonpath.ps1'
[3.949s] INFO:colcon.colcon_core.shell:Creating environment descriptor '/root/DockerFiles/drone_ws/install/tello_controller/share/tello_controller/hook/pythonpath.dsv'
[3.950s] INFO:colcon.colcon_core.shell:Creating environment hook '/root/DockerFiles/drone_ws/install/tello_controller/share/tello_controller/hook/pythonpath.sh'
[3.951s] Level 1:colcon.colcon_core.environment:checking '/root/DockerFiles/drone_ws/install/tello_controller/bin'
[3.954s] Level 1:colcon.colcon_core.environment:create_environment_scripts_only(tello_controller)
[3.957s] INFO:colcon.colcon_core.shell:Creating package script '/root/DockerFiles/drone_ws/install/tello_controller/share/tello_controller/package.ps1'
[3.962s] INFO:colcon.colcon_core.shell:Creating package descriptor '/root/DockerFiles/drone_ws/install/tello_controller/share/tello_controller/package.dsv'
[3.964s] INFO:colcon.colcon_core.shell:Creating package script '/root/DockerFiles/drone_ws/install/tello_controller/share/tello_controller/package.sh'
[3.965s] INFO:colcon.colcon_core.shell:Creating package script '/root/DockerFiles/drone_ws/install/tello_controller/share/tello_controller/package.bash'
[3.966s] INFO:colcon.colcon_core.shell:Creating package script '/root/DockerFiles/drone_ws/install/tello_controller/share/tello_controller/package.zsh'
[3.967s] Level 1:colcon.colcon_core.environment:create_file_with_runtime_dependencies(/root/DockerFiles/drone_ws/install/tello_controller/share/colcon-core/packages/tello_controller)
[3.995s] DEBUG:colcon.colcon_core.event_handler.log_command:Invoking command in '/root/DockerFiles/drone_ws/build/tello_gazebo': CMAKE_PREFIX_PATH=/root/DockerFiles/drone_ws/install/tello_msgs:/root/DockerFiles/drone_ws/install/tello_gazebo:/root/DockerFiles/drone_ws/install/tello_driver:/root/DockerFiles/drone_ws/install/tello_description:/root/DockerFiles/drone_ws/install/ros2_shared:/root/DockerFiles/drone_ws/install/tello_mission:/root/DockerFiles/drone_ws/install/tello_hand_move:/root/DockerFiles/drone_ws/install/tello_controller:/root/DockerFiles/drone_ws/install/tello_camera:/opt/ros/foxy LD_LIBRARY_PATH=/root/DockerFiles/drone_ws/install/tello_msgs/lib:/root/DockerFiles/drone_ws/install/tello_gazebo/lib:/root/DockerFiles/drone_ws/install/tello_driver/lib:/usr/lib/x86_64-linux-gnu/gazebo-11/plugins:/opt/ros/foxy/opt/yaml_cpp_vendor/lib:/opt/ros/foxy/opt/rviz_ogre_vendor/lib:/opt/ros/foxy/lib/x86_64-linux-gnu:/opt/ros/foxy/lib /usr/bin/cmake --install /root/DockerFiles/drone_ws/build/tello_gazebo
[4.042s] Level 1:colcon.colcon_core.environment:create_environment_scripts_only(tello_gazebo)
[4.045s] Level 1:colcon.colcon_core.environment:checking '/root/DockerFiles/drone_ws/install/tello_gazebo' for CMake module files
[4.046s] DEBUG:colcon.colcon_core.event_handler.log_command:Invoked command in '/root/DockerFiles/drone_ws/build/tello_gazebo' returned '0': CMAKE_PREFIX_PATH=/root/DockerFiles/drone_ws/install/tello_msgs:/root/DockerFiles/drone_ws/install/tello_gazebo:/root/DockerFiles/drone_ws/install/tello_driver:/root/DockerFiles/drone_ws/install/tello_description:/root/DockerFiles/drone_ws/install/ros2_shared:/root/DockerFiles/drone_ws/install/tello_mission:/root/DockerFiles/drone_ws/install/tello_hand_move:/root/DockerFiles/drone_ws/install/tello_controller:/root/DockerFiles/drone_ws/install/tello_camera:/opt/ros/foxy LD_LIBRARY_PATH=/root/DockerFiles/drone_ws/install/tello_msgs/lib:/root/DockerFiles/drone_ws/install/tello_gazebo/lib:/root/DockerFiles/drone_ws/install/tello_driver/lib:/usr/lib/x86_64-linux-gnu/gazebo-11/plugins:/opt/ros/foxy/opt/yaml_cpp_vendor/lib:/opt/ros/foxy/opt/rviz_ogre_vendor/lib:/opt/ros/foxy/lib/x86_64-linux-gnu:/opt/ros/foxy/lib /usr/bin/cmake --install /root/DockerFiles/drone_ws/build/tello_gazebo
[4.047s] Level 1:colcon.colcon_core.environment:checking '/root/DockerFiles/drone_ws/install/tello_gazebo' for CMake config files
[4.048s] Level 1:colcon.colcon_core.shell:create_environment_hook('tello_gazebo', 'cmake_prefix_path')
[4.050s] INFO:colcon.colcon_core.shell:Creating environment hook '/root/DockerFiles/drone_ws/install/tello_gazebo/share/tello_gazebo/hook/cmake_prefix_path.ps1'
[4.057s] INFO:colcon.colcon_core.shell:Creating environment descriptor '/root/DockerFiles/drone_ws/install/tello_gazebo/share/tello_gazebo/hook/cmake_prefix_path.dsv'
[4.058s] INFO:colcon.colcon_core.shell:Creating environment hook '/root/DockerFiles/drone_ws/install/tello_gazebo/share/tello_gazebo/hook/cmake_prefix_path.sh'
[4.058s] Level 1:colcon.colcon_core.environment:checking '/root/DockerFiles/drone_ws/install/tello_gazebo/lib'
[4.058s] Level 1:colcon.colcon_core.shell:create_environment_hook('tello_gazebo', 'ld_library_path_lib')
[4.060s] INFO:colcon.colcon_core.shell:Creating environment hook '/root/DockerFiles/drone_ws/install/tello_gazebo/share/tello_gazebo/hook/ld_library_path_lib.ps1'
[4.060s] INFO:colcon.colcon_core.shell:Creating environment descriptor '/root/DockerFiles/drone_ws/install/tello_gazebo/share/tello_gazebo/hook/ld_library_path_lib.dsv'
[4.061s] INFO:colcon.colcon_core.shell:Creating environment hook '/root/DockerFiles/drone_ws/install/tello_gazebo/share/tello_gazebo/hook/ld_library_path_lib.sh'
[4.061s] Level 1:colcon.colcon_core.environment:checking '/root/DockerFiles/drone_ws/install/tello_gazebo/bin'
[4.061s] Level 1:colcon.colcon_core.environment:checking '/root/DockerFiles/drone_ws/install/tello_gazebo/lib/pkgconfig/tello_gazebo.pc'
[4.061s] Level 1:colcon.colcon_core.environment:checking '/root/DockerFiles/drone_ws/install/tello_gazebo/lib/python3.8/site-packages'
[4.062s] Level 1:colcon.colcon_core.environment:checking '/root/DockerFiles/drone_ws/install/tello_gazebo/bin'
[4.066s] INFO:colcon.colcon_core.shell:Creating package script '/root/DockerFiles/drone_ws/install/tello_gazebo/share/tello_gazebo/package.ps1'
[4.072s] INFO:colcon.colcon_core.shell:Creating package descriptor '/root/DockerFiles/drone_ws/install/tello_gazebo/share/tello_gazebo/package.dsv'
[4.073s] INFO:colcon.colcon_core.shell:Creating package script '/root/DockerFiles/drone_ws/install/tello_gazebo/share/tello_gazebo/package.sh'
[4.073s] INFO:colcon.colcon_core.shell:Creating package script '/root/DockerFiles/drone_ws/install/tello_gazebo/share/tello_gazebo/package.bash'
[4.074s] INFO:colcon.colcon_core.shell:Creating package script '/root/DockerFiles/drone_ws/install/tello_gazebo/share/tello_gazebo/package.zsh'
[4.075s] Level 1:colcon.colcon_core.environment:create_file_with_runtime_dependencies(/root/DockerFiles/drone_ws/install/tello_gazebo/share/colcon-core/packages/tello_gazebo)
[4.146s] Level 1:colcon.colcon_core.environment:create_environment_scripts_only(tello_gazebo)
[4.148s] Level 1:colcon.colcon_core.environment:checking '/root/DockerFiles/drone_ws/install/tello_gazebo' for CMake module files
[4.149s] Level 1:colcon.colcon_core.environment:checking '/root/DockerFiles/drone_ws/install/tello_gazebo' for CMake config files
[4.150s] Level 1:colcon.colcon_core.shell:create_environment_hook('tello_gazebo', 'cmake_prefix_path')
[4.152s] INFO:colcon.colcon_core.shell:Creating environment hook '/root/DockerFiles/drone_ws/install/tello_gazebo/share/tello_gazebo/hook/cmake_prefix_path.ps1'
[4.154s] INFO:colcon.colcon_core.shell:Creating environment descriptor '/root/DockerFiles/drone_ws/install/tello_gazebo/share/tello_gazebo/hook/cmake_prefix_path.dsv'
[4.155s] INFO:colcon.colcon_core.shell:Creating environment hook '/root/DockerFiles/drone_ws/install/tello_gazebo/share/tello_gazebo/hook/cmake_prefix_path.sh'
[4.161s] Level 1:colcon.colcon_core.environment:checking '/root/DockerFiles/drone_ws/install/tello_gazebo/lib'
[4.161s] Level 1:colcon.colcon_core.shell:create_environment_hook('tello_gazebo', 'ld_library_path_lib')
[4.164s] INFO:colcon.colcon_core.shell:Creating environment hook '/root/DockerFiles/drone_ws/install/tello_gazebo/share/tello_gazebo/hook/ld_library_path_lib.ps1'
[4.168s] INFO:colcon.colcon_core.shell:Creating environment descriptor '/root/DockerFiles/drone_ws/install/tello_gazebo/share/tello_gazebo/hook/ld_library_path_lib.dsv'
[4.169s] INFO:colcon.colcon_core.shell:Creating environment hook '/root/DockerFiles/drone_ws/install/tello_gazebo/share/tello_gazebo/hook/ld_library_path_lib.sh'
[4.170s] Level 1:colcon.colcon_core.environment:checking '/root/DockerFiles/drone_ws/install/tello_gazebo/bin'
[4.172s] Level 1:colcon.colcon_core.environment:checking '/root/DockerFiles/drone_ws/install/tello_gazebo/lib/pkgconfig/tello_gazebo.pc'
[4.173s] Level 1:colcon.colcon_core.environment:checking '/root/DockerFiles/drone_ws/install/tello_gazebo/lib/python3.8/site-packages'
[4.176s] Level 1:colcon.colcon_core.environment:checking '/root/DockerFiles/drone_ws/install/tello_gazebo/bin'
[4.184s] INFO:colcon.colcon_core.shell:Creating package script '/root/DockerFiles/drone_ws/install/tello_gazebo/share/tello_gazebo/package.ps1'
[4.185s] INFO:colcon.colcon_core.shell:Creating package descriptor '/root/DockerFiles/drone_ws/install/tello_gazebo/share/tello_gazebo/package.dsv'
[4.186s] INFO:colcon.colcon_core.shell:Creating package script '/root/DockerFiles/drone_ws/install/tello_gazebo/share/tello_gazebo/package.sh'
[4.187s] INFO:colcon.colcon_core.shell:Creating package script '/root/DockerFiles/drone_ws/install/tello_gazebo/share/tello_gazebo/package.bash'
[4.188s] INFO:colcon.colcon_core.shell:Creating package script '/root/DockerFiles/drone_ws/install/tello_gazebo/share/tello_gazebo/package.zsh'
[4.188s] Level 1:colcon.colcon_core.environment:create_file_with_runtime_dependencies(/root/DockerFiles/drone_ws/install/tello_gazebo/share/colcon-core/packages/tello_gazebo)
[4.193s] Level 1:colcon.colcon_core.environment:checking '/root/DockerFiles/drone_ws/install/tello_camera' for CMake module files
[4.195s] DEBUG:colcon.colcon_core.event_handler.log_command:Invoked command in '/root/DockerFiles/drone_ws/src/tello_camera' returned '0': PYTHONPATH=/root/DockerFiles/drone_ws/build/tello_camera/prefix_override:/root/DockerFiles/drone_ws/install/tello_camera/lib/python3.8/site-packages:${PYTHONPATH} /usr/bin/python3 setup.py egg_info --egg-base ../../build/tello_camera build --build-base /root/DockerFiles/drone_ws/build/tello_camera/build install --record /root/DockerFiles/drone_ws/build/tello_camera/install.log --single-version-externally-managed
[4.203s] Level 1:colcon.colcon_core.environment:checking '/root/DockerFiles/drone_ws/install/tello_camera' for CMake config files
[4.204s] Level 1:colcon.colcon_core.environment:checking '/root/DockerFiles/drone_ws/install/tello_camera/lib'
[4.205s] Level 1:colcon.colcon_core.environment:checking '/root/DockerFiles/drone_ws/install/tello_camera/bin'
[4.205s] Level 1:colcon.colcon_core.environment:checking '/root/DockerFiles/drone_ws/install/tello_camera/lib/pkgconfig/tello_camera.pc'
[4.205s] Level 1:colcon.colcon_core.environment:checking '/root/DockerFiles/drone_ws/install/tello_camera/lib/python3.8/site-packages'
[4.206s] Level 1:colcon.colcon_core.shell:create_environment_hook('tello_camera', 'pythonpath')
[4.211s] INFO:colcon.colcon_core.shell:Creating environment hook '/root/DockerFiles/drone_ws/install/tello_camera/share/tello_camera/hook/pythonpath.ps1'
[4.212s] INFO:colcon.colcon_core.shell:Creating environment descriptor '/root/DockerFiles/drone_ws/install/tello_camera/share/tello_camera/hook/pythonpath.dsv'
[4.213s] INFO:colcon.colcon_core.shell:Creating environment hook '/root/DockerFiles/drone_ws/install/tello_camera/share/tello_camera/hook/pythonpath.sh'
[4.215s] Level 1:colcon.colcon_core.environment:checking '/root/DockerFiles/drone_ws/install/tello_camera/bin'
[4.220s] Level 1:colcon.colcon_core.environment:create_environment_scripts_only(tello_camera)
[4.222s] INFO:colcon.colcon_core.shell:Creating package script '/root/DockerFiles/drone_ws/install/tello_camera/share/tello_camera/package.ps1'
[4.225s] INFO:colcon.colcon_core.shell:Creating package descriptor '/root/DockerFiles/drone_ws/install/tello_camera/share/tello_camera/package.dsv'
[4.229s] INFO:colcon.colcon_core.shell:Creating package script '/root/DockerFiles/drone_ws/install/tello_camera/share/tello_camera/package.sh'
[4.230s] INFO:colcon.colcon_core.shell:Creating package script '/root/DockerFiles/drone_ws/install/tello_camera/share/tello_camera/package.bash'
[4.230s] INFO:colcon.colcon_core.shell:Creating package script '/root/DockerFiles/drone_ws/install/tello_camera/share/tello_camera/package.zsh'
[4.231s] Level 1:colcon.colcon_core.environment:create_file_with_runtime_dependencies(/root/DockerFiles/drone_ws/install/tello_camera/share/colcon-core/packages/tello_camera)
[4.239s] Level 1:colcon.colcon_core.environment:checking '/root/DockerFiles/drone_ws/install/tello_hand_move' for CMake module files
[4.240s] DEBUG:colcon.colcon_core.event_handler.log_command:Invoked command in '/root/DockerFiles/drone_ws/src/tello_hand_move' returned '0': PYTHONPATH=/root/DockerFiles/drone_ws/build/tello_hand_move/prefix_override:/root/DockerFiles/drone_ws/install/tello_hand_move/lib/python3.8/site-packages:${PYTHONPATH} /usr/bin/python3 setup.py egg_info --egg-base ../../build/tello_hand_move build --build-base /root/DockerFiles/drone_ws/build/tello_hand_move/build install --record /root/DockerFiles/drone_ws/build/tello_hand_move/install.log --single-version-externally-managed
[4.246s] Level 1:colcon.colcon_core.environment:checking '/root/DockerFiles/drone_ws/install/tello_hand_move' for CMake config files
[4.247s] Level 1:colcon.colcon_core.environment:checking '/root/DockerFiles/drone_ws/install/tello_hand_move/lib'
[4.247s] Level 1:colcon.colcon_core.environment:checking '/root/DockerFiles/drone_ws/install/tello_hand_move/bin'
[4.247s] Level 1:colcon.colcon_core.environment:checking '/root/DockerFiles/drone_ws/install/tello_hand_move/lib/pkgconfig/tello_hand_move.pc'
[4.248s] Level 1:colcon.colcon_core.environment:checking '/root/DockerFiles/drone_ws/install/tello_hand_move/lib/python3.8/site-packages'
[4.248s] Level 1:colcon.colcon_core.shell:create_environment_hook('tello_hand_move', 'pythonpath')
[4.250s] INFO:colcon.colcon_core.shell:Creating environment hook '/root/DockerFiles/drone_ws/install/tello_hand_move/share/tello_hand_move/hook/pythonpath.ps1'
[4.251s] INFO:colcon.colcon_core.shell:Creating environment descriptor '/root/DockerFiles/drone_ws/install/tello_hand_move/share/tello_hand_move/hook/pythonpath.dsv'
[4.252s] INFO:colcon.colcon_core.shell:Creating environment hook '/root/DockerFiles/drone_ws/install/tello_hand_move/share/tello_hand_move/hook/pythonpath.sh'
[4.253s] Level 1:colcon.colcon_core.environment:checking '/root/DockerFiles/drone_ws/install/tello_hand_move/bin'
[4.254s] Level 1:colcon.colcon_core.environment:create_environment_scripts_only(tello_hand_move)
[4.257s] INFO:colcon.colcon_core.shell:Creating package script '/root/DockerFiles/drone_ws/install/tello_hand_move/share/tello_hand_move/package.ps1'
[4.258s] INFO:colcon.colcon_core.shell:Creating package descriptor '/root/DockerFiles/drone_ws/install/tello_hand_move/share/tello_hand_move/package.dsv'
[4.259s] INFO:colcon.colcon_core.shell:Creating package script '/root/DockerFiles/drone_ws/install/tello_hand_move/share/tello_hand_move/package.sh'
[4.260s] INFO:colcon.colcon_core.shell:Creating package script '/root/DockerFiles/drone_ws/install/tello_hand_move/share/tello_hand_move/package.bash'
[4.261s] INFO:colcon.colcon_core.shell:Creating package script '/root/DockerFiles/drone_ws/install/tello_hand_move/share/tello_hand_move/package.zsh'
[4.261s] Level 1:colcon.colcon_core.environment:create_file_with_runtime_dependencies(/root/DockerFiles/drone_ws/install/tello_hand_move/share/colcon-core/packages/tello_hand_move)
[4.268s] Level 1:colcon.colcon_core.environment:checking '/root/DockerFiles/drone_ws/install/tello_mission' for CMake module files
[4.269s] DEBUG:colcon.colcon_core.event_handler.log_command:Invoked command in '/root/DockerFiles/drone_ws/src/tello_mission' returned '0': PYTHONPATH=/root/DockerFiles/drone_ws/build/tello_mission/prefix_override:/root/DockerFiles/drone_ws/install/tello_mission/lib/python3.8/site-packages:${PYTHONPATH} /usr/bin/python3 setup.py egg_info --egg-base ../../build/tello_mission build --build-base /root/DockerFiles/drone_ws/build/tello_mission/build install --record /root/DockerFiles/drone_ws/build/tello_mission/install.log --single-version-externally-managed
[4.270s] Level 1:colcon.colcon_core.environment:checking '/root/DockerFiles/drone_ws/install/tello_mission' for CMake config files
[4.272s] Level 1:colcon.colcon_core.environment:checking '/root/DockerFiles/drone_ws/install/tello_mission/lib'
[4.272s] Level 1:colcon.colcon_core.environment:checking '/root/DockerFiles/drone_ws/install/tello_mission/bin'
[4.272s] Level 1:colcon.colcon_core.environment:checking '/root/DockerFiles/drone_ws/install/tello_mission/lib/pkgconfig/tello_mission.pc'
[4.273s] Level 1:colcon.colcon_core.environment:checking '/root/DockerFiles/drone_ws/install/tello_mission/lib/python3.8/site-packages'
[4.273s] Level 1:colcon.colcon_core.shell:create_environment_hook('tello_mission', 'pythonpath')
[4.276s] INFO:colcon.colcon_core.shell:Creating environment hook '/root/DockerFiles/drone_ws/install/tello_mission/share/tello_mission/hook/pythonpath.ps1'
[4.278s] INFO:colcon.colcon_core.shell:Creating environment descriptor '/root/DockerFiles/drone_ws/install/tello_mission/share/tello_mission/hook/pythonpath.dsv'
[4.278s] INFO:colcon.colcon_core.shell:Creating environment hook '/root/DockerFiles/drone_ws/install/tello_mission/share/tello_mission/hook/pythonpath.sh'
[4.279s] Level 1:colcon.colcon_core.environment:checking '/root/DockerFiles/drone_ws/install/tello_mission/bin'
[4.279s] Level 1:colcon.colcon_core.environment:create_environment_scripts_only(tello_mission)
[4.282s] INFO:colcon.colcon_core.shell:Creating package script '/root/DockerFiles/drone_ws/install/tello_mission/share/tello_mission/package.ps1'
[4.283s] INFO:colcon.colcon_core.shell:Creating package descriptor '/root/DockerFiles/drone_ws/install/tello_mission/share/tello_mission/package.dsv'
[4.283s] INFO:colcon.colcon_core.shell:Creating package script '/root/DockerFiles/drone_ws/install/tello_mission/share/tello_mission/package.sh'
[4.284s] INFO:colcon.colcon_core.shell:Creating package script '/root/DockerFiles/drone_ws/install/tello_mission/share/tello_mission/package.bash'
[4.284s] INFO:colcon.colcon_core.shell:Creating package script '/root/DockerFiles/drone_ws/install/tello_mission/share/tello_mission/package.zsh'
[4.285s] Level 1:colcon.colcon_core.environment:create_file_with_runtime_dependencies(/root/DockerFiles/drone_ws/install/tello_mission/share/colcon-core/packages/tello_mission)
[4.324s] DEBUG:colcon.colcon_core.event_handler.log_command:Invoked command in '/root/DockerFiles/drone_ws/build/tello_driver' returned '0': CMAKE_PREFIX_PATH=/root/DockerFiles/drone_ws/install/tello_msgs:/root/DockerFiles/drone_ws/install/ros2_shared:/root/DockerFiles/drone_ws/install/tello_gazebo:/root/DockerFiles/drone_ws/install/tello_driver:/root/DockerFiles/drone_ws/install/tello_description:/root/DockerFiles/drone_ws/install/tello_mission:/root/DockerFiles/drone_ws/install/tello_hand_move:/root/DockerFiles/drone_ws/install/tello_controller:/root/DockerFiles/drone_ws/install/tello_camera:/opt/ros/foxy LD_LIBRARY_PATH=/root/DockerFiles/drone_ws/install/tello_msgs/lib:/root/DockerFiles/drone_ws/install/tello_gazebo/lib:/root/DockerFiles/drone_ws/install/tello_driver/lib:/usr/lib/x86_64-linux-gnu/gazebo-11/plugins:/opt/ros/foxy/opt/yaml_cpp_vendor/lib:/opt/ros/foxy/opt/rviz_ogre_vendor/lib:/opt/ros/foxy/lib/x86_64-linux-gnu:/opt/ros/foxy/lib /usr/bin/cmake --build /root/DockerFiles/drone_ws/build/tello_driver -- -j12 -l12
[4.461s] DEBUG:colcon.colcon_core.event_handler.log_command:Invoking command in '/root/DockerFiles/drone_ws/build/tello_driver': CMAKE_PREFIX_PATH=/root/DockerFiles/drone_ws/install/tello_msgs:/root/DockerFiles/drone_ws/install/ros2_shared:/root/DockerFiles/drone_ws/install/tello_gazebo:/root/DockerFiles/drone_ws/install/tello_driver:/root/DockerFiles/drone_ws/install/tello_description:/root/DockerFiles/drone_ws/install/tello_mission:/root/DockerFiles/drone_ws/install/tello_hand_move:/root/DockerFiles/drone_ws/install/tello_controller:/root/DockerFiles/drone_ws/install/tello_camera:/opt/ros/foxy LD_LIBRARY_PATH=/root/DockerFiles/drone_ws/install/tello_msgs/lib:/root/DockerFiles/drone_ws/install/tello_gazebo/lib:/root/DockerFiles/drone_ws/install/tello_driver/lib:/usr/lib/x86_64-linux-gnu/gazebo-11/plugins:/opt/ros/foxy/opt/yaml_cpp_vendor/lib:/opt/ros/foxy/opt/rviz_ogre_vendor/lib:/opt/ros/foxy/lib/x86_64-linux-gnu:/opt/ros/foxy/lib /usr/bin/cmake --install /root/DockerFiles/drone_ws/build/tello_driver
[4.479s] Level 1:colcon.colcon_core.environment:create_environment_scripts_only(tello_driver)
[4.485s] Level 1:colcon.colcon_core.environment:checking '/root/DockerFiles/drone_ws/install/tello_driver' for CMake module files
[4.487s] Level 1:colcon.colcon_core.environment:checking '/root/DockerFiles/drone_ws/install/tello_driver' for CMake config files
[4.488s] Level 1:colcon.colcon_core.shell:create_environment_hook('tello_driver', 'cmake_prefix_path')
[4.490s] INFO:colcon.colcon_core.shell:Creating environment hook '/root/DockerFiles/drone_ws/install/tello_driver/share/tello_driver/hook/cmake_prefix_path.ps1'
[4.497s] INFO:colcon.colcon_core.shell:Creating environment descriptor '/root/DockerFiles/drone_ws/install/tello_driver/share/tello_driver/hook/cmake_prefix_path.dsv'
[4.492s] DEBUG:colcon.colcon_core.event_handler.log_command:Invoked command in '/root/DockerFiles/drone_ws/build/tello_driver' returned '0': CMAKE_PREFIX_PATH=/root/DockerFiles/drone_ws/install/tello_msgs:/root/DockerFiles/drone_ws/install/ros2_shared:/root/DockerFiles/drone_ws/install/tello_gazebo:/root/DockerFiles/drone_ws/install/tello_driver:/root/DockerFiles/drone_ws/install/tello_description:/root/DockerFiles/drone_ws/install/tello_mission:/root/DockerFiles/drone_ws/install/tello_hand_move:/root/DockerFiles/drone_ws/install/tello_controller:/root/DockerFiles/drone_ws/install/tello_camera:/opt/ros/foxy LD_LIBRARY_PATH=/root/DockerFiles/drone_ws/install/tello_msgs/lib:/root/DockerFiles/drone_ws/install/tello_gazebo/lib:/root/DockerFiles/drone_ws/install/tello_driver/lib:/usr/lib/x86_64-linux-gnu/gazebo-11/plugins:/opt/ros/foxy/opt/yaml_cpp_vendor/lib:/opt/ros/foxy/opt/rviz_ogre_vendor/lib:/opt/ros/foxy/lib/x86_64-linux-gnu:/opt/ros/foxy/lib /usr/bin/cmake --install /root/DockerFiles/drone_ws/build/tello_driver
[4.498s] INFO:colcon.colcon_core.shell:Creating environment hook '/root/DockerFiles/drone_ws/install/tello_driver/share/tello_driver/hook/cmake_prefix_path.sh'
[4.499s] Level 1:colcon.colcon_core.environment:checking '/root/DockerFiles/drone_ws/install/tello_driver/lib'
[4.499s] Level 1:colcon.colcon_core.shell:create_environment_hook('tello_driver', 'ld_library_path_lib')
[4.502s] INFO:colcon.colcon_core.shell:Creating environment hook '/root/DockerFiles/drone_ws/install/tello_driver/share/tello_driver/hook/ld_library_path_lib.ps1'
[4.503s] INFO:colcon.colcon_core.shell:Creating environment descriptor '/root/DockerFiles/drone_ws/install/tello_driver/share/tello_driver/hook/ld_library_path_lib.dsv'
[4.503s] INFO:colcon.colcon_core.shell:Creating environment hook '/root/DockerFiles/drone_ws/install/tello_driver/share/tello_driver/hook/ld_library_path_lib.sh'
[4.504s] Level 1:colcon.colcon_core.environment:checking '/root/DockerFiles/drone_ws/install/tello_driver/bin'
[4.504s] Level 1:colcon.colcon_core.environment:checking '/root/DockerFiles/drone_ws/install/tello_driver/lib/pkgconfig/tello_driver.pc'
[4.505s] Level 1:colcon.colcon_core.environment:checking '/root/DockerFiles/drone_ws/install/tello_driver/lib/python3.8/site-packages'
[4.505s] Level 1:colcon.colcon_core.environment:checking '/root/DockerFiles/drone_ws/install/tello_driver/bin'
[4.507s] INFO:colcon.colcon_core.shell:Creating package script '/root/DockerFiles/drone_ws/install/tello_driver/share/tello_driver/package.ps1'
[4.508s] INFO:colcon.colcon_core.shell:Creating package descriptor '/root/DockerFiles/drone_ws/install/tello_driver/share/tello_driver/package.dsv'
[4.509s] INFO:colcon.colcon_core.shell:Creating package script '/root/DockerFiles/drone_ws/install/tello_driver/share/tello_driver/package.sh'
[4.509s] INFO:colcon.colcon_core.shell:Creating package script '/root/DockerFiles/drone_ws/install/tello_driver/share/tello_driver/package.bash'
[4.509s] INFO:colcon.colcon_core.shell:Creating package script '/root/DockerFiles/drone_ws/install/tello_driver/share/tello_driver/package.zsh'
[4.510s] Level 1:colcon.colcon_core.environment:create_file_with_runtime_dependencies(/root/DockerFiles/drone_ws/install/tello_driver/share/colcon-core/packages/tello_driver)
[4.653s] Level 1:colcon.colcon_core.environment:create_environment_scripts_only(tello_driver)
[4.656s] Level 1:colcon.colcon_core.environment:checking '/root/DockerFiles/drone_ws/install/tello_driver' for CMake module files
[4.657s] Level 1:colcon.colcon_core.environment:checking '/root/DockerFiles/drone_ws/install/tello_driver' for CMake config files
[4.658s] Level 1:colcon.colcon_core.shell:create_environment_hook('tello_driver', 'cmake_prefix_path')
[4.660s] INFO:colcon.colcon_core.shell:Creating environment hook '/root/DockerFiles/drone_ws/install/tello_driver/share/tello_driver/hook/cmake_prefix_path.ps1'
[4.661s] INFO:colcon.colcon_core.shell:Creating environment descriptor '/root/DockerFiles/drone_ws/install/tello_driver/share/tello_driver/hook/cmake_prefix_path.dsv'
[4.671s] INFO:colcon.colcon_core.shell:Creating environment hook '/root/DockerFiles/drone_ws/install/tello_driver/share/tello_driver/hook/cmake_prefix_path.sh'
[4.672s] Level 1:colcon.colcon_core.environment:checking '/root/DockerFiles/drone_ws/install/tello_driver/lib'
[4.673s] Level 1:colcon.colcon_core.shell:create_environment_hook('tello_driver', 'ld_library_path_lib')
[4.675s] INFO:colcon.colcon_core.shell:Creating environment hook '/root/DockerFiles/drone_ws/install/tello_driver/share/tello_driver/hook/ld_library_path_lib.ps1'
[4.676s] INFO:colcon.colcon_core.shell:Creating environment descriptor '/root/DockerFiles/drone_ws/install/tello_driver/share/tello_driver/hook/ld_library_path_lib.dsv'
[4.676s] INFO:colcon.colcon_core.shell:Creating environment hook '/root/DockerFiles/drone_ws/install/tello_driver/share/tello_driver/hook/ld_library_path_lib.sh'
[4.676s] Level 1:colcon.colcon_core.environment:checking '/root/DockerFiles/drone_ws/install/tello_driver/bin'
[4.677s] Level 1:colcon.colcon_core.environment:checking '/root/DockerFiles/drone_ws/install/tello_driver/lib/pkgconfig/tello_driver.pc'
[4.677s] Level 1:colcon.colcon_core.environment:checking '/root/DockerFiles/drone_ws/install/tello_driver/lib/python3.8/site-packages'
[4.677s] Level 1:colcon.colcon_core.environment:checking '/root/DockerFiles/drone_ws/install/tello_driver/bin'
[4.680s] INFO:colcon.colcon_core.shell:Creating package script '/root/DockerFiles/drone_ws/install/tello_driver/share/tello_driver/package.ps1'
[4.681s] INFO:colcon.colcon_core.shell:Creating package descriptor '/root/DockerFiles/drone_ws/install/tello_driver/share/tello_driver/package.dsv'
[4.681s] INFO:colcon.colcon_core.shell:Creating package script '/root/DockerFiles/drone_ws/install/tello_driver/share/tello_driver/package.sh'
[4.682s] INFO:colcon.colcon_core.shell:Creating package script '/root/DockerFiles/drone_ws/install/tello_driver/share/tello_driver/package.bash'
[4.682s] INFO:colcon.colcon_core.shell:Creating package script '/root/DockerFiles/drone_ws/install/tello_driver/share/tello_driver/package.zsh'
[4.684s] Level 1:colcon.colcon_core.environment:create_file_with_runtime_dependencies(/root/DockerFiles/drone_ws/install/tello_driver/share/colcon-core/packages/tello_driver)
[4.684s] DEBUG:colcon.colcon_parallel_executor.executor.parallel:closing loop
[4.685s] DEBUG:colcon.colcon_parallel_executor.executor.parallel:loop closed
[4.685s] DEBUG:colcon.colcon_parallel_executor.executor.parallel:run_until_complete finished with '0'
[4.685s] DEBUG:colcon.colcon_core.event_reactor:joining thread
[4.695s] INFO:colcon.colcon_core.plugin_system:Skipping extension 'colcon_notification.desktop_notification.notify_send': Could not find 'notify-send'
[4.695s] INFO:colcon.colcon_core.plugin_system:Skipping extension 'colcon_notification.desktop_notification.terminal_notifier': Not used on non-Darwin systems
[4.696s] INFO:colcon.colcon_core.plugin_system:Skipping extension 'colcon_notification.desktop_notification.win32': Not used on non-Windows systems
[4.696s] INFO:colcon.colcon_notification.desktop_notification:Sending desktop notification using 'notify2'
[4.699s] DEBUG:colcon.colcon_notification.desktop_notification.notify2:Failed to initialize notify2: org.freedesktop.DBus.Error.Spawn.ExecFailed: /usr/bin/dbus-launch terminated abnormally without any error message
[4.700s] DEBUG:colcon.colcon_core.event_reactor:joined thread
[4.704s] INFO:colcon.colcon_core.shell:Creating prefix script '/root/DockerFiles/drone_ws/install/local_setup.ps1'
[4.706s] INFO:colcon.colcon_core.shell:Creating prefix util module '/root/DockerFiles/drone_ws/install/_local_setup_util_ps1.py'
[4.718s] INFO:colcon.colcon_core.shell:Creating prefix chain script '/root/DockerFiles/drone_ws/install/setup.ps1'
[4.721s] INFO:colcon.colcon_core.shell:Creating prefix script '/root/DockerFiles/drone_ws/install/local_setup.sh'
[4.722s] INFO:colcon.colcon_core.shell:Creating prefix util module '/root/DockerFiles/drone_ws/install/_local_setup_util_sh.py'
[4.723s] INFO:colcon.colcon_core.shell:Creating prefix chain script '/root/DockerFiles/drone_ws/install/setup.sh'
[4.727s] INFO:colcon.colcon_core.shell:Creating prefix script '/root/DockerFiles/drone_ws/install/local_setup.bash'
[4.728s] INFO:colcon.colcon_core.shell:Creating prefix chain script '/root/DockerFiles/drone_ws/install/setup.bash'
[4.730s] INFO:colcon.colcon_core.shell:Creating prefix script '/root/DockerFiles/drone_ws/install/local_setup.zsh'
[4.731s] INFO:colcon.colcon_core.shell:Creating prefix chain script '/root/DockerFiles/drone_ws/install/setup.zsh'
