[0.485s] DEBUG:colcon:Command line arguments: ['/usr/bin/colcon', 'build']
[0.485s] DEBUG:colcon:Parsed command line arguments: Namespace(ament_cmake_args=None, base_paths=['.'], build_base='build', catkin_cmake_args=None, catkin_skip_building_tests=False, cmake_args=None, cmake_clean_cache=False, cmake_clean_first=False, cmake_force_configure=False, cmake_target=None, cmake_target_skip_unavailable=False, continue_on_error=False, event_handlers=None, executor='parallel', ignore_user_meta=False, install_base='install', log_base=None, log_level=None, main=<bound method BuildVerb.main of <colcon_core.verb.build.BuildVerb object at 0x715c22b09d90>>, merge_install=False, metas=['./colcon.meta'], mixin=None, mixin_files=None, mixin_verb=('build',), packages_above=None, packages_above_and_dependencies=None, packages_above_depth=None, packages_end=None, packages_ignore=None, packages_ignore_regex=None, packages_select=None, packages_select_build_failed=False, packages_select_by_dep=None, packages_select_regex=None, packages_select_test_failures=False, packages_skip=None, packages_skip_build_finished=False, packages_skip_by_dep=None, packages_skip_regex=None, packages_skip_test_passed=False, packages_skip_up_to=None, packages_start=None, packages_up_to=None, packages_up_to_regex=None, parallel_workers=12, paths=None, symlink_install=False, test_result_base=None, verb_extension=<colcon_core.verb.build.BuildVerb object at 0x715c22b09d90>, verb_name='build', verb_parser=<colcon_mixin.mixin.mixin_argument.MixinArgumentDecorator object at 0x715c22a963a0>)
[0.530s] Level 1:colcon.colcon_core.package_discovery:discover_packages(colcon_meta) check parameters
[0.532s] INFO:colcon.colcon_metadata.package_discovery.colcon_meta:Using configuration from '/root/.colcon/metadata/default/Gazebo.meta'
[0.533s] INFO:colcon.colcon_metadata.package_discovery.colcon_meta:Using configuration from '/root/.colcon/metadata/default/fastdds.meta'
[0.534s] INFO:colcon.colcon_metadata.package_discovery.colcon_meta:Using configuration from '/root/.colcon/metadata/default/fastrtps.meta'
[0.534s] Level 1:colcon.colcon_core.package_discovery:discover_packages(recursive) check parameters
[0.534s] Level 1:colcon.colcon_core.package_discovery:discover_packages(ignore) check parameters
[0.534s] Level 1:colcon.colcon_core.package_discovery:discover_packages(path) check parameters
[0.534s] Level 1:colcon.colcon_core.package_discovery:discover_packages(colcon_meta) discover
[0.534s] Level 1:colcon.colcon_core.package_discovery:discover_packages(recursive) discover
[0.534s] INFO:colcon.colcon_core.package_discovery:Crawling recursively for packages in '/root/DockerFiles/drone_ws'
[0.534s] Level 1:colcon.colcon_core.package_identification:_identify(.) by extensions ['ignore', 'ignore_ament_install']
[0.535s] Level 1:colcon.colcon_core.package_identification:_identify(.) by extension 'ignore'
[0.535s] Level 1:colcon.colcon_core.package_identification:_identify(.) by extension 'ignore_ament_install'
[0.535s] Level 1:colcon.colcon_core.package_identification:_identify(.) by extensions ['colcon_pkg']
[0.535s] Level 1:colcon.colcon_core.package_identification:_identify(.) by extension 'colcon_pkg'
[0.535s] Level 1:colcon.colcon_core.package_identification:_identify(.) by extensions ['colcon_meta']
[0.535s] Level 1:colcon.colcon_core.package_identification:_identify(.) by extension 'colcon_meta'
[0.535s] Level 1:colcon.colcon_core.package_identification:_identify(.) by extensions ['ros']
[0.535s] Level 1:colcon.colcon_core.package_identification:_identify(.) by extension 'ros'
[0.573s] Level 1:colcon.colcon_core.package_identification:_identify(.) by extensions ['cmake', 'python']
[0.573s] Level 1:colcon.colcon_core.package_identification:_identify(.) by extension 'cmake'
[0.574s] Level 1:colcon.colcon_core.package_identification:_identify(.) by extension 'python'
[0.574s] Level 1:colcon.colcon_core.package_identification:_identify(.) by extensions ['python_setup_py']
[0.574s] Level 1:colcon.colcon_core.package_identification:_identify(.) by extension 'python_setup_py'
[0.575s] Level 1:colcon.colcon_core.package_identification:_identify(build) by extensions ['ignore', 'ignore_ament_install']
[0.575s] Level 1:colcon.colcon_core.package_identification:_identify(build) by extension 'ignore'
[0.575s] Level 1:colcon.colcon_core.package_identification:_identify(build) ignored
[0.576s] Level 1:colcon.colcon_core.package_identification:_identify(install) by extensions ['ignore', 'ignore_ament_install']
[0.576s] Level 1:colcon.colcon_core.package_identification:_identify(install) by extension 'ignore'
[0.576s] Level 1:colcon.colcon_core.package_identification:_identify(install) ignored
[0.576s] Level 1:colcon.colcon_core.package_identification:_identify(log) by extensions ['ignore', 'ignore_ament_install']
[0.577s] Level 1:colcon.colcon_core.package_identification:_identify(log) by extension 'ignore'
[0.577s] Level 1:colcon.colcon_core.package_identification:_identify(log) ignored
[0.577s] Level 1:colcon.colcon_core.package_identification:_identify(sim) by extensions ['ignore', 'ignore_ament_install']
[0.577s] Level 1:colcon.colcon_core.package_identification:_identify(sim) by extension 'ignore'
[0.577s] Level 1:colcon.colcon_core.package_identification:_identify(sim) by extension 'ignore_ament_install'
[0.578s] Level 1:colcon.colcon_core.package_identification:_identify(sim) by extensions ['colcon_pkg']
[0.578s] Level 1:colcon.colcon_core.package_identification:_identify(sim) by extension 'colcon_pkg'
[0.578s] Level 1:colcon.colcon_core.package_identification:_identify(sim) by extensions ['colcon_meta']
[0.578s] Level 1:colcon.colcon_core.package_identification:_identify(sim) by extension 'colcon_meta'
[0.579s] Level 1:colcon.colcon_core.package_identification:_identify(sim) by extensions ['ros']
[0.579s] Level 1:colcon.colcon_core.package_identification:_identify(sim) by extension 'ros'
[0.579s] Level 1:colcon.colcon_core.package_identification:_identify(sim) by extensions ['cmake', 'python']
[0.579s] Level 1:colcon.colcon_core.package_identification:_identify(sim) by extension 'cmake'
[0.579s] Level 1:colcon.colcon_core.package_identification:_identify(sim) by extension 'python'
[0.579s] Level 1:colcon.colcon_core.package_identification:_identify(sim) by extensions ['python_setup_py']
[0.580s] Level 1:colcon.colcon_core.package_identification:_identify(sim) by extension 'python_setup_py'
[0.580s] Level 1:colcon.colcon_core.package_identification:_identify(sim/build) by extensions ['ignore', 'ignore_ament_install']
[0.580s] Level 1:colcon.colcon_core.package_identification:_identify(sim/build) by extension 'ignore'
[0.580s] Level 1:colcon.colcon_core.package_identification:_identify(sim/build) ignored
[0.580s] Level 1:colcon.colcon_core.package_identification:_identify(sim/install) by extensions ['ignore', 'ignore_ament_install']
[0.581s] Level 1:colcon.colcon_core.package_identification:_identify(sim/install) by extension 'ignore'
[0.581s] Level 1:colcon.colcon_core.package_identification:_identify(sim/install) ignored
[0.581s] Level 1:colcon.colcon_core.package_identification:_identify(sim/log) by extensions ['ignore', 'ignore_ament_install']
[0.581s] Level 1:colcon.colcon_core.package_identification:_identify(sim/log) by extension 'ignore'
[0.581s] Level 1:colcon.colcon_core.package_identification:_identify(sim/log) ignored
[0.582s] Level 1:colcon.colcon_core.package_identification:_identify(sim/worlds) by extensions ['ignore', 'ignore_ament_install']
[0.582s] Level 1:colcon.colcon_core.package_identification:_identify(sim/worlds) by extension 'ignore'
[0.582s] Level 1:colcon.colcon_core.package_identification:_identify(sim/worlds) by extension 'ignore_ament_install'
[0.582s] Level 1:colcon.colcon_core.package_identification:_identify(sim/worlds) by extensions ['colcon_pkg']
[0.582s] Level 1:colcon.colcon_core.package_identification:_identify(sim/worlds) by extension 'colcon_pkg'
[0.582s] Level 1:colcon.colcon_core.package_identification:_identify(sim/worlds) by extensions ['colcon_meta']
[0.583s] Level 1:colcon.colcon_core.package_identification:_identify(sim/worlds) by extension 'colcon_meta'
[0.583s] Level 1:colcon.colcon_core.package_identification:_identify(sim/worlds) by extensions ['ros']
[0.583s] Level 1:colcon.colcon_core.package_identification:_identify(sim/worlds) by extension 'ros'
[0.583s] Level 1:colcon.colcon_core.package_identification:_identify(sim/worlds) by extensions ['cmake', 'python']
[0.583s] Level 1:colcon.colcon_core.package_identification:_identify(sim/worlds) by extension 'cmake'
[0.583s] Level 1:colcon.colcon_core.package_identification:_identify(sim/worlds) by extension 'python'
[0.584s] Level 1:colcon.colcon_core.package_identification:_identify(sim/worlds) by extensions ['python_setup_py']
[0.584s] Level 1:colcon.colcon_core.package_identification:_identify(sim/worlds) by extension 'python_setup_py'
[0.584s] Level 1:colcon.colcon_core.package_identification:_identify(src) by extensions ['ignore', 'ignore_ament_install']
[0.584s] Level 1:colcon.colcon_core.package_identification:_identify(src) by extension 'ignore'
[0.585s] Level 1:colcon.colcon_core.package_identification:_identify(src) by extension 'ignore_ament_install'
[0.585s] Level 1:colcon.colcon_core.package_identification:_identify(src) by extensions ['colcon_pkg']
[0.585s] Level 1:colcon.colcon_core.package_identification:_identify(src) by extension 'colcon_pkg'
[0.585s] Level 1:colcon.colcon_core.package_identification:_identify(src) by extensions ['colcon_meta']
[0.586s] Level 1:colcon.colcon_core.package_identification:_identify(src) by extension 'colcon_meta'
[0.586s] Level 1:colcon.colcon_core.package_identification:_identify(src) by extensions ['ros']
[0.586s] Level 1:colcon.colcon_core.package_identification:_identify(src) by extension 'ros'
[0.586s] Level 1:colcon.colcon_core.package_identification:_identify(src) by extensions ['cmake', 'python']
[0.586s] Level 1:colcon.colcon_core.package_identification:_identify(src) by extension 'cmake'
[0.587s] Level 1:colcon.colcon_core.package_identification:_identify(src) by extension 'python'
[0.587s] Level 1:colcon.colcon_core.package_identification:_identify(src) by extensions ['python_setup_py']
[0.587s] Level 1:colcon.colcon_core.package_identification:_identify(src) by extension 'python_setup_py'
[0.587s] Level 1:colcon.colcon_core.package_identification:_identify(src/ros2_shared) by extensions ['ignore', 'ignore_ament_install']
[0.588s] Level 1:colcon.colcon_core.package_identification:_identify(src/ros2_shared) by extension 'ignore'
[0.588s] Level 1:colcon.colcon_core.package_identification:_identify(src/ros2_shared) by extension 'ignore_ament_install'
[0.588s] Level 1:colcon.colcon_core.package_identification:_identify(src/ros2_shared) by extensions ['colcon_pkg']
[0.588s] Level 1:colcon.colcon_core.package_identification:_identify(src/ros2_shared) by extension 'colcon_pkg'
[0.588s] Level 1:colcon.colcon_core.package_identification:_identify(src/ros2_shared) by extensions ['colcon_meta']
[0.589s] Level 1:colcon.colcon_core.package_identification:_identify(src/ros2_shared) by extension 'colcon_meta'
[0.589s] Level 1:colcon.colcon_core.package_identification:_identify(src/ros2_shared) by extensions ['ros']
[0.589s] Level 1:colcon.colcon_core.package_identification:_identify(src/ros2_shared) by extension 'ros'
[0.594s] DEBUG:colcon.colcon_core.package_identification:Package 'src/ros2_shared' with type 'ros.ament_cmake' and name 'ros2_shared'
[0.595s] Level 1:colcon.colcon_core.package_identification:_identify(src/tello_camera) by extensions ['ignore', 'ignore_ament_install']
[0.595s] Level 1:colcon.colcon_core.package_identification:_identify(src/tello_camera) by extension 'ignore'
[0.595s] Level 1:colcon.colcon_core.package_identification:_identify(src/tello_camera) by extension 'ignore_ament_install'
[0.596s] Level 1:colcon.colcon_core.package_identification:_identify(src/tello_camera) by extensions ['colcon_pkg']
[0.596s] Level 1:colcon.colcon_core.package_identification:_identify(src/tello_camera) by extension 'colcon_pkg'
[0.596s] Level 1:colcon.colcon_core.package_identification:_identify(src/tello_camera) by extensions ['colcon_meta']
[0.596s] Level 1:colcon.colcon_core.package_identification:_identify(src/tello_camera) by extension 'colcon_meta'
[0.596s] Level 1:colcon.colcon_core.package_identification:_identify(src/tello_camera) by extensions ['ros']
[0.597s] Level 1:colcon.colcon_core.package_identification:_identify(src/tello_camera) by extension 'ros'
[0.598s] DEBUG:colcon.colcon_core.package_identification:Package 'src/tello_camera' with type 'ros.ament_python' and name 'tello_camera'
[0.598s] Level 1:colcon.colcon_core.package_identification:_identify(src/tello_controller) by extensions ['ignore', 'ignore_ament_install']
[0.599s] Level 1:colcon.colcon_core.package_identification:_identify(src/tello_controller) by extension 'ignore'
[0.599s] Level 1:colcon.colcon_core.package_identification:_identify(src/tello_controller) by extension 'ignore_ament_install'
[0.599s] Level 1:colcon.colcon_core.package_identification:_identify(src/tello_controller) by extensions ['colcon_pkg']
[0.599s] Level 1:colcon.colcon_core.package_identification:_identify(src/tello_controller) by extension 'colcon_pkg'
[0.599s] Level 1:colcon.colcon_core.package_identification:_identify(src/tello_controller) by extensions ['colcon_meta']
[0.600s] Level 1:colcon.colcon_core.package_identification:_identify(src/tello_controller) by extension 'colcon_meta'
[0.600s] Level 1:colcon.colcon_core.package_identification:_identify(src/tello_controller) by extensions ['ros']
[0.600s] Level 1:colcon.colcon_core.package_identification:_identify(src/tello_controller) by extension 'ros'
[0.601s] DEBUG:colcon.colcon_core.package_identification:Package 'src/tello_controller' with type 'ros.ament_python' and name 'tello_controller'
[0.601s] Level 1:colcon.colcon_core.package_identification:_identify(src/tello_hand_move) by extensions ['ignore', 'ignore_ament_install']
[0.602s] Level 1:colcon.colcon_core.package_identification:_identify(src/tello_hand_move) by extension 'ignore'
[0.602s] Level 1:colcon.colcon_core.package_identification:_identify(src/tello_hand_move) by extension 'ignore_ament_install'
[0.602s] Level 1:colcon.colcon_core.package_identification:_identify(src/tello_hand_move) by extensions ['colcon_pkg']
[0.603s] Level 1:colcon.colcon_core.package_identification:_identify(src/tello_hand_move) by extension 'colcon_pkg'
[0.603s] Level 1:colcon.colcon_core.package_identification:_identify(src/tello_hand_move) by extensions ['colcon_meta']
[0.603s] Level 1:colcon.colcon_core.package_identification:_identify(src/tello_hand_move) by extension 'colcon_meta'
[0.603s] Level 1:colcon.colcon_core.package_identification:_identify(src/tello_hand_move) by extensions ['ros']
[0.603s] Level 1:colcon.colcon_core.package_identification:_identify(src/tello_hand_move) by extension 'ros'
[0.605s] DEBUG:colcon.colcon_core.package_identification:Package 'src/tello_hand_move' with type 'ros.ament_python' and name 'tello_hand_move'
[0.605s] Level 1:colcon.colcon_core.package_identification:_identify(src/tello_mission) by extensions ['ignore', 'ignore_ament_install']
[0.605s] Level 1:colcon.colcon_core.package_identification:_identify(src/tello_mission) by extension 'ignore'
[0.605s] Level 1:colcon.colcon_core.package_identification:_identify(src/tello_mission) by extension 'ignore_ament_install'
[0.606s] Level 1:colcon.colcon_core.package_identification:_identify(src/tello_mission) by extensions ['colcon_pkg']
[0.606s] Level 1:colcon.colcon_core.package_identification:_identify(src/tello_mission) by extension 'colcon_pkg'
[0.606s] Level 1:colcon.colcon_core.package_identification:_identify(src/tello_mission) by extensions ['colcon_meta']
[0.606s] Level 1:colcon.colcon_core.package_identification:_identify(src/tello_mission) by extension 'colcon_meta'
[0.607s] Level 1:colcon.colcon_core.package_identification:_identify(src/tello_mission) by extensions ['ros']
[0.607s] Level 1:colcon.colcon_core.package_identification:_identify(src/tello_mission) by extension 'ros'
[0.608s] DEBUG:colcon.colcon_core.package_identification:Package 'src/tello_mission' with type 'ros.ament_python' and name 'tello_mission'
[0.608s] Level 1:colcon.colcon_core.package_identification:_identify(src/tello_ros) by extensions ['ignore', 'ignore_ament_install']
[0.608s] Level 1:colcon.colcon_core.package_identification:_identify(src/tello_ros) by extension 'ignore'
[0.609s] Level 1:colcon.colcon_core.package_identification:_identify(src/tello_ros) by extension 'ignore_ament_install'
[0.609s] Level 1:colcon.colcon_core.package_identification:_identify(src/tello_ros) by extensions ['colcon_pkg']
[0.609s] Level 1:colcon.colcon_core.package_identification:_identify(src/tello_ros) by extension 'colcon_pkg'
[0.609s] Level 1:colcon.colcon_core.package_identification:_identify(src/tello_ros) by extensions ['colcon_meta']
[0.609s] Level 1:colcon.colcon_core.package_identification:_identify(src/tello_ros) by extension 'colcon_meta'
[0.610s] Level 1:colcon.colcon_core.package_identification:_identify(src/tello_ros) by extensions ['ros']
[0.610s] Level 1:colcon.colcon_core.package_identification:_identify(src/tello_ros) by extension 'ros'
[0.610s] Level 1:colcon.colcon_core.package_identification:_identify(src/tello_ros) by extensions ['cmake', 'python']
[0.610s] Level 1:colcon.colcon_core.package_identification:_identify(src/tello_ros) by extension 'cmake'
[0.610s] Level 1:colcon.colcon_core.package_identification:_identify(src/tello_ros) by extension 'python'
[0.611s] Level 1:colcon.colcon_core.package_identification:_identify(src/tello_ros) by extensions ['python_setup_py']
[0.611s] Level 1:colcon.colcon_core.package_identification:_identify(src/tello_ros) by extension 'python_setup_py'
[0.612s] Level 1:colcon.colcon_core.package_identification:_identify(src/tello_ros/tello_description) by extensions ['ignore', 'ignore_ament_install']
[0.613s] Level 1:colcon.colcon_core.package_identification:_identify(src/tello_ros/tello_description) by extension 'ignore'
[0.613s] Level 1:colcon.colcon_core.package_identification:_identify(src/tello_ros/tello_description) by extension 'ignore_ament_install'
[0.614s] Level 1:colcon.colcon_core.package_identification:_identify(src/tello_ros/tello_description) by extensions ['colcon_pkg']
[0.614s] Level 1:colcon.colcon_core.package_identification:_identify(src/tello_ros/tello_description) by extension 'colcon_pkg'
[0.614s] Level 1:colcon.colcon_core.package_identification:_identify(src/tello_ros/tello_description) by extensions ['colcon_meta']
[0.614s] Level 1:colcon.colcon_core.package_identification:_identify(src/tello_ros/tello_description) by extension 'colcon_meta'
[0.614s] Level 1:colcon.colcon_core.package_identification:_identify(src/tello_ros/tello_description) by extensions ['ros']
[0.615s] Level 1:colcon.colcon_core.package_identification:_identify(src/tello_ros/tello_description) by extension 'ros'
[0.616s] DEBUG:colcon.colcon_core.package_identification:Package 'src/tello_ros/tello_description' with type 'ros.ament_cmake' and name 'tello_description'
[0.617s] Level 1:colcon.colcon_core.package_identification:_identify(src/tello_ros/tello_driver) by extensions ['ignore', 'ignore_ament_install']
[0.617s] Level 1:colcon.colcon_core.package_identification:_identify(src/tello_ros/tello_driver) by extension 'ignore'
[0.617s] Level 1:colcon.colcon_core.package_identification:_identify(src/tello_ros/tello_driver) by extension 'ignore_ament_install'
[0.617s] Level 1:colcon.colcon_core.package_identification:_identify(src/tello_ros/tello_driver) by extensions ['colcon_pkg']
[0.617s] Level 1:colcon.colcon_core.package_identification:_identify(src/tello_ros/tello_driver) by extension 'colcon_pkg'
[0.617s] Level 1:colcon.colcon_core.package_identification:_identify(src/tello_ros/tello_driver) by extensions ['colcon_meta']
[0.617s] Level 1:colcon.colcon_core.package_identification:_identify(src/tello_ros/tello_driver) by extension 'colcon_meta'
[0.617s] Level 1:colcon.colcon_core.package_identification:_identify(src/tello_ros/tello_driver) by extensions ['ros']
[0.617s] Level 1:colcon.colcon_core.package_identification:_identify(src/tello_ros/tello_driver) by extension 'ros'
[0.623s] DEBUG:colcon.colcon_core.package_identification:Package 'src/tello_ros/tello_driver' with type 'ros.ament_cmake' and name 'tello_driver'
[0.624s] Level 1:colcon.colcon_core.package_identification:_identify(src/tello_ros/tello_gazebo) by extensions ['ignore', 'ignore_ament_install']
[0.624s] Level 1:colcon.colcon_core.package_identification:_identify(src/tello_ros/tello_gazebo) by extension 'ignore'
[0.624s] Level 1:colcon.colcon_core.package_identification:_identify(src/tello_ros/tello_gazebo) by extension 'ignore_ament_install'
[0.624s] Level 1:colcon.colcon_core.package_identification:_identify(src/tello_ros/tello_gazebo) by extensions ['colcon_pkg']
[0.625s] Level 1:colcon.colcon_core.package_identification:_identify(src/tello_ros/tello_gazebo) by extension 'colcon_pkg'
[0.625s] Level 1:colcon.colcon_core.package_identification:_identify(src/tello_ros/tello_gazebo) by extensions ['colcon_meta']
[0.625s] Level 1:colcon.colcon_core.package_identification:_identify(src/tello_ros/tello_gazebo) by extension 'colcon_meta'
[0.625s] Level 1:colcon.colcon_core.package_identification:_identify(src/tello_ros/tello_gazebo) by extensions ['ros']
[0.625s] Level 1:colcon.colcon_core.package_identification:_identify(src/tello_ros/tello_gazebo) by extension 'ros'
[0.627s] DEBUG:colcon.colcon_core.package_identification:Package 'src/tello_ros/tello_gazebo' with type 'ros.ament_cmake' and name 'tello_gazebo'
[0.627s] Level 1:colcon.colcon_core.package_identification:_identify(src/tello_ros/tello_msgs) by extensions ['ignore', 'ignore_ament_install']
[0.628s] Level 1:colcon.colcon_core.package_identification:_identify(src/tello_ros/tello_msgs) by extension 'ignore'
[0.628s] Level 1:colcon.colcon_core.package_identification:_identify(src/tello_ros/tello_msgs) by extension 'ignore_ament_install'
[0.628s] Level 1:colcon.colcon_core.package_identification:_identify(src/tello_ros/tello_msgs) by extensions ['colcon_pkg']
[0.628s] Level 1:colcon.colcon_core.package_identification:_identify(src/tello_ros/tello_msgs) by extension 'colcon_pkg'
[0.629s] Level 1:colcon.colcon_core.package_identification:_identify(src/tello_ros/tello_msgs) by extensions ['colcon_meta']
[0.629s] Level 1:colcon.colcon_core.package_identification:_identify(src/tello_ros/tello_msgs) by extension 'colcon_meta'
[0.629s] Level 1:colcon.colcon_core.package_identification:_identify(src/tello_ros/tello_msgs) by extensions ['ros']
[0.629s] Level 1:colcon.colcon_core.package_identification:_identify(src/tello_ros/tello_msgs) by extension 'ros'
[0.630s] DEBUG:colcon.colcon_core.package_identification:Package 'src/tello_ros/tello_msgs' with type 'ros.ament_cmake' and name 'tello_msgs'
[0.630s] Level 1:colcon.colcon_core.package_discovery:discover_packages(recursive) using defaults
[0.630s] Level 1:colcon.colcon_core.package_discovery:discover_packages(ignore) discover
[0.630s] Level 1:colcon.colcon_core.package_discovery:discover_packages(ignore) using defaults
[0.630s] Level 1:colcon.colcon_core.package_discovery:discover_packages(path) discover
[0.630s] Level 1:colcon.colcon_core.package_discovery:discover_packages(path) using defaults
[0.668s] Level 5:colcon.colcon_core.verb:set package 'ros2_shared' build argument 'cmake_args' from command line to 'None'
[0.669s] Level 5:colcon.colcon_core.verb:set package 'ros2_shared' build argument 'cmake_target' from command line to 'None'
[0.669s] Level 5:colcon.colcon_core.verb:set package 'ros2_shared' build argument 'cmake_target_skip_unavailable' from command line to 'False'
[0.669s] Level 5:colcon.colcon_core.verb:set package 'ros2_shared' build argument 'cmake_clean_cache' from command line to 'False'
[0.669s] Level 5:colcon.colcon_core.verb:set package 'ros2_shared' build argument 'cmake_clean_first' from command line to 'False'
[0.669s] Level 5:colcon.colcon_core.verb:set package 'ros2_shared' build argument 'cmake_force_configure' from command line to 'False'
[0.669s] Level 5:colcon.colcon_core.verb:set package 'ros2_shared' build argument 'ament_cmake_args' from command line to 'None'
[0.669s] Level 5:colcon.colcon_core.verb:set package 'ros2_shared' build argument 'catkin_cmake_args' from command line to 'None'
[0.669s] Level 5:colcon.colcon_core.verb:set package 'ros2_shared' build argument 'catkin_skip_building_tests' from command line to 'False'
[0.669s] DEBUG:colcon.colcon_core.verb:Building package 'ros2_shared' with the following arguments: {'ament_cmake_args': None, 'build_base': '/root/DockerFiles/drone_ws/build/ros2_shared', 'catkin_cmake_args': None, 'catkin_skip_building_tests': False, 'cmake_args': None, 'cmake_clean_cache': False, 'cmake_clean_first': False, 'cmake_force_configure': False, 'cmake_target': None, 'cmake_target_skip_unavailable': False, 'install_base': '/root/DockerFiles/drone_ws/install/ros2_shared', 'merge_install': False, 'path': '/root/DockerFiles/drone_ws/src/ros2_shared', 'symlink_install': False, 'test_result_base': None}
[0.671s] Level 5:colcon.colcon_core.verb:set package 'tello_camera' build argument 'cmake_args' from command line to 'None'
[0.672s] Level 5:colcon.colcon_core.verb:set package 'tello_camera' build argument 'cmake_target' from command line to 'None'
[0.672s] Level 5:colcon.colcon_core.verb:set package 'tello_camera' build argument 'cmake_target_skip_unavailable' from command line to 'False'
[0.672s] Level 5:colcon.colcon_core.verb:set package 'tello_camera' build argument 'cmake_clean_cache' from command line to 'False'
[0.672s] Level 5:colcon.colcon_core.verb:set package 'tello_camera' build argument 'cmake_clean_first' from command line to 'False'
[0.672s] Level 5:colcon.colcon_core.verb:set package 'tello_camera' build argument 'cmake_force_configure' from command line to 'False'
[0.672s] Level 5:colcon.colcon_core.verb:set package 'tello_camera' build argument 'ament_cmake_args' from command line to 'None'
[0.673s] Level 5:colcon.colcon_core.verb:set package 'tello_camera' build argument 'catkin_cmake_args' from command line to 'None'
[0.673s] Level 5:colcon.colcon_core.verb:set package 'tello_camera' build argument 'catkin_skip_building_tests' from command line to 'False'
[0.673s] DEBUG:colcon.colcon_core.verb:Building package 'tello_camera' with the following arguments: {'ament_cmake_args': None, 'build_base': '/root/DockerFiles/drone_ws/build/tello_camera', 'catkin_cmake_args': None, 'catkin_skip_building_tests': False, 'cmake_args': None, 'cmake_clean_cache': False, 'cmake_clean_first': False, 'cmake_force_configure': False, 'cmake_target': None, 'cmake_target_skip_unavailable': False, 'install_base': '/root/DockerFiles/drone_ws/install/tello_camera', 'merge_install': False, 'path': '/root/DockerFiles/drone_ws/src/tello_camera', 'symlink_install': False, 'test_result_base': None}
[0.674s] Level 5:colcon.colcon_core.verb:set package 'tello_controller' build argument 'cmake_args' from command line to 'None'
[0.674s] Level 5:colcon.colcon_core.verb:set package 'tello_controller' build argument 'cmake_target' from command line to 'None'
[0.674s] Level 5:colcon.colcon_core.verb:set package 'tello_controller' build argument 'cmake_target_skip_unavailable' from command line to 'False'
[0.674s] Level 5:colcon.colcon_core.verb:set package 'tello_controller' build argument 'cmake_clean_cache' from command line to 'False'
[0.674s] Level 5:colcon.colcon_core.verb:set package 'tello_controller' build argument 'cmake_clean_first' from command line to 'False'
[0.674s] Level 5:colcon.colcon_core.verb:set package 'tello_controller' build argument 'cmake_force_configure' from command line to 'False'
[0.674s] Level 5:colcon.colcon_core.verb:set package 'tello_controller' build argument 'ament_cmake_args' from command line to 'None'
[0.674s] Level 5:colcon.colcon_core.verb:set package 'tello_controller' build argument 'catkin_cmake_args' from command line to 'None'
[0.674s] Level 5:colcon.colcon_core.verb:set package 'tello_controller' build argument 'catkin_skip_building_tests' from command line to 'False'
[0.674s] DEBUG:colcon.colcon_core.verb:Building package 'tello_controller' with the following arguments: {'ament_cmake_args': None, 'build_base': '/root/DockerFiles/drone_ws/build/tello_controller', 'catkin_cmake_args': None, 'catkin_skip_building_tests': False, 'cmake_args': None, 'cmake_clean_cache': False, 'cmake_clean_first': False, 'cmake_force_configure': False, 'cmake_target': None, 'cmake_target_skip_unavailable': False, 'install_base': '/root/DockerFiles/drone_ws/install/tello_controller', 'merge_install': False, 'path': '/root/DockerFiles/drone_ws/src/tello_controller', 'symlink_install': False, 'test_result_base': None}
[0.675s] Level 5:colcon.colcon_core.verb:set package 'tello_description' build argument 'cmake_args' from command line to 'None'
[0.676s] Level 5:colcon.colcon_core.verb:set package 'tello_description' build argument 'cmake_target' from command line to 'None'
[0.676s] Level 5:colcon.colcon_core.verb:set package 'tello_description' build argument 'cmake_target_skip_unavailable' from command line to 'False'
[0.676s] Level 5:colcon.colcon_core.verb:set package 'tello_description' build argument 'cmake_clean_cache' from command line to 'False'
[0.676s] Level 5:colcon.colcon_core.verb:set package 'tello_description' build argument 'cmake_clean_first' from command line to 'False'
[0.676s] Level 5:colcon.colcon_core.verb:set package 'tello_description' build argument 'cmake_force_configure' from command line to 'False'
[0.676s] Level 5:colcon.colcon_core.verb:set package 'tello_description' build argument 'ament_cmake_args' from command line to 'None'
[0.676s] Level 5:colcon.colcon_core.verb:set package 'tello_description' build argument 'catkin_cmake_args' from command line to 'None'
[0.676s] Level 5:colcon.colcon_core.verb:set package 'tello_description' build argument 'catkin_skip_building_tests' from command line to 'False'
[0.676s] DEBUG:colcon.colcon_core.verb:Building package 'tello_description' with the following arguments: {'ament_cmake_args': None, 'build_base': '/root/DockerFiles/drone_ws/build/tello_description', 'catkin_cmake_args': None, 'catkin_skip_building_tests': False, 'cmake_args': None, 'cmake_clean_cache': False, 'cmake_clean_first': False, 'cmake_force_configure': False, 'cmake_target': None, 'cmake_target_skip_unavailable': False, 'install_base': '/root/DockerFiles/drone_ws/install/tello_description', 'merge_install': False, 'path': '/root/DockerFiles/drone_ws/src/tello_ros/tello_description', 'symlink_install': False, 'test_result_base': None}
[0.677s] Level 5:colcon.colcon_core.verb:set package 'tello_hand_move' build argument 'cmake_args' from command line to 'None'
[0.677s] Level 5:colcon.colcon_core.verb:set package 'tello_hand_move' build argument 'cmake_target' from command line to 'None'
[0.678s] Level 5:colcon.colcon_core.verb:set package 'tello_hand_move' build argument 'cmake_target_skip_unavailable' from command line to 'False'
[0.678s] Level 5:colcon.colcon_core.verb:set package 'tello_hand_move' build argument 'cmake_clean_cache' from command line to 'False'
[0.678s] Level 5:colcon.colcon_core.verb:set package 'tello_hand_move' build argument 'cmake_clean_first' from command line to 'False'
[0.678s] Level 5:colcon.colcon_core.verb:set package 'tello_hand_move' build argument 'cmake_force_configure' from command line to 'False'
[0.678s] Level 5:colcon.colcon_core.verb:set package 'tello_hand_move' build argument 'ament_cmake_args' from command line to 'None'
[0.678s] Level 5:colcon.colcon_core.verb:set package 'tello_hand_move' build argument 'catkin_cmake_args' from command line to 'None'
[0.679s] Level 5:colcon.colcon_core.verb:set package 'tello_hand_move' build argument 'catkin_skip_building_tests' from command line to 'False'
[0.679s] DEBUG:colcon.colcon_core.verb:Building package 'tello_hand_move' with the following arguments: {'ament_cmake_args': None, 'build_base': '/root/DockerFiles/drone_ws/build/tello_hand_move', 'catkin_cmake_args': None, 'catkin_skip_building_tests': False, 'cmake_args': None, 'cmake_clean_cache': False, 'cmake_clean_first': False, 'cmake_force_configure': False, 'cmake_target': None, 'cmake_target_skip_unavailable': False, 'install_base': '/root/DockerFiles/drone_ws/install/tello_hand_move', 'merge_install': False, 'path': '/root/DockerFiles/drone_ws/src/tello_hand_move', 'symlink_install': False, 'test_result_base': None}
[0.680s] Level 5:colcon.colcon_core.verb:set package 'tello_mission' build argument 'cmake_args' from command line to 'None'
[0.681s] Level 5:colcon.colcon_core.verb:set package 'tello_mission' build argument 'cmake_target' from command line to 'None'
[0.681s] Level 5:colcon.colcon_core.verb:set package 'tello_mission' build argument 'cmake_target_skip_unavailable' from command line to 'False'
[0.681s] Level 5:colcon.colcon_core.verb:set package 'tello_mission' build argument 'cmake_clean_cache' from command line to 'False'
[0.681s] Level 5:colcon.colcon_core.verb:set package 'tello_mission' build argument 'cmake_clean_first' from command line to 'False'
[0.681s] Level 5:colcon.colcon_core.verb:set package 'tello_mission' build argument 'cmake_force_configure' from command line to 'False'
[0.681s] Level 5:colcon.colcon_core.verb:set package 'tello_mission' build argument 'ament_cmake_args' from command line to 'None'
[0.682s] Level 5:colcon.colcon_core.verb:set package 'tello_mission' build argument 'catkin_cmake_args' from command line to 'None'
[0.682s] Level 5:colcon.colcon_core.verb:set package 'tello_mission' build argument 'catkin_skip_building_tests' from command line to 'False'
[0.682s] DEBUG:colcon.colcon_core.verb:Building package 'tello_mission' with the following arguments: {'ament_cmake_args': None, 'build_base': '/root/DockerFiles/drone_ws/build/tello_mission', 'catkin_cmake_args': None, 'catkin_skip_building_tests': False, 'cmake_args': None, 'cmake_clean_cache': False, 'cmake_clean_first': False, 'cmake_force_configure': False, 'cmake_target': None, 'cmake_target_skip_unavailable': False, 'install_base': '/root/DockerFiles/drone_ws/install/tello_mission', 'merge_install': False, 'path': '/root/DockerFiles/drone_ws/src/tello_mission', 'symlink_install': False, 'test_result_base': None}
[0.684s] Level 5:colcon.colcon_core.verb:set package 'tello_msgs' build argument 'cmake_args' from command line to 'None'
[0.684s] Level 5:colcon.colcon_core.verb:set package 'tello_msgs' build argument 'cmake_target' from command line to 'None'
[0.684s] Level 5:colcon.colcon_core.verb:set package 'tello_msgs' build argument 'cmake_target_skip_unavailable' from command line to 'False'
[0.684s] Level 5:colcon.colcon_core.verb:set package 'tello_msgs' build argument 'cmake_clean_cache' from command line to 'False'
[0.684s] Level 5:colcon.colcon_core.verb:set package 'tello_msgs' build argument 'cmake_clean_first' from command line to 'False'
[0.685s] Level 5:colcon.colcon_core.verb:set package 'tello_msgs' build argument 'cmake_force_configure' from command line to 'False'
[0.685s] Level 5:colcon.colcon_core.verb:set package 'tello_msgs' build argument 'ament_cmake_args' from command line to 'None'
[0.685s] Level 5:colcon.colcon_core.verb:set package 'tello_msgs' build argument 'catkin_cmake_args' from command line to 'None'
[0.685s] Level 5:colcon.colcon_core.verb:set package 'tello_msgs' build argument 'catkin_skip_building_tests' from command line to 'False'
[0.685s] DEBUG:colcon.colcon_core.verb:Building package 'tello_msgs' with the following arguments: {'ament_cmake_args': None, 'build_base': '/root/DockerFiles/drone_ws/build/tello_msgs', 'catkin_cmake_args': None, 'catkin_skip_building_tests': False, 'cmake_args': None, 'cmake_clean_cache': False, 'cmake_clean_first': False, 'cmake_force_configure': False, 'cmake_target': None, 'cmake_target_skip_unavailable': False, 'install_base': '/root/DockerFiles/drone_ws/install/tello_msgs', 'merge_install': False, 'path': '/root/DockerFiles/drone_ws/src/tello_ros/tello_msgs', 'symlink_install': False, 'test_result_base': None}
[0.687s] Level 5:colcon.colcon_core.verb:set package 'tello_driver' build argument 'cmake_args' from command line to 'None'
[0.687s] Level 5:colcon.colcon_core.verb:set package 'tello_driver' build argument 'cmake_target' from command line to 'None'
[0.687s] Level 5:colcon.colcon_core.verb:set package 'tello_driver' build argument 'cmake_target_skip_unavailable' from command line to 'False'
[0.687s] Level 5:colcon.colcon_core.verb:set package 'tello_driver' build argument 'cmake_clean_cache' from command line to 'False'
[0.688s] Level 5:colcon.colcon_core.verb:set package 'tello_driver' build argument 'cmake_clean_first' from command line to 'False'
[0.688s] Level 5:colcon.colcon_core.verb:set package 'tello_driver' build argument 'cmake_force_configure' from command line to 'False'
[0.688s] Level 5:colcon.colcon_core.verb:set package 'tello_driver' build argument 'ament_cmake_args' from command line to 'None'
[0.688s] Level 5:colcon.colcon_core.verb:set package 'tello_driver' build argument 'catkin_cmake_args' from command line to 'None'
[0.688s] Level 5:colcon.colcon_core.verb:set package 'tello_driver' build argument 'catkin_skip_building_tests' from command line to 'False'
[0.688s] DEBUG:colcon.colcon_core.verb:Building package 'tello_driver' with the following arguments: {'ament_cmake_args': None, 'build_base': '/root/DockerFiles/drone_ws/build/tello_driver', 'catkin_cmake_args': None, 'catkin_skip_building_tests': False, 'cmake_args': None, 'cmake_clean_cache': False, 'cmake_clean_first': False, 'cmake_force_configure': False, 'cmake_target': None, 'cmake_target_skip_unavailable': False, 'install_base': '/root/DockerFiles/drone_ws/install/tello_driver', 'merge_install': False, 'path': '/root/DockerFiles/drone_ws/src/tello_ros/tello_driver', 'symlink_install': False, 'test_result_base': None}
[0.690s] Level 5:colcon.colcon_core.verb:set package 'tello_gazebo' build argument 'cmake_args' from command line to 'None'
[0.690s] Level 5:colcon.colcon_core.verb:set package 'tello_gazebo' build argument 'cmake_target' from command line to 'None'
[0.690s] Level 5:colcon.colcon_core.verb:set package 'tello_gazebo' build argument 'cmake_target_skip_unavailable' from command line to 'False'
[0.691s] Level 5:colcon.colcon_core.verb:set package 'tello_gazebo' build argument 'cmake_clean_cache' from command line to 'False'
[0.691s] Level 5:colcon.colcon_core.verb:set package 'tello_gazebo' build argument 'cmake_clean_first' from command line to 'False'
[0.692s] Level 5:colcon.colcon_core.verb:set package 'tello_gazebo' build argument 'cmake_force_configure' from command line to 'False'
[0.693s] Level 5:colcon.colcon_core.verb:set package 'tello_gazebo' build argument 'ament_cmake_args' from command line to 'None'
[0.693s] Level 5:colcon.colcon_core.verb:set package 'tello_gazebo' build argument 'catkin_cmake_args' from command line to 'None'
[0.693s] Level 5:colcon.colcon_core.verb:set package 'tello_gazebo' build argument 'catkin_skip_building_tests' from command line to 'False'
[0.693s] DEBUG:colcon.colcon_core.verb:Building package 'tello_gazebo' with the following arguments: {'ament_cmake_args': None, 'build_base': '/root/DockerFiles/drone_ws/build/tello_gazebo', 'catkin_cmake_args': None, 'catkin_skip_building_tests': False, 'cmake_args': None, 'cmake_clean_cache': False, 'cmake_clean_first': False, 'cmake_force_configure': False, 'cmake_target': None, 'cmake_target_skip_unavailable': False, 'install_base': '/root/DockerFiles/drone_ws/install/tello_gazebo', 'merge_install': False, 'path': '/root/DockerFiles/drone_ws/src/tello_ros/tello_gazebo', 'symlink_install': False, 'test_result_base': None}
[0.694s] INFO:colcon.colcon_core.executor:Executing jobs using 'parallel' executor
[0.699s] DEBUG:colcon.colcon_parallel_executor.executor.parallel:run_until_complete
[0.702s] INFO:colcon.colcon_ros.task.ament_cmake.build:Building ROS package in '/root/DockerFiles/drone_ws/src/tello_ros/tello_msgs' with build type 'ament_cmake'
[0.705s] INFO:colcon.colcon_cmake.task.cmake.build:Building CMake package in '/root/DockerFiles/drone_ws/src/tello_ros/tello_msgs'
[0.712s] INFO:colcon.colcon_core.plugin_system:Skipping extension 'colcon_core.shell.bat': Not used on non-Windows systems
[0.713s] INFO:colcon.colcon_core.shell:Skip shell extension 'powershell' for command environment: Not usable outside of PowerShell
[0.713s] DEBUG:colcon.colcon_core.shell:Skip shell extension 'dsv' for command environment
[0.741s] INFO:colcon.colcon_ros.task.ament_cmake.build:Building ROS package in '/root/DockerFiles/drone_ws/src/ros2_shared' with build type 'ament_cmake'
[0.742s] INFO:colcon.colcon_cmake.task.cmake.build:Building CMake package in '/root/DockerFiles/drone_ws/src/ros2_shared'
[0.744s] INFO:colcon.colcon_core.shell:Skip shell extension 'powershell' for command environment: Not usable outside of PowerShell
[0.746s] DEBUG:colcon.colcon_core.shell:Skip shell extension 'dsv' for command environment
[0.759s] INFO:colcon.colcon_ros.task.ament_python.build:Building ROS package in '/root/DockerFiles/drone_ws/src/tello_camera' with build type 'ament_python'
[0.761s] Level 1:colcon.colcon_core.shell:create_environment_hook('tello_camera', 'ament_prefix_path')
[0.765s] INFO:colcon.colcon_core.shell:Creating environment hook '/root/DockerFiles/drone_ws/install/tello_camera/share/tello_camera/hook/ament_prefix_path.ps1'
[0.767s] INFO:colcon.colcon_core.shell:Creating environment descriptor '/root/DockerFiles/drone_ws/install/tello_camera/share/tello_camera/hook/ament_prefix_path.dsv'
[0.768s] INFO:colcon.colcon_core.shell:Creating environment hook '/root/DockerFiles/drone_ws/install/tello_camera/share/tello_camera/hook/ament_prefix_path.sh'
[0.773s] INFO:colcon.colcon_core.shell:Skip shell extension 'powershell' for command environment: Not usable outside of PowerShell
[0.773s] DEBUG:colcon.colcon_core.shell:Skip shell extension 'dsv' for command environment
[0.783s] INFO:colcon.colcon_ros.task.ament_python.build:Building ROS package in '/root/DockerFiles/drone_ws/src/tello_controller' with build type 'ament_python'
[0.784s] Level 1:colcon.colcon_core.shell:create_environment_hook('tello_controller', 'ament_prefix_path')
[0.786s] INFO:colcon.colcon_core.shell:Creating environment hook '/root/DockerFiles/drone_ws/install/tello_controller/share/tello_controller/hook/ament_prefix_path.ps1'
[0.787s] INFO:colcon.colcon_core.shell:Creating environment descriptor '/root/DockerFiles/drone_ws/install/tello_controller/share/tello_controller/hook/ament_prefix_path.dsv'
[0.788s] INFO:colcon.colcon_core.shell:Creating environment hook '/root/DockerFiles/drone_ws/install/tello_controller/share/tello_controller/hook/ament_prefix_path.sh'
[0.793s] INFO:colcon.colcon_core.shell:Skip shell extension 'powershell' for command environment: Not usable outside of PowerShell
[0.794s] DEBUG:colcon.colcon_core.shell:Skip shell extension 'dsv' for command environment
[0.804s] INFO:colcon.colcon_ros.task.ament_cmake.build:Building ROS package in '/root/DockerFiles/drone_ws/src/tello_ros/tello_description' with build type 'ament_cmake'
[0.805s] INFO:colcon.colcon_cmake.task.cmake.build:Building CMake package in '/root/DockerFiles/drone_ws/src/tello_ros/tello_description'
[0.808s] INFO:colcon.colcon_core.shell:Skip shell extension 'powershell' for command environment: Not usable outside of PowerShell
[0.808s] DEBUG:colcon.colcon_core.shell:Skip shell extension 'dsv' for command environment
[0.821s] INFO:colcon.colcon_ros.task.ament_python.build:Building ROS package in '/root/DockerFiles/drone_ws/src/tello_hand_move' with build type 'ament_python'
[0.822s] Level 1:colcon.colcon_core.shell:create_environment_hook('tello_hand_move', 'ament_prefix_path')
[0.824s] INFO:colcon.colcon_core.shell:Creating environment hook '/root/DockerFiles/drone_ws/install/tello_hand_move/share/tello_hand_move/hook/ament_prefix_path.ps1'
[0.826s] INFO:colcon.colcon_core.shell:Creating environment descriptor '/root/DockerFiles/drone_ws/install/tello_hand_move/share/tello_hand_move/hook/ament_prefix_path.dsv'
[0.827s] INFO:colcon.colcon_core.shell:Creating environment hook '/root/DockerFiles/drone_ws/install/tello_hand_move/share/tello_hand_move/hook/ament_prefix_path.sh'
[0.829s] INFO:colcon.colcon_core.shell:Skip shell extension 'powershell' for command environment: Not usable outside of PowerShell
[0.830s] DEBUG:colcon.colcon_core.shell:Skip shell extension 'dsv' for command environment
[0.845s] INFO:colcon.colcon_ros.task.ament_python.build:Building ROS package in '/root/DockerFiles/drone_ws/src/tello_mission' with build type 'ament_python'
[0.848s] Level 1:colcon.colcon_core.shell:create_environment_hook('tello_mission', 'ament_prefix_path')
[0.857s] INFO:colcon.colcon_core.shell:Creating environment hook '/root/DockerFiles/drone_ws/install/tello_mission/share/tello_mission/hook/ament_prefix_path.ps1'
[0.861s] INFO:colcon.colcon_core.shell:Creating environment descriptor '/root/DockerFiles/drone_ws/install/tello_mission/share/tello_mission/hook/ament_prefix_path.dsv'
[0.862s] INFO:colcon.colcon_core.shell:Creating environment hook '/root/DockerFiles/drone_ws/install/tello_mission/share/tello_mission/hook/ament_prefix_path.sh'
[0.864s] INFO:colcon.colcon_core.shell:Skip shell extension 'powershell' for command environment: Not usable outside of PowerShell
[0.864s] DEBUG:colcon.colcon_core.shell:Skip shell extension 'dsv' for command environment
[0.889s] DEBUG:colcon.colcon_core.event_handler.log_command:Invoking command in '/root/DockerFiles/drone_ws/build/tello_msgs': CMAKE_PREFIX_PATH=/opt/ros/foxy /usr/bin/cmake --build /root/DockerFiles/drone_ws/build/tello_msgs -- -j12 -l12
[0.904s] DEBUG:colcon.colcon_core.event_handler.log_command:Invoking command in '/root/DockerFiles/drone_ws/build/ros2_shared': CMAKE_PREFIX_PATH=/opt/ros/foxy /usr/bin/cmake --build /root/DockerFiles/drone_ws/build/ros2_shared -- -j12 -l12
[1.271s] INFO:colcon.colcon_core.task.python.build:Building Python package in '/root/DockerFiles/drone_ws/src/tello_camera'
[1.274s] INFO:colcon.colcon_core.shell:Skip shell extension 'powershell' for command environment: Not usable outside of PowerShell
[1.274s] DEBUG:colcon.colcon_core.shell:Skip shell extension 'dsv' for command environment
[1.738s] INFO:colcon.colcon_core.task.python.build:Building Python package in '/root/DockerFiles/drone_ws/src/tello_controller'
[1.743s] INFO:colcon.colcon_core.shell:Skip shell extension 'powershell' for command environment: Not usable outside of PowerShell
[1.743s] DEBUG:colcon.colcon_core.shell:Skip shell extension 'dsv' for command environment
[1.763s] DEBUG:colcon.colcon_core.event_handler.log_command:Invoking command in '/root/DockerFiles/drone_ws/build/tello_description': CMAKE_PREFIX_PATH=/opt/ros/foxy /usr/bin/cmake --build /root/DockerFiles/drone_ws/build/tello_description -- -j12 -l12
[2.124s] WARNING:colcon.colcon_ros.task.ament_python.build:Package 'tello_hand_move' doesn't explicitly install a marker in the package index (colcon-ros currently does it implicitly but that fallback will be removed in the future)
[2.128s] WARNING:colcon.colcon_ros.task.ament_python.build:Package 'tello_hand_move' doesn't explicitly install the 'package.xml' file (colcon-ros currently does it implicitly but that fallback will be removed in the future)
[2.131s] INFO:colcon.colcon_core.task.python.build:Building Python package in '/root/DockerFiles/drone_ws/src/tello_hand_move'
[2.134s] INFO:colcon.colcon_core.shell:Skip shell extension 'powershell' for command environment: Not usable outside of PowerShell
[2.135s] DEBUG:colcon.colcon_core.shell:Skip shell extension 'dsv' for command environment
[2.495s] INFO:colcon.colcon_core.task.python.build:Building Python package in '/root/DockerFiles/drone_ws/src/tello_mission'
[2.498s] INFO:colcon.colcon_core.shell:Skip shell extension 'powershell' for command environment: Not usable outside of PowerShell
[2.498s] DEBUG:colcon.colcon_core.shell:Skip shell extension 'dsv' for command environment
[2.543s] DEBUG:colcon.colcon_core.event_handler.log_command:Invoked command in '/root/DockerFiles/drone_ws/build/tello_msgs' returned '0': CMAKE_PREFIX_PATH=/opt/ros/foxy /usr/bin/cmake --build /root/DockerFiles/drone_ws/build/tello_msgs -- -j12 -l12
[2.543s] DEBUG:colcon.colcon_core.event_handler.log_command:Invoked command in '/root/DockerFiles/drone_ws/build/ros2_shared' returned '0': CMAKE_PREFIX_PATH=/opt/ros/foxy /usr/bin/cmake --build /root/DockerFiles/drone_ws/build/ros2_shared -- -j12 -l12
[2.547s] DEBUG:colcon.colcon_core.event_handler.log_command:Invoked command in '/root/DockerFiles/drone_ws/build/tello_description' returned '0': CMAKE_PREFIX_PATH=/opt/ros/foxy /usr/bin/cmake --build /root/DockerFiles/drone_ws/build/tello_description -- -j12 -l12
[2.681s] DEBUG:colcon.colcon_core.event_handler.log_command:Invoking command in '/root/DockerFiles/drone_ws/build/ros2_shared': CMAKE_PREFIX_PATH=/opt/ros/foxy /usr/bin/cmake --install /root/DockerFiles/drone_ws/build/ros2_shared
[2.699s] DEBUG:colcon.colcon_core.event_handler.log_command:Invoking command in '/root/DockerFiles/drone_ws/build/tello_description': CMAKE_PREFIX_PATH=/opt/ros/foxy /usr/bin/cmake --install /root/DockerFiles/drone_ws/build/tello_description
[2.715s] Level 1:colcon.colcon_core.environment:create_environment_scripts_only(ros2_shared)
[2.717s] DEBUG:colcon.colcon_core.event_handler.log_command:Invoked command in '/root/DockerFiles/drone_ws/build/ros2_shared' returned '0': CMAKE_PREFIX_PATH=/opt/ros/foxy /usr/bin/cmake --install /root/DockerFiles/drone_ws/build/ros2_shared
[2.728s] Level 1:colcon.colcon_core.environment:checking '/root/DockerFiles/drone_ws/install/ros2_shared' for CMake module files
[2.746s] Level 1:colcon.colcon_core.environment:checking '/root/DockerFiles/drone_ws/install/ros2_shared' for CMake config files
[2.750s] Level 1:colcon.colcon_core.shell:create_environment_hook('ros2_shared', 'cmake_prefix_path')
[2.754s] INFO:colcon.colcon_core.shell:Creating environment hook '/root/DockerFiles/drone_ws/install/ros2_shared/share/ros2_shared/hook/cmake_prefix_path.ps1'
[2.756s] INFO:colcon.colcon_core.shell:Creating environment descriptor '/root/DockerFiles/drone_ws/install/ros2_shared/share/ros2_shared/hook/cmake_prefix_path.dsv'
[2.760s] INFO:colcon.colcon_core.shell:Creating environment hook '/root/DockerFiles/drone_ws/install/ros2_shared/share/ros2_shared/hook/cmake_prefix_path.sh'
[2.762s] Level 1:colcon.colcon_core.environment:checking '/root/DockerFiles/drone_ws/install/ros2_shared/bin'
[2.762s] Level 1:colcon.colcon_core.environment:checking '/root/DockerFiles/drone_ws/install/ros2_shared/lib/pkgconfig/ros2_shared.pc'
[2.765s] Level 1:colcon.colcon_core.environment:checking '/root/DockerFiles/drone_ws/install/ros2_shared/lib/python3.8/site-packages'
[2.765s] Level 1:colcon.colcon_core.environment:checking '/root/DockerFiles/drone_ws/install/ros2_shared/bin'
[2.767s] INFO:colcon.colcon_core.shell:Creating package script '/root/DockerFiles/drone_ws/install/ros2_shared/share/ros2_shared/package.ps1'
[2.769s] INFO:colcon.colcon_core.shell:Creating package descriptor '/root/DockerFiles/drone_ws/install/ros2_shared/share/ros2_shared/package.dsv'
[2.770s] INFO:colcon.colcon_core.shell:Creating package script '/root/DockerFiles/drone_ws/install/ros2_shared/share/ros2_shared/package.sh'
[2.771s] INFO:colcon.colcon_core.shell:Creating package script '/root/DockerFiles/drone_ws/install/ros2_shared/share/ros2_shared/package.bash'
[2.779s] INFO:colcon.colcon_core.shell:Creating package script '/root/DockerFiles/drone_ws/install/ros2_shared/share/ros2_shared/package.zsh'
[2.780s] Level 1:colcon.colcon_core.environment:create_file_with_runtime_dependencies(/root/DockerFiles/drone_ws/install/ros2_shared/share/colcon-core/packages/ros2_shared)
[2.812s] DEBUG:colcon.colcon_core.event_handler.log_command:Invoking command in '/root/DockerFiles/drone_ws/build/tello_msgs': CMAKE_PREFIX_PATH=/opt/ros/foxy /usr/bin/cmake --install /root/DockerFiles/drone_ws/build/tello_msgs
[2.816s] Level 1:colcon.colcon_core.environment:create_environment_scripts_only(tello_description)
[2.816s] DEBUG:colcon.colcon_core.event_handler.log_command:Invoked command in '/root/DockerFiles/drone_ws/build/tello_description' returned '0': CMAKE_PREFIX_PATH=/opt/ros/foxy /usr/bin/cmake --install /root/DockerFiles/drone_ws/build/tello_description
[2.819s] Level 1:colcon.colcon_core.environment:checking '/root/DockerFiles/drone_ws/install/tello_description' for CMake module files
[2.822s] Level 1:colcon.colcon_core.environment:checking '/root/DockerFiles/drone_ws/install/tello_description' for CMake config files
[2.823s] Level 1:colcon.colcon_core.shell:create_environment_hook('tello_description', 'cmake_prefix_path')
[2.827s] INFO:colcon.colcon_core.shell:Creating environment hook '/root/DockerFiles/drone_ws/install/tello_description/share/tello_description/hook/cmake_prefix_path.ps1'
[2.828s] INFO:colcon.colcon_core.shell:Creating environment descriptor '/root/DockerFiles/drone_ws/install/tello_description/share/tello_description/hook/cmake_prefix_path.dsv'
[2.829s] INFO:colcon.colcon_core.shell:Creating environment hook '/root/DockerFiles/drone_ws/install/tello_description/share/tello_description/hook/cmake_prefix_path.sh'
[2.830s] Level 1:colcon.colcon_core.environment:checking '/root/DockerFiles/drone_ws/install/tello_description/bin'
[2.830s] Level 1:colcon.colcon_core.environment:checking '/root/DockerFiles/drone_ws/install/tello_description/lib/pkgconfig/tello_description.pc'
[2.831s] Level 1:colcon.colcon_core.environment:checking '/root/DockerFiles/drone_ws/install/tello_description/lib/python3.8/site-packages'
[2.831s] Level 1:colcon.colcon_core.environment:checking '/root/DockerFiles/drone_ws/install/tello_description/bin'
[2.833s] INFO:colcon.colcon_core.shell:Creating package script '/root/DockerFiles/drone_ws/install/tello_description/share/tello_description/package.ps1'
[2.835s] INFO:colcon.colcon_core.shell:Creating package descriptor '/root/DockerFiles/drone_ws/install/tello_description/share/tello_description/package.dsv'
[2.837s] INFO:colcon.colcon_core.shell:Creating package script '/root/DockerFiles/drone_ws/install/tello_description/share/tello_description/package.sh'
[2.839s] INFO:colcon.colcon_core.shell:Creating package script '/root/DockerFiles/drone_ws/install/tello_description/share/tello_description/package.bash'
[2.840s] INFO:colcon.colcon_core.shell:Creating package script '/root/DockerFiles/drone_ws/install/tello_description/share/tello_description/package.zsh'
[2.841s] Level 1:colcon.colcon_core.environment:create_file_with_runtime_dependencies(/root/DockerFiles/drone_ws/install/tello_description/share/colcon-core/packages/tello_description)
[2.878s] Level 1:colcon.colcon_core.environment:create_environment_scripts_only(ros2_shared)
[2.886s] Level 1:colcon.colcon_core.environment:checking '/root/DockerFiles/drone_ws/install/ros2_shared' for CMake module files
[2.887s] Level 1:colcon.colcon_core.environment:checking '/root/DockerFiles/drone_ws/install/ros2_shared' for CMake config files
[2.888s] Level 1:colcon.colcon_core.shell:create_environment_hook('ros2_shared', 'cmake_prefix_path')
[2.896s] INFO:colcon.colcon_core.shell:Creating environment hook '/root/DockerFiles/drone_ws/install/ros2_shared/share/ros2_shared/hook/cmake_prefix_path.ps1'
[2.918s] INFO:colcon.colcon_core.shell:Creating environment descriptor '/root/DockerFiles/drone_ws/install/ros2_shared/share/ros2_shared/hook/cmake_prefix_path.dsv'
[2.919s] INFO:colcon.colcon_core.shell:Creating environment hook '/root/DockerFiles/drone_ws/install/ros2_shared/share/ros2_shared/hook/cmake_prefix_path.sh'
[2.920s] Level 1:colcon.colcon_core.environment:checking '/root/DockerFiles/drone_ws/install/ros2_shared/bin'
[2.920s] Level 1:colcon.colcon_core.environment:checking '/root/DockerFiles/drone_ws/install/ros2_shared/lib/pkgconfig/ros2_shared.pc'
[2.921s] Level 1:colcon.colcon_core.environment:checking '/root/DockerFiles/drone_ws/install/ros2_shared/lib/python3.8/site-packages'
[2.921s] Level 1:colcon.colcon_core.environment:checking '/root/DockerFiles/drone_ws/install/ros2_shared/bin'
[2.923s] INFO:colcon.colcon_core.shell:Creating package script '/root/DockerFiles/drone_ws/install/ros2_shared/share/ros2_shared/package.ps1'
[2.926s] INFO:colcon.colcon_core.shell:Creating package descriptor '/root/DockerFiles/drone_ws/install/ros2_shared/share/ros2_shared/package.dsv'
[2.927s] INFO:colcon.colcon_core.shell:Creating package script '/root/DockerFiles/drone_ws/install/ros2_shared/share/ros2_shared/package.sh'
[2.928s] INFO:colcon.colcon_core.shell:Creating package script '/root/DockerFiles/drone_ws/install/ros2_shared/share/ros2_shared/package.bash'
[2.928s] INFO:colcon.colcon_core.shell:Creating package script '/root/DockerFiles/drone_ws/install/ros2_shared/share/ros2_shared/package.zsh'
[2.929s] Level 1:colcon.colcon_core.environment:create_file_with_runtime_dependencies(/root/DockerFiles/drone_ws/install/ros2_shared/share/colcon-core/packages/ros2_shared)
[2.935s] Level 1:colcon.colcon_core.environment:create_environment_scripts_only(tello_description)
[2.938s] Level 1:colcon.colcon_core.environment:checking '/root/DockerFiles/drone_ws/install/tello_description' for CMake module files
[2.939s] Level 1:colcon.colcon_core.environment:checking '/root/DockerFiles/drone_ws/install/tello_description' for CMake config files
[2.939s] Level 1:colcon.colcon_core.shell:create_environment_hook('tello_description', 'cmake_prefix_path')
[2.942s] INFO:colcon.colcon_core.shell:Creating environment hook '/root/DockerFiles/drone_ws/install/tello_description/share/tello_description/hook/cmake_prefix_path.ps1'
[2.943s] INFO:colcon.colcon_core.shell:Creating environment descriptor '/root/DockerFiles/drone_ws/install/tello_description/share/tello_description/hook/cmake_prefix_path.dsv'
[2.943s] INFO:colcon.colcon_core.shell:Creating environment hook '/root/DockerFiles/drone_ws/install/tello_description/share/tello_description/hook/cmake_prefix_path.sh'
[2.944s] Level 1:colcon.colcon_core.environment:checking '/root/DockerFiles/drone_ws/install/tello_description/bin'
[2.944s] Level 1:colcon.colcon_core.environment:checking '/root/DockerFiles/drone_ws/install/tello_description/lib/pkgconfig/tello_description.pc'
[2.945s] Level 1:colcon.colcon_core.environment:checking '/root/DockerFiles/drone_ws/install/tello_description/lib/python3.8/site-packages'
[2.945s] Level 1:colcon.colcon_core.environment:checking '/root/DockerFiles/drone_ws/install/tello_description/bin'
[2.947s] INFO:colcon.colcon_core.shell:Creating package script '/root/DockerFiles/drone_ws/install/tello_description/share/tello_description/package.ps1'
[2.948s] INFO:colcon.colcon_core.shell:Creating package descriptor '/root/DockerFiles/drone_ws/install/tello_description/share/tello_description/package.dsv'
[2.949s] INFO:colcon.colcon_core.shell:Creating package script '/root/DockerFiles/drone_ws/install/tello_description/share/tello_description/package.sh'
[2.950s] INFO:colcon.colcon_core.shell:Creating package script '/root/DockerFiles/drone_ws/install/tello_description/share/tello_description/package.bash'
[2.951s] INFO:colcon.colcon_core.shell:Creating package script '/root/DockerFiles/drone_ws/install/tello_description/share/tello_description/package.zsh'
[2.951s] Level 1:colcon.colcon_core.environment:create_file_with_runtime_dependencies(/root/DockerFiles/drone_ws/install/tello_description/share/colcon-core/packages/tello_description)
[3.000s] Level 1:colcon.colcon_core.environment:create_environment_scripts_only(tello_msgs)
[3.003s] Level 1:colcon.colcon_core.environment:checking '/root/DockerFiles/drone_ws/install/tello_msgs' for CMake module files
[3.004s] DEBUG:colcon.colcon_core.event_handler.log_command:Invoked command in '/root/DockerFiles/drone_ws/build/tello_msgs' returned '0': CMAKE_PREFIX_PATH=/opt/ros/foxy /usr/bin/cmake --install /root/DockerFiles/drone_ws/build/tello_msgs
[3.009s] Level 1:colcon.colcon_core.environment:checking '/root/DockerFiles/drone_ws/install/tello_msgs' for CMake config files
[3.009s] Level 1:colcon.colcon_core.shell:create_environment_hook('tello_msgs', 'cmake_prefix_path')
[3.012s] INFO:colcon.colcon_core.shell:Creating environment hook '/root/DockerFiles/drone_ws/install/tello_msgs/share/tello_msgs/hook/cmake_prefix_path.ps1'
[3.012s] INFO:colcon.colcon_core.shell:Creating environment descriptor '/root/DockerFiles/drone_ws/install/tello_msgs/share/tello_msgs/hook/cmake_prefix_path.dsv'
[3.013s] INFO:colcon.colcon_core.shell:Creating environment hook '/root/DockerFiles/drone_ws/install/tello_msgs/share/tello_msgs/hook/cmake_prefix_path.sh'
[3.014s] Level 1:colcon.colcon_core.environment:checking '/root/DockerFiles/drone_ws/install/tello_msgs/lib'
[3.014s] Level 1:colcon.colcon_core.shell:create_environment_hook('tello_msgs', 'ld_library_path_lib')
[3.017s] INFO:colcon.colcon_core.shell:Creating environment hook '/root/DockerFiles/drone_ws/install/tello_msgs/share/tello_msgs/hook/ld_library_path_lib.ps1'
[3.019s] INFO:colcon.colcon_core.shell:Creating environment descriptor '/root/DockerFiles/drone_ws/install/tello_msgs/share/tello_msgs/hook/ld_library_path_lib.dsv'
[3.021s] INFO:colcon.colcon_core.shell:Creating environment hook '/root/DockerFiles/drone_ws/install/tello_msgs/share/tello_msgs/hook/ld_library_path_lib.sh'
[3.023s] Level 1:colcon.colcon_core.environment:checking '/root/DockerFiles/drone_ws/install/tello_msgs/bin'
[3.024s] Level 1:colcon.colcon_core.environment:checking '/root/DockerFiles/drone_ws/install/tello_msgs/lib/pkgconfig/tello_msgs.pc'
[3.025s] Level 1:colcon.colcon_core.environment:checking '/root/DockerFiles/drone_ws/install/tello_msgs/lib/python3.8/site-packages'
[3.031s] Level 1:colcon.colcon_core.shell:create_environment_hook('tello_msgs', 'pythonpath')
[3.039s] INFO:colcon.colcon_core.shell:Creating environment hook '/root/DockerFiles/drone_ws/install/tello_msgs/share/tello_msgs/hook/pythonpath.ps1'
[3.043s] INFO:colcon.colcon_core.shell:Creating environment descriptor '/root/DockerFiles/drone_ws/install/tello_msgs/share/tello_msgs/hook/pythonpath.dsv'
[3.047s] INFO:colcon.colcon_core.shell:Creating environment hook '/root/DockerFiles/drone_ws/install/tello_msgs/share/tello_msgs/hook/pythonpath.sh'
[3.058s] Level 1:colcon.colcon_core.environment:checking '/root/DockerFiles/drone_ws/install/tello_msgs/bin'
[3.060s] INFO:colcon.colcon_core.shell:Creating package script '/root/DockerFiles/drone_ws/install/tello_msgs/share/tello_msgs/package.ps1'
[3.062s] INFO:colcon.colcon_core.shell:Creating package descriptor '/root/DockerFiles/drone_ws/install/tello_msgs/share/tello_msgs/package.dsv'
[3.063s] INFO:colcon.colcon_core.shell:Creating package script '/root/DockerFiles/drone_ws/install/tello_msgs/share/tello_msgs/package.sh'
[3.064s] INFO:colcon.colcon_core.shell:Creating package script '/root/DockerFiles/drone_ws/install/tello_msgs/share/tello_msgs/package.bash'
[3.064s] INFO:colcon.colcon_core.shell:Creating package script '/root/DockerFiles/drone_ws/install/tello_msgs/share/tello_msgs/package.zsh'
[3.065s] Level 1:colcon.colcon_core.environment:create_file_with_runtime_dependencies(/root/DockerFiles/drone_ws/install/tello_msgs/share/colcon-core/packages/tello_msgs)
[3.293s] Level 1:colcon.colcon_core.environment:create_environment_scripts_only(tello_msgs)
[3.300s] Level 1:colcon.colcon_core.environment:checking '/root/DockerFiles/drone_ws/install/tello_msgs' for CMake module files
[3.305s] Level 1:colcon.colcon_core.environment:checking '/root/DockerFiles/drone_ws/install/tello_msgs' for CMake config files
[3.306s] Level 1:colcon.colcon_core.shell:create_environment_hook('tello_msgs', 'cmake_prefix_path')
[3.308s] INFO:colcon.colcon_core.shell:Creating environment hook '/root/DockerFiles/drone_ws/install/tello_msgs/share/tello_msgs/hook/cmake_prefix_path.ps1'
[3.309s] INFO:colcon.colcon_core.shell:Creating environment descriptor '/root/DockerFiles/drone_ws/install/tello_msgs/share/tello_msgs/hook/cmake_prefix_path.dsv'
[3.310s] INFO:colcon.colcon_core.shell:Creating environment hook '/root/DockerFiles/drone_ws/install/tello_msgs/share/tello_msgs/hook/cmake_prefix_path.sh'
[3.311s] Level 1:colcon.colcon_core.environment:checking '/root/DockerFiles/drone_ws/install/tello_msgs/lib'
[3.312s] Level 1:colcon.colcon_core.shell:create_environment_hook('tello_msgs', 'ld_library_path_lib')
[3.314s] INFO:colcon.colcon_core.shell:Creating environment hook '/root/DockerFiles/drone_ws/install/tello_msgs/share/tello_msgs/hook/ld_library_path_lib.ps1'
[3.315s] INFO:colcon.colcon_core.shell:Creating environment descriptor '/root/DockerFiles/drone_ws/install/tello_msgs/share/tello_msgs/hook/ld_library_path_lib.dsv'
[3.316s] INFO:colcon.colcon_core.shell:Creating environment hook '/root/DockerFiles/drone_ws/install/tello_msgs/share/tello_msgs/hook/ld_library_path_lib.sh'
[3.316s] Level 1:colcon.colcon_core.environment:checking '/root/DockerFiles/drone_ws/install/tello_msgs/bin'
[3.317s] Level 1:colcon.colcon_core.environment:checking '/root/DockerFiles/drone_ws/install/tello_msgs/lib/pkgconfig/tello_msgs.pc'
[3.317s] Level 1:colcon.colcon_core.environment:checking '/root/DockerFiles/drone_ws/install/tello_msgs/lib/python3.8/site-packages'
[3.317s] Level 1:colcon.colcon_core.shell:create_environment_hook('tello_msgs', 'pythonpath')
[3.320s] INFO:colcon.colcon_core.shell:Creating environment hook '/root/DockerFiles/drone_ws/install/tello_msgs/share/tello_msgs/hook/pythonpath.ps1'
[3.321s] INFO:colcon.colcon_core.shell:Creating environment descriptor '/root/DockerFiles/drone_ws/install/tello_msgs/share/tello_msgs/hook/pythonpath.dsv'
[3.322s] INFO:colcon.colcon_core.shell:Creating environment hook '/root/DockerFiles/drone_ws/install/tello_msgs/share/tello_msgs/hook/pythonpath.sh'
[3.322s] Level 1:colcon.colcon_core.environment:checking '/root/DockerFiles/drone_ws/install/tello_msgs/bin'
[3.325s] INFO:colcon.colcon_core.shell:Creating package script '/root/DockerFiles/drone_ws/install/tello_msgs/share/tello_msgs/package.ps1'
[3.326s] INFO:colcon.colcon_core.shell:Creating package descriptor '/root/DockerFiles/drone_ws/install/tello_msgs/share/tello_msgs/package.dsv'
[3.328s] INFO:colcon.colcon_core.shell:Creating package script '/root/DockerFiles/drone_ws/install/tello_msgs/share/tello_msgs/package.sh'
[3.329s] INFO:colcon.colcon_core.shell:Creating package script '/root/DockerFiles/drone_ws/install/tello_msgs/share/tello_msgs/package.bash'
[3.329s] INFO:colcon.colcon_core.shell:Creating package script '/root/DockerFiles/drone_ws/install/tello_msgs/share/tello_msgs/package.zsh'
[3.330s] Level 1:colcon.colcon_core.environment:create_file_with_runtime_dependencies(/root/DockerFiles/drone_ws/install/tello_msgs/share/colcon-core/packages/tello_msgs)
[3.331s] INFO:colcon.colcon_ros.task.ament_cmake.build:Building ROS package in '/root/DockerFiles/drone_ws/src/tello_ros/tello_driver' with build type 'ament_cmake'
[3.332s] INFO:colcon.colcon_cmake.task.cmake.build:Building CMake package in '/root/DockerFiles/drone_ws/src/tello_ros/tello_driver'
[3.335s] INFO:colcon.colcon_core.shell:Skip shell extension 'powershell' for command environment: Not usable outside of PowerShell
[3.336s] DEBUG:colcon.colcon_core.shell:Skip shell extension 'dsv' for command environment
[3.357s] INFO:colcon.colcon_ros.task.ament_cmake.build:Building ROS package in '/root/DockerFiles/drone_ws/src/tello_ros/tello_gazebo' with build type 'ament_cmake'
[3.357s] INFO:colcon.colcon_cmake.task.cmake.build:Building CMake package in '/root/DockerFiles/drone_ws/src/tello_ros/tello_gazebo'
[3.362s] INFO:colcon.colcon_core.shell:Skip shell extension 'powershell' for command environment: Not usable outside of PowerShell
[3.367s] DEBUG:colcon.colcon_core.shell:Skip shell extension 'dsv' for command environment
[3.400s] DEBUG:colcon.colcon_core.event_handler.log_command:Invoking command in '/root/DockerFiles/drone_ws/build/tello_driver': AMENT_PREFIX_PATH=/root/DockerFiles/drone_ws/install/tello_msgs:/root/DockerFiles/drone_ws/install/ros2_shared:${AMENT_PREFIX_PATH} CMAKE_PREFIX_PATH=/root/DockerFiles/drone_ws/install/tello_msgs:/root/DockerFiles/drone_ws/install/ros2_shared:/opt/ros/foxy LD_LIBRARY_PATH=/root/DockerFiles/drone_ws/install/tello_msgs/lib:${LD_LIBRARY_PATH} PYTHONPATH=/root/DockerFiles/drone_ws/install/tello_msgs/lib/python3.8/site-packages:${PYTHONPATH} /usr/bin/cmake --build /root/DockerFiles/drone_ws/build/tello_driver -- -j12 -l12
[3.450s] DEBUG:colcon.colcon_core.event_handler.log_command:Invoking command in '/root/DockerFiles/drone_ws/build/tello_gazebo': AMENT_PREFIX_PATH=/root/DockerFiles/drone_ws/install/tello_msgs:${AMENT_PREFIX_PATH} CMAKE_PREFIX_PATH=/root/DockerFiles/drone_ws/install/tello_msgs:/opt/ros/foxy LD_LIBRARY_PATH=/root/DockerFiles/drone_ws/install/tello_msgs/lib:${LD_LIBRARY_PATH} PYTHONPATH=/root/DockerFiles/drone_ws/install/tello_msgs/lib/python3.8/site-packages:${PYTHONPATH} /usr/bin/cmake --build /root/DockerFiles/drone_ws/build/tello_gazebo -- -j12 -l12
[3.463s] DEBUG:colcon.colcon_core.event_handler.log_command:Invoking command in '/root/DockerFiles/drone_ws/src/tello_hand_move': PYTHONPATH=/root/DockerFiles/drone_ws/build/tello_hand_move/prefix_override:/root/DockerFiles/drone_ws/install/tello_hand_move/lib/python3.8/site-packages:${PYTHONPATH} /usr/bin/python3 setup.py egg_info --egg-base ../../build/tello_hand_move build --build-base /root/DockerFiles/drone_ws/build/tello_hand_move/build install --record /root/DockerFiles/drone_ws/build/tello_hand_move/install.log --single-version-externally-managed
[3.489s] DEBUG:colcon.colcon_core.event_handler.log_command:Invoking command in '/root/DockerFiles/drone_ws/src/tello_camera': PYTHONPATH=/root/DockerFiles/drone_ws/build/tello_camera/prefix_override:/root/DockerFiles/drone_ws/install/tello_camera/lib/python3.8/site-packages:${PYTHONPATH} /usr/bin/python3 setup.py egg_info --egg-base ../../build/tello_camera build --build-base /root/DockerFiles/drone_ws/build/tello_camera/build install --record /root/DockerFiles/drone_ws/build/tello_camera/install.log --single-version-externally-managed
[3.556s] DEBUG:colcon.colcon_core.event_handler.log_command:Invoking command in '/root/DockerFiles/drone_ws/src/tello_mission': PYTHONPATH=/root/DockerFiles/drone_ws/build/tello_mission/prefix_override:/root/DockerFiles/drone_ws/install/tello_mission/lib/python3.8/site-packages:${PYTHONPATH} /usr/bin/python3 setup.py egg_info --egg-base ../../build/tello_mission build --build-base /root/DockerFiles/drone_ws/build/tello_mission/build install --record /root/DockerFiles/drone_ws/build/tello_mission/install.log --single-version-externally-managed
[3.592s] DEBUG:colcon.colcon_core.event_handler.log_command:Invoking command in '/root/DockerFiles/drone_ws/src/tello_controller': PYTHONPATH=/root/DockerFiles/drone_ws/build/tello_controller/prefix_override:/root/DockerFiles/drone_ws/install/tello_controller/lib/python3.8/site-packages:${PYTHONPATH} /usr/bin/python3 setup.py egg_info --egg-base ../../build/tello_controller build --build-base /root/DockerFiles/drone_ws/build/tello_controller/build install --record /root/DockerFiles/drone_ws/build/tello_controller/install.log --single-version-externally-managed
[3.712s] DEBUG:colcon.colcon_core.event_handler.log_command:Invoked command in '/root/DockerFiles/drone_ws/build/tello_gazebo' returned '0': AMENT_PREFIX_PATH=/root/DockerFiles/drone_ws/install/tello_msgs:${AMENT_PREFIX_PATH} CMAKE_PREFIX_PATH=/root/DockerFiles/drone_ws/install/tello_msgs:/opt/ros/foxy LD_LIBRARY_PATH=/root/DockerFiles/drone_ws/install/tello_msgs/lib:${LD_LIBRARY_PATH} PYTHONPATH=/root/DockerFiles/drone_ws/install/tello_msgs/lib/python3.8/site-packages:${PYTHONPATH} /usr/bin/cmake --build /root/DockerFiles/drone_ws/build/tello_gazebo -- -j12 -l12
[3.830s] DEBUG:colcon.colcon_core.event_handler.log_command:Invoking command in '/root/DockerFiles/drone_ws/build/tello_gazebo': AMENT_PREFIX_PATH=/root/DockerFiles/drone_ws/install/tello_msgs:${AMENT_PREFIX_PATH} CMAKE_PREFIX_PATH=/root/DockerFiles/drone_ws/install/tello_msgs:/opt/ros/foxy LD_LIBRARY_PATH=/root/DockerFiles/drone_ws/install/tello_msgs/lib:${LD_LIBRARY_PATH} PYTHONPATH=/root/DockerFiles/drone_ws/install/tello_msgs/lib/python3.8/site-packages:${PYTHONPATH} /usr/bin/cmake --install /root/DockerFiles/drone_ws/build/tello_gazebo
[3.880s] Level 1:colcon.colcon_core.environment:create_environment_scripts_only(tello_gazebo)
[3.889s] Level 1:colcon.colcon_core.environment:checking '/root/DockerFiles/drone_ws/install/tello_gazebo' for CMake module files
[3.894s] Level 1:colcon.colcon_core.environment:checking '/root/DockerFiles/drone_ws/install/tello_gazebo' for CMake config files
[3.895s] Level 1:colcon.colcon_core.shell:create_environment_hook('tello_gazebo', 'cmake_prefix_path')
[3.897s] INFO:colcon.colcon_core.shell:Creating environment hook '/root/DockerFiles/drone_ws/install/tello_gazebo/share/tello_gazebo/hook/cmake_prefix_path.ps1'
[3.902s] DEBUG:colcon.colcon_core.event_handler.log_command:Invoked command in '/root/DockerFiles/drone_ws/build/tello_gazebo' returned '0': AMENT_PREFIX_PATH=/root/DockerFiles/drone_ws/install/tello_msgs:${AMENT_PREFIX_PATH} CMAKE_PREFIX_PATH=/root/DockerFiles/drone_ws/install/tello_msgs:/opt/ros/foxy LD_LIBRARY_PATH=/root/DockerFiles/drone_ws/install/tello_msgs/lib:${LD_LIBRARY_PATH} PYTHONPATH=/root/DockerFiles/drone_ws/install/tello_msgs/lib/python3.8/site-packages:${PYTHONPATH} /usr/bin/cmake --install /root/DockerFiles/drone_ws/build/tello_gazebo
[3.905s] INFO:colcon.colcon_core.shell:Creating environment descriptor '/root/DockerFiles/drone_ws/install/tello_gazebo/share/tello_gazebo/hook/cmake_prefix_path.dsv'
[3.906s] INFO:colcon.colcon_core.shell:Creating environment hook '/root/DockerFiles/drone_ws/install/tello_gazebo/share/tello_gazebo/hook/cmake_prefix_path.sh'
[3.907s] Level 1:colcon.colcon_core.environment:checking '/root/DockerFiles/drone_ws/install/tello_gazebo/lib'
[3.907s] Level 1:colcon.colcon_core.shell:create_environment_hook('tello_gazebo', 'ld_library_path_lib')
[3.909s] INFO:colcon.colcon_core.shell:Creating environment hook '/root/DockerFiles/drone_ws/install/tello_gazebo/share/tello_gazebo/hook/ld_library_path_lib.ps1'
[3.911s] INFO:colcon.colcon_core.shell:Creating environment descriptor '/root/DockerFiles/drone_ws/install/tello_gazebo/share/tello_gazebo/hook/ld_library_path_lib.dsv'
[3.912s] INFO:colcon.colcon_core.shell:Creating environment hook '/root/DockerFiles/drone_ws/install/tello_gazebo/share/tello_gazebo/hook/ld_library_path_lib.sh'
[3.912s] Level 1:colcon.colcon_core.environment:checking '/root/DockerFiles/drone_ws/install/tello_gazebo/bin'
[3.913s] Level 1:colcon.colcon_core.environment:checking '/root/DockerFiles/drone_ws/install/tello_gazebo/lib/pkgconfig/tello_gazebo.pc'
[3.922s] Level 1:colcon.colcon_core.environment:checking '/root/DockerFiles/drone_ws/install/tello_gazebo/lib/python3.8/site-packages'
[3.923s] Level 1:colcon.colcon_core.environment:checking '/root/DockerFiles/drone_ws/install/tello_gazebo/bin'
[3.933s] INFO:colcon.colcon_core.shell:Creating package script '/root/DockerFiles/drone_ws/install/tello_gazebo/share/tello_gazebo/package.ps1'
[3.939s] INFO:colcon.colcon_core.shell:Creating package descriptor '/root/DockerFiles/drone_ws/install/tello_gazebo/share/tello_gazebo/package.dsv'
[3.943s] INFO:colcon.colcon_core.shell:Creating package script '/root/DockerFiles/drone_ws/install/tello_gazebo/share/tello_gazebo/package.sh'
[3.946s] INFO:colcon.colcon_core.shell:Creating package script '/root/DockerFiles/drone_ws/install/tello_gazebo/share/tello_gazebo/package.bash'
[3.946s] INFO:colcon.colcon_core.shell:Creating package script '/root/DockerFiles/drone_ws/install/tello_gazebo/share/tello_gazebo/package.zsh'
[3.947s] Level 1:colcon.colcon_core.environment:create_file_with_runtime_dependencies(/root/DockerFiles/drone_ws/install/tello_gazebo/share/colcon-core/packages/tello_gazebo)
[4.100s] Level 1:colcon.colcon_core.environment:create_environment_scripts_only(tello_gazebo)
[4.111s] Level 1:colcon.colcon_core.environment:checking '/root/DockerFiles/drone_ws/install/tello_gazebo' for CMake module files
[4.113s] Level 1:colcon.colcon_core.environment:checking '/root/DockerFiles/drone_ws/install/tello_gazebo' for CMake config files
[4.117s] Level 1:colcon.colcon_core.shell:create_environment_hook('tello_gazebo', 'cmake_prefix_path')
[4.135s] INFO:colcon.colcon_core.shell:Creating environment hook '/root/DockerFiles/drone_ws/install/tello_gazebo/share/tello_gazebo/hook/cmake_prefix_path.ps1'
[4.137s] INFO:colcon.colcon_core.shell:Creating environment descriptor '/root/DockerFiles/drone_ws/install/tello_gazebo/share/tello_gazebo/hook/cmake_prefix_path.dsv'
[4.138s] INFO:colcon.colcon_core.shell:Creating environment hook '/root/DockerFiles/drone_ws/install/tello_gazebo/share/tello_gazebo/hook/cmake_prefix_path.sh'
[4.140s] Level 1:colcon.colcon_core.environment:checking '/root/DockerFiles/drone_ws/install/tello_gazebo/lib'
[4.140s] Level 1:colcon.colcon_core.shell:create_environment_hook('tello_gazebo', 'ld_library_path_lib')
[4.147s] INFO:colcon.colcon_core.shell:Creating environment hook '/root/DockerFiles/drone_ws/install/tello_gazebo/share/tello_gazebo/hook/ld_library_path_lib.ps1'
[4.149s] INFO:colcon.colcon_core.shell:Creating environment descriptor '/root/DockerFiles/drone_ws/install/tello_gazebo/share/tello_gazebo/hook/ld_library_path_lib.dsv'
[4.150s] INFO:colcon.colcon_core.shell:Creating environment hook '/root/DockerFiles/drone_ws/install/tello_gazebo/share/tello_gazebo/hook/ld_library_path_lib.sh'
[4.150s] Level 1:colcon.colcon_core.environment:checking '/root/DockerFiles/drone_ws/install/tello_gazebo/bin'
[4.151s] Level 1:colcon.colcon_core.environment:checking '/root/DockerFiles/drone_ws/install/tello_gazebo/lib/pkgconfig/tello_gazebo.pc'
[4.151s] Level 1:colcon.colcon_core.environment:checking '/root/DockerFiles/drone_ws/install/tello_gazebo/lib/python3.8/site-packages'
[4.151s] Level 1:colcon.colcon_core.environment:checking '/root/DockerFiles/drone_ws/install/tello_gazebo/bin'
[4.154s] INFO:colcon.colcon_core.shell:Creating package script '/root/DockerFiles/drone_ws/install/tello_gazebo/share/tello_gazebo/package.ps1'
[4.165s] INFO:colcon.colcon_core.shell:Creating package descriptor '/root/DockerFiles/drone_ws/install/tello_gazebo/share/tello_gazebo/package.dsv'
[4.166s] INFO:colcon.colcon_core.shell:Creating package script '/root/DockerFiles/drone_ws/install/tello_gazebo/share/tello_gazebo/package.sh'
[4.167s] INFO:colcon.colcon_core.shell:Creating package script '/root/DockerFiles/drone_ws/install/tello_gazebo/share/tello_gazebo/package.bash'
[4.168s] INFO:colcon.colcon_core.shell:Creating package script '/root/DockerFiles/drone_ws/install/tello_gazebo/share/tello_gazebo/package.zsh'
[4.168s] Level 1:colcon.colcon_core.environment:create_file_with_runtime_dependencies(/root/DockerFiles/drone_ws/install/tello_gazebo/share/colcon-core/packages/tello_gazebo)
[4.174s] Level 1:colcon.colcon_core.environment:checking '/root/DockerFiles/drone_ws/install/tello_hand_move' for CMake module files
[4.176s] Level 1:colcon.colcon_core.environment:checking '/root/DockerFiles/drone_ws/install/tello_hand_move' for CMake config files
[4.178s] Level 1:colcon.colcon_core.environment:checking '/root/DockerFiles/drone_ws/install/tello_hand_move/lib'
[4.180s] DEBUG:colcon.colcon_core.event_handler.log_command:Invoked command in '/root/DockerFiles/drone_ws/src/tello_hand_move' returned '0': PYTHONPATH=/root/DockerFiles/drone_ws/build/tello_hand_move/prefix_override:/root/DockerFiles/drone_ws/install/tello_hand_move/lib/python3.8/site-packages:${PYTHONPATH} /usr/bin/python3 setup.py egg_info --egg-base ../../build/tello_hand_move build --build-base /root/DockerFiles/drone_ws/build/tello_hand_move/build install --record /root/DockerFiles/drone_ws/build/tello_hand_move/install.log --single-version-externally-managed
[4.180s] Level 1:colcon.colcon_core.environment:checking '/root/DockerFiles/drone_ws/install/tello_hand_move/bin'
[4.180s] Level 1:colcon.colcon_core.environment:checking '/root/DockerFiles/drone_ws/install/tello_hand_move/lib/pkgconfig/tello_hand_move.pc'
[4.181s] Level 1:colcon.colcon_core.environment:checking '/root/DockerFiles/drone_ws/install/tello_hand_move/lib/python3.8/site-packages'
[4.181s] Level 1:colcon.colcon_core.shell:create_environment_hook('tello_hand_move', 'pythonpath')
[4.183s] INFO:colcon.colcon_core.shell:Creating environment hook '/root/DockerFiles/drone_ws/install/tello_hand_move/share/tello_hand_move/hook/pythonpath.ps1'
[4.184s] INFO:colcon.colcon_core.shell:Creating environment descriptor '/root/DockerFiles/drone_ws/install/tello_hand_move/share/tello_hand_move/hook/pythonpath.dsv'
[4.185s] INFO:colcon.colcon_core.shell:Creating environment hook '/root/DockerFiles/drone_ws/install/tello_hand_move/share/tello_hand_move/hook/pythonpath.sh'
[4.186s] Level 1:colcon.colcon_core.environment:checking '/root/DockerFiles/drone_ws/install/tello_hand_move/bin'
[4.186s] Level 1:colcon.colcon_core.environment:create_environment_scripts_only(tello_hand_move)
[4.188s] INFO:colcon.colcon_core.shell:Creating package script '/root/DockerFiles/drone_ws/install/tello_hand_move/share/tello_hand_move/package.ps1'
[4.190s] INFO:colcon.colcon_core.shell:Creating package descriptor '/root/DockerFiles/drone_ws/install/tello_hand_move/share/tello_hand_move/package.dsv'
[4.191s] INFO:colcon.colcon_core.shell:Creating package script '/root/DockerFiles/drone_ws/install/tello_hand_move/share/tello_hand_move/package.sh'
[4.193s] INFO:colcon.colcon_core.shell:Creating package script '/root/DockerFiles/drone_ws/install/tello_hand_move/share/tello_hand_move/package.bash'
[4.194s] INFO:colcon.colcon_core.shell:Creating package script '/root/DockerFiles/drone_ws/install/tello_hand_move/share/tello_hand_move/package.zsh'
[4.194s] Level 1:colcon.colcon_core.environment:create_file_with_runtime_dependencies(/root/DockerFiles/drone_ws/install/tello_hand_move/share/colcon-core/packages/tello_hand_move)
[4.200s] Level 1:colcon.colcon_core.environment:checking '/root/DockerFiles/drone_ws/install/tello_mission' for CMake module files
[4.202s] Level 1:colcon.colcon_core.environment:checking '/root/DockerFiles/drone_ws/install/tello_mission' for CMake config files
[4.203s] DEBUG:colcon.colcon_core.event_handler.log_command:Invoked command in '/root/DockerFiles/drone_ws/src/tello_mission' returned '0': PYTHONPATH=/root/DockerFiles/drone_ws/build/tello_mission/prefix_override:/root/DockerFiles/drone_ws/install/tello_mission/lib/python3.8/site-packages:${PYTHONPATH} /usr/bin/python3 setup.py egg_info --egg-base ../../build/tello_mission build --build-base /root/DockerFiles/drone_ws/build/tello_mission/build install --record /root/DockerFiles/drone_ws/build/tello_mission/install.log --single-version-externally-managed
[4.204s] Level 1:colcon.colcon_core.environment:checking '/root/DockerFiles/drone_ws/install/tello_mission/lib'
[4.204s] Level 1:colcon.colcon_core.environment:checking '/root/DockerFiles/drone_ws/install/tello_mission/bin'
[4.205s] Level 1:colcon.colcon_core.environment:checking '/root/DockerFiles/drone_ws/install/tello_mission/lib/pkgconfig/tello_mission.pc'
[4.205s] Level 1:colcon.colcon_core.environment:checking '/root/DockerFiles/drone_ws/install/tello_mission/lib/python3.8/site-packages'
[4.205s] Level 1:colcon.colcon_core.shell:create_environment_hook('tello_mission', 'pythonpath')
[4.208s] INFO:colcon.colcon_core.shell:Creating environment hook '/root/DockerFiles/drone_ws/install/tello_mission/share/tello_mission/hook/pythonpath.ps1'
[4.209s] INFO:colcon.colcon_core.shell:Creating environment descriptor '/root/DockerFiles/drone_ws/install/tello_mission/share/tello_mission/hook/pythonpath.dsv'
[4.211s] INFO:colcon.colcon_core.shell:Creating environment hook '/root/DockerFiles/drone_ws/install/tello_mission/share/tello_mission/hook/pythonpath.sh'
[4.212s] Level 1:colcon.colcon_core.environment:checking '/root/DockerFiles/drone_ws/install/tello_mission/bin'
[4.215s] Level 1:colcon.colcon_core.environment:create_environment_scripts_only(tello_mission)
[4.217s] INFO:colcon.colcon_core.shell:Creating package script '/root/DockerFiles/drone_ws/install/tello_mission/share/tello_mission/package.ps1'
[4.219s] INFO:colcon.colcon_core.shell:Creating package descriptor '/root/DockerFiles/drone_ws/install/tello_mission/share/tello_mission/package.dsv'
[4.220s] INFO:colcon.colcon_core.shell:Creating package script '/root/DockerFiles/drone_ws/install/tello_mission/share/tello_mission/package.sh'
[4.221s] INFO:colcon.colcon_core.shell:Creating package script '/root/DockerFiles/drone_ws/install/tello_mission/share/tello_mission/package.bash'
[4.222s] INFO:colcon.colcon_core.shell:Creating package script '/root/DockerFiles/drone_ws/install/tello_mission/share/tello_mission/package.zsh'
[4.223s] Level 1:colcon.colcon_core.environment:create_file_with_runtime_dependencies(/root/DockerFiles/drone_ws/install/tello_mission/share/colcon-core/packages/tello_mission)
[4.230s] DEBUG:colcon.colcon_core.event_handler.log_command:Invoked command in '/root/DockerFiles/drone_ws/build/tello_driver' returned '0': AMENT_PREFIX_PATH=/root/DockerFiles/drone_ws/install/tello_msgs:/root/DockerFiles/drone_ws/install/ros2_shared:${AMENT_PREFIX_PATH} CMAKE_PREFIX_PATH=/root/DockerFiles/drone_ws/install/tello_msgs:/root/DockerFiles/drone_ws/install/ros2_shared:/opt/ros/foxy LD_LIBRARY_PATH=/root/DockerFiles/drone_ws/install/tello_msgs/lib:${LD_LIBRARY_PATH} PYTHONPATH=/root/DockerFiles/drone_ws/install/tello_msgs/lib/python3.8/site-packages:${PYTHONPATH} /usr/bin/cmake --build /root/DockerFiles/drone_ws/build/tello_driver -- -j12 -l12
[4.262s] Level 1:colcon.colcon_core.environment:checking '/root/DockerFiles/drone_ws/install/tello_camera' for CMake module files
[4.264s] Level 1:colcon.colcon_core.environment:checking '/root/DockerFiles/drone_ws/install/tello_camera' for CMake config files
[4.263s] DEBUG:colcon.colcon_core.event_handler.log_command:Invoked command in '/root/DockerFiles/drone_ws/src/tello_camera' returned '0': PYTHONPATH=/root/DockerFiles/drone_ws/build/tello_camera/prefix_override:/root/DockerFiles/drone_ws/install/tello_camera/lib/python3.8/site-packages:${PYTHONPATH} /usr/bin/python3 setup.py egg_info --egg-base ../../build/tello_camera build --build-base /root/DockerFiles/drone_ws/build/tello_camera/build install --record /root/DockerFiles/drone_ws/build/tello_camera/install.log --single-version-externally-managed
[4.266s] Level 1:colcon.colcon_core.environment:checking '/root/DockerFiles/drone_ws/install/tello_camera/lib'
[4.266s] Level 1:colcon.colcon_core.environment:checking '/root/DockerFiles/drone_ws/install/tello_camera/bin'
[4.267s] Level 1:colcon.colcon_core.environment:checking '/root/DockerFiles/drone_ws/install/tello_camera/lib/pkgconfig/tello_camera.pc'
[4.268s] Level 1:colcon.colcon_core.environment:checking '/root/DockerFiles/drone_ws/install/tello_camera/lib/python3.8/site-packages'
[4.268s] Level 1:colcon.colcon_core.shell:create_environment_hook('tello_camera', 'pythonpath')
[4.272s] INFO:colcon.colcon_core.shell:Creating environment hook '/root/DockerFiles/drone_ws/install/tello_camera/share/tello_camera/hook/pythonpath.ps1'
[4.275s] INFO:colcon.colcon_core.shell:Creating environment descriptor '/root/DockerFiles/drone_ws/install/tello_camera/share/tello_camera/hook/pythonpath.dsv'
[4.276s] INFO:colcon.colcon_core.shell:Creating environment hook '/root/DockerFiles/drone_ws/install/tello_camera/share/tello_camera/hook/pythonpath.sh'
[4.278s] Level 1:colcon.colcon_core.environment:checking '/root/DockerFiles/drone_ws/install/tello_camera/bin'
[4.278s] Level 1:colcon.colcon_core.environment:create_environment_scripts_only(tello_camera)
[4.281s] INFO:colcon.colcon_core.shell:Creating package script '/root/DockerFiles/drone_ws/install/tello_camera/share/tello_camera/package.ps1'
[4.288s] INFO:colcon.colcon_core.shell:Creating package descriptor '/root/DockerFiles/drone_ws/install/tello_camera/share/tello_camera/package.dsv'
[4.289s] INFO:colcon.colcon_core.shell:Creating package script '/root/DockerFiles/drone_ws/install/tello_camera/share/tello_camera/package.sh'
[4.290s] INFO:colcon.colcon_core.shell:Creating package script '/root/DockerFiles/drone_ws/install/tello_camera/share/tello_camera/package.bash'
[4.291s] INFO:colcon.colcon_core.shell:Creating package script '/root/DockerFiles/drone_ws/install/tello_camera/share/tello_camera/package.zsh'
[4.292s] Level 1:colcon.colcon_core.environment:create_file_with_runtime_dependencies(/root/DockerFiles/drone_ws/install/tello_camera/share/colcon-core/packages/tello_camera)
[4.313s] Level 1:colcon.colcon_core.environment:checking '/root/DockerFiles/drone_ws/install/tello_controller' for CMake module files
[4.313s] DEBUG:colcon.colcon_core.event_handler.log_command:Invoked command in '/root/DockerFiles/drone_ws/src/tello_controller' returned '0': PYTHONPATH=/root/DockerFiles/drone_ws/build/tello_controller/prefix_override:/root/DockerFiles/drone_ws/install/tello_controller/lib/python3.8/site-packages:${PYTHONPATH} /usr/bin/python3 setup.py egg_info --egg-base ../../build/tello_controller build --build-base /root/DockerFiles/drone_ws/build/tello_controller/build install --record /root/DockerFiles/drone_ws/build/tello_controller/install.log --single-version-externally-managed
[4.314s] Level 1:colcon.colcon_core.environment:checking '/root/DockerFiles/drone_ws/install/tello_controller' for CMake config files
[4.315s] Level 1:colcon.colcon_core.environment:checking '/root/DockerFiles/drone_ws/install/tello_controller/lib'
[4.315s] Level 1:colcon.colcon_core.environment:checking '/root/DockerFiles/drone_ws/install/tello_controller/bin'
[4.316s] Level 1:colcon.colcon_core.environment:checking '/root/DockerFiles/drone_ws/install/tello_controller/lib/pkgconfig/tello_controller.pc'
[4.316s] Level 1:colcon.colcon_core.environment:checking '/root/DockerFiles/drone_ws/install/tello_controller/lib/python3.8/site-packages'
[4.316s] Level 1:colcon.colcon_core.shell:create_environment_hook('tello_controller', 'pythonpath')
[4.318s] INFO:colcon.colcon_core.shell:Creating environment hook '/root/DockerFiles/drone_ws/install/tello_controller/share/tello_controller/hook/pythonpath.ps1'
[4.319s] INFO:colcon.colcon_core.shell:Creating environment descriptor '/root/DockerFiles/drone_ws/install/tello_controller/share/tello_controller/hook/pythonpath.dsv'
[4.320s] INFO:colcon.colcon_core.shell:Creating environment hook '/root/DockerFiles/drone_ws/install/tello_controller/share/tello_controller/hook/pythonpath.sh'
[4.321s] Level 1:colcon.colcon_core.environment:checking '/root/DockerFiles/drone_ws/install/tello_controller/bin'
[4.321s] Level 1:colcon.colcon_core.environment:create_environment_scripts_only(tello_controller)
[4.323s] INFO:colcon.colcon_core.shell:Creating package script '/root/DockerFiles/drone_ws/install/tello_controller/share/tello_controller/package.ps1'
[4.325s] INFO:colcon.colcon_core.shell:Creating package descriptor '/root/DockerFiles/drone_ws/install/tello_controller/share/tello_controller/package.dsv'
[4.326s] INFO:colcon.colcon_core.shell:Creating package script '/root/DockerFiles/drone_ws/install/tello_controller/share/tello_controller/package.sh'
[4.326s] INFO:colcon.colcon_core.shell:Creating package script '/root/DockerFiles/drone_ws/install/tello_controller/share/tello_controller/package.bash'
[4.327s] INFO:colcon.colcon_core.shell:Creating package script '/root/DockerFiles/drone_ws/install/tello_controller/share/tello_controller/package.zsh'
[4.327s] Level 1:colcon.colcon_core.environment:create_file_with_runtime_dependencies(/root/DockerFiles/drone_ws/install/tello_controller/share/colcon-core/packages/tello_controller)
[4.343s] DEBUG:colcon.colcon_core.event_handler.log_command:Invoking command in '/root/DockerFiles/drone_ws/build/tello_driver': AMENT_PREFIX_PATH=/root/DockerFiles/drone_ws/install/tello_msgs:/root/DockerFiles/drone_ws/install/ros2_shared:${AMENT_PREFIX_PATH} CMAKE_PREFIX_PATH=/root/DockerFiles/drone_ws/install/tello_msgs:/root/DockerFiles/drone_ws/install/ros2_shared:/opt/ros/foxy LD_LIBRARY_PATH=/root/DockerFiles/drone_ws/install/tello_msgs/lib:${LD_LIBRARY_PATH} PYTHONPATH=/root/DockerFiles/drone_ws/install/tello_msgs/lib/python3.8/site-packages:${PYTHONPATH} /usr/bin/cmake --install /root/DockerFiles/drone_ws/build/tello_driver
[4.379s] Level 1:colcon.colcon_core.environment:create_environment_scripts_only(tello_driver)
[4.382s] Level 1:colcon.colcon_core.environment:checking '/root/DockerFiles/drone_ws/install/tello_driver' for CMake module files
[4.383s] Level 1:colcon.colcon_core.environment:checking '/root/DockerFiles/drone_ws/install/tello_driver' for CMake config files
[4.383s] DEBUG:colcon.colcon_core.event_handler.log_command:Invoked command in '/root/DockerFiles/drone_ws/build/tello_driver' returned '0': AMENT_PREFIX_PATH=/root/DockerFiles/drone_ws/install/tello_msgs:/root/DockerFiles/drone_ws/install/ros2_shared:${AMENT_PREFIX_PATH} CMAKE_PREFIX_PATH=/root/DockerFiles/drone_ws/install/tello_msgs:/root/DockerFiles/drone_ws/install/ros2_shared:/opt/ros/foxy LD_LIBRARY_PATH=/root/DockerFiles/drone_ws/install/tello_msgs/lib:${LD_LIBRARY_PATH} PYTHONPATH=/root/DockerFiles/drone_ws/install/tello_msgs/lib/python3.8/site-packages:${PYTHONPATH} /usr/bin/cmake --install /root/DockerFiles/drone_ws/build/tello_driver
[4.384s] Level 1:colcon.colcon_core.shell:create_environment_hook('tello_driver', 'cmake_prefix_path')
[4.387s] INFO:colcon.colcon_core.shell:Creating environment hook '/root/DockerFiles/drone_ws/install/tello_driver/share/tello_driver/hook/cmake_prefix_path.ps1'
[4.387s] INFO:colcon.colcon_core.shell:Creating environment descriptor '/root/DockerFiles/drone_ws/install/tello_driver/share/tello_driver/hook/cmake_prefix_path.dsv'
[4.388s] INFO:colcon.colcon_core.shell:Creating environment hook '/root/DockerFiles/drone_ws/install/tello_driver/share/tello_driver/hook/cmake_prefix_path.sh'
[4.389s] Level 1:colcon.colcon_core.environment:checking '/root/DockerFiles/drone_ws/install/tello_driver/lib'
[4.389s] Level 1:colcon.colcon_core.shell:create_environment_hook('tello_driver', 'ld_library_path_lib')
[4.391s] INFO:colcon.colcon_core.shell:Creating environment hook '/root/DockerFiles/drone_ws/install/tello_driver/share/tello_driver/hook/ld_library_path_lib.ps1'
[4.394s] INFO:colcon.colcon_core.shell:Creating environment descriptor '/root/DockerFiles/drone_ws/install/tello_driver/share/tello_driver/hook/ld_library_path_lib.dsv'
[4.399s] INFO:colcon.colcon_core.shell:Creating environment hook '/root/DockerFiles/drone_ws/install/tello_driver/share/tello_driver/hook/ld_library_path_lib.sh'
[4.402s] Level 1:colcon.colcon_core.environment:checking '/root/DockerFiles/drone_ws/install/tello_driver/bin'
[4.402s] Level 1:colcon.colcon_core.environment:checking '/root/DockerFiles/drone_ws/install/tello_driver/lib/pkgconfig/tello_driver.pc'
[4.403s] Level 1:colcon.colcon_core.environment:checking '/root/DockerFiles/drone_ws/install/tello_driver/lib/python3.8/site-packages'
[4.404s] Level 1:colcon.colcon_core.environment:checking '/root/DockerFiles/drone_ws/install/tello_driver/bin'
[4.414s] INFO:colcon.colcon_core.shell:Creating package script '/root/DockerFiles/drone_ws/install/tello_driver/share/tello_driver/package.ps1'
[4.416s] INFO:colcon.colcon_core.shell:Creating package descriptor '/root/DockerFiles/drone_ws/install/tello_driver/share/tello_driver/package.dsv'
[4.417s] INFO:colcon.colcon_core.shell:Creating package script '/root/DockerFiles/drone_ws/install/tello_driver/share/tello_driver/package.sh'
[4.418s] INFO:colcon.colcon_core.shell:Creating package script '/root/DockerFiles/drone_ws/install/tello_driver/share/tello_driver/package.bash'
[4.419s] INFO:colcon.colcon_core.shell:Creating package script '/root/DockerFiles/drone_ws/install/tello_driver/share/tello_driver/package.zsh'
[4.420s] Level 1:colcon.colcon_core.environment:create_file_with_runtime_dependencies(/root/DockerFiles/drone_ws/install/tello_driver/share/colcon-core/packages/tello_driver)
[4.541s] Level 1:colcon.colcon_core.environment:create_environment_scripts_only(tello_driver)
[4.548s] Level 1:colcon.colcon_core.environment:checking '/root/DockerFiles/drone_ws/install/tello_driver' for CMake module files
[4.549s] Level 1:colcon.colcon_core.environment:checking '/root/DockerFiles/drone_ws/install/tello_driver' for CMake config files
[4.550s] Level 1:colcon.colcon_core.shell:create_environment_hook('tello_driver', 'cmake_prefix_path')
[4.552s] INFO:colcon.colcon_core.shell:Creating environment hook '/root/DockerFiles/drone_ws/install/tello_driver/share/tello_driver/hook/cmake_prefix_path.ps1'
[4.552s] INFO:colcon.colcon_core.shell:Creating environment descriptor '/root/DockerFiles/drone_ws/install/tello_driver/share/tello_driver/hook/cmake_prefix_path.dsv'
[4.556s] INFO:colcon.colcon_core.shell:Creating environment hook '/root/DockerFiles/drone_ws/install/tello_driver/share/tello_driver/hook/cmake_prefix_path.sh'
[4.559s] Level 1:colcon.colcon_core.environment:checking '/root/DockerFiles/drone_ws/install/tello_driver/lib'
[4.559s] Level 1:colcon.colcon_core.shell:create_environment_hook('tello_driver', 'ld_library_path_lib')
[4.562s] INFO:colcon.colcon_core.shell:Creating environment hook '/root/DockerFiles/drone_ws/install/tello_driver/share/tello_driver/hook/ld_library_path_lib.ps1'
[4.563s] INFO:colcon.colcon_core.shell:Creating environment descriptor '/root/DockerFiles/drone_ws/install/tello_driver/share/tello_driver/hook/ld_library_path_lib.dsv'
[4.563s] INFO:colcon.colcon_core.shell:Creating environment hook '/root/DockerFiles/drone_ws/install/tello_driver/share/tello_driver/hook/ld_library_path_lib.sh'
[4.564s] Level 1:colcon.colcon_core.environment:checking '/root/DockerFiles/drone_ws/install/tello_driver/bin'
[4.564s] Level 1:colcon.colcon_core.environment:checking '/root/DockerFiles/drone_ws/install/tello_driver/lib/pkgconfig/tello_driver.pc'
[4.564s] Level 1:colcon.colcon_core.environment:checking '/root/DockerFiles/drone_ws/install/tello_driver/lib/python3.8/site-packages'
[4.565s] Level 1:colcon.colcon_core.environment:checking '/root/DockerFiles/drone_ws/install/tello_driver/bin'
[4.567s] INFO:colcon.colcon_core.shell:Creating package script '/root/DockerFiles/drone_ws/install/tello_driver/share/tello_driver/package.ps1'
[4.568s] INFO:colcon.colcon_core.shell:Creating package descriptor '/root/DockerFiles/drone_ws/install/tello_driver/share/tello_driver/package.dsv'
[4.569s] INFO:colcon.colcon_core.shell:Creating package script '/root/DockerFiles/drone_ws/install/tello_driver/share/tello_driver/package.sh'
[4.569s] INFO:colcon.colcon_core.shell:Creating package script '/root/DockerFiles/drone_ws/install/tello_driver/share/tello_driver/package.bash'
[4.570s] INFO:colcon.colcon_core.shell:Creating package script '/root/DockerFiles/drone_ws/install/tello_driver/share/tello_driver/package.zsh'
[4.571s] Level 1:colcon.colcon_core.environment:create_file_with_runtime_dependencies(/root/DockerFiles/drone_ws/install/tello_driver/share/colcon-core/packages/tello_driver)
[4.571s] DEBUG:colcon.colcon_parallel_executor.executor.parallel:closing loop
[4.571s] DEBUG:colcon.colcon_parallel_executor.executor.parallel:loop closed
[4.572s] DEBUG:colcon.colcon_parallel_executor.executor.parallel:run_until_complete finished with '0'
[4.572s] DEBUG:colcon.colcon_core.event_reactor:joining thread
[4.593s] INFO:colcon.colcon_core.plugin_system:Skipping extension 'colcon_notification.desktop_notification.notify_send': Could not find 'notify-send'
[4.593s] INFO:colcon.colcon_core.plugin_system:Skipping extension 'colcon_notification.desktop_notification.terminal_notifier': Not used on non-Darwin systems
[4.593s] INFO:colcon.colcon_core.plugin_system:Skipping extension 'colcon_notification.desktop_notification.win32': Not used on non-Windows systems
[4.593s] INFO:colcon.colcon_notification.desktop_notification:Sending desktop notification using 'notify2'
[4.599s] DEBUG:colcon.colcon_notification.desktop_notification.notify2:Failed to initialize notify2: org.freedesktop.DBus.Error.Spawn.ExecFailed: /usr/bin/dbus-launch terminated abnormally without any error message
[4.601s] DEBUG:colcon.colcon_core.event_reactor:joined thread
[4.604s] INFO:colcon.colcon_core.shell:Creating prefix script '/root/DockerFiles/drone_ws/install/local_setup.ps1'
[4.607s] INFO:colcon.colcon_core.shell:Creating prefix util module '/root/DockerFiles/drone_ws/install/_local_setup_util_ps1.py'
[4.609s] INFO:colcon.colcon_core.shell:Creating prefix chain script '/root/DockerFiles/drone_ws/install/setup.ps1'
[4.612s] INFO:colcon.colcon_core.shell:Creating prefix script '/root/DockerFiles/drone_ws/install/local_setup.sh'
[4.614s] INFO:colcon.colcon_core.shell:Creating prefix util module '/root/DockerFiles/drone_ws/install/_local_setup_util_sh.py'
[4.617s] INFO:colcon.colcon_core.shell:Creating prefix chain script '/root/DockerFiles/drone_ws/install/setup.sh'
[4.620s] INFO:colcon.colcon_core.shell:Creating prefix script '/root/DockerFiles/drone_ws/install/local_setup.bash'
[4.621s] INFO:colcon.colcon_core.shell:Creating prefix chain script '/root/DockerFiles/drone_ws/install/setup.bash'
[4.623s] INFO:colcon.colcon_core.shell:Creating prefix script '/root/DockerFiles/drone_ws/install/local_setup.zsh'
[4.625s] INFO:colcon.colcon_core.shell:Creating prefix chain script '/root/DockerFiles/drone_ws/install/setup.zsh'
