[0.000000] (-) TimerEvent: {}
[0.001322] (ros2_shared) JobQueued: {'identifier': 'ros2_shared', 'dependencies': OrderedDict()}
[0.001552] (tello_camera) JobQueued: {'identifier': 'tello_camera', 'dependencies': OrderedDict()}
[0.001734] (tello_controller) JobQueued: {'identifier': 'tello_controller', 'dependencies': OrderedDict()}
[0.001878] (tello_description) JobQueued: {'identifier': 'tello_description', 'dependencies': OrderedDict()}
[0.002010] (tello_hand_move) JobQueued: {'identifier': 'tello_hand_move', 'dependencies': OrderedDict()}
[0.002155] (tello_mission) JobQueued: {'identifier': 'tello_mission', 'dependencies': OrderedDict()}
[0.002369] (tello_msgs) JobQueued: {'identifier': 'tello_msgs', 'dependencies': OrderedDict()}
[0.003280] (tello_driver) JobQueued: {'identifier': 'tello_driver', 'dependencies': OrderedDict([('ros2_shared', '/root/DockerFiles/drone_ws/install/ros2_shared'), ('tello_msgs', '/root/DockerFiles/drone_ws/install/tello_msgs')])}
[0.003439] (tello_gazebo) JobQueued: {'identifier': 'tello_gazebo', 'dependencies': OrderedDict([('tello_msgs', '/root/DockerFiles/drone_ws/install/tello_msgs')])}
[0.003601] (tello_msgs) JobStarted: {'identifier': 'tello_msgs'}
[0.024890] (ros2_shared) JobStarted: {'identifier': 'ros2_shared'}
[0.061618] (tello_camera) JobStarted: {'identifier': 'tello_camera'}
[0.089909] (tello_controller) JobStarted: {'identifier': 'tello_controller'}
[0.102071] (-) TimerEvent: {}
[0.117911] (tello_description) JobStarted: {'identifier': 'tello_description'}
[0.138066] (tello_hand_move) JobStarted: {'identifier': 'tello_hand_move'}
[0.173262] (tello_mission) JobStarted: {'identifier': 'tello_mission'}
[0.206586] (-) TimerEvent: {}
[0.207494] (tello_msgs) JobProgress: {'identifier': 'tello_msgs', 'progress': 'cmake'}
[0.208557] (tello_msgs) JobProgress: {'identifier': 'tello_msgs', 'progress': 'build'}
[0.209552] (tello_msgs) Command: {'cmd': ['/usr/bin/cmake', '--build', '/root/DockerFiles/drone_ws/build/tello_msgs', '--', '-j12', '-l12'], 'cwd': '/root/DockerFiles/drone_ws/build/tello_msgs', 'env': OrderedDict([('HOSTNAME', 'vdani-H410M-H-V2'), ('SHLVL', '1'), ('LD_LIBRARY_PATH', '/root/DockerFiles/drone_ws/install/tello_gazebo/lib:/root/DockerFiles/drone_ws/install/tello_driver/lib:/root/DockerFiles/drone_ws/install/tello_msgs/lib:/usr/lib/x86_64-linux-gnu/gazebo-11/plugins:/opt/ros/foxy/opt/yaml_cpp_vendor/lib:/opt/ros/foxy/opt/rviz_ogre_vendor/lib:/opt/ros/foxy/lib/x86_64-linux-gnu:/opt/ros/foxy/lib'), ('HOME', '/root'), ('OLDPWD', '/root/DockerFiles'), ('ROS_PYTHON_VERSION', '3'), ('COLCON_PREFIX_PATH', '/root/DockerFiles/drone_ws/install'), ('ROS_DISTRO', 'foxy'), ('_', '/usr/bin/colcon'), ('ROS_VERSION', '2'), ('TERM', 'xterm'), ('ROS_LOCALHOST_ONLY', '0'), ('QT_X11_NO_MITSHM', '1'), ('PATH', '/opt/ros/foxy/bin:/usr/local/sbin:/usr/local/bin:/usr/sbin:/usr/bin:/sbin:/bin'), ('XDG_RUNTIME_DIR', '/run/user/1000'), ('DISPLAY', ':0'), ('LANG', 'C.UTF-8'), ('RMW_IMPLEMENTATION', 'rmw_fastrtps_cpp'), ('LS_COLORS', 'rs=0:di=01;34:ln=01;36:mh=00:pi=40;33:so=01;35:do=01;35:bd=40;33;01:cd=40;33;01:or=40;31;01:mi=00:su=37;41:sg=30;43:ca=30;41:tw=30;42:ow=34;42:st=37;44:ex=01;32:*.tar=01;31:*.tgz=01;31:*.arc=01;31:*.arj=01;31:*.taz=01;31:*.lha=01;31:*.lz4=01;31:*.lzh=01;31:*.lzma=01;31:*.tlz=01;31:*.txz=01;31:*.tzo=01;31:*.t7z=01;31:*.zip=01;31:*.z=01;31:*.dz=01;31:*.gz=01;31:*.lrz=01;31:*.lz=01;31:*.lzo=01;31:*.xz=01;31:*.zst=01;31:*.tzst=01;31:*.bz2=01;31:*.bz=01;31:*.tbz=01;31:*.tbz2=01;31:*.tz=01;31:*.deb=01;31:*.rpm=01;31:*.jar=01;31:*.war=01;31:*.ear=01;31:*.sar=01;31:*.rar=01;31:*.alz=01;31:*.ace=01;31:*.zoo=01;31:*.cpio=01;31:*.7z=01;31:*.rz=01;31:*.cab=01;31:*.wim=01;31:*.swm=01;31:*.dwm=01;31:*.esd=01;31:*.jpg=01;35:*.jpeg=01;35:*.mjpg=01;35:*.mjpeg=01;35:*.gif=01;35:*.bmp=01;35:*.pbm=01;35:*.pgm=01;35:*.ppm=01;35:*.tga=01;35:*.xbm=01;35:*.xpm=01;35:*.tif=01;35:*.tiff=01;35:*.png=01;35:*.svg=01;35:*.svgz=01;35:*.mng=01;35:*.pcx=01;35:*.mov=01;35:*.mpg=01;35:*.mpeg=01;35:*.m2v=01;35:*.mkv=01;35:*.webm=01;35:*.ogm=01;35:*.mp4=01;35:*.m4v=01;35:*.mp4v=01;35:*.vob=01;35:*.qt=01;35:*.nuv=01;35:*.wmv=01;35:*.asf=01;35:*.rm=01;35:*.rmvb=01;35:*.flc=01;35:*.avi=01;35:*.fli=01;35:*.flv=01;35:*.gl=01;35:*.dl=01;35:*.xcf=01;35:*.xwd=01;35:*.yuv=01;35:*.cgm=01;35:*.emf=01;35:*.ogv=01;35:*.ogx=01;35:*.aac=00;36:*.au=00;36:*.flac=00;36:*.m4a=00;36:*.mid=00;36:*.midi=00;36:*.mka=00;36:*.mp3=00;36:*.mpc=00;36:*.ogg=00;36:*.ra=00;36:*.wav=00;36:*.oga=00;36:*.opus=00;36:*.spx=00;36:*.xspf=00;36:'), ('AMENT_PREFIX_PATH', '/root/DockerFiles/drone_ws/install/tello_gazebo:/root/DockerFiles/drone_ws/install/tello_driver:/root/DockerFiles/drone_ws/install/tello_msgs:/root/DockerFiles/drone_ws/install/tello_mission:/root/DockerFiles/drone_ws/install/tello_hand_move:/root/DockerFiles/drone_ws/install/tello_description:/root/DockerFiles/drone_ws/install/tello_controller:/root/DockerFiles/drone_ws/install/tello_camera:/root/DockerFiles/drone_ws/install/ros2_shared:/opt/ros/foxy'), ('PWD', '/root/DockerFiles/drone_ws/build/tello_msgs'), ('LC_ALL', 'C.UTF-8'), ('PYTHONPATH', '/root/DockerFiles/drone_ws/install/tello_msgs/lib/python3.8/site-packages:/root/DockerFiles/drone_ws/install/tello_mission/lib/python3.8/site-packages:/root/DockerFiles/drone_ws/install/tello_hand_move/lib/python3.8/site-packages:/root/DockerFiles/drone_ws/install/tello_controller/lib/python3.8/site-packages:/root/DockerFiles/drone_ws/install/tello_camera/lib/python3.8/site-packages:/opt/ros/foxy/lib/python3.8/site-packages'), ('COLCON', '1'), ('CMAKE_PREFIX_PATH', '/root/DockerFiles/drone_ws/install/tello_gazebo:/root/DockerFiles/drone_ws/install/tello_driver:/root/DockerFiles/drone_ws/install/tello_msgs:/root/DockerFiles/drone_ws/install/tello_description:/root/DockerFiles/drone_ws/install/ros2_shared:/root/DockerFiles/drone_ws/install/tello_mission:/root/DockerFiles/drone_ws/install/tello_hand_move:/root/DockerFiles/drone_ws/install/tello_controller:/root/DockerFiles/drone_ws/install/tello_camera:/opt/ros/foxy')]), 'shell': False}
[0.226006] (ros2_shared) JobProgress: {'identifier': 'ros2_shared', 'progress': 'cmake'}
[0.231072] (ros2_shared) JobProgress: {'identifier': 'ros2_shared', 'progress': 'build'}
[0.231573] (ros2_shared) Command: {'cmd': ['/usr/bin/cmake', '--build', '/root/DockerFiles/drone_ws/build/ros2_shared', '--', '-j12', '-l12'], 'cwd': '/root/DockerFiles/drone_ws/build/ros2_shared', 'env': OrderedDict([('HOSTNAME', 'vdani-H410M-H-V2'), ('SHLVL', '1'), ('LD_LIBRARY_PATH', '/root/DockerFiles/drone_ws/install/tello_gazebo/lib:/root/DockerFiles/drone_ws/install/tello_driver/lib:/root/DockerFiles/drone_ws/install/tello_msgs/lib:/usr/lib/x86_64-linux-gnu/gazebo-11/plugins:/opt/ros/foxy/opt/yaml_cpp_vendor/lib:/opt/ros/foxy/opt/rviz_ogre_vendor/lib:/opt/ros/foxy/lib/x86_64-linux-gnu:/opt/ros/foxy/lib'), ('HOME', '/root'), ('OLDPWD', '/root/DockerFiles'), ('ROS_PYTHON_VERSION', '3'), ('COLCON_PREFIX_PATH', '/root/DockerFiles/drone_ws/install'), ('ROS_DISTRO', 'foxy'), ('_', '/usr/bin/colcon'), ('ROS_VERSION', '2'), ('TERM', 'xterm'), ('ROS_LOCALHOST_ONLY', '0'), ('QT_X11_NO_MITSHM', '1'), ('PATH', '/opt/ros/foxy/bin:/usr/local/sbin:/usr/local/bin:/usr/sbin:/usr/bin:/sbin:/bin'), ('XDG_RUNTIME_DIR', '/run/user/1000'), ('DISPLAY', ':0'), ('LANG', 'C.UTF-8'), ('RMW_IMPLEMENTATION', 'rmw_fastrtps_cpp'), ('LS_COLORS', 'rs=0:di=01;34:ln=01;36:mh=00:pi=40;33:so=01;35:do=01;35:bd=40;33;01:cd=40;33;01:or=40;31;01:mi=00:su=37;41:sg=30;43:ca=30;41:tw=30;42:ow=34;42:st=37;44:ex=01;32:*.tar=01;31:*.tgz=01;31:*.arc=01;31:*.arj=01;31:*.taz=01;31:*.lha=01;31:*.lz4=01;31:*.lzh=01;31:*.lzma=01;31:*.tlz=01;31:*.txz=01;31:*.tzo=01;31:*.t7z=01;31:*.zip=01;31:*.z=01;31:*.dz=01;31:*.gz=01;31:*.lrz=01;31:*.lz=01;31:*.lzo=01;31:*.xz=01;31:*.zst=01;31:*.tzst=01;31:*.bz2=01;31:*.bz=01;31:*.tbz=01;31:*.tbz2=01;31:*.tz=01;31:*.deb=01;31:*.rpm=01;31:*.jar=01;31:*.war=01;31:*.ear=01;31:*.sar=01;31:*.rar=01;31:*.alz=01;31:*.ace=01;31:*.zoo=01;31:*.cpio=01;31:*.7z=01;31:*.rz=01;31:*.cab=01;31:*.wim=01;31:*.swm=01;31:*.dwm=01;31:*.esd=01;31:*.jpg=01;35:*.jpeg=01;35:*.mjpg=01;35:*.mjpeg=01;35:*.gif=01;35:*.bmp=01;35:*.pbm=01;35:*.pgm=01;35:*.ppm=01;35:*.tga=01;35:*.xbm=01;35:*.xpm=01;35:*.tif=01;35:*.tiff=01;35:*.png=01;35:*.svg=01;35:*.svgz=01;35:*.mng=01;35:*.pcx=01;35:*.mov=01;35:*.mpg=01;35:*.mpeg=01;35:*.m2v=01;35:*.mkv=01;35:*.webm=01;35:*.ogm=01;35:*.mp4=01;35:*.m4v=01;35:*.mp4v=01;35:*.vob=01;35:*.qt=01;35:*.nuv=01;35:*.wmv=01;35:*.asf=01;35:*.rm=01;35:*.rmvb=01;35:*.flc=01;35:*.avi=01;35:*.fli=01;35:*.flv=01;35:*.gl=01;35:*.dl=01;35:*.xcf=01;35:*.xwd=01;35:*.yuv=01;35:*.cgm=01;35:*.emf=01;35:*.ogv=01;35:*.ogx=01;35:*.aac=00;36:*.au=00;36:*.flac=00;36:*.m4a=00;36:*.mid=00;36:*.midi=00;36:*.mka=00;36:*.mp3=00;36:*.mpc=00;36:*.ogg=00;36:*.ra=00;36:*.wav=00;36:*.oga=00;36:*.opus=00;36:*.spx=00;36:*.xspf=00;36:'), ('AMENT_PREFIX_PATH', '/root/DockerFiles/drone_ws/install/tello_gazebo:/root/DockerFiles/drone_ws/install/tello_driver:/root/DockerFiles/drone_ws/install/tello_msgs:/root/DockerFiles/drone_ws/install/tello_mission:/root/DockerFiles/drone_ws/install/tello_hand_move:/root/DockerFiles/drone_ws/install/tello_description:/root/DockerFiles/drone_ws/install/tello_controller:/root/DockerFiles/drone_ws/install/tello_camera:/root/DockerFiles/drone_ws/install/ros2_shared:/opt/ros/foxy'), ('PWD', '/root/DockerFiles/drone_ws/build/ros2_shared'), ('LC_ALL', 'C.UTF-8'), ('PYTHONPATH', '/root/DockerFiles/drone_ws/install/tello_msgs/lib/python3.8/site-packages:/root/DockerFiles/drone_ws/install/tello_mission/lib/python3.8/site-packages:/root/DockerFiles/drone_ws/install/tello_hand_move/lib/python3.8/site-packages:/root/DockerFiles/drone_ws/install/tello_controller/lib/python3.8/site-packages:/root/DockerFiles/drone_ws/install/tello_camera/lib/python3.8/site-packages:/opt/ros/foxy/lib/python3.8/site-packages'), ('COLCON', '1'), ('CMAKE_PREFIX_PATH', '/root/DockerFiles/drone_ws/install/tello_gazebo:/root/DockerFiles/drone_ws/install/tello_driver:/root/DockerFiles/drone_ws/install/tello_msgs:/root/DockerFiles/drone_ws/install/tello_description:/root/DockerFiles/drone_ws/install/ros2_shared:/root/DockerFiles/drone_ws/install/tello_mission:/root/DockerFiles/drone_ws/install/tello_hand_move:/root/DockerFiles/drone_ws/install/tello_controller:/root/DockerFiles/drone_ws/install/tello_camera:/opt/ros/foxy')]), 'shell': False}
[0.306783] (-) TimerEvent: {}
[0.416599] (-) TimerEvent: {}
[0.517063] (-) TimerEvent: {}
[0.617620] (-) TimerEvent: {}
[0.718400] (-) TimerEvent: {}
[0.819593] (-) TimerEvent: {}
[0.920612] (-) TimerEvent: {}
[0.995523] (tello_description) JobProgress: {'identifier': 'tello_description', 'progress': 'cmake'}
[0.998283] (tello_description) JobProgress: {'identifier': 'tello_description', 'progress': 'build'}
[0.998475] (tello_description) Command: {'cmd': ['/usr/bin/cmake', '--build', '/root/DockerFiles/drone_ws/build/tello_description', '--', '-j12', '-l12'], 'cwd': '/root/DockerFiles/drone_ws/build/tello_description', 'env': OrderedDict([('HOSTNAME', 'vdani-H410M-H-V2'), ('SHLVL', '1'), ('LD_LIBRARY_PATH', '/root/DockerFiles/drone_ws/install/tello_gazebo/lib:/root/DockerFiles/drone_ws/install/tello_driver/lib:/root/DockerFiles/drone_ws/install/tello_msgs/lib:/usr/lib/x86_64-linux-gnu/gazebo-11/plugins:/opt/ros/foxy/opt/yaml_cpp_vendor/lib:/opt/ros/foxy/opt/rviz_ogre_vendor/lib:/opt/ros/foxy/lib/x86_64-linux-gnu:/opt/ros/foxy/lib'), ('HOME', '/root'), ('OLDPWD', '/root/DockerFiles'), ('ROS_PYTHON_VERSION', '3'), ('COLCON_PREFIX_PATH', '/root/DockerFiles/drone_ws/install'), ('ROS_DISTRO', 'foxy'), ('_', '/usr/bin/colcon'), ('ROS_VERSION', '2'), ('TERM', 'xterm'), ('ROS_LOCALHOST_ONLY', '0'), ('QT_X11_NO_MITSHM', '1'), ('PATH', '/opt/ros/foxy/bin:/usr/local/sbin:/usr/local/bin:/usr/sbin:/usr/bin:/sbin:/bin'), ('XDG_RUNTIME_DIR', '/run/user/1000'), ('DISPLAY', ':0'), ('LANG', 'C.UTF-8'), ('RMW_IMPLEMENTATION', 'rmw_fastrtps_cpp'), ('LS_COLORS', 'rs=0:di=01;34:ln=01;36:mh=00:pi=40;33:so=01;35:do=01;35:bd=40;33;01:cd=40;33;01:or=40;31;01:mi=00:su=37;41:sg=30;43:ca=30;41:tw=30;42:ow=34;42:st=37;44:ex=01;32:*.tar=01;31:*.tgz=01;31:*.arc=01;31:*.arj=01;31:*.taz=01;31:*.lha=01;31:*.lz4=01;31:*.lzh=01;31:*.lzma=01;31:*.tlz=01;31:*.txz=01;31:*.tzo=01;31:*.t7z=01;31:*.zip=01;31:*.z=01;31:*.dz=01;31:*.gz=01;31:*.lrz=01;31:*.lz=01;31:*.lzo=01;31:*.xz=01;31:*.zst=01;31:*.tzst=01;31:*.bz2=01;31:*.bz=01;31:*.tbz=01;31:*.tbz2=01;31:*.tz=01;31:*.deb=01;31:*.rpm=01;31:*.jar=01;31:*.war=01;31:*.ear=01;31:*.sar=01;31:*.rar=01;31:*.alz=01;31:*.ace=01;31:*.zoo=01;31:*.cpio=01;31:*.7z=01;31:*.rz=01;31:*.cab=01;31:*.wim=01;31:*.swm=01;31:*.dwm=01;31:*.esd=01;31:*.jpg=01;35:*.jpeg=01;35:*.mjpg=01;35:*.mjpeg=01;35:*.gif=01;35:*.bmp=01;35:*.pbm=01;35:*.pgm=01;35:*.ppm=01;35:*.tga=01;35:*.xbm=01;35:*.xpm=01;35:*.tif=01;35:*.tiff=01;35:*.png=01;35:*.svg=01;35:*.svgz=01;35:*.mng=01;35:*.pcx=01;35:*.mov=01;35:*.mpg=01;35:*.mpeg=01;35:*.m2v=01;35:*.mkv=01;35:*.webm=01;35:*.ogm=01;35:*.mp4=01;35:*.m4v=01;35:*.mp4v=01;35:*.vob=01;35:*.qt=01;35:*.nuv=01;35:*.wmv=01;35:*.asf=01;35:*.rm=01;35:*.rmvb=01;35:*.flc=01;35:*.avi=01;35:*.fli=01;35:*.flv=01;35:*.gl=01;35:*.dl=01;35:*.xcf=01;35:*.xwd=01;35:*.yuv=01;35:*.cgm=01;35:*.emf=01;35:*.ogv=01;35:*.ogx=01;35:*.aac=00;36:*.au=00;36:*.flac=00;36:*.m4a=00;36:*.mid=00;36:*.midi=00;36:*.mka=00;36:*.mp3=00;36:*.mpc=00;36:*.ogg=00;36:*.ra=00;36:*.wav=00;36:*.oga=00;36:*.opus=00;36:*.spx=00;36:*.xspf=00;36:'), ('AMENT_PREFIX_PATH', '/root/DockerFiles/drone_ws/install/tello_gazebo:/root/DockerFiles/drone_ws/install/tello_driver:/root/DockerFiles/drone_ws/install/tello_msgs:/root/DockerFiles/drone_ws/install/tello_mission:/root/DockerFiles/drone_ws/install/tello_hand_move:/root/DockerFiles/drone_ws/install/tello_description:/root/DockerFiles/drone_ws/install/tello_controller:/root/DockerFiles/drone_ws/install/tello_camera:/root/DockerFiles/drone_ws/install/ros2_shared:/opt/ros/foxy'), ('PWD', '/root/DockerFiles/drone_ws/build/tello_description'), ('LC_ALL', 'C.UTF-8'), ('PYTHONPATH', '/root/DockerFiles/drone_ws/install/tello_msgs/lib/python3.8/site-packages:/root/DockerFiles/drone_ws/install/tello_mission/lib/python3.8/site-packages:/root/DockerFiles/drone_ws/install/tello_hand_move/lib/python3.8/site-packages:/root/DockerFiles/drone_ws/install/tello_controller/lib/python3.8/site-packages:/root/DockerFiles/drone_ws/install/tello_camera/lib/python3.8/site-packages:/opt/ros/foxy/lib/python3.8/site-packages'), ('COLCON', '1'), ('CMAKE_PREFIX_PATH', '/root/DockerFiles/drone_ws/install/tello_gazebo:/root/DockerFiles/drone_ws/install/tello_driver:/root/DockerFiles/drone_ws/install/tello_msgs:/root/DockerFiles/drone_ws/install/tello_description:/root/DockerFiles/drone_ws/install/ros2_shared:/root/DockerFiles/drone_ws/install/tello_mission:/root/DockerFiles/drone_ws/install/tello_hand_move:/root/DockerFiles/drone_ws/install/tello_controller:/root/DockerFiles/drone_ws/install/tello_camera:/opt/ros/foxy')]), 'shell': False}
[1.020797] (-) TimerEvent: {}
[1.124824] (-) TimerEvent: {}
[1.226654] (-) TimerEvent: {}
[1.327980] (-) TimerEvent: {}
[1.429149] (-) TimerEvent: {}
[1.436544] (tello_msgs) StdoutLine: {'line': b'[  2%] Built target tello_msgs__cpp\n'}
[1.437056] (tello_msgs) StdoutLine: {'line': b'[ 12%] Built target tello_msgs__rosidl_generator_c\n'}
[1.437146] (tello_msgs) StdoutLine: {'line': b'[ 23%] Built target tello_msgs__rosidl_typesupport_introspection_cpp\n'}
[1.437211] (tello_msgs) StdoutLine: {'line': b'[ 34%] Built target tello_msgs__rosidl_typesupport_c\n'}
[1.437285] (tello_msgs) StdoutLine: {'line': b'[ 44%] Built target tello_msgs__rosidl_typesupport_introspection_c\n'}
[1.437369] (tello_msgs) StdoutLine: {'line': b'[ 55%] Built target tello_msgs__rosidl_typesupport_fastrtps_cpp\n'}
[1.437456] (tello_msgs) StdoutLine: {'line': b'[ 65%] Built target tello_msgs__rosidl_typesupport_cpp\n'}
[1.437564] (tello_msgs) StdoutLine: {'line': b'[ 76%] Built target tello_msgs__rosidl_typesupport_fastrtps_c\n'}
[1.437656] (tello_msgs) StdoutLine: {'line': b'[ 76%] Built target tello_msgs\n'}
[1.437716] (tello_msgs) StdoutLine: {'line': b'[ 78%] Built target tello_msgs__py\n'}
[1.437780] (tello_msgs) StdoutLine: {'line': b'[ 87%] Built target tello_msgs__python\n'}
[1.437840] (tello_msgs) StdoutLine: {'line': b'[ 91%] Built target tello_msgs__rosidl_typesupport_c__pyext\n'}
[1.437899] (tello_msgs) StdoutLine: {'line': b'[ 95%] Built target tello_msgs__rosidl_typesupport_introspection_c__pyext\n'}
[1.437975] (tello_msgs) StdoutLine: {'line': b'[100%] Built target tello_msgs__rosidl_typesupport_fastrtps_c__pyext\n'}
[1.443021] (tello_description) StdoutLine: {'line': b'[ 11%] Built target generate_urdf_6\n'}
[1.443706] (tello_description) StdoutLine: {'line': b'[ 22%] Built target generate_urdf_2\n'}
[1.444018] (tello_description) StdoutLine: {'line': b'[ 33%] Built target generate_urdf_7\n'}
[1.444446] (tello_description) StdoutLine: {'line': b'[ 44%] Built target generate_urdf_5\n'}
[1.444748] (tello_description) StdoutLine: {'line': b'[ 55%] Built target generate_urdf_4\n'}
[1.444902] (tello_description) StdoutLine: {'line': b'[ 66%] Built target generate_urdf_8\n'}
[1.445409] (tello_msgs) CommandEnded: {'returncode': 0}
[1.457098] (ros2_shared) CommandEnded: {'returncode': 0}
[1.475804] (tello_description) StdoutLine: {'line': b'[ 77%] Built target generate_urdf_3\n'}
[1.529280] (-) TimerEvent: {}
[1.545246] (tello_description) StdoutLine: {'line': b'[ 88%] Built target generate_urdf_1\n'}
[1.598957] (tello_description) StdoutLine: {'line': b'[100%] Built target generate_urdf\n'}
[1.629407] (-) TimerEvent: {}
[1.731579] (-) TimerEvent: {}
[1.831931] (-) TimerEvent: {}
[1.867626] (tello_msgs) JobProgress: {'identifier': 'tello_msgs', 'progress': 'install'}
[1.878705] (tello_msgs) Command: {'cmd': ['/usr/bin/cmake', '--install', '/root/DockerFiles/drone_ws/build/tello_msgs'], 'cwd': '/root/DockerFiles/drone_ws/build/tello_msgs', 'env': OrderedDict([('HOSTNAME', 'vdani-H410M-H-V2'), ('SHLVL', '1'), ('LD_LIBRARY_PATH', '/root/DockerFiles/drone_ws/install/tello_gazebo/lib:/root/DockerFiles/drone_ws/install/tello_driver/lib:/root/DockerFiles/drone_ws/install/tello_msgs/lib:/usr/lib/x86_64-linux-gnu/gazebo-11/plugins:/opt/ros/foxy/opt/yaml_cpp_vendor/lib:/opt/ros/foxy/opt/rviz_ogre_vendor/lib:/opt/ros/foxy/lib/x86_64-linux-gnu:/opt/ros/foxy/lib'), ('HOME', '/root'), ('OLDPWD', '/root/DockerFiles'), ('ROS_PYTHON_VERSION', '3'), ('COLCON_PREFIX_PATH', '/root/DockerFiles/drone_ws/install'), ('ROS_DISTRO', 'foxy'), ('_', '/usr/bin/colcon'), ('ROS_VERSION', '2'), ('TERM', 'xterm'), ('ROS_LOCALHOST_ONLY', '0'), ('QT_X11_NO_MITSHM', '1'), ('PATH', '/opt/ros/foxy/bin:/usr/local/sbin:/usr/local/bin:/usr/sbin:/usr/bin:/sbin:/bin'), ('XDG_RUNTIME_DIR', '/run/user/1000'), ('DISPLAY', ':0'), ('LANG', 'C.UTF-8'), ('RMW_IMPLEMENTATION', 'rmw_fastrtps_cpp'), ('LS_COLORS', 'rs=0:di=01;34:ln=01;36:mh=00:pi=40;33:so=01;35:do=01;35:bd=40;33;01:cd=40;33;01:or=40;31;01:mi=00:su=37;41:sg=30;43:ca=30;41:tw=30;42:ow=34;42:st=37;44:ex=01;32:*.tar=01;31:*.tgz=01;31:*.arc=01;31:*.arj=01;31:*.taz=01;31:*.lha=01;31:*.lz4=01;31:*.lzh=01;31:*.lzma=01;31:*.tlz=01;31:*.txz=01;31:*.tzo=01;31:*.t7z=01;31:*.zip=01;31:*.z=01;31:*.dz=01;31:*.gz=01;31:*.lrz=01;31:*.lz=01;31:*.lzo=01;31:*.xz=01;31:*.zst=01;31:*.tzst=01;31:*.bz2=01;31:*.bz=01;31:*.tbz=01;31:*.tbz2=01;31:*.tz=01;31:*.deb=01;31:*.rpm=01;31:*.jar=01;31:*.war=01;31:*.ear=01;31:*.sar=01;31:*.rar=01;31:*.alz=01;31:*.ace=01;31:*.zoo=01;31:*.cpio=01;31:*.7z=01;31:*.rz=01;31:*.cab=01;31:*.wim=01;31:*.swm=01;31:*.dwm=01;31:*.esd=01;31:*.jpg=01;35:*.jpeg=01;35:*.mjpg=01;35:*.mjpeg=01;35:*.gif=01;35:*.bmp=01;35:*.pbm=01;35:*.pgm=01;35:*.ppm=01;35:*.tga=01;35:*.xbm=01;35:*.xpm=01;35:*.tif=01;35:*.tiff=01;35:*.png=01;35:*.svg=01;35:*.svgz=01;35:*.mng=01;35:*.pcx=01;35:*.mov=01;35:*.mpg=01;35:*.mpeg=01;35:*.m2v=01;35:*.mkv=01;35:*.webm=01;35:*.ogm=01;35:*.mp4=01;35:*.m4v=01;35:*.mp4v=01;35:*.vob=01;35:*.qt=01;35:*.nuv=01;35:*.wmv=01;35:*.asf=01;35:*.rm=01;35:*.rmvb=01;35:*.flc=01;35:*.avi=01;35:*.fli=01;35:*.flv=01;35:*.gl=01;35:*.dl=01;35:*.xcf=01;35:*.xwd=01;35:*.yuv=01;35:*.cgm=01;35:*.emf=01;35:*.ogv=01;35:*.ogx=01;35:*.aac=00;36:*.au=00;36:*.flac=00;36:*.m4a=00;36:*.mid=00;36:*.midi=00;36:*.mka=00;36:*.mp3=00;36:*.mpc=00;36:*.ogg=00;36:*.ra=00;36:*.wav=00;36:*.oga=00;36:*.opus=00;36:*.spx=00;36:*.xspf=00;36:'), ('AMENT_PREFIX_PATH', '/root/DockerFiles/drone_ws/install/tello_gazebo:/root/DockerFiles/drone_ws/install/tello_driver:/root/DockerFiles/drone_ws/install/tello_msgs:/root/DockerFiles/drone_ws/install/tello_mission:/root/DockerFiles/drone_ws/install/tello_hand_move:/root/DockerFiles/drone_ws/install/tello_description:/root/DockerFiles/drone_ws/install/tello_controller:/root/DockerFiles/drone_ws/install/tello_camera:/root/DockerFiles/drone_ws/install/ros2_shared:/opt/ros/foxy'), ('PWD', '/root/DockerFiles/drone_ws/build/tello_msgs'), ('LC_ALL', 'C.UTF-8'), ('PYTHONPATH', '/root/DockerFiles/drone_ws/install/tello_msgs/lib/python3.8/site-packages:/root/DockerFiles/drone_ws/install/tello_mission/lib/python3.8/site-packages:/root/DockerFiles/drone_ws/install/tello_hand_move/lib/python3.8/site-packages:/root/DockerFiles/drone_ws/install/tello_controller/lib/python3.8/site-packages:/root/DockerFiles/drone_ws/install/tello_camera/lib/python3.8/site-packages:/opt/ros/foxy/lib/python3.8/site-packages'), ('COLCON', '1'), ('CMAKE_PREFIX_PATH', '/root/DockerFiles/drone_ws/install/tello_gazebo:/root/DockerFiles/drone_ws/install/tello_driver:/root/DockerFiles/drone_ws/install/tello_msgs:/root/DockerFiles/drone_ws/install/tello_description:/root/DockerFiles/drone_ws/install/ros2_shared:/root/DockerFiles/drone_ws/install/tello_mission:/root/DockerFiles/drone_ws/install/tello_hand_move:/root/DockerFiles/drone_ws/install/tello_controller:/root/DockerFiles/drone_ws/install/tello_camera:/opt/ros/foxy')]), 'shell': False}
[1.885456] (ros2_shared) JobProgress: {'identifier': 'ros2_shared', 'progress': 'install'}
[1.886037] (ros2_shared) Command: {'cmd': ['/usr/bin/cmake', '--install', '/root/DockerFiles/drone_ws/build/ros2_shared'], 'cwd': '/root/DockerFiles/drone_ws/build/ros2_shared', 'env': OrderedDict([('HOSTNAME', 'vdani-H410M-H-V2'), ('SHLVL', '1'), ('LD_LIBRARY_PATH', '/root/DockerFiles/drone_ws/install/tello_gazebo/lib:/root/DockerFiles/drone_ws/install/tello_driver/lib:/root/DockerFiles/drone_ws/install/tello_msgs/lib:/usr/lib/x86_64-linux-gnu/gazebo-11/plugins:/opt/ros/foxy/opt/yaml_cpp_vendor/lib:/opt/ros/foxy/opt/rviz_ogre_vendor/lib:/opt/ros/foxy/lib/x86_64-linux-gnu:/opt/ros/foxy/lib'), ('HOME', '/root'), ('OLDPWD', '/root/DockerFiles'), ('ROS_PYTHON_VERSION', '3'), ('COLCON_PREFIX_PATH', '/root/DockerFiles/drone_ws/install'), ('ROS_DISTRO', 'foxy'), ('_', '/usr/bin/colcon'), ('ROS_VERSION', '2'), ('TERM', 'xterm'), ('ROS_LOCALHOST_ONLY', '0'), ('QT_X11_NO_MITSHM', '1'), ('PATH', '/opt/ros/foxy/bin:/usr/local/sbin:/usr/local/bin:/usr/sbin:/usr/bin:/sbin:/bin'), ('XDG_RUNTIME_DIR', '/run/user/1000'), ('DISPLAY', ':0'), ('LANG', 'C.UTF-8'), ('RMW_IMPLEMENTATION', 'rmw_fastrtps_cpp'), ('LS_COLORS', 'rs=0:di=01;34:ln=01;36:mh=00:pi=40;33:so=01;35:do=01;35:bd=40;33;01:cd=40;33;01:or=40;31;01:mi=00:su=37;41:sg=30;43:ca=30;41:tw=30;42:ow=34;42:st=37;44:ex=01;32:*.tar=01;31:*.tgz=01;31:*.arc=01;31:*.arj=01;31:*.taz=01;31:*.lha=01;31:*.lz4=01;31:*.lzh=01;31:*.lzma=01;31:*.tlz=01;31:*.txz=01;31:*.tzo=01;31:*.t7z=01;31:*.zip=01;31:*.z=01;31:*.dz=01;31:*.gz=01;31:*.lrz=01;31:*.lz=01;31:*.lzo=01;31:*.xz=01;31:*.zst=01;31:*.tzst=01;31:*.bz2=01;31:*.bz=01;31:*.tbz=01;31:*.tbz2=01;31:*.tz=01;31:*.deb=01;31:*.rpm=01;31:*.jar=01;31:*.war=01;31:*.ear=01;31:*.sar=01;31:*.rar=01;31:*.alz=01;31:*.ace=01;31:*.zoo=01;31:*.cpio=01;31:*.7z=01;31:*.rz=01;31:*.cab=01;31:*.wim=01;31:*.swm=01;31:*.dwm=01;31:*.esd=01;31:*.jpg=01;35:*.jpeg=01;35:*.mjpg=01;35:*.mjpeg=01;35:*.gif=01;35:*.bmp=01;35:*.pbm=01;35:*.pgm=01;35:*.ppm=01;35:*.tga=01;35:*.xbm=01;35:*.xpm=01;35:*.tif=01;35:*.tiff=01;35:*.png=01;35:*.svg=01;35:*.svgz=01;35:*.mng=01;35:*.pcx=01;35:*.mov=01;35:*.mpg=01;35:*.mpeg=01;35:*.m2v=01;35:*.mkv=01;35:*.webm=01;35:*.ogm=01;35:*.mp4=01;35:*.m4v=01;35:*.mp4v=01;35:*.vob=01;35:*.qt=01;35:*.nuv=01;35:*.wmv=01;35:*.asf=01;35:*.rm=01;35:*.rmvb=01;35:*.flc=01;35:*.avi=01;35:*.fli=01;35:*.flv=01;35:*.gl=01;35:*.dl=01;35:*.xcf=01;35:*.xwd=01;35:*.yuv=01;35:*.cgm=01;35:*.emf=01;35:*.ogv=01;35:*.ogx=01;35:*.aac=00;36:*.au=00;36:*.flac=00;36:*.m4a=00;36:*.mid=00;36:*.midi=00;36:*.mka=00;36:*.mp3=00;36:*.mpc=00;36:*.ogg=00;36:*.ra=00;36:*.wav=00;36:*.oga=00;36:*.opus=00;36:*.spx=00;36:*.xspf=00;36:'), ('AMENT_PREFIX_PATH', '/root/DockerFiles/drone_ws/install/tello_gazebo:/root/DockerFiles/drone_ws/install/tello_driver:/root/DockerFiles/drone_ws/install/tello_msgs:/root/DockerFiles/drone_ws/install/tello_mission:/root/DockerFiles/drone_ws/install/tello_hand_move:/root/DockerFiles/drone_ws/install/tello_description:/root/DockerFiles/drone_ws/install/tello_controller:/root/DockerFiles/drone_ws/install/tello_camera:/root/DockerFiles/drone_ws/install/ros2_shared:/opt/ros/foxy'), ('PWD', '/root/DockerFiles/drone_ws/build/ros2_shared'), ('LC_ALL', 'C.UTF-8'), ('PYTHONPATH', '/root/DockerFiles/drone_ws/install/tello_msgs/lib/python3.8/site-packages:/root/DockerFiles/drone_ws/install/tello_mission/lib/python3.8/site-packages:/root/DockerFiles/drone_ws/install/tello_hand_move/lib/python3.8/site-packages:/root/DockerFiles/drone_ws/install/tello_controller/lib/python3.8/site-packages:/root/DockerFiles/drone_ws/install/tello_camera/lib/python3.8/site-packages:/opt/ros/foxy/lib/python3.8/site-packages'), ('COLCON', '1'), ('CMAKE_PREFIX_PATH', '/root/DockerFiles/drone_ws/install/tello_gazebo:/root/DockerFiles/drone_ws/install/tello_driver:/root/DockerFiles/drone_ws/install/tello_msgs:/root/DockerFiles/drone_ws/install/tello_description:/root/DockerFiles/drone_ws/install/ros2_shared:/root/DockerFiles/drone_ws/install/tello_mission:/root/DockerFiles/drone_ws/install/tello_hand_move:/root/DockerFiles/drone_ws/install/tello_controller:/root/DockerFiles/drone_ws/install/tello_camera:/opt/ros/foxy')]), 'shell': False}
[1.908251] (tello_description) CommandEnded: {'returncode': 0}
[1.911121] (tello_msgs) StdoutLine: {'line': b'-- Install configuration: ""\n'}
[1.911897] (tello_msgs) StdoutLine: {'line': b'-- Up-to-date: /root/DockerFiles/drone_ws/install/tello_msgs/share/ament_index/resource_index/rosidl_interfaces/tello_msgs\n'}
[1.912098] (tello_msgs) StdoutLine: {'line': b'-- Up-to-date: /root/DockerFiles/drone_ws/install/tello_msgs/include/tello_msgs\n'}
[1.912197] (tello_msgs) StdoutLine: {'line': b'-- Up-to-date: /root/DockerFiles/drone_ws/install/tello_msgs/include/tello_msgs/msg\n'}
[1.912282] (tello_msgs) StdoutLine: {'line': b'-- Up-to-date: /root/DockerFiles/drone_ws/install/tello_msgs/include/tello_msgs/msg/detail\n'}
[1.912370] (tello_msgs) StdoutLine: {'line': b'-- Up-to-date: /root/DockerFiles/drone_ws/install/tello_msgs/include/tello_msgs/msg/detail/flight_data__struct.h\n'}
[1.912457] (tello_msgs) StdoutLine: {'line': b'-- Up-to-date: /root/DockerFiles/drone_ws/install/tello_msgs/include/tello_msgs/msg/detail/tello_response__struct.h\n'}
[1.912553] (tello_msgs) StdoutLine: {'line': b'-- Up-to-date: /root/DockerFiles/drone_ws/install/tello_msgs/include/tello_msgs/msg/detail/flight_data__functions.h\n'}
[1.913784] (tello_msgs) StdoutLine: {'line': b'-- Up-to-date: /root/DockerFiles/drone_ws/install/tello_msgs/include/tello_msgs/msg/detail/flight_data__functions.c\n'}
[1.915826] (tello_msgs) StdoutLine: {'line': b'-- Up-to-date: /root/DockerFiles/drone_ws/install/tello_msgs/include/tello_msgs/msg/detail/tello_response__functions.c\n'}
[1.915964] (tello_msgs) StdoutLine: {'line': b'-- Up-to-date: /root/DockerFiles/drone_ws/install/tello_msgs/include/tello_msgs/msg/detail/flight_data__type_support.h\n'}
[1.916054] (tello_msgs) StdoutLine: {'line': b'-- Up-to-date: /root/DockerFiles/drone_ws/install/tello_msgs/include/tello_msgs/msg/detail/tello_response__functions.h\n'}
[1.916134] (tello_msgs) StdoutLine: {'line': b'-- Up-to-date: /root/DockerFiles/drone_ws/install/tello_msgs/include/tello_msgs/msg/detail/tello_response__type_support.h\n'}
[1.916218] (tello_msgs) StdoutLine: {'line': b'-- Up-to-date: /root/DockerFiles/drone_ws/install/tello_msgs/include/tello_msgs/msg/rosidl_generator_c__visibility_control.h\n'}
[1.916299] (tello_msgs) StdoutLine: {'line': b'-- Up-to-date: /root/DockerFiles/drone_ws/install/tello_msgs/include/tello_msgs/msg/tello_response.h\n'}
[1.916380] (tello_msgs) StdoutLine: {'line': b'-- Up-to-date: /root/DockerFiles/drone_ws/install/tello_msgs/include/tello_msgs/msg/flight_data.h\n'}
[1.916479] (tello_msgs) StdoutLine: {'line': b'-- Up-to-date: /root/DockerFiles/drone_ws/install/tello_msgs/include/tello_msgs/srv\n'}
[1.919435] (tello_msgs) StdoutLine: {'line': b'-- Up-to-date: /root/DockerFiles/drone_ws/install/tello_msgs/include/tello_msgs/srv/detail\n'}
[1.919744] (tello_msgs) StdoutLine: {'line': b'-- Up-to-date: /root/DockerFiles/drone_ws/install/tello_msgs/include/tello_msgs/srv/detail/tello_action__struct.h\n'}
[1.919903] (tello_msgs) StdoutLine: {'line': b'-- Up-to-date: /root/DockerFiles/drone_ws/install/tello_msgs/include/tello_msgs/srv/detail/tello_action__functions.h\n'}
[1.919994] (tello_msgs) StdoutLine: {'line': b'-- Up-to-date: /root/DockerFiles/drone_ws/install/tello_msgs/include/tello_msgs/srv/detail/tello_action__type_support.h\n'}
[1.920083] (tello_msgs) StdoutLine: {'line': b'-- Up-to-date: /root/DockerFiles/drone_ws/install/tello_msgs/include/tello_msgs/srv/detail/tello_action__functions.c\n'}
[1.920170] (tello_msgs) StdoutLine: {'line': b'-- Up-to-date: /root/DockerFiles/drone_ws/install/tello_msgs/include/tello_msgs/srv/tello_action.h\n'}
[1.920275] (tello_msgs) StdoutLine: {'line': b'-- Up-to-date: /root/DockerFiles/drone_ws/install/tello_msgs/share/tello_msgs/environment/library_path.sh\n'}
[1.920361] (tello_msgs) StdoutLine: {'line': b'-- Up-to-date: /root/DockerFiles/drone_ws/install/tello_msgs/share/tello_msgs/environment/library_path.dsv\n'}
[1.920483] (tello_msgs) StdoutLine: {'line': b'-- Up-to-date: /root/DockerFiles/drone_ws/install/tello_msgs/lib/libtello_msgs__rosidl_generator_c.so\n'}
[1.922192] (tello_msgs) StdoutLine: {'line': b'-- Up-to-date: /root/DockerFiles/drone_ws/install/tello_msgs/include/tello_msgs\n'}
[1.922333] (tello_msgs) StdoutLine: {'line': b'-- Up-to-date: /root/DockerFiles/drone_ws/install/tello_msgs/include/tello_msgs/msg\n'}
[1.922419] (tello_msgs) StdoutLine: {'line': b'-- Up-to-date: /root/DockerFiles/drone_ws/install/tello_msgs/include/tello_msgs/msg/detail\n'}
[1.922521] (tello_msgs) StdoutLine: {'line': b'-- Up-to-date: /root/DockerFiles/drone_ws/install/tello_msgs/include/tello_msgs/msg/detail/tello_response__rosidl_typesupport_fastrtps_c.h\n'}
[1.922624] (tello_msgs) StdoutLine: {'line': b'-- Up-to-date: /root/DockerFiles/drone_ws/install/tello_msgs/include/tello_msgs/msg/detail/flight_data__rosidl_typesupport_fastrtps_c.h\n'}
[1.922713] (tello_msgs) StdoutLine: {'line': b'-- Up-to-date: /root/DockerFiles/drone_ws/install/tello_msgs/include/tello_msgs/msg/rosidl_typesupport_fastrtps_c__visibility_control.h\n'}
[1.922821] (tello_msgs) StdoutLine: {'line': b'-- Up-to-date: /root/DockerFiles/drone_ws/install/tello_msgs/include/tello_msgs/srv\n'}
[1.922910] (tello_msgs) StdoutLine: {'line': b'-- Up-to-date: /root/DockerFiles/drone_ws/install/tello_msgs/include/tello_msgs/srv/detail\n'}
[1.923008] (tello_msgs) StdoutLine: {'line': b'-- Up-to-date: /root/DockerFiles/drone_ws/install/tello_msgs/include/tello_msgs/srv/detail/tello_action__rosidl_typesupport_fastrtps_c.h\n'}
[1.923110] (tello_msgs) StdoutLine: {'line': b'-- Up-to-date: /root/DockerFiles/drone_ws/install/tello_msgs/lib/libtello_msgs__rosidl_typesupport_fastrtps_c.so\n'}
[1.923208] (tello_msgs) StdoutLine: {'line': b'-- Up-to-date: /root/DockerFiles/drone_ws/install/tello_msgs/include/tello_msgs\n'}
[1.923308] (tello_msgs) StdoutLine: {'line': b'-- Up-to-date: /root/DockerFiles/drone_ws/install/tello_msgs/include/tello_msgs/msg\n'}
[1.923406] (tello_msgs) StdoutLine: {'line': b'-- Up-to-date: /root/DockerFiles/drone_ws/install/tello_msgs/include/tello_msgs/msg/detail\n'}
[1.923498] (tello_msgs) StdoutLine: {'line': b'-- Up-to-date: /root/DockerFiles/drone_ws/install/tello_msgs/include/tello_msgs/msg/detail/flight_data__rosidl_typesupport_fastrtps_cpp.hpp\n'}
[1.923609] (tello_msgs) StdoutLine: {'line': b'-- Up-to-date: /root/DockerFiles/drone_ws/install/tello_msgs/include/tello_msgs/msg/detail/dds_fastrtps\n'}
[1.923705] (tello_msgs) StdoutLine: {'line': b'-- Up-to-date: /root/DockerFiles/drone_ws/install/tello_msgs/include/tello_msgs/msg/detail/tello_response__rosidl_typesupport_fastrtps_cpp.hpp\n'}
[1.923805] (tello_msgs) StdoutLine: {'line': b'-- Up-to-date: /root/DockerFiles/drone_ws/install/tello_msgs/include/tello_msgs/msg/rosidl_typesupport_fastrtps_cpp__visibility_control.h\n'}
[1.923895] (tello_msgs) StdoutLine: {'line': b'-- Up-to-date: /root/DockerFiles/drone_ws/install/tello_msgs/include/tello_msgs/srv\n'}
[1.923987] (tello_msgs) StdoutLine: {'line': b'-- Up-to-date: /root/DockerFiles/drone_ws/install/tello_msgs/include/tello_msgs/srv/detail\n'}
[1.924083] (tello_msgs) StdoutLine: {'line': b'-- Up-to-date: /root/DockerFiles/drone_ws/install/tello_msgs/include/tello_msgs/srv/detail/dds_fastrtps\n'}
[1.924177] (tello_msgs) StdoutLine: {'line': b'-- Up-to-date: /root/DockerFiles/drone_ws/install/tello_msgs/include/tello_msgs/srv/detail/tello_action__rosidl_typesupport_fastrtps_cpp.hpp\n'}
[1.924274] (tello_msgs) StdoutLine: {'line': b'-- Up-to-date: /root/DockerFiles/drone_ws/install/tello_msgs/lib/libtello_msgs__rosidl_typesupport_fastrtps_cpp.so\n'}
[1.924370] (tello_msgs) StdoutLine: {'line': b'-- Up-to-date: /root/DockerFiles/drone_ws/install/tello_msgs/include/tello_msgs\n'}
[1.924471] (tello_msgs) StdoutLine: {'line': b'-- Up-to-date: /root/DockerFiles/drone_ws/install/tello_msgs/include/tello_msgs/msg\n'}
[1.924587] (tello_msgs) StdoutLine: {'line': b'-- Up-to-date: /root/DockerFiles/drone_ws/install/tello_msgs/include/tello_msgs/msg/detail\n'}
[1.924694] (tello_msgs) StdoutLine: {'line': b'-- Up-to-date: /root/DockerFiles/drone_ws/install/tello_msgs/include/tello_msgs/msg/detail/flight_data__rosidl_typesupport_introspection_c.h\n'}
[1.924796] (tello_msgs) StdoutLine: {'line': b'-- Up-to-date: /root/DockerFiles/drone_ws/install/tello_msgs/include/tello_msgs/msg/detail/tello_response__type_support.c\n'}
[1.924916] (tello_msgs) StdoutLine: {'line': b'-- Up-to-date: /root/DockerFiles/drone_ws/install/tello_msgs/include/tello_msgs/msg/detail/tello_response__rosidl_typesupport_introspection_c.h\n'}
[1.925025] (tello_msgs) StdoutLine: {'line': b'-- Up-to-date: /root/DockerFiles/drone_ws/install/tello_msgs/include/tello_msgs/msg/detail/flight_data__type_support.c\n'}
[1.925130] (tello_msgs) StdoutLine: {'line': b'-- Up-to-date: /root/DockerFiles/drone_ws/install/tello_msgs/include/tello_msgs/msg/rosidl_typesupport_introspection_c__visibility_control.h\n'}
[1.925235] (tello_msgs) StdoutLine: {'line': b'-- Up-to-date: /root/DockerFiles/drone_ws/install/tello_msgs/include/tello_msgs/srv\n'}
[1.925336] (tello_msgs) StdoutLine: {'line': b'-- Up-to-date: /root/DockerFiles/drone_ws/install/tello_msgs/include/tello_msgs/srv/detail\n'}
[1.925439] (tello_msgs) StdoutLine: {'line': b'-- Up-to-date: /root/DockerFiles/drone_ws/install/tello_msgs/include/tello_msgs/srv/detail/tello_action__type_support.c\n'}
[1.930044] (tello_msgs) StdoutLine: {'line': b'-- Up-to-date: /root/DockerFiles/drone_ws/install/tello_msgs/include/tello_msgs/srv/detail/tello_action__rosidl_typesupport_introspection_c.h\n'}
[1.930550] (tello_msgs) StdoutLine: {'line': b'-- Up-to-date: /root/DockerFiles/drone_ws/install/tello_msgs/lib/libtello_msgs__rosidl_typesupport_introspection_c.so\n'}
[1.930931] (ros2_shared) StdoutLine: {'line': b'-- Install configuration: ""\n'}
[1.931151] (ros2_shared) StdoutLine: {'line': b'-- Up-to-date: /root/DockerFiles/drone_ws/install/ros2_shared/include\n'}
[1.931266] (ros2_shared) StdoutLine: {'line': b'-- Up-to-date: /root/DockerFiles/drone_ws/install/ros2_shared/include/ros2_shared\n'}
[1.931369] (ros2_shared) StdoutLine: {'line': b'-- Up-to-date: /root/DockerFiles/drone_ws/install/ros2_shared/include/ros2_shared/context_macros.hpp\n'}
[1.931482] (ros2_shared) StdoutLine: {'line': b'-- Up-to-date: /root/DockerFiles/drone_ws/install/ros2_shared/include/ros2_shared/string_printf.hpp\n'}
[1.931623] (ros2_shared) StdoutLine: {'line': b'-- Up-to-date: /root/DockerFiles/drone_ws/install/ros2_shared/include/ros2_shared/param_macros.hpp\n'}
[1.932151] (-) TimerEvent: {}
[1.935625] (ros2_shared) StdoutLine: {'line': b'-- Up-to-date: /root/DockerFiles/drone_ws/install/ros2_shared/share/ament_index/resource_index/package_run_dependencies/ros2_shared\n'}
[1.935967] (ros2_shared) StdoutLine: {'line': b'-- Up-to-date: /root/DockerFiles/drone_ws/install/ros2_shared/share/ament_index/resource_index/parent_prefix_path/ros2_shared\n'}
[1.936107] (ros2_shared) StdoutLine: {'line': b'-- Up-to-date: /root/DockerFiles/drone_ws/install/ros2_shared/share/ros2_shared/environment/ament_prefix_path.sh\n'}
[1.936210] (ros2_shared) StdoutLine: {'line': b'-- Up-to-date: /root/DockerFiles/drone_ws/install/ros2_shared/share/ros2_shared/environment/ament_prefix_path.dsv\n'}
[1.936299] (ros2_shared) StdoutLine: {'line': b'-- Up-to-date: /root/DockerFiles/drone_ws/install/ros2_shared/share/ros2_shared/environment/path.sh\n'}
[1.936388] (ros2_shared) StdoutLine: {'line': b'-- Up-to-date: /root/DockerFiles/drone_ws/install/ros2_shared/share/ros2_shared/environment/path.dsv\n'}
[1.936484] (ros2_shared) StdoutLine: {'line': b'-- Up-to-date: /root/DockerFiles/drone_ws/install/ros2_shared/share/ros2_shared/local_setup.bash\n'}
[1.936599] (ros2_shared) StdoutLine: {'line': b'-- Up-to-date: /root/DockerFiles/drone_ws/install/ros2_shared/share/ros2_shared/local_setup.sh\n'}
[1.936701] (ros2_shared) StdoutLine: {'line': b'-- Up-to-date: /root/DockerFiles/drone_ws/install/ros2_shared/share/ros2_shared/local_setup.zsh\n'}
[1.936790] (ros2_shared) StdoutLine: {'line': b'-- Up-to-date: /root/DockerFiles/drone_ws/install/ros2_shared/share/ros2_shared/local_setup.dsv\n'}
[1.936890] (tello_msgs) StdoutLine: {'line': b'-- Up-to-date: /root/DockerFiles/drone_ws/install/tello_msgs/lib/libtello_msgs__rosidl_typesupport_c.so\n'}
[1.937008] (tello_msgs) StdoutLine: {'line': b'-- Up-to-date: /root/DockerFiles/drone_ws/install/tello_msgs/include/tello_msgs\n'}
[1.937117] (tello_msgs) StdoutLine: {'line': b'-- Up-to-date: /root/DockerFiles/drone_ws/install/tello_msgs/include/tello_msgs/msg\n'}
[1.937213] (tello_msgs) StdoutLine: {'line': b'-- Up-to-date: /root/DockerFiles/drone_ws/install/tello_msgs/include/tello_msgs/msg/detail\n'}
[1.937304] (tello_msgs) StdoutLine: {'line': b'-- Up-to-date: /root/DockerFiles/drone_ws/install/tello_msgs/include/tello_msgs/msg/detail/tello_response__type_support.hpp\n'}
[1.937404] (ros2_shared) StdoutLine: {'line': b'-- Installing: /root/DockerFiles/drone_ws/install/ros2_shared/share/ros2_shared/package.dsv\n'}
[1.937521] (ros2_shared) StdoutLine: {'line': b'-- Up-to-date: /root/DockerFiles/drone_ws/install/ros2_shared/share/ament_index/resource_index/packages/ros2_shared\n'}
[1.937627] (ros2_shared) StdoutLine: {'line': b'-- Up-to-date: /root/DockerFiles/drone_ws/install/ros2_shared/share/ros2_shared/cmake/ros2_shared_targetsExport.cmake\n'}
[1.937725] (ros2_shared) StdoutLine: {'line': b'-- Up-to-date: /root/DockerFiles/drone_ws/install/ros2_shared/share/ros2_shared/cmake/ament_cmake_export_targets-extras.cmake\n'}
[1.937822] (ros2_shared) StdoutLine: {'line': b'-- Up-to-date: /root/DockerFiles/drone_ws/install/ros2_shared/share/ros2_shared/cmake/ament_cmake_export_dependencies-extras.cmake\n'}
[1.937916] (ros2_shared) StdoutLine: {'line': b'-- Up-to-date: /root/DockerFiles/drone_ws/install/ros2_shared/share/ros2_shared/cmake/ros2_sharedConfig.cmake\n'}
[1.938012] (ros2_shared) StdoutLine: {'line': b'-- Up-to-date: /root/DockerFiles/drone_ws/install/ros2_shared/share/ros2_shared/cmake/ros2_sharedConfig-version.cmake\n'}
[1.938113] (ros2_shared) StdoutLine: {'line': b'-- Up-to-date: /root/DockerFiles/drone_ws/install/ros2_shared/share/ros2_shared/package.xml\n'}
[1.938221] (tello_msgs) StdoutLine: {'line': b'-- Up-to-date: /root/DockerFiles/drone_ws/install/tello_msgs/include/tello_msgs/msg/detail/flight_data__struct.hpp\n'}
[1.938324] (tello_msgs) StdoutLine: {'line': b'-- Up-to-date: /root/DockerFiles/drone_ws/install/tello_msgs/include/tello_msgs/msg/detail/tello_response__struct.hpp\n'}
[1.938422] (tello_msgs) StdoutLine: {'line': b'-- Up-to-date: /root/DockerFiles/drone_ws/install/tello_msgs/include/tello_msgs/msg/detail/tello_response__traits.hpp\n'}
[1.953621] (tello_msgs) StdoutLine: {'line': b'-- Up-to-date: /root/DockerFiles/drone_ws/install/tello_msgs/include/tello_msgs/msg/detail/tello_response__builder.hpp\n'}
[1.953804] (tello_msgs) StdoutLine: {'line': b'-- Up-to-date: /root/DockerFiles/drone_ws/install/tello_msgs/include/tello_msgs/msg/detail/flight_data__type_support.hpp\n'}
[1.953916] (tello_msgs) StdoutLine: {'line': b'-- Up-to-date: /root/DockerFiles/drone_ws/install/tello_msgs/include/tello_msgs/msg/detail/flight_data__traits.hpp\n'}
[1.954026] (tello_msgs) StdoutLine: {'line': b'-- Up-to-date: /root/DockerFiles/drone_ws/install/tello_msgs/include/tello_msgs/msg/detail/flight_data__builder.hpp\n'}
[1.954135] (tello_msgs) StdoutLine: {'line': b'-- Up-to-date: /root/DockerFiles/drone_ws/install/tello_msgs/include/tello_msgs/msg/rosidl_generator_cpp__visibility_control.hpp\n'}
[1.954240] (tello_msgs) StdoutLine: {'line': b'-- Up-to-date: /root/DockerFiles/drone_ws/install/tello_msgs/include/tello_msgs/msg/tello_response.hpp\n'}
[1.954347] (tello_msgs) StdoutLine: {'line': b'-- Up-to-date: /root/DockerFiles/drone_ws/install/tello_msgs/include/tello_msgs/msg/flight_data.hpp\n'}
[1.954452] (tello_msgs) StdoutLine: {'line': b'-- Up-to-date: /root/DockerFiles/drone_ws/install/tello_msgs/include/tello_msgs/srv\n'}
[1.954572] (tello_msgs) StdoutLine: {'line': b'-- Up-to-date: /root/DockerFiles/drone_ws/install/tello_msgs/include/tello_msgs/srv/detail\n'}
[1.954724] (tello_msgs) StdoutLine: {'line': b'-- Up-to-date: /root/DockerFiles/drone_ws/install/tello_msgs/include/tello_msgs/srv/detail/tello_action__struct.hpp\n'}
[1.954837] (tello_msgs) StdoutLine: {'line': b'-- Up-to-date: /root/DockerFiles/drone_ws/install/tello_msgs/include/tello_msgs/srv/detail/tello_action__builder.hpp\n'}
[1.954947] (tello_msgs) StdoutLine: {'line': b'-- Up-to-date: /root/DockerFiles/drone_ws/install/tello_msgs/include/tello_msgs/srv/detail/tello_action__traits.hpp\n'}
[1.955053] (tello_msgs) StdoutLine: {'line': b'-- Up-to-date: /root/DockerFiles/drone_ws/install/tello_msgs/include/tello_msgs/srv/detail/tello_action__type_support.hpp\n'}
[1.955161] (tello_msgs) StdoutLine: {'line': b'-- Up-to-date: /root/DockerFiles/drone_ws/install/tello_msgs/include/tello_msgs/srv/tello_action.hpp\n'}
[1.955261] (tello_msgs) StdoutLine: {'line': b'-- Up-to-date: /root/DockerFiles/drone_ws/install/tello_msgs/include/tello_msgs\n'}
[1.955371] (tello_msgs) StdoutLine: {'line': b'-- Up-to-date: /root/DockerFiles/drone_ws/install/tello_msgs/include/tello_msgs/msg\n'}
[1.955478] (tello_msgs) StdoutLine: {'line': b'-- Up-to-date: /root/DockerFiles/drone_ws/install/tello_msgs/include/tello_msgs/msg/detail\n'}
[1.955590] (tello_msgs) StdoutLine: {'line': b'-- Up-to-date: /root/DockerFiles/drone_ws/install/tello_msgs/include/tello_msgs/msg/detail/flight_data__type_support.cpp\n'}
[1.955692] (tello_msgs) StdoutLine: {'line': b'-- Up-to-date: /root/DockerFiles/drone_ws/install/tello_msgs/include/tello_msgs/msg/detail/tello_response__rosidl_typesupport_introspection_cpp.hpp\n'}
[1.955801] (tello_msgs) StdoutLine: {'line': b'-- Up-to-date: /root/DockerFiles/drone_ws/install/tello_msgs/include/tello_msgs/msg/detail/flight_data__rosidl_typesupport_introspection_cpp.hpp\n'}
[1.955895] (tello_msgs) StdoutLine: {'line': b'-- Up-to-date: /root/DockerFiles/drone_ws/install/tello_msgs/include/tello_msgs/msg/detail/tello_response__type_support.cpp\n'}
[1.955996] (tello_msgs) StdoutLine: {'line': b'-- Up-to-date: /root/DockerFiles/drone_ws/install/tello_msgs/include/tello_msgs/srv\n'}
[1.956091] (tello_msgs) StdoutLine: {'line': b'-- Up-to-date: /root/DockerFiles/drone_ws/install/tello_msgs/include/tello_msgs/srv/detail\n'}
[1.956185] (tello_msgs) StdoutLine: {'line': b'-- Up-to-date: /root/DockerFiles/drone_ws/install/tello_msgs/include/tello_msgs/srv/detail/tello_action__rosidl_typesupport_introspection_cpp.hpp\n'}
[1.956283] (tello_msgs) StdoutLine: {'line': b'-- Up-to-date: /root/DockerFiles/drone_ws/install/tello_msgs/include/tello_msgs/srv/detail/tello_action__type_support.cpp\n'}
[1.956375] (tello_msgs) StdoutLine: {'line': b'-- Up-to-date: /root/DockerFiles/drone_ws/install/tello_msgs/lib/libtello_msgs__rosidl_typesupport_introspection_cpp.so\n'}
[1.956483] (tello_msgs) StdoutLine: {'line': b'-- Up-to-date: /root/DockerFiles/drone_ws/install/tello_msgs/lib/libtello_msgs__rosidl_typesupport_cpp.so\n'}
[1.966749] (tello_msgs) StdoutLine: {'line': b'-- Up-to-date: /root/DockerFiles/drone_ws/install/tello_msgs/share/tello_msgs/environment/pythonpath.sh\n'}
[1.966898] (tello_msgs) StdoutLine: {'line': b'-- Up-to-date: /root/DockerFiles/drone_ws/install/tello_msgs/share/tello_msgs/environment/pythonpath.dsv\n'}
[1.967000] (tello_msgs) StdoutLine: {'line': b'-- Up-to-date: /root/DockerFiles/drone_ws/install/tello_msgs/lib/python3.8/site-packages/tello_msgs/__init__.py\n'}
[1.967103] (ros2_shared) CommandEnded: {'returncode': 0}
[1.994706] (tello_msgs) StdoutLine: {'line': b'-- Up-to-date: /root/DockerFiles/drone_ws/install/tello_msgs/lib/python3.8/site-packages/tello_msgs/msg\n'}
[1.994895] (tello_msgs) StdoutLine: {'line': b'-- Up-to-date: /root/DockerFiles/drone_ws/install/tello_msgs/lib/python3.8/site-packages/tello_msgs/msg/_tello_response.py\n'}
[1.995010] (tello_msgs) StdoutLine: {'line': b'-- Up-to-date: /root/DockerFiles/drone_ws/install/tello_msgs/lib/python3.8/site-packages/tello_msgs/msg/__init__.py\n'}
[1.998825] (tello_msgs) StdoutLine: {'line': b'-- Up-to-date: /root/DockerFiles/drone_ws/install/tello_msgs/lib/python3.8/site-packages/tello_msgs/msg/_tello_response_s.c\n'}
[1.999232] (tello_msgs) StdoutLine: {'line': b'-- Up-to-date: /root/DockerFiles/drone_ws/install/tello_msgs/lib/python3.8/site-packages/tello_msgs/msg/_flight_data_s.c\n'}
[2.001370] (tello_msgs) StdoutLine: {'line': b'-- Up-to-date: /root/DockerFiles/drone_ws/install/tello_msgs/lib/python3.8/site-packages/tello_msgs/msg/_flight_data.py\n'}
[2.001563] (tello_msgs) StdoutLine: {'line': b'-- Up-to-date: /root/DockerFiles/drone_ws/install/tello_msgs/lib/python3.8/site-packages/tello_msgs/srv\n'}
[2.001679] (tello_msgs) StdoutLine: {'line': b'-- Up-to-date: /root/DockerFiles/drone_ws/install/tello_msgs/lib/python3.8/site-packages/tello_msgs/srv/__init__.py\n'}
[2.001769] (tello_msgs) StdoutLine: {'line': b'-- Up-to-date: /root/DockerFiles/drone_ws/install/tello_msgs/lib/python3.8/site-packages/tello_msgs/srv/_tello_action.py\n'}
[2.001878] (tello_msgs) StdoutLine: {'line': b'-- Up-to-date: /root/DockerFiles/drone_ws/install/tello_msgs/lib/python3.8/site-packages/tello_msgs/srv/_tello_action_s.c\n'}
[2.001963] (tello_msgs) StdoutLine: {'line': b'-- Up-to-date: /root/DockerFiles/drone_ws/install/tello_msgs/lib/python3.8/site-packages/tello_msgs/tello_msgs_s__rosidl_typesupport_fastrtps_c.cpython-38-x86_64-linux-gnu.so\n'}
[2.002050] (tello_msgs) StdoutLine: {'line': b'-- Up-to-date: /root/DockerFiles/drone_ws/install/tello_msgs/lib/python3.8/site-packages/tello_msgs/tello_msgs_s__rosidl_typesupport_introspection_c.cpython-38-x86_64-linux-gnu.so\n'}
[2.002135] (tello_msgs) StdoutLine: {'line': b'-- Up-to-date: /root/DockerFiles/drone_ws/install/tello_msgs/lib/python3.8/site-packages/tello_msgs/tello_msgs_s__rosidl_typesupport_c.cpython-38-x86_64-linux-gnu.so\n'}
[2.002221] (tello_msgs) StdoutLine: {'line': b'-- Up-to-date: /root/DockerFiles/drone_ws/install/tello_msgs/lib/libtello_msgs__python.so\n'}
[2.002304] (tello_msgs) StdoutLine: {'line': b'-- Up-to-date: /root/DockerFiles/drone_ws/install/tello_msgs/share/tello_msgs/msg/FlightData.idl\n'}
[2.002419] (tello_msgs) StdoutLine: {'line': b'-- Up-to-date: /root/DockerFiles/drone_ws/install/tello_msgs/share/tello_msgs/msg/TelloResponse.idl\n'}
[2.002506] (tello_msgs) StdoutLine: {'line': b'-- Up-to-date: /root/DockerFiles/drone_ws/install/tello_msgs/share/tello_msgs/srv/TelloAction.idl\n'}
[2.002607] (tello_msgs) StdoutLine: {'line': b'-- Up-to-date: /root/DockerFiles/drone_ws/install/tello_msgs/share/tello_msgs/msg/FlightData.msg\n'}
[2.002691] (tello_msgs) StdoutLine: {'line': b'-- Up-to-date: /root/DockerFiles/drone_ws/install/tello_msgs/share/tello_msgs/msg/TelloResponse.msg\n'}
[2.002774] (tello_msgs) StdoutLine: {'line': b'-- Up-to-date: /root/DockerFiles/drone_ws/install/tello_msgs/share/tello_msgs/srv/TelloAction.srv\n'}
[2.002867] (tello_msgs) StdoutLine: {'line': b'-- Up-to-date: /root/DockerFiles/drone_ws/install/tello_msgs/share/tello_msgs/srv/TelloAction_Request.msg\n'}
[2.002958] (tello_msgs) StdoutLine: {'line': b'-- Up-to-date: /root/DockerFiles/drone_ws/install/tello_msgs/share/tello_msgs/srv/TelloAction_Response.msg\n'}
[2.003043] (tello_msgs) StdoutLine: {'line': b'-- Up-to-date: /root/DockerFiles/drone_ws/install/tello_msgs/share/ament_index/resource_index/package_run_dependencies/tello_msgs\n'}
[2.003713] (tello_msgs) StdoutLine: {'line': b'-- Up-to-date: /root/DockerFiles/drone_ws/install/tello_msgs/share/ament_index/resource_index/parent_prefix_path/tello_msgs\n'}
[2.005837] (tello_msgs) StdoutLine: {'line': b'-- Up-to-date: /root/DockerFiles/drone_ws/install/tello_msgs/share/tello_msgs/environment/ament_prefix_path.sh\n'}
[2.006199] (tello_msgs) StdoutLine: {'line': b'-- Up-to-date: /root/DockerFiles/drone_ws/install/tello_msgs/share/tello_msgs/environment/ament_prefix_path.dsv\n'}
[2.006324] (tello_msgs) StdoutLine: {'line': b'-- Up-to-date: /root/DockerFiles/drone_ws/install/tello_msgs/share/tello_msgs/environment/path.sh\n'}
[2.006430] (tello_msgs) StdoutLine: {'line': b'-- Up-to-date: /root/DockerFiles/drone_ws/install/tello_msgs/share/tello_msgs/environment/path.dsv\n'}
[2.006535] (tello_msgs) StdoutLine: {'line': b'-- Up-to-date: /root/DockerFiles/drone_ws/install/tello_msgs/share/tello_msgs/local_setup.bash\n'}
[2.006639] (tello_msgs) StdoutLine: {'line': b'-- Up-to-date: /root/DockerFiles/drone_ws/install/tello_msgs/share/tello_msgs/local_setup.sh\n'}
[2.006723] (tello_msgs) StdoutLine: {'line': b'-- Up-to-date: /root/DockerFiles/drone_ws/install/tello_msgs/share/tello_msgs/local_setup.zsh\n'}
[2.006818] (tello_msgs) StdoutLine: {'line': b'-- Up-to-date: /root/DockerFiles/drone_ws/install/tello_msgs/share/tello_msgs/local_setup.dsv\n'}
[2.006908] (tello_msgs) StdoutLine: {'line': b'-- Installing: /root/DockerFiles/drone_ws/install/tello_msgs/share/tello_msgs/package.dsv\n'}
[2.007000] (tello_msgs) StdoutLine: {'line': b'-- Up-to-date: /root/DockerFiles/drone_ws/install/tello_msgs/share/ament_index/resource_index/packages/tello_msgs\n'}
[2.007090] (tello_msgs) StdoutLine: {'line': b'-- Up-to-date: /root/DockerFiles/drone_ws/install/tello_msgs/share/tello_msgs/cmake/tello_msgs__rosidl_generator_cExport.cmake\n'}
[2.007180] (tello_msgs) StdoutLine: {'line': b'-- Up-to-date: /root/DockerFiles/drone_ws/install/tello_msgs/share/tello_msgs/cmake/tello_msgs__rosidl_generator_cExport-noconfig.cmake\n'}
[2.007277] (tello_msgs) StdoutLine: {'line': b'-- Up-to-date: /root/DockerFiles/drone_ws/install/tello_msgs/share/tello_msgs/cmake/tello_msgs__rosidl_typesupport_introspection_cExport.cmake\n'}
[2.007371] (tello_msgs) StdoutLine: {'line': b'-- Up-to-date: /root/DockerFiles/drone_ws/install/tello_msgs/share/tello_msgs/cmake/tello_msgs__rosidl_typesupport_introspection_cExport-noconfig.cmake\n'}
[2.007454] (tello_msgs) StdoutLine: {'line': b'-- Up-to-date: /root/DockerFiles/drone_ws/install/tello_msgs/share/tello_msgs/cmake/tello_msgs__rosidl_typesupport_cExport.cmake\n'}
[2.007564] (tello_msgs) StdoutLine: {'line': b'-- Up-to-date: /root/DockerFiles/drone_ws/install/tello_msgs/share/tello_msgs/cmake/tello_msgs__rosidl_typesupport_cExport-noconfig.cmake\n'}
[2.007653] (tello_msgs) StdoutLine: {'line': b'-- Up-to-date: /root/DockerFiles/drone_ws/install/tello_msgs/share/tello_msgs/cmake/tello_msgs__rosidl_generator_cppExport.cmake\n'}
[2.007742] (tello_msgs) StdoutLine: {'line': b'-- Up-to-date: /root/DockerFiles/drone_ws/install/tello_msgs/share/tello_msgs/cmake/tello_msgs__rosidl_typesupport_introspection_cppExport.cmake\n'}
[2.007852] (tello_msgs) StdoutLine: {'line': b'-- Up-to-date: /root/DockerFiles/drone_ws/install/tello_msgs/share/tello_msgs/cmake/tello_msgs__rosidl_typesupport_introspection_cppExport-noconfig.cmake\n'}
[2.007941] (tello_msgs) StdoutLine: {'line': b'-- Up-to-date: /root/DockerFiles/drone_ws/install/tello_msgs/share/tello_msgs/cmake/tello_msgs__rosidl_typesupport_cppExport.cmake\n'}
[2.008033] (tello_msgs) StdoutLine: {'line': b'-- Up-to-date: /root/DockerFiles/drone_ws/install/tello_msgs/share/tello_msgs/cmake/tello_msgs__rosidl_typesupport_cppExport-noconfig.cmake\n'}
[2.008121] (tello_msgs) StdoutLine: {'line': b'-- Up-to-date: /root/DockerFiles/drone_ws/install/tello_msgs/share/tello_msgs/cmake/rosidl_cmake-extras.cmake\n'}
[2.008207] (tello_msgs) StdoutLine: {'line': b'-- Up-to-date: /root/DockerFiles/drone_ws/install/tello_msgs/share/tello_msgs/cmake/ament_cmake_export_dependencies-extras.cmake\n'}
[2.008293] (tello_msgs) StdoutLine: {'line': b'-- Up-to-date: /root/DockerFiles/drone_ws/install/tello_msgs/share/tello_msgs/cmake/ament_cmake_export_libraries-extras.cmake\n'}
[2.008381] (tello_msgs) StdoutLine: {'line': b'-- Up-to-date: /root/DockerFiles/drone_ws/install/tello_msgs/share/tello_msgs/cmake/ament_cmake_export_targets-extras.cmake\n'}
[2.008458] (tello_msgs) StdoutLine: {'line': b'-- Up-to-date: /root/DockerFiles/drone_ws/install/tello_msgs/share/tello_msgs/cmake/ament_cmake_export_include_directories-extras.cmake\n'}
[2.008646] (tello_msgs) StdoutLine: {'line': b'-- Up-to-date: /root/DockerFiles/drone_ws/install/tello_msgs/share/tello_msgs/cmake/rosidl_cmake_export_typesupport_libraries-extras.cmake\n'}
[2.008737] (tello_msgs) StdoutLine: {'line': b'-- Up-to-date: /root/DockerFiles/drone_ws/install/tello_msgs/share/tello_msgs/cmake/rosidl_cmake_export_typesupport_targets-extras.cmake\n'}
[2.008830] (tello_msgs) StdoutLine: {'line': b'-- Up-to-date: /root/DockerFiles/drone_ws/install/tello_msgs/share/tello_msgs/cmake/tello_msgsConfig.cmake\n'}
[2.008919] (tello_msgs) StdoutLine: {'line': b'-- Up-to-date: /root/DockerFiles/drone_ws/install/tello_msgs/share/tello_msgs/cmake/tello_msgsConfig-version.cmake\n'}
[2.009002] (tello_msgs) StdoutLine: {'line': b'-- Up-to-date: /root/DockerFiles/drone_ws/install/tello_msgs/share/tello_msgs/package.xml\n'}
[2.018614] (tello_description) JobProgress: {'identifier': 'tello_description', 'progress': 'install'}
[2.022556] (tello_description) Command: {'cmd': ['/usr/bin/cmake', '--install', '/root/DockerFiles/drone_ws/build/tello_description'], 'cwd': '/root/DockerFiles/drone_ws/build/tello_description', 'env': OrderedDict([('HOSTNAME', 'vdani-H410M-H-V2'), ('SHLVL', '1'), ('LD_LIBRARY_PATH', '/root/DockerFiles/drone_ws/install/tello_gazebo/lib:/root/DockerFiles/drone_ws/install/tello_driver/lib:/root/DockerFiles/drone_ws/install/tello_msgs/lib:/usr/lib/x86_64-linux-gnu/gazebo-11/plugins:/opt/ros/foxy/opt/yaml_cpp_vendor/lib:/opt/ros/foxy/opt/rviz_ogre_vendor/lib:/opt/ros/foxy/lib/x86_64-linux-gnu:/opt/ros/foxy/lib'), ('HOME', '/root'), ('OLDPWD', '/root/DockerFiles'), ('ROS_PYTHON_VERSION', '3'), ('COLCON_PREFIX_PATH', '/root/DockerFiles/drone_ws/install'), ('ROS_DISTRO', 'foxy'), ('_', '/usr/bin/colcon'), ('ROS_VERSION', '2'), ('TERM', 'xterm'), ('ROS_LOCALHOST_ONLY', '0'), ('QT_X11_NO_MITSHM', '1'), ('PATH', '/opt/ros/foxy/bin:/usr/local/sbin:/usr/local/bin:/usr/sbin:/usr/bin:/sbin:/bin'), ('XDG_RUNTIME_DIR', '/run/user/1000'), ('DISPLAY', ':0'), ('LANG', 'C.UTF-8'), ('RMW_IMPLEMENTATION', 'rmw_fastrtps_cpp'), ('LS_COLORS', 'rs=0:di=01;34:ln=01;36:mh=00:pi=40;33:so=01;35:do=01;35:bd=40;33;01:cd=40;33;01:or=40;31;01:mi=00:su=37;41:sg=30;43:ca=30;41:tw=30;42:ow=34;42:st=37;44:ex=01;32:*.tar=01;31:*.tgz=01;31:*.arc=01;31:*.arj=01;31:*.taz=01;31:*.lha=01;31:*.lz4=01;31:*.lzh=01;31:*.lzma=01;31:*.tlz=01;31:*.txz=01;31:*.tzo=01;31:*.t7z=01;31:*.zip=01;31:*.z=01;31:*.dz=01;31:*.gz=01;31:*.lrz=01;31:*.lz=01;31:*.lzo=01;31:*.xz=01;31:*.zst=01;31:*.tzst=01;31:*.bz2=01;31:*.bz=01;31:*.tbz=01;31:*.tbz2=01;31:*.tz=01;31:*.deb=01;31:*.rpm=01;31:*.jar=01;31:*.war=01;31:*.ear=01;31:*.sar=01;31:*.rar=01;31:*.alz=01;31:*.ace=01;31:*.zoo=01;31:*.cpio=01;31:*.7z=01;31:*.rz=01;31:*.cab=01;31:*.wim=01;31:*.swm=01;31:*.dwm=01;31:*.esd=01;31:*.jpg=01;35:*.jpeg=01;35:*.mjpg=01;35:*.mjpeg=01;35:*.gif=01;35:*.bmp=01;35:*.pbm=01;35:*.pgm=01;35:*.ppm=01;35:*.tga=01;35:*.xbm=01;35:*.xpm=01;35:*.tif=01;35:*.tiff=01;35:*.png=01;35:*.svg=01;35:*.svgz=01;35:*.mng=01;35:*.pcx=01;35:*.mov=01;35:*.mpg=01;35:*.mpeg=01;35:*.m2v=01;35:*.mkv=01;35:*.webm=01;35:*.ogm=01;35:*.mp4=01;35:*.m4v=01;35:*.mp4v=01;35:*.vob=01;35:*.qt=01;35:*.nuv=01;35:*.wmv=01;35:*.asf=01;35:*.rm=01;35:*.rmvb=01;35:*.flc=01;35:*.avi=01;35:*.fli=01;35:*.flv=01;35:*.gl=01;35:*.dl=01;35:*.xcf=01;35:*.xwd=01;35:*.yuv=01;35:*.cgm=01;35:*.emf=01;35:*.ogv=01;35:*.ogx=01;35:*.aac=00;36:*.au=00;36:*.flac=00;36:*.m4a=00;36:*.mid=00;36:*.midi=00;36:*.mka=00;36:*.mp3=00;36:*.mpc=00;36:*.ogg=00;36:*.ra=00;36:*.wav=00;36:*.oga=00;36:*.opus=00;36:*.spx=00;36:*.xspf=00;36:'), ('AMENT_PREFIX_PATH', '/root/DockerFiles/drone_ws/install/tello_gazebo:/root/DockerFiles/drone_ws/install/tello_driver:/root/DockerFiles/drone_ws/install/tello_msgs:/root/DockerFiles/drone_ws/install/tello_mission:/root/DockerFiles/drone_ws/install/tello_hand_move:/root/DockerFiles/drone_ws/install/tello_description:/root/DockerFiles/drone_ws/install/tello_controller:/root/DockerFiles/drone_ws/install/tello_camera:/root/DockerFiles/drone_ws/install/ros2_shared:/opt/ros/foxy'), ('PWD', '/root/DockerFiles/drone_ws/build/tello_description'), ('LC_ALL', 'C.UTF-8'), ('PYTHONPATH', '/root/DockerFiles/drone_ws/install/tello_msgs/lib/python3.8/site-packages:/root/DockerFiles/drone_ws/install/tello_mission/lib/python3.8/site-packages:/root/DockerFiles/drone_ws/install/tello_hand_move/lib/python3.8/site-packages:/root/DockerFiles/drone_ws/install/tello_controller/lib/python3.8/site-packages:/root/DockerFiles/drone_ws/install/tello_camera/lib/python3.8/site-packages:/opt/ros/foxy/lib/python3.8/site-packages'), ('COLCON', '1'), ('CMAKE_PREFIX_PATH', '/root/DockerFiles/drone_ws/install/tello_gazebo:/root/DockerFiles/drone_ws/install/tello_driver:/root/DockerFiles/drone_ws/install/tello_msgs:/root/DockerFiles/drone_ws/install/tello_description:/root/DockerFiles/drone_ws/install/ros2_shared:/root/DockerFiles/drone_ws/install/tello_mission:/root/DockerFiles/drone_ws/install/tello_hand_move:/root/DockerFiles/drone_ws/install/tello_controller:/root/DockerFiles/drone_ws/install/tello_camera:/opt/ros/foxy')]), 'shell': False}
[2.033605] (-) TimerEvent: {}
[2.052290] (tello_msgs) CommandEnded: {'returncode': 0}
[2.080450] (tello_description) StdoutLine: {'line': b'-- Install configuration: ""\n'}
[2.080880] (tello_description) StdoutLine: {'line': b'-- Up-to-date: /root/DockerFiles/drone_ws/install/tello_description/share/tello_description/urdf\n'}
[2.080985] (tello_description) StdoutLine: {'line': b'-- Up-to-date: /root/DockerFiles/drone_ws/install/tello_description/share/tello_description/urdf/tello_8.urdf\n'}
[2.081072] (tello_description) StdoutLine: {'line': b'-- Up-to-date: /root/DockerFiles/drone_ws/install/tello_description/share/tello_description/urdf/tello_3.urdf\n'}
[2.081155] (tello_description) StdoutLine: {'line': b'-- Up-to-date: /root/DockerFiles/drone_ws/install/tello_description/share/tello_description/urdf/tello_1.urdf\n'}
[2.081236] (tello_description) StdoutLine: {'line': b'-- Up-to-date: /root/DockerFiles/drone_ws/install/tello_description/share/tello_description/urdf/tello_5.urdf\n'}
[2.081317] (tello_description) StdoutLine: {'line': b'-- Up-to-date: /root/DockerFiles/drone_ws/install/tello_description/share/tello_description/urdf/tello_4.urdf\n'}
[2.081398] (tello_description) StdoutLine: {'line': b'-- Up-to-date: /root/DockerFiles/drone_ws/install/tello_description/share/tello_description/urdf/tello_6.urdf\n'}
[2.081478] (tello_description) StdoutLine: {'line': b'-- Up-to-date: /root/DockerFiles/drone_ws/install/tello_description/share/tello_description/urdf/tello_2.urdf\n'}
[2.081581] (tello_description) StdoutLine: {'line': b'-- Up-to-date: /root/DockerFiles/drone_ws/install/tello_description/share/tello_description/urdf/tello_7.urdf\n'}
[2.081666] (tello_description) StdoutLine: {'line': b'-- Up-to-date: /root/DockerFiles/drone_ws/install/tello_description/share/tello_description/urdf/tello.urdf\n'}
[2.081744] (tello_description) StdoutLine: {'line': b'-- Up-to-date: /root/DockerFiles/drone_ws/install/tello_description/share/ament_index/resource_index/package_run_dependencies/tello_description\n'}
[2.081835] (tello_description) StdoutLine: {'line': b'-- Up-to-date: /root/DockerFiles/drone_ws/install/tello_description/share/ament_index/resource_index/parent_prefix_path/tello_description\n'}
[2.081912] (tello_description) StdoutLine: {'line': b'-- Up-to-date: /root/DockerFiles/drone_ws/install/tello_description/share/tello_description/environment/ament_prefix_path.sh\n'}
[2.082030] (tello_description) StdoutLine: {'line': b'-- Up-to-date: /root/DockerFiles/drone_ws/install/tello_description/share/tello_description/environment/ament_prefix_path.dsv\n'}
[2.085711] (tello_description) StdoutLine: {'line': b'-- Up-to-date: /root/DockerFiles/drone_ws/install/tello_description/share/tello_description/environment/path.sh\n'}
[2.085855] (tello_description) StdoutLine: {'line': b'-- Up-to-date: /root/DockerFiles/drone_ws/install/tello_description/share/tello_description/environment/path.dsv\n'}
[2.085953] (tello_description) StdoutLine: {'line': b'-- Up-to-date: /root/DockerFiles/drone_ws/install/tello_description/share/tello_description/local_setup.bash\n'}
[2.086039] (tello_description) StdoutLine: {'line': b'-- Up-to-date: /root/DockerFiles/drone_ws/install/tello_description/share/tello_description/local_setup.sh\n'}
[2.086127] (tello_description) StdoutLine: {'line': b'-- Up-to-date: /root/DockerFiles/drone_ws/install/tello_description/share/tello_description/local_setup.zsh\n'}
[2.086372] (tello_description) StdoutLine: {'line': b'-- Up-to-date: /root/DockerFiles/drone_ws/install/tello_description/share/tello_description/local_setup.dsv\n'}
[2.086477] (tello_description) StdoutLine: {'line': b'-- Installing: /root/DockerFiles/drone_ws/install/tello_description/share/tello_description/package.dsv\n'}
[2.086574] (tello_description) StdoutLine: {'line': b'-- Up-to-date: /root/DockerFiles/drone_ws/install/tello_description/share/ament_index/resource_index/packages/tello_description\n'}
[2.086670] (tello_description) StdoutLine: {'line': b'-- Up-to-date: /root/DockerFiles/drone_ws/install/tello_description/share/tello_description/cmake/tello_descriptionConfig.cmake\n'}
[2.086762] (tello_description) StdoutLine: {'line': b'-- Up-to-date: /root/DockerFiles/drone_ws/install/tello_description/share/tello_description/cmake/tello_descriptionConfig-version.cmake\n'}
[2.086850] (tello_description) StdoutLine: {'line': b'-- Up-to-date: /root/DockerFiles/drone_ws/install/tello_description/share/tello_description/package.xml\n'}
[2.129605] (ros2_shared) JobEnded: {'identifier': 'ros2_shared', 'rc': 0}
[2.140865] (-) TimerEvent: {}
[2.142194] (tello_description) CommandEnded: {'returncode': 0}
[2.241296] (-) TimerEvent: {}
[2.265721] (tello_description) JobEnded: {'identifier': 'tello_description', 'rc': 0}
[2.341371] (-) TimerEvent: {}
[2.429102] (tello_msgs) JobEnded: {'identifier': 'tello_msgs', 'rc': 0}
[2.430352] (tello_driver) JobStarted: {'identifier': 'tello_driver'}
[2.442010] (-) TimerEvent: {}
[2.447770] (tello_gazebo) JobStarted: {'identifier': 'tello_gazebo'}
[2.492378] (tello_driver) JobProgress: {'identifier': 'tello_driver', 'progress': 'cmake'}
[2.497253] (tello_driver) JobProgress: {'identifier': 'tello_driver', 'progress': 'build'}
[2.498364] (tello_driver) Command: {'cmd': ['/usr/bin/cmake', '--build', '/root/DockerFiles/drone_ws/build/tello_driver', '--', '-j12', '-l12'], 'cwd': '/root/DockerFiles/drone_ws/build/tello_driver', 'env': OrderedDict([('HOSTNAME', 'vdani-H410M-H-V2'), ('SHLVL', '1'), ('LD_LIBRARY_PATH', '/root/DockerFiles/drone_ws/install/tello_msgs/lib:/root/DockerFiles/drone_ws/install/tello_gazebo/lib:/root/DockerFiles/drone_ws/install/tello_driver/lib:/usr/lib/x86_64-linux-gnu/gazebo-11/plugins:/opt/ros/foxy/opt/yaml_cpp_vendor/lib:/opt/ros/foxy/opt/rviz_ogre_vendor/lib:/opt/ros/foxy/lib/x86_64-linux-gnu:/opt/ros/foxy/lib'), ('HOME', '/root'), ('OLDPWD', '/root/DockerFiles'), ('ROS_PYTHON_VERSION', '3'), ('COLCON_PREFIX_PATH', '/root/DockerFiles/drone_ws/install'), ('ROS_DISTRO', 'foxy'), ('_', '/usr/bin/colcon'), ('ROS_VERSION', '2'), ('TERM', 'xterm'), ('ROS_LOCALHOST_ONLY', '0'), ('QT_X11_NO_MITSHM', '1'), ('PATH', '/opt/ros/foxy/bin:/usr/local/sbin:/usr/local/bin:/usr/sbin:/usr/bin:/sbin:/bin'), ('XDG_RUNTIME_DIR', '/run/user/1000'), ('DISPLAY', ':0'), ('LANG', 'C.UTF-8'), ('RMW_IMPLEMENTATION', 'rmw_fastrtps_cpp'), ('LS_COLORS', 'rs=0:di=01;34:ln=01;36:mh=00:pi=40;33:so=01;35:do=01;35:bd=40;33;01:cd=40;33;01:or=40;31;01:mi=00:su=37;41:sg=30;43:ca=30;41:tw=30;42:ow=34;42:st=37;44:ex=01;32:*.tar=01;31:*.tgz=01;31:*.arc=01;31:*.arj=01;31:*.taz=01;31:*.lha=01;31:*.lz4=01;31:*.lzh=01;31:*.lzma=01;31:*.tlz=01;31:*.txz=01;31:*.tzo=01;31:*.t7z=01;31:*.zip=01;31:*.z=01;31:*.dz=01;31:*.gz=01;31:*.lrz=01;31:*.lz=01;31:*.lzo=01;31:*.xz=01;31:*.zst=01;31:*.tzst=01;31:*.bz2=01;31:*.bz=01;31:*.tbz=01;31:*.tbz2=01;31:*.tz=01;31:*.deb=01;31:*.rpm=01;31:*.jar=01;31:*.war=01;31:*.ear=01;31:*.sar=01;31:*.rar=01;31:*.alz=01;31:*.ace=01;31:*.zoo=01;31:*.cpio=01;31:*.7z=01;31:*.rz=01;31:*.cab=01;31:*.wim=01;31:*.swm=01;31:*.dwm=01;31:*.esd=01;31:*.jpg=01;35:*.jpeg=01;35:*.mjpg=01;35:*.mjpeg=01;35:*.gif=01;35:*.bmp=01;35:*.pbm=01;35:*.pgm=01;35:*.ppm=01;35:*.tga=01;35:*.xbm=01;35:*.xpm=01;35:*.tif=01;35:*.tiff=01;35:*.png=01;35:*.svg=01;35:*.svgz=01;35:*.mng=01;35:*.pcx=01;35:*.mov=01;35:*.mpg=01;35:*.mpeg=01;35:*.m2v=01;35:*.mkv=01;35:*.webm=01;35:*.ogm=01;35:*.mp4=01;35:*.m4v=01;35:*.mp4v=01;35:*.vob=01;35:*.qt=01;35:*.nuv=01;35:*.wmv=01;35:*.asf=01;35:*.rm=01;35:*.rmvb=01;35:*.flc=01;35:*.avi=01;35:*.fli=01;35:*.flv=01;35:*.gl=01;35:*.dl=01;35:*.xcf=01;35:*.xwd=01;35:*.yuv=01;35:*.cgm=01;35:*.emf=01;35:*.ogv=01;35:*.ogx=01;35:*.aac=00;36:*.au=00;36:*.flac=00;36:*.m4a=00;36:*.mid=00;36:*.midi=00;36:*.mka=00;36:*.mp3=00;36:*.mpc=00;36:*.ogg=00;36:*.ra=00;36:*.wav=00;36:*.oga=00;36:*.opus=00;36:*.spx=00;36:*.xspf=00;36:'), ('AMENT_PREFIX_PATH', '/root/DockerFiles/drone_ws/install/tello_gazebo:/root/DockerFiles/drone_ws/install/tello_driver:/root/DockerFiles/drone_ws/install/tello_msgs:/root/DockerFiles/drone_ws/install/tello_mission:/root/DockerFiles/drone_ws/install/tello_hand_move:/root/DockerFiles/drone_ws/install/tello_description:/root/DockerFiles/drone_ws/install/tello_controller:/root/DockerFiles/drone_ws/install/tello_camera:/root/DockerFiles/drone_ws/install/ros2_shared:/opt/ros/foxy'), ('PWD', '/root/DockerFiles/drone_ws/build/tello_driver'), ('LC_ALL', 'C.UTF-8'), ('PYTHONPATH', '/root/DockerFiles/drone_ws/install/tello_msgs/lib/python3.8/site-packages:/root/DockerFiles/drone_ws/install/tello_mission/lib/python3.8/site-packages:/root/DockerFiles/drone_ws/install/tello_hand_move/lib/python3.8/site-packages:/root/DockerFiles/drone_ws/install/tello_controller/lib/python3.8/site-packages:/root/DockerFiles/drone_ws/install/tello_camera/lib/python3.8/site-packages:/opt/ros/foxy/lib/python3.8/site-packages'), ('COLCON', '1'), ('CMAKE_PREFIX_PATH', '/root/DockerFiles/drone_ws/install/tello_msgs:/root/DockerFiles/drone_ws/install/ros2_shared:/root/DockerFiles/drone_ws/install/tello_gazebo:/root/DockerFiles/drone_ws/install/tello_driver:/root/DockerFiles/drone_ws/install/tello_description:/root/DockerFiles/drone_ws/install/tello_mission:/root/DockerFiles/drone_ws/install/tello_hand_move:/root/DockerFiles/drone_ws/install/tello_controller:/root/DockerFiles/drone_ws/install/tello_camera:/opt/ros/foxy')]), 'shell': False}
[2.513484] (tello_gazebo) JobProgress: {'identifier': 'tello_gazebo', 'progress': 'cmake'}
[2.514339] (tello_gazebo) JobProgress: {'identifier': 'tello_gazebo', 'progress': 'build'}
[2.514986] (tello_gazebo) Command: {'cmd': ['/usr/bin/cmake', '--build', '/root/DockerFiles/drone_ws/build/tello_gazebo', '--', '-j12', '-l12'], 'cwd': '/root/DockerFiles/drone_ws/build/tello_gazebo', 'env': OrderedDict([('HOSTNAME', 'vdani-H410M-H-V2'), ('SHLVL', '1'), ('LD_LIBRARY_PATH', '/root/DockerFiles/drone_ws/install/tello_msgs/lib:/root/DockerFiles/drone_ws/install/tello_gazebo/lib:/root/DockerFiles/drone_ws/install/tello_driver/lib:/usr/lib/x86_64-linux-gnu/gazebo-11/plugins:/opt/ros/foxy/opt/yaml_cpp_vendor/lib:/opt/ros/foxy/opt/rviz_ogre_vendor/lib:/opt/ros/foxy/lib/x86_64-linux-gnu:/opt/ros/foxy/lib'), ('HOME', '/root'), ('OLDPWD', '/root/DockerFiles'), ('ROS_PYTHON_VERSION', '3'), ('COLCON_PREFIX_PATH', '/root/DockerFiles/drone_ws/install'), ('ROS_DISTRO', 'foxy'), ('_', '/usr/bin/colcon'), ('ROS_VERSION', '2'), ('TERM', 'xterm'), ('ROS_LOCALHOST_ONLY', '0'), ('QT_X11_NO_MITSHM', '1'), ('PATH', '/opt/ros/foxy/bin:/usr/local/sbin:/usr/local/bin:/usr/sbin:/usr/bin:/sbin:/bin'), ('XDG_RUNTIME_DIR', '/run/user/1000'), ('DISPLAY', ':0'), ('LANG', 'C.UTF-8'), ('RMW_IMPLEMENTATION', 'rmw_fastrtps_cpp'), ('LS_COLORS', 'rs=0:di=01;34:ln=01;36:mh=00:pi=40;33:so=01;35:do=01;35:bd=40;33;01:cd=40;33;01:or=40;31;01:mi=00:su=37;41:sg=30;43:ca=30;41:tw=30;42:ow=34;42:st=37;44:ex=01;32:*.tar=01;31:*.tgz=01;31:*.arc=01;31:*.arj=01;31:*.taz=01;31:*.lha=01;31:*.lz4=01;31:*.lzh=01;31:*.lzma=01;31:*.tlz=01;31:*.txz=01;31:*.tzo=01;31:*.t7z=01;31:*.zip=01;31:*.z=01;31:*.dz=01;31:*.gz=01;31:*.lrz=01;31:*.lz=01;31:*.lzo=01;31:*.xz=01;31:*.zst=01;31:*.tzst=01;31:*.bz2=01;31:*.bz=01;31:*.tbz=01;31:*.tbz2=01;31:*.tz=01;31:*.deb=01;31:*.rpm=01;31:*.jar=01;31:*.war=01;31:*.ear=01;31:*.sar=01;31:*.rar=01;31:*.alz=01;31:*.ace=01;31:*.zoo=01;31:*.cpio=01;31:*.7z=01;31:*.rz=01;31:*.cab=01;31:*.wim=01;31:*.swm=01;31:*.dwm=01;31:*.esd=01;31:*.jpg=01;35:*.jpeg=01;35:*.mjpg=01;35:*.mjpeg=01;35:*.gif=01;35:*.bmp=01;35:*.pbm=01;35:*.pgm=01;35:*.ppm=01;35:*.tga=01;35:*.xbm=01;35:*.xpm=01;35:*.tif=01;35:*.tiff=01;35:*.png=01;35:*.svg=01;35:*.svgz=01;35:*.mng=01;35:*.pcx=01;35:*.mov=01;35:*.mpg=01;35:*.mpeg=01;35:*.m2v=01;35:*.mkv=01;35:*.webm=01;35:*.ogm=01;35:*.mp4=01;35:*.m4v=01;35:*.mp4v=01;35:*.vob=01;35:*.qt=01;35:*.nuv=01;35:*.wmv=01;35:*.asf=01;35:*.rm=01;35:*.rmvb=01;35:*.flc=01;35:*.avi=01;35:*.fli=01;35:*.flv=01;35:*.gl=01;35:*.dl=01;35:*.xcf=01;35:*.xwd=01;35:*.yuv=01;35:*.cgm=01;35:*.emf=01;35:*.ogv=01;35:*.ogx=01;35:*.aac=00;36:*.au=00;36:*.flac=00;36:*.m4a=00;36:*.mid=00;36:*.midi=00;36:*.mka=00;36:*.mp3=00;36:*.mpc=00;36:*.ogg=00;36:*.ra=00;36:*.wav=00;36:*.oga=00;36:*.opus=00;36:*.spx=00;36:*.xspf=00;36:'), ('AMENT_PREFIX_PATH', '/root/DockerFiles/drone_ws/install/tello_gazebo:/root/DockerFiles/drone_ws/install/tello_driver:/root/DockerFiles/drone_ws/install/tello_msgs:/root/DockerFiles/drone_ws/install/tello_mission:/root/DockerFiles/drone_ws/install/tello_hand_move:/root/DockerFiles/drone_ws/install/tello_description:/root/DockerFiles/drone_ws/install/tello_controller:/root/DockerFiles/drone_ws/install/tello_camera:/root/DockerFiles/drone_ws/install/ros2_shared:/opt/ros/foxy'), ('PWD', '/root/DockerFiles/drone_ws/build/tello_gazebo'), ('LC_ALL', 'C.UTF-8'), ('PYTHONPATH', '/root/DockerFiles/drone_ws/install/tello_msgs/lib/python3.8/site-packages:/root/DockerFiles/drone_ws/install/tello_mission/lib/python3.8/site-packages:/root/DockerFiles/drone_ws/install/tello_hand_move/lib/python3.8/site-packages:/root/DockerFiles/drone_ws/install/tello_controller/lib/python3.8/site-packages:/root/DockerFiles/drone_ws/install/tello_camera/lib/python3.8/site-packages:/opt/ros/foxy/lib/python3.8/site-packages'), ('COLCON', '1'), ('CMAKE_PREFIX_PATH', '/root/DockerFiles/drone_ws/install/tello_msgs:/root/DockerFiles/drone_ws/install/tello_gazebo:/root/DockerFiles/drone_ws/install/tello_driver:/root/DockerFiles/drone_ws/install/tello_description:/root/DockerFiles/drone_ws/install/ros2_shared:/root/DockerFiles/drone_ws/install/tello_mission:/root/DockerFiles/drone_ws/install/tello_hand_move:/root/DockerFiles/drone_ws/install/tello_controller:/root/DockerFiles/drone_ws/install/tello_camera:/opt/ros/foxy')]), 'shell': False}
[2.542066] (-) TimerEvent: {}
[2.598000] (tello_camera) Command: {'cmd': ['/usr/bin/python3', 'setup.py', 'egg_info', '--egg-base', '../../build/tello_camera', 'build', '--build-base', '/root/DockerFiles/drone_ws/build/tello_camera/build', 'install', '--record', '/root/DockerFiles/drone_ws/build/tello_camera/install.log', '--single-version-externally-managed'], 'cwd': '/root/DockerFiles/drone_ws/src/tello_camera', 'env': {'HOSTNAME': 'vdani-H410M-H-V2', 'SHLVL': '1', 'LD_LIBRARY_PATH': '/root/DockerFiles/drone_ws/install/tello_gazebo/lib:/root/DockerFiles/drone_ws/install/tello_driver/lib:/root/DockerFiles/drone_ws/install/tello_msgs/lib:/usr/lib/x86_64-linux-gnu/gazebo-11/plugins:/opt/ros/foxy/opt/yaml_cpp_vendor/lib:/opt/ros/foxy/opt/rviz_ogre_vendor/lib:/opt/ros/foxy/lib/x86_64-linux-gnu:/opt/ros/foxy/lib', 'HOME': '/root', 'OLDPWD': '/root/DockerFiles', 'ROS_PYTHON_VERSION': '3', 'COLCON_PREFIX_PATH': '/root/DockerFiles/drone_ws/install', 'ROS_DISTRO': 'foxy', '_': '/usr/bin/colcon', 'ROS_VERSION': '2', 'TERM': 'xterm', 'ROS_LOCALHOST_ONLY': '0', 'QT_X11_NO_MITSHM': '1', 'PATH': '/opt/ros/foxy/bin:/usr/local/sbin:/usr/local/bin:/usr/sbin:/usr/bin:/sbin:/bin', 'XDG_RUNTIME_DIR': '/run/user/1000', 'DISPLAY': ':0', 'LANG': 'C.UTF-8', 'RMW_IMPLEMENTATION': 'rmw_fastrtps_cpp', 'LS_COLORS': 'rs=0:di=01;34:ln=01;36:mh=00:pi=40;33:so=01;35:do=01;35:bd=40;33;01:cd=40;33;01:or=40;31;01:mi=00:su=37;41:sg=30;43:ca=30;41:tw=30;42:ow=34;42:st=37;44:ex=01;32:*.tar=01;31:*.tgz=01;31:*.arc=01;31:*.arj=01;31:*.taz=01;31:*.lha=01;31:*.lz4=01;31:*.lzh=01;31:*.lzma=01;31:*.tlz=01;31:*.txz=01;31:*.tzo=01;31:*.t7z=01;31:*.zip=01;31:*.z=01;31:*.dz=01;31:*.gz=01;31:*.lrz=01;31:*.lz=01;31:*.lzo=01;31:*.xz=01;31:*.zst=01;31:*.tzst=01;31:*.bz2=01;31:*.bz=01;31:*.tbz=01;31:*.tbz2=01;31:*.tz=01;31:*.deb=01;31:*.rpm=01;31:*.jar=01;31:*.war=01;31:*.ear=01;31:*.sar=01;31:*.rar=01;31:*.alz=01;31:*.ace=01;31:*.zoo=01;31:*.cpio=01;31:*.7z=01;31:*.rz=01;31:*.cab=01;31:*.wim=01;31:*.swm=01;31:*.dwm=01;31:*.esd=01;31:*.jpg=01;35:*.jpeg=01;35:*.mjpg=01;35:*.mjpeg=01;35:*.gif=01;35:*.bmp=01;35:*.pbm=01;35:*.pgm=01;35:*.ppm=01;35:*.tga=01;35:*.xbm=01;35:*.xpm=01;35:*.tif=01;35:*.tiff=01;35:*.png=01;35:*.svg=01;35:*.svgz=01;35:*.mng=01;35:*.pcx=01;35:*.mov=01;35:*.mpg=01;35:*.mpeg=01;35:*.m2v=01;35:*.mkv=01;35:*.webm=01;35:*.ogm=01;35:*.mp4=01;35:*.m4v=01;35:*.mp4v=01;35:*.vob=01;35:*.qt=01;35:*.nuv=01;35:*.wmv=01;35:*.asf=01;35:*.rm=01;35:*.rmvb=01;35:*.flc=01;35:*.avi=01;35:*.fli=01;35:*.flv=01;35:*.gl=01;35:*.dl=01;35:*.xcf=01;35:*.xwd=01;35:*.yuv=01;35:*.cgm=01;35:*.emf=01;35:*.ogv=01;35:*.ogx=01;35:*.aac=00;36:*.au=00;36:*.flac=00;36:*.m4a=00;36:*.mid=00;36:*.midi=00;36:*.mka=00;36:*.mp3=00;36:*.mpc=00;36:*.ogg=00;36:*.ra=00;36:*.wav=00;36:*.oga=00;36:*.opus=00;36:*.spx=00;36:*.xspf=00;36:', 'AMENT_PREFIX_PATH': '/root/DockerFiles/drone_ws/install/tello_gazebo:/root/DockerFiles/drone_ws/install/tello_driver:/root/DockerFiles/drone_ws/install/tello_msgs:/root/DockerFiles/drone_ws/install/tello_mission:/root/DockerFiles/drone_ws/install/tello_hand_move:/root/DockerFiles/drone_ws/install/tello_description:/root/DockerFiles/drone_ws/install/tello_controller:/root/DockerFiles/drone_ws/install/tello_camera:/root/DockerFiles/drone_ws/install/ros2_shared:/opt/ros/foxy', 'PWD': '/root/DockerFiles/drone_ws/build/tello_camera', 'LC_ALL': 'C.UTF-8', 'PYTHONPATH': '/root/DockerFiles/drone_ws/build/tello_camera/prefix_override:/root/DockerFiles/drone_ws/install/tello_camera/lib/python3.8/site-packages:/root/DockerFiles/drone_ws/install/tello_msgs/lib/python3.8/site-packages:/root/DockerFiles/drone_ws/install/tello_mission/lib/python3.8/site-packages:/root/DockerFiles/drone_ws/install/tello_hand_move/lib/python3.8/site-packages:/root/DockerFiles/drone_ws/install/tello_controller/lib/python3.8/site-packages:/root/DockerFiles/drone_ws/install/tello_camera/lib/python3.8/site-packages:/opt/ros/foxy/lib/python3.8/site-packages', 'COLCON': '1', 'CMAKE_PREFIX_PATH': '/root/DockerFiles/drone_ws/install/tello_gazebo:/root/DockerFiles/drone_ws/install/tello_driver:/root/DockerFiles/drone_ws/install/tello_msgs:/root/DockerFiles/drone_ws/install/tello_description:/root/DockerFiles/drone_ws/install/ros2_shared'}, 'shell': False}
[2.642575] (-) TimerEvent: {}
[2.672303] (tello_hand_move) Command: {'cmd': ['/usr/bin/python3', 'setup.py', 'egg_info', '--egg-base', '../../build/tello_hand_move', 'build', '--build-base', '/root/DockerFiles/drone_ws/build/tello_hand_move/build', 'install', '--record', '/root/DockerFiles/drone_ws/build/tello_hand_move/install.log', '--single-version-externally-managed'], 'cwd': '/root/DockerFiles/drone_ws/src/tello_hand_move', 'env': {'HOSTNAME': 'vdani-H410M-H-V2', 'SHLVL': '1', 'LD_LIBRARY_PATH': '/root/DockerFiles/drone_ws/install/tello_gazebo/lib:/root/DockerFiles/drone_ws/install/tello_driver/lib:/root/DockerFiles/drone_ws/install/tello_msgs/lib:/usr/lib/x86_64-linux-gnu/gazebo-11/plugins:/opt/ros/foxy/opt/yaml_cpp_vendor/lib:/opt/ros/foxy/opt/rviz_ogre_vendor/lib:/opt/ros/foxy/lib/x86_64-linux-gnu:/opt/ros/foxy/lib', 'HOME': '/root', 'OLDPWD': '/root/DockerFiles', 'ROS_PYTHON_VERSION': '3', 'COLCON_PREFIX_PATH': '/root/DockerFiles/drone_ws/install', 'ROS_DISTRO': 'foxy', '_': '/usr/bin/colcon', 'ROS_VERSION': '2', 'TERM': 'xterm', 'ROS_LOCALHOST_ONLY': '0', 'QT_X11_NO_MITSHM': '1', 'PATH': '/opt/ros/foxy/bin:/usr/local/sbin:/usr/local/bin:/usr/sbin:/usr/bin:/sbin:/bin', 'XDG_RUNTIME_DIR': '/run/user/1000', 'DISPLAY': ':0', 'LANG': 'C.UTF-8', 'RMW_IMPLEMENTATION': 'rmw_fastrtps_cpp', 'LS_COLORS': 'rs=0:di=01;34:ln=01;36:mh=00:pi=40;33:so=01;35:do=01;35:bd=40;33;01:cd=40;33;01:or=40;31;01:mi=00:su=37;41:sg=30;43:ca=30;41:tw=30;42:ow=34;42:st=37;44:ex=01;32:*.tar=01;31:*.tgz=01;31:*.arc=01;31:*.arj=01;31:*.taz=01;31:*.lha=01;31:*.lz4=01;31:*.lzh=01;31:*.lzma=01;31:*.tlz=01;31:*.txz=01;31:*.tzo=01;31:*.t7z=01;31:*.zip=01;31:*.z=01;31:*.dz=01;31:*.gz=01;31:*.lrz=01;31:*.lz=01;31:*.lzo=01;31:*.xz=01;31:*.zst=01;31:*.tzst=01;31:*.bz2=01;31:*.bz=01;31:*.tbz=01;31:*.tbz2=01;31:*.tz=01;31:*.deb=01;31:*.rpm=01;31:*.jar=01;31:*.war=01;31:*.ear=01;31:*.sar=01;31:*.rar=01;31:*.alz=01;31:*.ace=01;31:*.zoo=01;31:*.cpio=01;31:*.7z=01;31:*.rz=01;31:*.cab=01;31:*.wim=01;31:*.swm=01;31:*.dwm=01;31:*.esd=01;31:*.jpg=01;35:*.jpeg=01;35:*.mjpg=01;35:*.mjpeg=01;35:*.gif=01;35:*.bmp=01;35:*.pbm=01;35:*.pgm=01;35:*.ppm=01;35:*.tga=01;35:*.xbm=01;35:*.xpm=01;35:*.tif=01;35:*.tiff=01;35:*.png=01;35:*.svg=01;35:*.svgz=01;35:*.mng=01;35:*.pcx=01;35:*.mov=01;35:*.mpg=01;35:*.mpeg=01;35:*.m2v=01;35:*.mkv=01;35:*.webm=01;35:*.ogm=01;35:*.mp4=01;35:*.m4v=01;35:*.mp4v=01;35:*.vob=01;35:*.qt=01;35:*.nuv=01;35:*.wmv=01;35:*.asf=01;35:*.rm=01;35:*.rmvb=01;35:*.flc=01;35:*.avi=01;35:*.fli=01;35:*.flv=01;35:*.gl=01;35:*.dl=01;35:*.xcf=01;35:*.xwd=01;35:*.yuv=01;35:*.cgm=01;35:*.emf=01;35:*.ogv=01;35:*.ogx=01;35:*.aac=00;36:*.au=00;36:*.flac=00;36:*.m4a=00;36:*.mid=00;36:*.midi=00;36:*.mka=00;36:*.mp3=00;36:*.mpc=00;36:*.ogg=00;36:*.ra=00;36:*.wav=00;36:*.oga=00;36:*.opus=00;36:*.spx=00;36:*.xspf=00;36:', 'AMENT_PREFIX_PATH': '/root/DockerFiles/drone_ws/install/tello_gazebo:/root/DockerFiles/drone_ws/install/tello_driver:/root/DockerFiles/drone_ws/install/tello_msgs:/root/DockerFiles/drone_ws/install/tello_mission:/root/DockerFiles/drone_ws/install/tello_hand_move:/root/DockerFiles/drone_ws/install/tello_description:/root/DockerFiles/drone_ws/install/tello_controller:/root/DockerFiles/drone_ws/install/tello_camera:/root/DockerFiles/drone_ws/install/ros2_shared:/opt/ros/foxy', 'PWD': '/root/DockerFiles/drone_ws/build/tello_hand_move', 'LC_ALL': 'C.UTF-8', 'PYTHONPATH': '/root/DockerFiles/drone_ws/build/tello_hand_move/prefix_override:/root/DockerFiles/drone_ws/install/tello_hand_move/lib/python3.8/site-packages:/root/DockerFiles/drone_ws/install/tello_msgs/lib/python3.8/site-packages:/root/DockerFiles/drone_ws/install/tello_mission/lib/python3.8/site-packages:/root/DockerFiles/drone_ws/install/tello_hand_move/lib/python3.8/site-packages:/root/DockerFiles/drone_ws/install/tello_controller/lib/python3.8/site-packages:/root/DockerFiles/drone_ws/install/tello_camera/lib/python3.8/site-packages:/opt/ros/foxy/lib/python3.8/site-packages', 'COLCON': '1', 'CMAKE_PREFIX_PATH': '/root/DockerFiles/drone_ws/install/tello_gazebo:/root/DockerFiles/drone_ws/install/tello_driver:/root/DockerFiles/drone_ws/install/tello_msgs:/root/DockerFiles/drone_ws/install/tello_description:/root/DockerFiles/drone_ws/install/ros2_shared'}, 'shell': False}
[2.697370] (tello_controller) Command: {'cmd': ['/usr/bin/python3', 'setup.py', 'egg_info', '--egg-base', '../../build/tello_controller', 'build', '--build-base', '/root/DockerFiles/drone_ws/build/tello_controller/build', 'install', '--record', '/root/DockerFiles/drone_ws/build/tello_controller/install.log', '--single-version-externally-managed'], 'cwd': '/root/DockerFiles/drone_ws/src/tello_controller', 'env': {'HOSTNAME': 'vdani-H410M-H-V2', 'SHLVL': '1', 'LD_LIBRARY_PATH': '/root/DockerFiles/drone_ws/install/tello_gazebo/lib:/root/DockerFiles/drone_ws/install/tello_driver/lib:/root/DockerFiles/drone_ws/install/tello_msgs/lib:/usr/lib/x86_64-linux-gnu/gazebo-11/plugins:/opt/ros/foxy/opt/yaml_cpp_vendor/lib:/opt/ros/foxy/opt/rviz_ogre_vendor/lib:/opt/ros/foxy/lib/x86_64-linux-gnu:/opt/ros/foxy/lib', 'HOME': '/root', 'OLDPWD': '/root/DockerFiles', 'ROS_PYTHON_VERSION': '3', 'COLCON_PREFIX_PATH': '/root/DockerFiles/drone_ws/install', 'ROS_DISTRO': 'foxy', '_': '/usr/bin/colcon', 'ROS_VERSION': '2', 'TERM': 'xterm', 'ROS_LOCALHOST_ONLY': '0', 'QT_X11_NO_MITSHM': '1', 'PATH': '/opt/ros/foxy/bin:/usr/local/sbin:/usr/local/bin:/usr/sbin:/usr/bin:/sbin:/bin', 'XDG_RUNTIME_DIR': '/run/user/1000', 'DISPLAY': ':0', 'LANG': 'C.UTF-8', 'RMW_IMPLEMENTATION': 'rmw_fastrtps_cpp', 'LS_COLORS': 'rs=0:di=01;34:ln=01;36:mh=00:pi=40;33:so=01;35:do=01;35:bd=40;33;01:cd=40;33;01:or=40;31;01:mi=00:su=37;41:sg=30;43:ca=30;41:tw=30;42:ow=34;42:st=37;44:ex=01;32:*.tar=01;31:*.tgz=01;31:*.arc=01;31:*.arj=01;31:*.taz=01;31:*.lha=01;31:*.lz4=01;31:*.lzh=01;31:*.lzma=01;31:*.tlz=01;31:*.txz=01;31:*.tzo=01;31:*.t7z=01;31:*.zip=01;31:*.z=01;31:*.dz=01;31:*.gz=01;31:*.lrz=01;31:*.lz=01;31:*.lzo=01;31:*.xz=01;31:*.zst=01;31:*.tzst=01;31:*.bz2=01;31:*.bz=01;31:*.tbz=01;31:*.tbz2=01;31:*.tz=01;31:*.deb=01;31:*.rpm=01;31:*.jar=01;31:*.war=01;31:*.ear=01;31:*.sar=01;31:*.rar=01;31:*.alz=01;31:*.ace=01;31:*.zoo=01;31:*.cpio=01;31:*.7z=01;31:*.rz=01;31:*.cab=01;31:*.wim=01;31:*.swm=01;31:*.dwm=01;31:*.esd=01;31:*.jpg=01;35:*.jpeg=01;35:*.mjpg=01;35:*.mjpeg=01;35:*.gif=01;35:*.bmp=01;35:*.pbm=01;35:*.pgm=01;35:*.ppm=01;35:*.tga=01;35:*.xbm=01;35:*.xpm=01;35:*.tif=01;35:*.tiff=01;35:*.png=01;35:*.svg=01;35:*.svgz=01;35:*.mng=01;35:*.pcx=01;35:*.mov=01;35:*.mpg=01;35:*.mpeg=01;35:*.m2v=01;35:*.mkv=01;35:*.webm=01;35:*.ogm=01;35:*.mp4=01;35:*.m4v=01;35:*.mp4v=01;35:*.vob=01;35:*.qt=01;35:*.nuv=01;35:*.wmv=01;35:*.asf=01;35:*.rm=01;35:*.rmvb=01;35:*.flc=01;35:*.avi=01;35:*.fli=01;35:*.flv=01;35:*.gl=01;35:*.dl=01;35:*.xcf=01;35:*.xwd=01;35:*.yuv=01;35:*.cgm=01;35:*.emf=01;35:*.ogv=01;35:*.ogx=01;35:*.aac=00;36:*.au=00;36:*.flac=00;36:*.m4a=00;36:*.mid=00;36:*.midi=00;36:*.mka=00;36:*.mp3=00;36:*.mpc=00;36:*.ogg=00;36:*.ra=00;36:*.wav=00;36:*.oga=00;36:*.opus=00;36:*.spx=00;36:*.xspf=00;36:', 'AMENT_PREFIX_PATH': '/root/DockerFiles/drone_ws/install/tello_gazebo:/root/DockerFiles/drone_ws/install/tello_driver:/root/DockerFiles/drone_ws/install/tello_msgs:/root/DockerFiles/drone_ws/install/tello_mission:/root/DockerFiles/drone_ws/install/tello_hand_move:/root/DockerFiles/drone_ws/install/tello_description:/root/DockerFiles/drone_ws/install/tello_controller:/root/DockerFiles/drone_ws/install/tello_camera:/root/DockerFiles/drone_ws/install/ros2_shared:/opt/ros/foxy', 'PWD': '/root/DockerFiles/drone_ws/build/tello_controller', 'LC_ALL': 'C.UTF-8', 'PYTHONPATH': '/root/DockerFiles/drone_ws/build/tello_controller/prefix_override:/root/DockerFiles/drone_ws/install/tello_controller/lib/python3.8/site-packages:/root/DockerFiles/drone_ws/install/tello_msgs/lib/python3.8/site-packages:/root/DockerFiles/drone_ws/install/tello_mission/lib/python3.8/site-packages:/root/DockerFiles/drone_ws/install/tello_hand_move/lib/python3.8/site-packages:/root/DockerFiles/drone_ws/install/tello_controller/lib/python3.8/site-packages:/root/DockerFiles/drone_ws/install/tello_camera/lib/python3.8/site-packages:/opt/ros/foxy/lib/python3.8/site-packages', 'COLCON': '1', 'CMAKE_PREFIX_PATH': '/root/DockerFiles/drone_ws/install/tello_gazebo:/root/DockerFiles/drone_ws/install/tello_driver:/root/DockerFiles/drone_ws/install/tello_msgs:/root/DockerFiles/drone_ws/install/tello_description:/root/DockerFiles/drone_ws/install/ros2_shared'}, 'shell': False}
[2.720797] (tello_gazebo) StdoutLine: {'line': b'[100%] Built target TelloPlugin\n'}
[2.722933] (tello_driver) StdoutLine: {'line': b'[ 13%] Built target tello_joy_main\n'}
[2.742687] (-) TimerEvent: {}
[2.757338] (tello_gazebo) CommandEnded: {'returncode': 0}
[2.804487] (tello_mission) Command: {'cmd': ['/usr/bin/python3', 'setup.py', 'egg_info', '--egg-base', '../../build/tello_mission', 'build', '--build-base', '/root/DockerFiles/drone_ws/build/tello_mission/build', 'install', '--record', '/root/DockerFiles/drone_ws/build/tello_mission/install.log', '--single-version-externally-managed'], 'cwd': '/root/DockerFiles/drone_ws/src/tello_mission', 'env': {'HOSTNAME': 'vdani-H410M-H-V2', 'SHLVL': '1', 'LD_LIBRARY_PATH': '/root/DockerFiles/drone_ws/install/tello_gazebo/lib:/root/DockerFiles/drone_ws/install/tello_driver/lib:/root/DockerFiles/drone_ws/install/tello_msgs/lib:/usr/lib/x86_64-linux-gnu/gazebo-11/plugins:/opt/ros/foxy/opt/yaml_cpp_vendor/lib:/opt/ros/foxy/opt/rviz_ogre_vendor/lib:/opt/ros/foxy/lib/x86_64-linux-gnu:/opt/ros/foxy/lib', 'HOME': '/root', 'OLDPWD': '/root/DockerFiles', 'ROS_PYTHON_VERSION': '3', 'COLCON_PREFIX_PATH': '/root/DockerFiles/drone_ws/install', 'ROS_DISTRO': 'foxy', '_': '/usr/bin/colcon', 'ROS_VERSION': '2', 'TERM': 'xterm', 'ROS_LOCALHOST_ONLY': '0', 'QT_X11_NO_MITSHM': '1', 'PATH': '/opt/ros/foxy/bin:/usr/local/sbin:/usr/local/bin:/usr/sbin:/usr/bin:/sbin:/bin', 'XDG_RUNTIME_DIR': '/run/user/1000', 'DISPLAY': ':0', 'LANG': 'C.UTF-8', 'RMW_IMPLEMENTATION': 'rmw_fastrtps_cpp', 'LS_COLORS': 'rs=0:di=01;34:ln=01;36:mh=00:pi=40;33:so=01;35:do=01;35:bd=40;33;01:cd=40;33;01:or=40;31;01:mi=00:su=37;41:sg=30;43:ca=30;41:tw=30;42:ow=34;42:st=37;44:ex=01;32:*.tar=01;31:*.tgz=01;31:*.arc=01;31:*.arj=01;31:*.taz=01;31:*.lha=01;31:*.lz4=01;31:*.lzh=01;31:*.lzma=01;31:*.tlz=01;31:*.txz=01;31:*.tzo=01;31:*.t7z=01;31:*.zip=01;31:*.z=01;31:*.dz=01;31:*.gz=01;31:*.lrz=01;31:*.lz=01;31:*.lzo=01;31:*.xz=01;31:*.zst=01;31:*.tzst=01;31:*.bz2=01;31:*.bz=01;31:*.tbz=01;31:*.tbz2=01;31:*.tz=01;31:*.deb=01;31:*.rpm=01;31:*.jar=01;31:*.war=01;31:*.ear=01;31:*.sar=01;31:*.rar=01;31:*.alz=01;31:*.ace=01;31:*.zoo=01;31:*.cpio=01;31:*.7z=01;31:*.rz=01;31:*.cab=01;31:*.wim=01;31:*.swm=01;31:*.dwm=01;31:*.esd=01;31:*.jpg=01;35:*.jpeg=01;35:*.mjpg=01;35:*.mjpeg=01;35:*.gif=01;35:*.bmp=01;35:*.pbm=01;35:*.pgm=01;35:*.ppm=01;35:*.tga=01;35:*.xbm=01;35:*.xpm=01;35:*.tif=01;35:*.tiff=01;35:*.png=01;35:*.svg=01;35:*.svgz=01;35:*.mng=01;35:*.pcx=01;35:*.mov=01;35:*.mpg=01;35:*.mpeg=01;35:*.m2v=01;35:*.mkv=01;35:*.webm=01;35:*.ogm=01;35:*.mp4=01;35:*.m4v=01;35:*.mp4v=01;35:*.vob=01;35:*.qt=01;35:*.nuv=01;35:*.wmv=01;35:*.asf=01;35:*.rm=01;35:*.rmvb=01;35:*.flc=01;35:*.avi=01;35:*.fli=01;35:*.flv=01;35:*.gl=01;35:*.dl=01;35:*.xcf=01;35:*.xwd=01;35:*.yuv=01;35:*.cgm=01;35:*.emf=01;35:*.ogv=01;35:*.ogx=01;35:*.aac=00;36:*.au=00;36:*.flac=00;36:*.m4a=00;36:*.mid=00;36:*.midi=00;36:*.mka=00;36:*.mp3=00;36:*.mpc=00;36:*.ogg=00;36:*.ra=00;36:*.wav=00;36:*.oga=00;36:*.opus=00;36:*.spx=00;36:*.xspf=00;36:', 'AMENT_PREFIX_PATH': '/root/DockerFiles/drone_ws/install/tello_gazebo:/root/DockerFiles/drone_ws/install/tello_driver:/root/DockerFiles/drone_ws/install/tello_msgs:/root/DockerFiles/drone_ws/install/tello_mission:/root/DockerFiles/drone_ws/install/tello_hand_move:/root/DockerFiles/drone_ws/install/tello_description:/root/DockerFiles/drone_ws/install/tello_controller:/root/DockerFiles/drone_ws/install/tello_camera:/root/DockerFiles/drone_ws/install/ros2_shared:/opt/ros/foxy', 'PWD': '/root/DockerFiles/drone_ws/build/tello_mission', 'LC_ALL': 'C.UTF-8', 'PYTHONPATH': '/root/DockerFiles/drone_ws/build/tello_mission/prefix_override:/root/DockerFiles/drone_ws/install/tello_mission/lib/python3.8/site-packages:/root/DockerFiles/drone_ws/install/tello_msgs/lib/python3.8/site-packages:/root/DockerFiles/drone_ws/install/tello_mission/lib/python3.8/site-packages:/root/DockerFiles/drone_ws/install/tello_hand_move/lib/python3.8/site-packages:/root/DockerFiles/drone_ws/install/tello_controller/lib/python3.8/site-packages:/root/DockerFiles/drone_ws/install/tello_camera/lib/python3.8/site-packages:/opt/ros/foxy/lib/python3.8/site-packages', 'COLCON': '1', 'CMAKE_PREFIX_PATH': '/root/DockerFiles/drone_ws/install/tello_gazebo:/root/DockerFiles/drone_ws/install/tello_driver:/root/DockerFiles/drone_ws/install/tello_msgs:/root/DockerFiles/drone_ws/install/tello_description:/root/DockerFiles/drone_ws/install/ros2_shared'}, 'shell': False}
[2.843608] (-) TimerEvent: {}
[2.844904] (tello_driver) StdoutLine: {'line': b'[ 22%] Built target tello_joy_node\n'}
[2.854672] (tello_gazebo) JobProgress: {'identifier': 'tello_gazebo', 'progress': 'install'}
[2.854787] (tello_gazebo) Command: {'cmd': ['/usr/bin/cmake', '--install', '/root/DockerFiles/drone_ws/build/tello_gazebo'], 'cwd': '/root/DockerFiles/drone_ws/build/tello_gazebo', 'env': OrderedDict([('HOSTNAME', 'vdani-H410M-H-V2'), ('SHLVL', '1'), ('LD_LIBRARY_PATH', '/root/DockerFiles/drone_ws/install/tello_msgs/lib:/root/DockerFiles/drone_ws/install/tello_gazebo/lib:/root/DockerFiles/drone_ws/install/tello_driver/lib:/usr/lib/x86_64-linux-gnu/gazebo-11/plugins:/opt/ros/foxy/opt/yaml_cpp_vendor/lib:/opt/ros/foxy/opt/rviz_ogre_vendor/lib:/opt/ros/foxy/lib/x86_64-linux-gnu:/opt/ros/foxy/lib'), ('HOME', '/root'), ('OLDPWD', '/root/DockerFiles'), ('ROS_PYTHON_VERSION', '3'), ('COLCON_PREFIX_PATH', '/root/DockerFiles/drone_ws/install'), ('ROS_DISTRO', 'foxy'), ('_', '/usr/bin/colcon'), ('ROS_VERSION', '2'), ('TERM', 'xterm'), ('ROS_LOCALHOST_ONLY', '0'), ('QT_X11_NO_MITSHM', '1'), ('PATH', '/opt/ros/foxy/bin:/usr/local/sbin:/usr/local/bin:/usr/sbin:/usr/bin:/sbin:/bin'), ('XDG_RUNTIME_DIR', '/run/user/1000'), ('DISPLAY', ':0'), ('LANG', 'C.UTF-8'), ('RMW_IMPLEMENTATION', 'rmw_fastrtps_cpp'), ('LS_COLORS', 'rs=0:di=01;34:ln=01;36:mh=00:pi=40;33:so=01;35:do=01;35:bd=40;33;01:cd=40;33;01:or=40;31;01:mi=00:su=37;41:sg=30;43:ca=30;41:tw=30;42:ow=34;42:st=37;44:ex=01;32:*.tar=01;31:*.tgz=01;31:*.arc=01;31:*.arj=01;31:*.taz=01;31:*.lha=01;31:*.lz4=01;31:*.lzh=01;31:*.lzma=01;31:*.tlz=01;31:*.txz=01;31:*.tzo=01;31:*.t7z=01;31:*.zip=01;31:*.z=01;31:*.dz=01;31:*.gz=01;31:*.lrz=01;31:*.lz=01;31:*.lzo=01;31:*.xz=01;31:*.zst=01;31:*.tzst=01;31:*.bz2=01;31:*.bz=01;31:*.tbz=01;31:*.tbz2=01;31:*.tz=01;31:*.deb=01;31:*.rpm=01;31:*.jar=01;31:*.war=01;31:*.ear=01;31:*.sar=01;31:*.rar=01;31:*.alz=01;31:*.ace=01;31:*.zoo=01;31:*.cpio=01;31:*.7z=01;31:*.rz=01;31:*.cab=01;31:*.wim=01;31:*.swm=01;31:*.dwm=01;31:*.esd=01;31:*.jpg=01;35:*.jpeg=01;35:*.mjpg=01;35:*.mjpeg=01;35:*.gif=01;35:*.bmp=01;35:*.pbm=01;35:*.pgm=01;35:*.ppm=01;35:*.tga=01;35:*.xbm=01;35:*.xpm=01;35:*.tif=01;35:*.tiff=01;35:*.png=01;35:*.svg=01;35:*.svgz=01;35:*.mng=01;35:*.pcx=01;35:*.mov=01;35:*.mpg=01;35:*.mpeg=01;35:*.m2v=01;35:*.mkv=01;35:*.webm=01;35:*.ogm=01;35:*.mp4=01;35:*.m4v=01;35:*.mp4v=01;35:*.vob=01;35:*.qt=01;35:*.nuv=01;35:*.wmv=01;35:*.asf=01;35:*.rm=01;35:*.rmvb=01;35:*.flc=01;35:*.avi=01;35:*.fli=01;35:*.flv=01;35:*.gl=01;35:*.dl=01;35:*.xcf=01;35:*.xwd=01;35:*.yuv=01;35:*.cgm=01;35:*.emf=01;35:*.ogv=01;35:*.ogx=01;35:*.aac=00;36:*.au=00;36:*.flac=00;36:*.m4a=00;36:*.mid=00;36:*.midi=00;36:*.mka=00;36:*.mp3=00;36:*.mpc=00;36:*.ogg=00;36:*.ra=00;36:*.wav=00;36:*.oga=00;36:*.opus=00;36:*.spx=00;36:*.xspf=00;36:'), ('AMENT_PREFIX_PATH', '/root/DockerFiles/drone_ws/install/tello_gazebo:/root/DockerFiles/drone_ws/install/tello_driver:/root/DockerFiles/drone_ws/install/tello_msgs:/root/DockerFiles/drone_ws/install/tello_mission:/root/DockerFiles/drone_ws/install/tello_hand_move:/root/DockerFiles/drone_ws/install/tello_description:/root/DockerFiles/drone_ws/install/tello_controller:/root/DockerFiles/drone_ws/install/tello_camera:/root/DockerFiles/drone_ws/install/ros2_shared:/opt/ros/foxy'), ('PWD', '/root/DockerFiles/drone_ws/build/tello_gazebo'), ('LC_ALL', 'C.UTF-8'), ('PYTHONPATH', '/root/DockerFiles/drone_ws/install/tello_msgs/lib/python3.8/site-packages:/root/DockerFiles/drone_ws/install/tello_mission/lib/python3.8/site-packages:/root/DockerFiles/drone_ws/install/tello_hand_move/lib/python3.8/site-packages:/root/DockerFiles/drone_ws/install/tello_controller/lib/python3.8/site-packages:/root/DockerFiles/drone_ws/install/tello_camera/lib/python3.8/site-packages:/opt/ros/foxy/lib/python3.8/site-packages'), ('COLCON', '1'), ('CMAKE_PREFIX_PATH', '/root/DockerFiles/drone_ws/install/tello_msgs:/root/DockerFiles/drone_ws/install/tello_gazebo:/root/DockerFiles/drone_ws/install/tello_driver:/root/DockerFiles/drone_ws/install/tello_description:/root/DockerFiles/drone_ws/install/ros2_shared:/root/DockerFiles/drone_ws/install/tello_mission:/root/DockerFiles/drone_ws/install/tello_hand_move:/root/DockerFiles/drone_ws/install/tello_controller:/root/DockerFiles/drone_ws/install/tello_camera:/opt/ros/foxy')]), 'shell': False}
[2.876991] (tello_gazebo) StdoutLine: {'line': b'-- Install configuration: ""\n'}
[2.878690] (tello_gazebo) StdoutLine: {'line': b'-- Up-to-date: /root/DockerFiles/drone_ws/install/tello_gazebo/lib/libTelloPlugin.so\n'}
[2.881055] (tello_gazebo) StdoutLine: {'line': b'-- Up-to-date: /root/DockerFiles/drone_ws/install/tello_gazebo/share/tello_gazebo/models\n'}
[2.883624] (tello_gazebo) StdoutLine: {'line': b'-- Up-to-date: /root/DockerFiles/drone_ws/install/tello_gazebo/share/tello_gazebo/models/marker_5\n'}
[2.886570] (tello_gazebo) StdoutLine: {'line': b'-- Up-to-date: /root/DockerFiles/drone_ws/install/tello_gazebo/share/tello_gazebo/models/marker_5/materials\n'}
[2.891081] (tello_gazebo) StdoutLine: {'line': b'-- Up-to-date: /root/DockerFiles/drone_ws/install/tello_gazebo/share/tello_gazebo/models/marker_5/materials/textures\n'}
[2.891841] (tello_gazebo) StdoutLine: {'line': b'-- Up-to-date: /root/DockerFiles/drone_ws/install/tello_gazebo/share/tello_gazebo/models/marker_5/materials/textures/aruco_mark_5.svg\n'}
[2.892708] (tello_gazebo) StdoutLine: {'line': b'-- Up-to-date: /root/DockerFiles/drone_ws/install/tello_gazebo/share/tello_gazebo/models/marker_5/materials/textures/aruco_mark_5.png\n'}
[2.893862] (tello_gazebo) StdoutLine: {'line': b'-- Up-to-date: /root/DockerFiles/drone_ws/install/tello_gazebo/share/tello_gazebo/models/marker_5/materials/scripts\n'}
[2.900037] (tello_gazebo) StdoutLine: {'line': b'-- Up-to-date: /root/DockerFiles/drone_ws/install/tello_gazebo/share/tello_gazebo/models/marker_5/materials/scripts/marker_5.material\n'}
[2.903130] (tello_gazebo) StdoutLine: {'line': b'-- Up-to-date: /root/DockerFiles/drone_ws/install/tello_gazebo/share/tello_gazebo/models/marker_5/model.config\n'}
[2.906709] (tello_gazebo) StdoutLine: {'line': b'-- Up-to-date: /root/DockerFiles/drone_ws/install/tello_gazebo/share/tello_gazebo/models/marker_5/model.sdf\n'}
[2.909523] (tello_gazebo) StdoutLine: {'line': b'-- Up-to-date: /root/DockerFiles/drone_ws/install/tello_gazebo/share/tello_gazebo/models/marker_4\n'}
[2.911882] (tello_gazebo) StdoutLine: {'line': b'-- Up-to-date: /root/DockerFiles/drone_ws/install/tello_gazebo/share/tello_gazebo/models/marker_4/materials\n'}
[2.913857] (tello_gazebo) StdoutLine: {'line': b'-- Up-to-date: /root/DockerFiles/drone_ws/install/tello_gazebo/share/tello_gazebo/models/marker_4/materials/textures\n'}
[2.916207] (tello_gazebo) StdoutLine: {'line': b'-- Up-to-date: /root/DockerFiles/drone_ws/install/tello_gazebo/share/tello_gazebo/models/marker_4/materials/textures/aruco_mark_4.png\n'}
[2.918962] (tello_gazebo) StdoutLine: {'line': b'-- Up-to-date: /root/DockerFiles/drone_ws/install/tello_gazebo/share/tello_gazebo/models/marker_4/materials/textures/aruco_mark_4.svg\n'}
[2.921238] (tello_gazebo) StdoutLine: {'line': b'-- Up-to-date: /root/DockerFiles/drone_ws/install/tello_gazebo/share/tello_gazebo/models/marker_4/materials/scripts\n'}
[2.923554] (tello_gazebo) StdoutLine: {'line': b'-- Up-to-date: /root/DockerFiles/drone_ws/install/tello_gazebo/share/tello_gazebo/models/marker_4/materials/scripts/marker_4.material\n'}
[2.925711] (tello_gazebo) StdoutLine: {'line': b'-- Up-to-date: /root/DockerFiles/drone_ws/install/tello_gazebo/share/tello_gazebo/models/marker_4/model.config\n'}
[2.927672] (tello_gazebo) StdoutLine: {'line': b'-- Up-to-date: /root/DockerFiles/drone_ws/install/tello_gazebo/share/tello_gazebo/models/marker_4/model.sdf\n'}
[2.929433] (tello_gazebo) StdoutLine: {'line': b'-- Up-to-date: /root/DockerFiles/drone_ws/install/tello_gazebo/share/tello_gazebo/models/marker_0\n'}
[2.930965] (tello_gazebo) StdoutLine: {'line': b'-- Up-to-date: /root/DockerFiles/drone_ws/install/tello_gazebo/share/tello_gazebo/models/marker_0/materials\n'}
[2.932531] (tello_gazebo) StdoutLine: {'line': b'-- Up-to-date: /root/DockerFiles/drone_ws/install/tello_gazebo/share/tello_gazebo/models/marker_0/materials/textures\n'}
[2.934057] (tello_gazebo) StdoutLine: {'line': b'-- Up-to-date: /root/DockerFiles/drone_ws/install/tello_gazebo/share/tello_gazebo/models/marker_0/materials/textures/aruco_mark_0.png\n'}
[2.935455] (tello_gazebo) StdoutLine: {'line': b'-- Up-to-date: /root/DockerFiles/drone_ws/install/tello_gazebo/share/tello_gazebo/models/marker_0/materials/textures/aruco_mark_0.svg\n'}
[2.937082] (tello_gazebo) StdoutLine: {'line': b'-- Up-to-date: /root/DockerFiles/drone_ws/install/tello_gazebo/share/tello_gazebo/models/marker_0/materials/scripts\n'}
[2.938700] (tello_gazebo) StdoutLine: {'line': b'-- Up-to-date: /root/DockerFiles/drone_ws/install/tello_gazebo/share/tello_gazebo/models/marker_0/materials/scripts/marker_0.material\n'}
[2.940954] (tello_gazebo) StdoutLine: {'line': b'-- Up-to-date: /root/DockerFiles/drone_ws/install/tello_gazebo/share/tello_gazebo/models/marker_0/model.config\n'}
[2.942891] (tello_gazebo) StdoutLine: {'line': b'-- Up-to-date: /root/DockerFiles/drone_ws/install/tello_gazebo/share/tello_gazebo/models/marker_0/model.sdf\n'}
[2.944353] (-) TimerEvent: {}
[2.945873] (tello_gazebo) StdoutLine: {'line': b'-- Up-to-date: /root/DockerFiles/drone_ws/install/tello_gazebo/share/tello_gazebo/models/marker_2\n'}
[2.947942] (tello_gazebo) StdoutLine: {'line': b'-- Up-to-date: /root/DockerFiles/drone_ws/install/tello_gazebo/share/tello_gazebo/models/marker_2/materials\n'}
[2.950572] (tello_gazebo) StdoutLine: {'line': b'-- Up-to-date: /root/DockerFiles/drone_ws/install/tello_gazebo/share/tello_gazebo/models/marker_2/materials/textures\n'}
[2.951831] (tello_gazebo) StdoutLine: {'line': b'-- Up-to-date: /root/DockerFiles/drone_ws/install/tello_gazebo/share/tello_gazebo/models/marker_2/materials/textures/aruco_mark_2.png\n'}
[2.952586] (tello_gazebo) StdoutLine: {'line': b'-- Up-to-date: /root/DockerFiles/drone_ws/install/tello_gazebo/share/tello_gazebo/models/marker_2/materials/textures/aruco_mark_2.svg\n'}
[2.953358] (tello_gazebo) StdoutLine: {'line': b'-- Up-to-date: /root/DockerFiles/drone_ws/install/tello_gazebo/share/tello_gazebo/models/marker_2/materials/scripts\n'}
[2.955893] (tello_gazebo) StdoutLine: {'line': b'-- Up-to-date: /root/DockerFiles/drone_ws/install/tello_gazebo/share/tello_gazebo/models/marker_2/materials/scripts/marker_2.material\n'}
[2.963582] (tello_gazebo) StdoutLine: {'line': b'-- Up-to-date: /root/DockerFiles/drone_ws/install/tello_gazebo/share/tello_gazebo/models/marker_2/model.config\n'}
[2.964753] (tello_gazebo) StdoutLine: {'line': b'-- Up-to-date: /root/DockerFiles/drone_ws/install/tello_gazebo/share/tello_gazebo/models/marker_2/model.sdf\n'}
[2.966880] (tello_gazebo) StdoutLine: {'line': b'-- Up-to-date: /root/DockerFiles/drone_ws/install/tello_gazebo/share/tello_gazebo/models/marker_1\n'}
[2.969997] (tello_gazebo) StdoutLine: {'line': b'-- Up-to-date: /root/DockerFiles/drone_ws/install/tello_gazebo/share/tello_gazebo/models/marker_1/materials\n'}
[2.971952] (tello_gazebo) StdoutLine: {'line': b'-- Up-to-date: /root/DockerFiles/drone_ws/install/tello_gazebo/share/tello_gazebo/models/marker_1/materials/textures\n'}
[2.972922] (tello_gazebo) StdoutLine: {'line': b'-- Up-to-date: /root/DockerFiles/drone_ws/install/tello_gazebo/share/tello_gazebo/models/marker_1/materials/textures/aruco_mark_1.svg\n'}
[2.974554] (tello_gazebo) StdoutLine: {'line': b'-- Up-to-date: /root/DockerFiles/drone_ws/install/tello_gazebo/share/tello_gazebo/models/marker_1/materials/textures/aruco_mark_1.png\n'}
[2.976840] (tello_gazebo) StdoutLine: {'line': b'-- Up-to-date: /root/DockerFiles/drone_ws/install/tello_gazebo/share/tello_gazebo/models/marker_1/materials/scripts\n'}
[2.980259] (tello_gazebo) StdoutLine: {'line': b'-- Up-to-date: /root/DockerFiles/drone_ws/install/tello_gazebo/share/tello_gazebo/models/marker_1/materials/scripts/marker_1.material\n'}
[2.981170] (tello_gazebo) StdoutLine: {'line': b'-- Up-to-date: /root/DockerFiles/drone_ws/install/tello_gazebo/share/tello_gazebo/models/marker_1/model.config\n'}
[2.981939] (tello_gazebo) StdoutLine: {'line': b'-- Up-to-date: /root/DockerFiles/drone_ws/install/tello_gazebo/share/tello_gazebo/models/marker_1/model.sdf\n'}
[2.990642] (tello_gazebo) StdoutLine: {'line': b'-- Up-to-date: /root/DockerFiles/drone_ws/install/tello_gazebo/share/tello_gazebo/models/marker_7\n'}
[2.991325] (tello_gazebo) StdoutLine: {'line': b'-- Up-to-date: /root/DockerFiles/drone_ws/install/tello_gazebo/share/tello_gazebo/models/marker_7/materials\n'}
[2.992047] (tello_gazebo) StdoutLine: {'line': b'-- Up-to-date: /root/DockerFiles/drone_ws/install/tello_gazebo/share/tello_gazebo/models/marker_7/materials/textures\n'}
[2.992919] (tello_gazebo) StdoutLine: {'line': b'-- Up-to-date: /root/DockerFiles/drone_ws/install/tello_gazebo/share/tello_gazebo/models/marker_7/materials/textures/aruco_mark_7.svg\n'}
[2.993686] (tello_gazebo) StdoutLine: {'line': b'-- Up-to-date: /root/DockerFiles/drone_ws/install/tello_gazebo/share/tello_gazebo/models/marker_7/materials/textures/aruco_mark_7.png\n'}
[2.994425] (tello_gazebo) StdoutLine: {'line': b'-- Up-to-date: /root/DockerFiles/drone_ws/install/tello_gazebo/share/tello_gazebo/models/marker_7/materials/scripts\n'}
[2.995155] (tello_gazebo) StdoutLine: {'line': b'-- Up-to-date: /root/DockerFiles/drone_ws/install/tello_gazebo/share/tello_gazebo/models/marker_7/materials/scripts/marker_7.material\n'}
[2.995876] (tello_gazebo) StdoutLine: {'line': b'-- Up-to-date: /root/DockerFiles/drone_ws/install/tello_gazebo/share/tello_gazebo/models/marker_7/model.config\n'}
[2.997217] (tello_gazebo) StdoutLine: {'line': b'-- Up-to-date: /root/DockerFiles/drone_ws/install/tello_gazebo/share/tello_gazebo/models/marker_7/model.sdf\n'}
[3.003710] (tello_gazebo) StdoutLine: {'line': b'-- Up-to-date: /root/DockerFiles/drone_ws/install/tello_gazebo/share/tello_gazebo/models/marker_6\n'}
[3.004449] (tello_gazebo) StdoutLine: {'line': b'-- Up-to-date: /root/DockerFiles/drone_ws/install/tello_gazebo/share/tello_gazebo/models/marker_6/materials\n'}
[3.005163] (tello_gazebo) StdoutLine: {'line': b'-- Up-to-date: /root/DockerFiles/drone_ws/install/tello_gazebo/share/tello_gazebo/models/marker_6/materials/textures\n'}
[3.005895] (tello_gazebo) StdoutLine: {'line': b'-- Up-to-date: /root/DockerFiles/drone_ws/install/tello_gazebo/share/tello_gazebo/models/marker_6/materials/textures/aruco_mark_6.png\n'}
[3.007753] (tello_gazebo) StdoutLine: {'line': b'-- Up-to-date: /root/DockerFiles/drone_ws/install/tello_gazebo/share/tello_gazebo/models/marker_6/materials/textures/aruco_mark_6.svg\n'}
[3.008506] (tello_gazebo) StdoutLine: {'line': b'-- Up-to-date: /root/DockerFiles/drone_ws/install/tello_gazebo/share/tello_gazebo/models/marker_6/materials/scripts\n'}
[3.014716] (tello_gazebo) StdoutLine: {'line': b'-- Up-to-date: /root/DockerFiles/drone_ws/install/tello_gazebo/share/tello_gazebo/models/marker_6/materials/scripts/marker_6.material\n'}
[3.015460] (tello_gazebo) StdoutLine: {'line': b'-- Up-to-date: /root/DockerFiles/drone_ws/install/tello_gazebo/share/tello_gazebo/models/marker_6/model.config\n'}
[3.016188] (tello_gazebo) StdoutLine: {'line': b'-- Up-to-date: /root/DockerFiles/drone_ws/install/tello_gazebo/share/tello_gazebo/models/marker_6/model.sdf\n'}
[3.016844] (tello_gazebo) StdoutLine: {'line': b'-- Up-to-date: /root/DockerFiles/drone_ws/install/tello_gazebo/share/tello_gazebo/models/marker_3\n'}
[3.017591] (tello_gazebo) StdoutLine: {'line': b'-- Up-to-date: /root/DockerFiles/drone_ws/install/tello_gazebo/share/tello_gazebo/models/marker_3/materials\n'}
[3.019176] (tello_gazebo) StdoutLine: {'line': b'-- Up-to-date: /root/DockerFiles/drone_ws/install/tello_gazebo/share/tello_gazebo/models/marker_3/materials/textures\n'}
[3.019946] (tello_gazebo) StdoutLine: {'line': b'-- Up-to-date: /root/DockerFiles/drone_ws/install/tello_gazebo/share/tello_gazebo/models/marker_3/materials/textures/aruco_mark_3.png\n'}
[3.021916] (tello_gazebo) StdoutLine: {'line': b'-- Up-to-date: /root/DockerFiles/drone_ws/install/tello_gazebo/share/tello_gazebo/models/marker_3/materials/textures/aruco_mark_3.svg\n'}
[3.022679] (tello_gazebo) StdoutLine: {'line': b'-- Up-to-date: /root/DockerFiles/drone_ws/install/tello_gazebo/share/tello_gazebo/models/marker_3/materials/scripts\n'}
[3.023906] (tello_gazebo) StdoutLine: {'line': b'-- Up-to-date: /root/DockerFiles/drone_ws/install/tello_gazebo/share/tello_gazebo/models/marker_3/materials/scripts/marker_3.material\n'}
[3.025474] (tello_gazebo) StdoutLine: {'line': b'-- Up-to-date: /root/DockerFiles/drone_ws/install/tello_gazebo/share/tello_gazebo/models/marker_3/model.config\n'}
[3.026242] (tello_gazebo) StdoutLine: {'line': b'-- Up-to-date: /root/DockerFiles/drone_ws/install/tello_gazebo/share/tello_gazebo/models/marker_3/model.sdf\n'}
[3.028269] (tello_gazebo) StdoutLine: {'line': b'-- Up-to-date: /root/DockerFiles/drone_ws/install/tello_gazebo/share/tello_gazebo/worlds\n'}
[3.030376] (tello_gazebo) StdoutLine: {'line': b'-- Up-to-date: /root/DockerFiles/drone_ws/install/tello_gazebo/share/tello_gazebo/worlds/f2_map.yaml\n'}
[3.031445] (tello_gazebo) StdoutLine: {'line': b'-- Up-to-date: /root/DockerFiles/drone_ws/install/tello_gazebo/share/tello_gazebo/worlds/build_world.py\n'}
[3.032873] (tello_gazebo) StdoutLine: {'line': b'-- Up-to-date: /root/DockerFiles/drone_ws/install/tello_gazebo/share/tello_gazebo/worlds/fiducial.world\n'}
[3.033585] (tello_gazebo) StdoutLine: {'line': b'-- Up-to-date: /root/DockerFiles/drone_ws/install/tello_gazebo/share/tello_gazebo/worlds/simple.world\n'}
[3.036814] (tello_gazebo) StdoutLine: {'line': b'-- Up-to-date: /root/DockerFiles/drone_ws/install/tello_gazebo/share/tello_gazebo/worlds/fiducial_map.yaml\n'}
[3.037549] (tello_gazebo) StdoutLine: {'line': b'-- Up-to-date: /root/DockerFiles/drone_ws/install/tello_gazebo/share/tello_gazebo/worlds/f2.world\n'}
[3.038299] (tello_gazebo) StdoutLine: {'line': b'-- Up-to-date: /root/DockerFiles/drone_ws/install/tello_gazebo/share/tello_gazebo/launch\n'}
[3.038991] (tello_gazebo) StdoutLine: {'line': b'-- Up-to-date: /root/DockerFiles/drone_ws/install/tello_gazebo/share/tello_gazebo/launch/vlam_launch.py\n'}
[3.039645] (tello_gazebo) StdoutLine: {'line': b'-- Up-to-date: /root/DockerFiles/drone_ws/install/tello_gazebo/share/tello_gazebo/launch/simple_launch.py\n'}
[3.040342] (tello_gazebo) StdoutLine: {'line': b'-- Up-to-date: /root/DockerFiles/drone_ws/install/tello_gazebo/lib/tello_gazebo/inject_entity.py\n'}
[3.041075] (tello_gazebo) StdoutLine: {'line': b'-- Up-to-date: /root/DockerFiles/drone_ws/install/tello_gazebo/share/ament_index/resource_index/package_run_dependencies/tello_gazebo\n'}
[3.041826] (tello_gazebo) StdoutLine: {'line': b'-- Up-to-date: /root/DockerFiles/drone_ws/install/tello_gazebo/share/ament_index/resource_index/parent_prefix_path/tello_gazebo\n'}
[3.043553] (tello_gazebo) StdoutLine: {'line': b'-- Up-to-date: /root/DockerFiles/drone_ws/install/tello_gazebo/share/tello_gazebo/environment/ament_prefix_path.sh\n'}
[3.044307] (tello_gazebo) StdoutLine: {'line': b'-- Up-to-date: /root/DockerFiles/drone_ws/install/tello_gazebo/share/tello_gazebo/environment/ament_prefix_path.dsv\n'}
[3.045399] (-) TimerEvent: {}
[3.046304] (tello_gazebo) StdoutLine: {'line': b'-- Up-to-date: /root/DockerFiles/drone_ws/install/tello_gazebo/share/tello_gazebo/environment/path.sh\n'}
[3.047907] (tello_gazebo) StdoutLine: {'line': b'-- Up-to-date: /root/DockerFiles/drone_ws/install/tello_gazebo/share/tello_gazebo/environment/path.dsv\n'}
[3.048660] (tello_gazebo) StdoutLine: {'line': b'-- Up-to-date: /root/DockerFiles/drone_ws/install/tello_gazebo/share/tello_gazebo/local_setup.bash\n'}
[3.049985] (tello_gazebo) StdoutLine: {'line': b'-- Up-to-date: /root/DockerFiles/drone_ws/install/tello_gazebo/share/tello_gazebo/local_setup.sh\n'}
[3.051450] (tello_gazebo) StdoutLine: {'line': b'-- Up-to-date: /root/DockerFiles/drone_ws/install/tello_gazebo/share/tello_gazebo/local_setup.zsh\n'}
[3.052307] (tello_gazebo) StdoutLine: {'line': b'-- Up-to-date: /root/DockerFiles/drone_ws/install/tello_gazebo/share/tello_gazebo/local_setup.dsv\n'}
[3.053033] (tello_gazebo) StdoutLine: {'line': b'-- Installing: /root/DockerFiles/drone_ws/install/tello_gazebo/share/tello_gazebo/package.dsv\n'}
[3.054348] (tello_gazebo) StdoutLine: {'line': b'-- Up-to-date: /root/DockerFiles/drone_ws/install/tello_gazebo/share/ament_index/resource_index/packages/tello_gazebo\n'}
[3.055699] (tello_gazebo) StdoutLine: {'line': b'-- Up-to-date: /root/DockerFiles/drone_ws/install/tello_gazebo/share/tello_gazebo/cmake/tello_gazeboConfig.cmake\n'}
[3.056443] (tello_gazebo) StdoutLine: {'line': b'-- Up-to-date: /root/DockerFiles/drone_ws/install/tello_gazebo/share/tello_gazebo/cmake/tello_gazeboConfig-version.cmake\n'}
[3.057796] (tello_gazebo) StdoutLine: {'line': b'-- Up-to-date: /root/DockerFiles/drone_ws/install/tello_gazebo/share/tello_gazebo/package.xml\n'}
[3.059193] (tello_driver) StdoutLine: {'line': b'[ 31%] Built target tello_emulator\n'}
[3.059986] (tello_gazebo) CommandEnded: {'returncode': 0}
[3.157804] (tello_driver) StdoutLine: {'line': b'[ 68%] Built target tello_driver_main\n'}
[3.158098] (-) TimerEvent: {}
[3.158430] (tello_camera) StdoutLine: {'line': b'running egg_info\n'}
[3.159139] (tello_camera) StdoutLine: {'line': b'writing ../../build/tello_camera/tello_camera.egg-info/PKG-INFO\n'}
[3.161100] (tello_camera) StdoutLine: {'line': b'writing dependency_links to ../../build/tello_camera/tello_camera.egg-info/dependency_links.txt\n'}
[3.162187] (tello_camera) StdoutLine: {'line': b'writing entry points to ../../build/tello_camera/tello_camera.egg-info/entry_points.txt\n'}
[3.168456] (tello_camera) StdoutLine: {'line': b'writing requirements to ../../build/tello_camera/tello_camera.egg-info/requires.txt\n'}
[3.168770] (tello_camera) StdoutLine: {'line': b'writing top-level names to ../../build/tello_camera/tello_camera.egg-info/top_level.txt\n'}
[3.222646] (tello_gazebo) JobEnded: {'identifier': 'tello_gazebo', 'rc': 0}
[3.223899] (tello_controller) StdoutLine: {'line': b'running egg_info\n'}
[3.226428] (tello_controller) StdoutLine: {'line': b'writing ../../build/tello_controller/tello_controller.egg-info/PKG-INFO\n'}
[3.227265] (tello_controller) StdoutLine: {'line': b'writing dependency_links to ../../build/tello_controller/tello_controller.egg-info/dependency_links.txt\n'}
[3.229238] (tello_controller) StdoutLine: {'line': b'writing requirements to ../../build/tello_controller/tello_controller.egg-info/requires.txt\n'}
[3.230019] (tello_controller) StdoutLine: {'line': b'writing top-level names to ../../build/tello_controller/tello_controller.egg-info/top_level.txt\n'}
[3.248771] (tello_camera) StdoutLine: {'line': b"reading manifest file '../../build/tello_camera/tello_camera.egg-info/SOURCES.txt'\n"}
[3.249590] (tello_camera) StdoutLine: {'line': b"writing manifest file '../../build/tello_camera/tello_camera.egg-info/SOURCES.txt'\n"}
[3.251117] (tello_camera) StdoutLine: {'line': b'running build\n'}
[3.251869] (tello_camera) StdoutLine: {'line': b'running build_py\n'}
[3.252663] (tello_camera) StdoutLine: {'line': b'running install\n'}
[3.253963] (tello_camera) StdoutLine: {'line': b'running install_lib\n'}
[3.254837] (tello_camera) StdoutLine: {'line': b'running install_data\n'}
[3.259227] (-) TimerEvent: {}
[3.262374] (tello_camera) StdoutLine: {'line': b'running install_egg_info\n'}
[3.263317] (tello_camera) StdoutLine: {'line': b"removing '/root/DockerFiles/drone_ws/install/tello_camera/lib/python3.8/site-packages/tello_camera-0.0.1-py3.8.egg-info' (and everything under it)\n"}
[3.264103] (tello_camera) StdoutLine: {'line': b'Copying ../../build/tello_camera/tello_camera.egg-info to /root/DockerFiles/drone_ws/install/tello_camera/lib/python3.8/site-packages/tello_camera-0.0.1-py3.8.egg-info\n'}
[3.264982] (tello_camera) StdoutLine: {'line': b'running install_scripts\n'}
[3.265862] (tello_hand_move) StdoutLine: {'line': b'running egg_info\n'}
[3.267846] (tello_hand_move) StdoutLine: {'line': b'writing ../../build/tello_hand_move/tello_hand_move.egg-info/PKG-INFO\n'}
[3.268626] (tello_hand_move) StdoutLine: {'line': b'writing dependency_links to ../../build/tello_hand_move/tello_hand_move.egg-info/dependency_links.txt\n'}
[3.269467] (tello_hand_move) StdoutLine: {'line': b'writing entry points to ../../build/tello_hand_move/tello_hand_move.egg-info/entry_points.txt\n'}
[3.270540] (tello_hand_move) StdoutLine: {'line': b'writing requirements to ../../build/tello_hand_move/tello_hand_move.egg-info/requires.txt\n'}
[3.271287] (tello_hand_move) StdoutLine: {'line': b'writing top-level names to ../../build/tello_hand_move/tello_hand_move.egg-info/top_level.txt\n'}
[3.286715] (tello_camera) StdoutLine: {'line': b'Installing tello_camera script to /root/DockerFiles/drone_ws/install/tello_camera/lib/tello_camera\n'}
[3.288144] (tello_camera) StdoutLine: {'line': b"writing list of installed files to '/root/DockerFiles/drone_ws/build/tello_camera/install.log'\n"}
[3.304910] (tello_controller) StdoutLine: {'line': b"reading manifest file '../../build/tello_controller/tello_controller.egg-info/SOURCES.txt'\n"}
[3.305896] (tello_controller) StdoutLine: {'line': b"writing manifest file '../../build/tello_controller/tello_controller.egg-info/SOURCES.txt'\n"}
[3.306785] (tello_controller) StdoutLine: {'line': b'running build\n'}
[3.307601] (tello_controller) StdoutLine: {'line': b'running build_py\n'}
[3.309461] (tello_controller) StdoutLine: {'line': b'running install\n'}
[3.310332] (tello_controller) StdoutLine: {'line': b'running install_lib\n'}
[3.311908] (tello_controller) StdoutLine: {'line': b'running install_data\n'}
[3.315837] (tello_controller) StdoutLine: {'line': b'running install_egg_info\n'}
[3.316648] (tello_controller) StdoutLine: {'line': b"removing '/root/DockerFiles/drone_ws/install/tello_controller/lib/python3.8/site-packages/tello_controller-0.0.1-py3.8.egg-info' (and everything under it)\n"}
[3.318677] (tello_controller) StdoutLine: {'line': b'Copying ../../build/tello_controller/tello_controller.egg-info to /root/DockerFiles/drone_ws/install/tello_controller/lib/python3.8/site-packages/tello_controller-0.0.1-py3.8.egg-info\n'}
[3.319540] (tello_controller) StdoutLine: {'line': b'running install_scripts\n'}
[3.322352] (tello_hand_move) StdoutLine: {'line': b"reading manifest file '../../build/tello_hand_move/tello_hand_move.egg-info/SOURCES.txt'\n"}
[3.323228] (tello_driver) StdoutLine: {'line': b'[100%] Built target tello_driver_node\n'}
[3.325558] (tello_hand_move) StdoutLine: {'line': b"writing manifest file '../../build/tello_hand_move/tello_hand_move.egg-info/SOURCES.txt'\n"}
[3.327332] (tello_hand_move) StdoutLine: {'line': b'running build\n'}
[3.335024] (tello_hand_move) StdoutLine: {'line': b'running build_py\n'}
[3.335277] (tello_hand_move) StdoutLine: {'line': b'running install\n'}
[3.335384] (tello_hand_move) StdoutLine: {'line': b'running install_lib\n'}
[3.335480] (tello_camera) CommandEnded: {'returncode': 0}
[3.335902] (tello_hand_move) StdoutLine: {'line': b'running install_egg_info\n'}
[3.336029] (tello_hand_move) StdoutLine: {'line': b"removing '/root/DockerFiles/drone_ws/install/tello_hand_move/lib/python3.8/site-packages/tello_hand_move-0.0.2-py3.8.egg-info' (and everything under it)\n"}
[3.348078] (tello_hand_move) StdoutLine: {'line': b'Copying ../../build/tello_hand_move/tello_hand_move.egg-info to /root/DockerFiles/drone_ws/install/tello_hand_move/lib/python3.8/site-packages/tello_hand_move-0.0.2-py3.8.egg-info\n'}
[3.352135] (tello_hand_move) StdoutLine: {'line': b'running install_scripts\n'}
[3.360468] (-) TimerEvent: {}
[3.366925] (tello_camera) JobEnded: {'identifier': 'tello_camera', 'rc': 0}
[3.368343] (tello_driver) CommandEnded: {'returncode': 0}
[3.379646] (tello_hand_move) StdoutLine: {'line': b'Installing tello_hand_move script to /root/DockerFiles/drone_ws/install/tello_hand_move/lib/tello_hand_move\n'}
[3.379978] (tello_hand_move) StdoutLine: {'line': b"writing list of installed files to '/root/DockerFiles/drone_ws/build/tello_hand_move/install.log'\n"}
[3.386003] (tello_controller) StdoutLine: {'line': b"writing list of installed files to '/root/DockerFiles/drone_ws/build/tello_controller/install.log'\n"}
[3.451113] (tello_hand_move) CommandEnded: {'returncode': 0}
[3.455627] (tello_mission) StdoutLine: {'line': b'running egg_info\n'}
[3.460697] (-) TimerEvent: {}
[3.468950] (tello_mission) StdoutLine: {'line': b'writing ../../build/tello_mission/tello_mission.egg-info/PKG-INFO\n'}
[3.469830] (tello_mission) StdoutLine: {'line': b'writing dependency_links to ../../build/tello_mission/tello_mission.egg-info/dependency_links.txt\n'}
[3.471401] (tello_mission) StdoutLine: {'line': b'writing entry points to ../../build/tello_mission/tello_mission.egg-info/entry_points.txt\n'}
[3.472437] (tello_mission) StdoutLine: {'line': b'writing requirements to ../../build/tello_mission/tello_mission.egg-info/requires.txt\n'}
[3.473846] (tello_mission) StdoutLine: {'line': b'writing top-level names to ../../build/tello_mission/tello_mission.egg-info/top_level.txt\n'}
[3.480617] (tello_hand_move) JobEnded: {'identifier': 'tello_hand_move', 'rc': 0}
[3.485801] (tello_controller) CommandEnded: {'returncode': 0}
[3.513500] (tello_controller) JobEnded: {'identifier': 'tello_controller', 'rc': 0}
[3.524364] (tello_driver) JobProgress: {'identifier': 'tello_driver', 'progress': 'install'}
[3.540682] (tello_driver) Command: {'cmd': ['/usr/bin/cmake', '--install', '/root/DockerFiles/drone_ws/build/tello_driver'], 'cwd': '/root/DockerFiles/drone_ws/build/tello_driver', 'env': OrderedDict([('HOSTNAME', 'vdani-H410M-H-V2'), ('SHLVL', '1'), ('LD_LIBRARY_PATH', '/root/DockerFiles/drone_ws/install/tello_msgs/lib:/root/DockerFiles/drone_ws/install/tello_gazebo/lib:/root/DockerFiles/drone_ws/install/tello_driver/lib:/usr/lib/x86_64-linux-gnu/gazebo-11/plugins:/opt/ros/foxy/opt/yaml_cpp_vendor/lib:/opt/ros/foxy/opt/rviz_ogre_vendor/lib:/opt/ros/foxy/lib/x86_64-linux-gnu:/opt/ros/foxy/lib'), ('HOME', '/root'), ('OLDPWD', '/root/DockerFiles'), ('ROS_PYTHON_VERSION', '3'), ('COLCON_PREFIX_PATH', '/root/DockerFiles/drone_ws/install'), ('ROS_DISTRO', 'foxy'), ('_', '/usr/bin/colcon'), ('ROS_VERSION', '2'), ('TERM', 'xterm'), ('ROS_LOCALHOST_ONLY', '0'), ('QT_X11_NO_MITSHM', '1'), ('PATH', '/opt/ros/foxy/bin:/usr/local/sbin:/usr/local/bin:/usr/sbin:/usr/bin:/sbin:/bin'), ('XDG_RUNTIME_DIR', '/run/user/1000'), ('DISPLAY', ':0'), ('LANG', 'C.UTF-8'), ('RMW_IMPLEMENTATION', 'rmw_fastrtps_cpp'), ('LS_COLORS', 'rs=0:di=01;34:ln=01;36:mh=00:pi=40;33:so=01;35:do=01;35:bd=40;33;01:cd=40;33;01:or=40;31;01:mi=00:su=37;41:sg=30;43:ca=30;41:tw=30;42:ow=34;42:st=37;44:ex=01;32:*.tar=01;31:*.tgz=01;31:*.arc=01;31:*.arj=01;31:*.taz=01;31:*.lha=01;31:*.lz4=01;31:*.lzh=01;31:*.lzma=01;31:*.tlz=01;31:*.txz=01;31:*.tzo=01;31:*.t7z=01;31:*.zip=01;31:*.z=01;31:*.dz=01;31:*.gz=01;31:*.lrz=01;31:*.lz=01;31:*.lzo=01;31:*.xz=01;31:*.zst=01;31:*.tzst=01;31:*.bz2=01;31:*.bz=01;31:*.tbz=01;31:*.tbz2=01;31:*.tz=01;31:*.deb=01;31:*.rpm=01;31:*.jar=01;31:*.war=01;31:*.ear=01;31:*.sar=01;31:*.rar=01;31:*.alz=01;31:*.ace=01;31:*.zoo=01;31:*.cpio=01;31:*.7z=01;31:*.rz=01;31:*.cab=01;31:*.wim=01;31:*.swm=01;31:*.dwm=01;31:*.esd=01;31:*.jpg=01;35:*.jpeg=01;35:*.mjpg=01;35:*.mjpeg=01;35:*.gif=01;35:*.bmp=01;35:*.pbm=01;35:*.pgm=01;35:*.ppm=01;35:*.tga=01;35:*.xbm=01;35:*.xpm=01;35:*.tif=01;35:*.tiff=01;35:*.png=01;35:*.svg=01;35:*.svgz=01;35:*.mng=01;35:*.pcx=01;35:*.mov=01;35:*.mpg=01;35:*.mpeg=01;35:*.m2v=01;35:*.mkv=01;35:*.webm=01;35:*.ogm=01;35:*.mp4=01;35:*.m4v=01;35:*.mp4v=01;35:*.vob=01;35:*.qt=01;35:*.nuv=01;35:*.wmv=01;35:*.asf=01;35:*.rm=01;35:*.rmvb=01;35:*.flc=01;35:*.avi=01;35:*.fli=01;35:*.flv=01;35:*.gl=01;35:*.dl=01;35:*.xcf=01;35:*.xwd=01;35:*.yuv=01;35:*.cgm=01;35:*.emf=01;35:*.ogv=01;35:*.ogx=01;35:*.aac=00;36:*.au=00;36:*.flac=00;36:*.m4a=00;36:*.mid=00;36:*.midi=00;36:*.mka=00;36:*.mp3=00;36:*.mpc=00;36:*.ogg=00;36:*.ra=00;36:*.wav=00;36:*.oga=00;36:*.opus=00;36:*.spx=00;36:*.xspf=00;36:'), ('AMENT_PREFIX_PATH', '/root/DockerFiles/drone_ws/install/tello_gazebo:/root/DockerFiles/drone_ws/install/tello_driver:/root/DockerFiles/drone_ws/install/tello_msgs:/root/DockerFiles/drone_ws/install/tello_mission:/root/DockerFiles/drone_ws/install/tello_hand_move:/root/DockerFiles/drone_ws/install/tello_description:/root/DockerFiles/drone_ws/install/tello_controller:/root/DockerFiles/drone_ws/install/tello_camera:/root/DockerFiles/drone_ws/install/ros2_shared:/opt/ros/foxy'), ('PWD', '/root/DockerFiles/drone_ws/build/tello_driver'), ('LC_ALL', 'C.UTF-8'), ('PYTHONPATH', '/root/DockerFiles/drone_ws/install/tello_msgs/lib/python3.8/site-packages:/root/DockerFiles/drone_ws/install/tello_mission/lib/python3.8/site-packages:/root/DockerFiles/drone_ws/install/tello_hand_move/lib/python3.8/site-packages:/root/DockerFiles/drone_ws/install/tello_controller/lib/python3.8/site-packages:/root/DockerFiles/drone_ws/install/tello_camera/lib/python3.8/site-packages:/opt/ros/foxy/lib/python3.8/site-packages'), ('COLCON', '1'), ('CMAKE_PREFIX_PATH', '/root/DockerFiles/drone_ws/install/tello_msgs:/root/DockerFiles/drone_ws/install/ros2_shared:/root/DockerFiles/drone_ws/install/tello_gazebo:/root/DockerFiles/drone_ws/install/tello_driver:/root/DockerFiles/drone_ws/install/tello_description:/root/DockerFiles/drone_ws/install/tello_mission:/root/DockerFiles/drone_ws/install/tello_hand_move:/root/DockerFiles/drone_ws/install/tello_controller:/root/DockerFiles/drone_ws/install/tello_camera:/opt/ros/foxy')]), 'shell': False}
[3.545968] (tello_mission) StdoutLine: {'line': b"reading manifest file '../../build/tello_mission/tello_mission.egg-info/SOURCES.txt'\n"}
[3.547852] (tello_mission) StdoutLine: {'line': b"writing manifest file '../../build/tello_mission/tello_mission.egg-info/SOURCES.txt'\n"}
[3.547977] (tello_mission) StdoutLine: {'line': b'running build\n'}
[3.548932] (tello_mission) StdoutLine: {'line': b'running build_py\n'}
[3.549736] (tello_mission) StdoutLine: {'line': b'copying tello_mission/tello_mission.py -> /root/DockerFiles/drone_ws/build/tello_mission/build/lib/tello_mission\n'}
[3.549878] (tello_mission) StdoutLine: {'line': b'running install\n'}
[3.549989] (tello_mission) StdoutLine: {'line': b'running install_lib\n'}
[3.550087] (tello_mission) StdoutLine: {'line': b'copying /root/DockerFiles/drone_ws/build/tello_mission/build/lib/tello_mission/tello_mission.py -> /root/DockerFiles/drone_ws/install/tello_mission/lib/python3.8/site-packages/tello_mission\n'}
[3.550189] (tello_mission) StdoutLine: {'line': b'byte-compiling /root/DockerFiles/drone_ws/install/tello_mission/lib/python3.8/site-packages/tello_mission/tello_mission.py to tello_mission.cpython-38.pyc\n'}
[3.550290] (tello_mission) StdoutLine: {'line': b'running install_data\n'}
[3.550384] (tello_mission) StdoutLine: {'line': b'running install_egg_info\n'}
[3.550476] (tello_mission) StdoutLine: {'line': b"removing '/root/DockerFiles/drone_ws/install/tello_mission/lib/python3.8/site-packages/tello_mission-0.0.1-py3.8.egg-info' (and everything under it)\n"}
[3.563093] (-) TimerEvent: {}
[3.563372] (tello_mission) StdoutLine: {'line': b'Copying ../../build/tello_mission/tello_mission.egg-info to /root/DockerFiles/drone_ws/install/tello_mission/lib/python3.8/site-packages/tello_mission-0.0.1-py3.8.egg-info\n'}
[3.563499] (tello_mission) StdoutLine: {'line': b'running install_scripts\n'}
[3.565953] (tello_driver) StdoutLine: {'line': b'-- Install configuration: ""\n'}
[3.566265] (tello_driver) StdoutLine: {'line': b'-- Up-to-date: /root/DockerFiles/drone_ws/install/tello_driver/share/tello_driver/environment/library_path.sh\n'}
[3.566375] (tello_driver) StdoutLine: {'line': b'-- Up-to-date: /root/DockerFiles/drone_ws/install/tello_driver/share/tello_driver/environment/library_path.dsv\n'}
[3.567049] (tello_driver) StdoutLine: {'line': b'-- Up-to-date: /root/DockerFiles/drone_ws/install/tello_driver/lib/libtello_driver_node.so\n'}
[3.567170] (tello_driver) StdoutLine: {'line': b'-- Up-to-date: /root/DockerFiles/drone_ws/install/tello_driver/lib/libtello_joy_node.so\n'}
[3.567401] (tello_driver) StdoutLine: {'line': b'-- Up-to-date: /root/DockerFiles/drone_ws/install/tello_driver/lib/tello_driver/tello_driver_main\n'}
[3.567864] (tello_driver) StdoutLine: {'line': b'-- Up-to-date: /root/DockerFiles/drone_ws/install/tello_driver/lib/tello_driver/tello_joy_main\n'}
[3.568243] (tello_driver) StdoutLine: {'line': b'-- Up-to-date: /root/DockerFiles/drone_ws/install/tello_driver/lib/tello_driver/tello_emulator\n'}
[3.568437] (tello_driver) StdoutLine: {'line': b'-- Up-to-date: /root/DockerFiles/drone_ws/install/tello_driver/share/tello_driver/cfg\n'}
[3.568772] (tello_driver) StdoutLine: {'line': b'-- Up-to-date: /root/DockerFiles/drone_ws/install/tello_driver/share/tello_driver/cfg/camera_info.yaml\n'}
[3.569068] (tello_driver) StdoutLine: {'line': b'-- Up-to-date: /root/DockerFiles/drone_ws/install/tello_driver/share/tello_driver/launch\n'}
[3.569418] (tello_driver) StdoutLine: {'line': b'-- Up-to-date: /root/DockerFiles/drone_ws/install/tello_driver/share/tello_driver/launch/teleop_launch.py\n'}
[3.569724] (tello_driver) StdoutLine: {'line': b'-- Up-to-date: /root/DockerFiles/drone_ws/install/tello_driver/share/tello_driver/launch/emulators_launch.py\n'}
[3.569984] (tello_driver) StdoutLine: {'line': b'-- Up-to-date: /root/DockerFiles/drone_ws/install/tello_driver/share/tello_driver/launch/emulator_launch.py\n'}
[3.573199] (tello_driver) StdoutLine: {'line': b'-- Up-to-date: /root/DockerFiles/drone_ws/install/tello_driver/share/ament_index/resource_index/package_run_dependencies/tello_driver\n'}
[3.573342] (tello_driver) StdoutLine: {'line': b'-- Up-to-date: /root/DockerFiles/drone_ws/install/tello_driver/share/ament_index/resource_index/parent_prefix_path/tello_driver\n'}
[3.573450] (tello_driver) StdoutLine: {'line': b'-- Up-to-date: /root/DockerFiles/drone_ws/install/tello_driver/share/tello_driver/environment/ament_prefix_path.sh\n'}
[3.579622] (tello_driver) StdoutLine: {'line': b'-- Up-to-date: /root/DockerFiles/drone_ws/install/tello_driver/share/tello_driver/environment/ament_prefix_path.dsv\n'}
[3.579913] (tello_driver) StdoutLine: {'line': b'-- Up-to-date: /root/DockerFiles/drone_ws/install/tello_driver/share/tello_driver/environment/path.sh\n'}
[3.580048] (tello_driver) StdoutLine: {'line': b'-- Up-to-date: /root/DockerFiles/drone_ws/install/tello_driver/share/tello_driver/environment/path.dsv\n'}
[3.580160] (tello_driver) StdoutLine: {'line': b'-- Up-to-date: /root/DockerFiles/drone_ws/install/tello_driver/share/tello_driver/local_setup.bash\n'}
[3.580266] (tello_driver) StdoutLine: {'line': b'-- Up-to-date: /root/DockerFiles/drone_ws/install/tello_driver/share/tello_driver/local_setup.sh\n'}
[3.580370] (tello_driver) StdoutLine: {'line': b'-- Up-to-date: /root/DockerFiles/drone_ws/install/tello_driver/share/tello_driver/local_setup.zsh\n'}
[3.580478] (tello_driver) StdoutLine: {'line': b'-- Up-to-date: /root/DockerFiles/drone_ws/install/tello_driver/share/tello_driver/local_setup.dsv\n'}
[3.588452] (tello_driver) StdoutLine: {'line': b'-- Installing: /root/DockerFiles/drone_ws/install/tello_driver/share/tello_driver/package.dsv\n'}
[3.588622] (tello_driver) StdoutLine: {'line': b'-- Up-to-date: /root/DockerFiles/drone_ws/install/tello_driver/share/ament_index/resource_index/packages/tello_driver\n'}
[3.588825] (tello_driver) StdoutLine: {'line': b'-- Up-to-date: /root/DockerFiles/drone_ws/install/tello_driver/share/ament_index/resource_index/rclcpp_components/tello_driver\n'}
[3.588936] (tello_driver) StdoutLine: {'line': b'-- Up-to-date: /root/DockerFiles/drone_ws/install/tello_driver/share/tello_driver/cmake/tello_driverConfig.cmake\n'}
[3.589731] (tello_driver) StdoutLine: {'line': b'-- Up-to-date: /root/DockerFiles/drone_ws/install/tello_driver/share/tello_driver/cmake/tello_driverConfig-version.cmake\n'}
[3.589854] (tello_driver) StdoutLine: {'line': b'-- Up-to-date: /root/DockerFiles/drone_ws/install/tello_driver/share/tello_driver/package.xml\n'}
[3.589940] (tello_driver) CommandEnded: {'returncode': 0}
[3.604072] (tello_mission) StdoutLine: {'line': b'Installing tello_mission script to /root/DockerFiles/drone_ws/install/tello_mission/lib/tello_mission\n'}
[3.604436] (tello_mission) StdoutLine: {'line': b"writing list of installed files to '/root/DockerFiles/drone_ws/build/tello_mission/install.log'\n"}
[3.663262] (-) TimerEvent: {}
[3.675712] (tello_mission) CommandEnded: {'returncode': 0}
[3.710757] (tello_mission) JobEnded: {'identifier': 'tello_mission', 'rc': 0}
[3.763345] (-) TimerEvent: {}
[3.811349] (tello_driver) JobEnded: {'identifier': 'tello_driver', 'rc': 0}
[3.814334] (-) EventReactorShutdown: {}
