[0.542s] DEBUG:colcon:Command line arguments: ['/usr/bin/colcon', 'build']
[0.542s] DEBUG:colcon:Parsed command line arguments: Namespace(ament_cmake_args=None, base_paths=['.'], build_base='build', catkin_cmake_args=None, catkin_skip_building_tests=False, cmake_args=None, cmake_clean_cache=False, cmake_clean_first=False, cmake_force_configure=False, cmake_target=None, cmake_target_skip_unavailable=False, continue_on_error=False, event_handlers=None, executor='parallel', ignore_user_meta=False, install_base='install', log_base=None, log_level=None, main=<bound method BuildVerb.main of <colcon_core.verb.build.BuildVerb object at 0x73c029a21310>>, merge_install=False, metas=['./colcon.meta'], mixin=None, mixin_files=None, mixin_verb=('build',), packages_above=None, packages_above_and_dependencies=None, packages_above_depth=None, packages_end=None, packages_ignore=None, packages_ignore_regex=None, packages_select=None, packages_select_build_failed=False, packages_select_by_dep=None, packages_select_regex=None, packages_select_test_failures=False, packages_skip=None, packages_skip_build_finished=False, packages_skip_by_dep=None, packages_skip_regex=None, packages_skip_test_passed=False, packages_skip_up_to=None, packages_start=None, packages_up_to=None, packages_up_to_regex=None, parallel_workers=12, paths=None, symlink_install=False, test_result_base=None, verb_extension=<colcon_core.verb.build.BuildVerb object at 0x73c029a21310>, verb_name='build', verb_parser=<colcon_mixin.mixin.mixin_argument.MixinArgumentDecorator object at 0x73c029a21970>)
[0.584s] Level 1:colcon.colcon_core.package_discovery:discover_packages(colcon_meta) check parameters
[0.586s] INFO:colcon.colcon_metadata.package_discovery.colcon_meta:Using configuration from '/root/.colcon/metadata/default/Gazebo.meta'
[0.587s] INFO:colcon.colcon_metadata.package_discovery.colcon_meta:Using configuration from '/root/.colcon/metadata/default/fastdds.meta'
[0.587s] INFO:colcon.colcon_metadata.package_discovery.colcon_meta:Using configuration from '/root/.colcon/metadata/default/fastrtps.meta'
[0.588s] Level 1:colcon.colcon_core.package_discovery:discover_packages(recursive) check parameters
[0.588s] Level 1:colcon.colcon_core.package_discovery:discover_packages(ignore) check parameters
[0.588s] Level 1:colcon.colcon_core.package_discovery:discover_packages(path) check parameters
[0.588s] Level 1:colcon.colcon_core.package_discovery:discover_packages(colcon_meta) discover
[0.588s] Level 1:colcon.colcon_core.package_discovery:discover_packages(recursive) discover
[0.588s] INFO:colcon.colcon_core.package_discovery:Crawling recursively for packages in '/root/DockerFiles/drone_ws'
[0.588s] Level 1:colcon.colcon_core.package_identification:_identify(.) by extensions ['ignore', 'ignore_ament_install']
[0.588s] Level 1:colcon.colcon_core.package_identification:_identify(.) by extension 'ignore'
[0.588s] Level 1:colcon.colcon_core.package_identification:_identify(.) by extension 'ignore_ament_install'
[0.588s] Level 1:colcon.colcon_core.package_identification:_identify(.) by extensions ['colcon_pkg']
[0.588s] Level 1:colcon.colcon_core.package_identification:_identify(.) by extension 'colcon_pkg'
[0.588s] Level 1:colcon.colcon_core.package_identification:_identify(.) by extensions ['colcon_meta']
[0.588s] Level 1:colcon.colcon_core.package_identification:_identify(.) by extension 'colcon_meta'
[0.588s] Level 1:colcon.colcon_core.package_identification:_identify(.) by extensions ['ros']
[0.589s] Level 1:colcon.colcon_core.package_identification:_identify(.) by extension 'ros'
[0.632s] Level 1:colcon.colcon_core.package_identification:_identify(.) by extensions ['cmake', 'python']
[0.632s] Level 1:colcon.colcon_core.package_identification:_identify(.) by extension 'cmake'
[0.632s] Level 1:colcon.colcon_core.package_identification:_identify(.) by extension 'python'
[0.632s] Level 1:colcon.colcon_core.package_identification:_identify(.) by extensions ['python_setup_py']
[0.632s] Level 1:colcon.colcon_core.package_identification:_identify(.) by extension 'python_setup_py'
[0.633s] Level 1:colcon.colcon_core.package_identification:_identify(build) by extensions ['ignore', 'ignore_ament_install']
[0.633s] Level 1:colcon.colcon_core.package_identification:_identify(build) by extension 'ignore'
[0.633s] Level 1:colcon.colcon_core.package_identification:_identify(build) ignored
[0.634s] Level 1:colcon.colcon_core.package_identification:_identify(install) by extensions ['ignore', 'ignore_ament_install']
[0.634s] Level 1:colcon.colcon_core.package_identification:_identify(install) by extension 'ignore'
[0.634s] Level 1:colcon.colcon_core.package_identification:_identify(install) ignored
[0.634s] Level 1:colcon.colcon_core.package_identification:_identify(log) by extensions ['ignore', 'ignore_ament_install']
[0.635s] Level 1:colcon.colcon_core.package_identification:_identify(log) by extension 'ignore'
[0.635s] Level 1:colcon.colcon_core.package_identification:_identify(log) ignored
[0.635s] Level 1:colcon.colcon_core.package_identification:_identify(sim) by extensions ['ignore', 'ignore_ament_install']
[0.635s] Level 1:colcon.colcon_core.package_identification:_identify(sim) by extension 'ignore'
[0.635s] Level 1:colcon.colcon_core.package_identification:_identify(sim) by extension 'ignore_ament_install'
[0.636s] Level 1:colcon.colcon_core.package_identification:_identify(sim) by extensions ['colcon_pkg']
[0.636s] Level 1:colcon.colcon_core.package_identification:_identify(sim) by extension 'colcon_pkg'
[0.636s] Level 1:colcon.colcon_core.package_identification:_identify(sim) by extensions ['colcon_meta']
[0.636s] Level 1:colcon.colcon_core.package_identification:_identify(sim) by extension 'colcon_meta'
[0.636s] Level 1:colcon.colcon_core.package_identification:_identify(sim) by extensions ['ros']
[0.637s] Level 1:colcon.colcon_core.package_identification:_identify(sim) by extension 'ros'
[0.637s] Level 1:colcon.colcon_core.package_identification:_identify(sim) by extensions ['cmake', 'python']
[0.637s] Level 1:colcon.colcon_core.package_identification:_identify(sim) by extension 'cmake'
[0.637s] Level 1:colcon.colcon_core.package_identification:_identify(sim) by extension 'python'
[0.637s] Level 1:colcon.colcon_core.package_identification:_identify(sim) by extensions ['python_setup_py']
[0.638s] Level 1:colcon.colcon_core.package_identification:_identify(sim) by extension 'python_setup_py'
[0.638s] Level 1:colcon.colcon_core.package_identification:_identify(sim/build) by extensions ['ignore', 'ignore_ament_install']
[0.638s] Level 1:colcon.colcon_core.package_identification:_identify(sim/build) by extension 'ignore'
[0.638s] Level 1:colcon.colcon_core.package_identification:_identify(sim/build) ignored
[0.639s] Level 1:colcon.colcon_core.package_identification:_identify(sim/install) by extensions ['ignore', 'ignore_ament_install']
[0.639s] Level 1:colcon.colcon_core.package_identification:_identify(sim/install) by extension 'ignore'
[0.639s] Level 1:colcon.colcon_core.package_identification:_identify(sim/install) ignored
[0.639s] Level 1:colcon.colcon_core.package_identification:_identify(sim/log) by extensions ['ignore', 'ignore_ament_install']
[0.640s] Level 1:colcon.colcon_core.package_identification:_identify(sim/log) by extension 'ignore'
[0.640s] Level 1:colcon.colcon_core.package_identification:_identify(sim/log) ignored
[0.640s] Level 1:colcon.colcon_core.package_identification:_identify(sim/worlds) by extensions ['ignore', 'ignore_ament_install']
[0.640s] Level 1:colcon.colcon_core.package_identification:_identify(sim/worlds) by extension 'ignore'
[0.640s] Level 1:colcon.colcon_core.package_identification:_identify(sim/worlds) by extension 'ignore_ament_install'
[0.641s] Level 1:colcon.colcon_core.package_identification:_identify(sim/worlds) by extensions ['colcon_pkg']
[0.641s] Level 1:colcon.colcon_core.package_identification:_identify(sim/worlds) by extension 'colcon_pkg'
[0.641s] Level 1:colcon.colcon_core.package_identification:_identify(sim/worlds) by extensions ['colcon_meta']
[0.642s] Level 1:colcon.colcon_core.package_identification:_identify(sim/worlds) by extension 'colcon_meta'
[0.642s] Level 1:colcon.colcon_core.package_identification:_identify(sim/worlds) by extensions ['ros']
[0.642s] Level 1:colcon.colcon_core.package_identification:_identify(sim/worlds) by extension 'ros'
[0.642s] Level 1:colcon.colcon_core.package_identification:_identify(sim/worlds) by extensions ['cmake', 'python']
[0.642s] Level 1:colcon.colcon_core.package_identification:_identify(sim/worlds) by extension 'cmake'
[0.643s] Level 1:colcon.colcon_core.package_identification:_identify(sim/worlds) by extension 'python'
[0.643s] Level 1:colcon.colcon_core.package_identification:_identify(sim/worlds) by extensions ['python_setup_py']
[0.643s] Level 1:colcon.colcon_core.package_identification:_identify(sim/worlds) by extension 'python_setup_py'
[0.643s] Level 1:colcon.colcon_core.package_identification:_identify(src) by extensions ['ignore', 'ignore_ament_install']
[0.644s] Level 1:colcon.colcon_core.package_identification:_identify(src) by extension 'ignore'
[0.644s] Level 1:colcon.colcon_core.package_identification:_identify(src) by extension 'ignore_ament_install'
[0.644s] Level 1:colcon.colcon_core.package_identification:_identify(src) by extensions ['colcon_pkg']
[0.644s] Level 1:colcon.colcon_core.package_identification:_identify(src) by extension 'colcon_pkg'
[0.644s] Level 1:colcon.colcon_core.package_identification:_identify(src) by extensions ['colcon_meta']
[0.644s] Level 1:colcon.colcon_core.package_identification:_identify(src) by extension 'colcon_meta'
[0.645s] Level 1:colcon.colcon_core.package_identification:_identify(src) by extensions ['ros']
[0.645s] Level 1:colcon.colcon_core.package_identification:_identify(src) by extension 'ros'
[0.645s] Level 1:colcon.colcon_core.package_identification:_identify(src) by extensions ['cmake', 'python']
[0.645s] Level 1:colcon.colcon_core.package_identification:_identify(src) by extension 'cmake'
[0.645s] Level 1:colcon.colcon_core.package_identification:_identify(src) by extension 'python'
[0.646s] Level 1:colcon.colcon_core.package_identification:_identify(src) by extensions ['python_setup_py']
[0.646s] Level 1:colcon.colcon_core.package_identification:_identify(src) by extension 'python_setup_py'
[0.646s] Level 1:colcon.colcon_core.package_identification:_identify(src/ros2_shared) by extensions ['ignore', 'ignore_ament_install']
[0.647s] Level 1:colcon.colcon_core.package_identification:_identify(src/ros2_shared) by extension 'ignore'
[0.647s] Level 1:colcon.colcon_core.package_identification:_identify(src/ros2_shared) by extension 'ignore_ament_install'
[0.647s] Level 1:colcon.colcon_core.package_identification:_identify(src/ros2_shared) by extensions ['colcon_pkg']
[0.648s] Level 1:colcon.colcon_core.package_identification:_identify(src/ros2_shared) by extension 'colcon_pkg'
[0.648s] Level 1:colcon.colcon_core.package_identification:_identify(src/ros2_shared) by extensions ['colcon_meta']
[0.648s] Level 1:colcon.colcon_core.package_identification:_identify(src/ros2_shared) by extension 'colcon_meta'
[0.648s] Level 1:colcon.colcon_core.package_identification:_identify(src/ros2_shared) by extensions ['ros']
[0.648s] Level 1:colcon.colcon_core.package_identification:_identify(src/ros2_shared) by extension 'ros'
[0.652s] DEBUG:colcon.colcon_core.package_identification:Package 'src/ros2_shared' with type 'ros.ament_cmake' and name 'ros2_shared'
[0.653s] Level 1:colcon.colcon_core.package_identification:_identify(src/tello_camera) by extensions ['ignore', 'ignore_ament_install']
[0.653s] Level 1:colcon.colcon_core.package_identification:_identify(src/tello_camera) by extension 'ignore'
[0.653s] Level 1:colcon.colcon_core.package_identification:_identify(src/tello_camera) by extension 'ignore_ament_install'
[0.653s] Level 1:colcon.colcon_core.package_identification:_identify(src/tello_camera) by extensions ['colcon_pkg']
[0.653s] Level 1:colcon.colcon_core.package_identification:_identify(src/tello_camera) by extension 'colcon_pkg'
[0.653s] Level 1:colcon.colcon_core.package_identification:_identify(src/tello_camera) by extensions ['colcon_meta']
[0.653s] Level 1:colcon.colcon_core.package_identification:_identify(src/tello_camera) by extension 'colcon_meta'
[0.653s] Level 1:colcon.colcon_core.package_identification:_identify(src/tello_camera) by extensions ['ros']
[0.653s] Level 1:colcon.colcon_core.package_identification:_identify(src/tello_camera) by extension 'ros'
[0.654s] DEBUG:colcon.colcon_core.package_identification:Package 'src/tello_camera' with type 'ros.ament_python' and name 'tello_camera'
[0.654s] Level 1:colcon.colcon_core.package_identification:_identify(src/tello_controller) by extensions ['ignore', 'ignore_ament_install']
[0.654s] Level 1:colcon.colcon_core.package_identification:_identify(src/tello_controller) by extension 'ignore'
[0.654s] Level 1:colcon.colcon_core.package_identification:_identify(src/tello_controller) by extension 'ignore_ament_install'
[0.654s] Level 1:colcon.colcon_core.package_identification:_identify(src/tello_controller) by extensions ['colcon_pkg']
[0.655s] Level 1:colcon.colcon_core.package_identification:_identify(src/tello_controller) by extension 'colcon_pkg'
[0.655s] Level 1:colcon.colcon_core.package_identification:_identify(src/tello_controller) by extensions ['colcon_meta']
[0.655s] Level 1:colcon.colcon_core.package_identification:_identify(src/tello_controller) by extension 'colcon_meta'
[0.655s] Level 1:colcon.colcon_core.package_identification:_identify(src/tello_controller) by extensions ['ros']
[0.655s] Level 1:colcon.colcon_core.package_identification:_identify(src/tello_controller) by extension 'ros'
[0.655s] DEBUG:colcon.colcon_core.package_identification:Package 'src/tello_controller' with type 'ros.ament_python' and name 'tello_controller'
[0.656s] Level 1:colcon.colcon_core.package_identification:_identify(src/tello_hand_move) by extensions ['ignore', 'ignore_ament_install']
[0.656s] Level 1:colcon.colcon_core.package_identification:_identify(src/tello_hand_move) by extension 'ignore'
[0.656s] Level 1:colcon.colcon_core.package_identification:_identify(src/tello_hand_move) by extension 'ignore_ament_install'
[0.656s] Level 1:colcon.colcon_core.package_identification:_identify(src/tello_hand_move) by extensions ['colcon_pkg']
[0.656s] Level 1:colcon.colcon_core.package_identification:_identify(src/tello_hand_move) by extension 'colcon_pkg'
[0.656s] Level 1:colcon.colcon_core.package_identification:_identify(src/tello_hand_move) by extensions ['colcon_meta']
[0.656s] Level 1:colcon.colcon_core.package_identification:_identify(src/tello_hand_move) by extension 'colcon_meta'
[0.656s] Level 1:colcon.colcon_core.package_identification:_identify(src/tello_hand_move) by extensions ['ros']
[0.656s] Level 1:colcon.colcon_core.package_identification:_identify(src/tello_hand_move) by extension 'ros'
[0.657s] DEBUG:colcon.colcon_core.package_identification:Package 'src/tello_hand_move' with type 'ros.ament_python' and name 'tello_hand_move'
[0.657s] Level 1:colcon.colcon_core.package_identification:_identify(src/tello_mission) by extensions ['ignore', 'ignore_ament_install']
[0.657s] Level 1:colcon.colcon_core.package_identification:_identify(src/tello_mission) by extension 'ignore'
[0.657s] Level 1:colcon.colcon_core.package_identification:_identify(src/tello_mission) by extension 'ignore_ament_install'
[0.657s] Level 1:colcon.colcon_core.package_identification:_identify(src/tello_mission) by extensions ['colcon_pkg']
[0.657s] Level 1:colcon.colcon_core.package_identification:_identify(src/tello_mission) by extension 'colcon_pkg'
[0.657s] Level 1:colcon.colcon_core.package_identification:_identify(src/tello_mission) by extensions ['colcon_meta']
[0.657s] Level 1:colcon.colcon_core.package_identification:_identify(src/tello_mission) by extension 'colcon_meta'
[0.657s] Level 1:colcon.colcon_core.package_identification:_identify(src/tello_mission) by extensions ['ros']
[0.657s] Level 1:colcon.colcon_core.package_identification:_identify(src/tello_mission) by extension 'ros'
[0.658s] DEBUG:colcon.colcon_core.package_identification:Package 'src/tello_mission' with type 'ros.ament_python' and name 'tello_mission'
[0.658s] Level 1:colcon.colcon_core.package_identification:_identify(src/tello_ros) by extensions ['ignore', 'ignore_ament_install']
[0.658s] Level 1:colcon.colcon_core.package_identification:_identify(src/tello_ros) by extension 'ignore'
[0.658s] Level 1:colcon.colcon_core.package_identification:_identify(src/tello_ros) by extension 'ignore_ament_install'
[0.659s] Level 1:colcon.colcon_core.package_identification:_identify(src/tello_ros) by extensions ['colcon_pkg']
[0.659s] Level 1:colcon.colcon_core.package_identification:_identify(src/tello_ros) by extension 'colcon_pkg'
[0.659s] Level 1:colcon.colcon_core.package_identification:_identify(src/tello_ros) by extensions ['colcon_meta']
[0.659s] Level 1:colcon.colcon_core.package_identification:_identify(src/tello_ros) by extension 'colcon_meta'
[0.659s] Level 1:colcon.colcon_core.package_identification:_identify(src/tello_ros) by extensions ['ros']
[0.659s] Level 1:colcon.colcon_core.package_identification:_identify(src/tello_ros) by extension 'ros'
[0.659s] Level 1:colcon.colcon_core.package_identification:_identify(src/tello_ros) by extensions ['cmake', 'python']
[0.659s] Level 1:colcon.colcon_core.package_identification:_identify(src/tello_ros) by extension 'cmake'
[0.659s] Level 1:colcon.colcon_core.package_identification:_identify(src/tello_ros) by extension 'python'
[0.659s] Level 1:colcon.colcon_core.package_identification:_identify(src/tello_ros) by extensions ['python_setup_py']
[0.659s] Level 1:colcon.colcon_core.package_identification:_identify(src/tello_ros) by extension 'python_setup_py'
[0.659s] Level 1:colcon.colcon_core.package_identification:_identify(src/tello_ros/tello_description) by extensions ['ignore', 'ignore_ament_install']
[0.659s] Level 1:colcon.colcon_core.package_identification:_identify(src/tello_ros/tello_description) by extension 'ignore'
[0.660s] Level 1:colcon.colcon_core.package_identification:_identify(src/tello_ros/tello_description) by extension 'ignore_ament_install'
[0.660s] Level 1:colcon.colcon_core.package_identification:_identify(src/tello_ros/tello_description) by extensions ['colcon_pkg']
[0.660s] Level 1:colcon.colcon_core.package_identification:_identify(src/tello_ros/tello_description) by extension 'colcon_pkg'
[0.660s] Level 1:colcon.colcon_core.package_identification:_identify(src/tello_ros/tello_description) by extensions ['colcon_meta']
[0.660s] Level 1:colcon.colcon_core.package_identification:_identify(src/tello_ros/tello_description) by extension 'colcon_meta'
[0.660s] Level 1:colcon.colcon_core.package_identification:_identify(src/tello_ros/tello_description) by extensions ['ros']
[0.660s] Level 1:colcon.colcon_core.package_identification:_identify(src/tello_ros/tello_description) by extension 'ros'
[0.661s] DEBUG:colcon.colcon_core.package_identification:Package 'src/tello_ros/tello_description' with type 'ros.ament_cmake' and name 'tello_description'
[0.662s] Level 1:colcon.colcon_core.package_identification:_identify(src/tello_ros/tello_driver) by extensions ['ignore', 'ignore_ament_install']
[0.662s] Level 1:colcon.colcon_core.package_identification:_identify(src/tello_ros/tello_driver) by extension 'ignore'
[0.662s] Level 1:colcon.colcon_core.package_identification:_identify(src/tello_ros/tello_driver) by extension 'ignore_ament_install'
[0.662s] Level 1:colcon.colcon_core.package_identification:_identify(src/tello_ros/tello_driver) by extensions ['colcon_pkg']
[0.663s] Level 1:colcon.colcon_core.package_identification:_identify(src/tello_ros/tello_driver) by extension 'colcon_pkg'
[0.663s] Level 1:colcon.colcon_core.package_identification:_identify(src/tello_ros/tello_driver) by extensions ['colcon_meta']
[0.663s] Level 1:colcon.colcon_core.package_identification:_identify(src/tello_ros/tello_driver) by extension 'colcon_meta'
[0.663s] Level 1:colcon.colcon_core.package_identification:_identify(src/tello_ros/tello_driver) by extensions ['ros']
[0.663s] Level 1:colcon.colcon_core.package_identification:_identify(src/tello_ros/tello_driver) by extension 'ros'
[0.665s] DEBUG:colcon.colcon_core.package_identification:Package 'src/tello_ros/tello_driver' with type 'ros.ament_cmake' and name 'tello_driver'
[0.665s] Level 1:colcon.colcon_core.package_identification:_identify(src/tello_ros/tello_gazebo) by extensions ['ignore', 'ignore_ament_install']
[0.665s] Level 1:colcon.colcon_core.package_identification:_identify(src/tello_ros/tello_gazebo) by extension 'ignore'
[0.665s] Level 1:colcon.colcon_core.package_identification:_identify(src/tello_ros/tello_gazebo) by extension 'ignore_ament_install'
[0.666s] Level 1:colcon.colcon_core.package_identification:_identify(src/tello_ros/tello_gazebo) by extensions ['colcon_pkg']
[0.666s] Level 1:colcon.colcon_core.package_identification:_identify(src/tello_ros/tello_gazebo) by extension 'colcon_pkg'
[0.666s] Level 1:colcon.colcon_core.package_identification:_identify(src/tello_ros/tello_gazebo) by extensions ['colcon_meta']
[0.666s] Level 1:colcon.colcon_core.package_identification:_identify(src/tello_ros/tello_gazebo) by extension 'colcon_meta'
[0.666s] Level 1:colcon.colcon_core.package_identification:_identify(src/tello_ros/tello_gazebo) by extensions ['ros']
[0.666s] Level 1:colcon.colcon_core.package_identification:_identify(src/tello_ros/tello_gazebo) by extension 'ros'
[0.668s] DEBUG:colcon.colcon_core.package_identification:Package 'src/tello_ros/tello_gazebo' with type 'ros.ament_cmake' and name 'tello_gazebo'
[0.668s] Level 1:colcon.colcon_core.package_identification:_identify(src/tello_ros/tello_msgs) by extensions ['ignore', 'ignore_ament_install']
[0.668s] Level 1:colcon.colcon_core.package_identification:_identify(src/tello_ros/tello_msgs) by extension 'ignore'
[0.668s] Level 1:colcon.colcon_core.package_identification:_identify(src/tello_ros/tello_msgs) by extension 'ignore_ament_install'
[0.669s] Level 1:colcon.colcon_core.package_identification:_identify(src/tello_ros/tello_msgs) by extensions ['colcon_pkg']
[0.669s] Level 1:colcon.colcon_core.package_identification:_identify(src/tello_ros/tello_msgs) by extension 'colcon_pkg'
[0.669s] Level 1:colcon.colcon_core.package_identification:_identify(src/tello_ros/tello_msgs) by extensions ['colcon_meta']
[0.669s] Level 1:colcon.colcon_core.package_identification:_identify(src/tello_ros/tello_msgs) by extension 'colcon_meta'
[0.669s] Level 1:colcon.colcon_core.package_identification:_identify(src/tello_ros/tello_msgs) by extensions ['ros']
[0.669s] Level 1:colcon.colcon_core.package_identification:_identify(src/tello_ros/tello_msgs) by extension 'ros'
[0.670s] DEBUG:colcon.colcon_core.package_identification:Package 'src/tello_ros/tello_msgs' with type 'ros.ament_cmake' and name 'tello_msgs'
[0.670s] Level 1:colcon.colcon_core.package_discovery:discover_packages(recursive) using defaults
[0.671s] Level 1:colcon.colcon_core.package_discovery:discover_packages(ignore) discover
[0.671s] Level 1:colcon.colcon_core.package_discovery:discover_packages(ignore) using defaults
[0.671s] Level 1:colcon.colcon_core.package_discovery:discover_packages(path) discover
[0.671s] Level 1:colcon.colcon_core.package_discovery:discover_packages(path) using defaults
[0.705s] Level 5:colcon.colcon_core.verb:set package 'ros2_shared' build argument 'cmake_args' from command line to 'None'
[0.705s] Level 5:colcon.colcon_core.verb:set package 'ros2_shared' build argument 'cmake_target' from command line to 'None'
[0.706s] Level 5:colcon.colcon_core.verb:set package 'ros2_shared' build argument 'cmake_target_skip_unavailable' from command line to 'False'
[0.706s] Level 5:colcon.colcon_core.verb:set package 'ros2_shared' build argument 'cmake_clean_cache' from command line to 'False'
[0.706s] Level 5:colcon.colcon_core.verb:set package 'ros2_shared' build argument 'cmake_clean_first' from command line to 'False'
[0.706s] Level 5:colcon.colcon_core.verb:set package 'ros2_shared' build argument 'cmake_force_configure' from command line to 'False'
[0.706s] Level 5:colcon.colcon_core.verb:set package 'ros2_shared' build argument 'ament_cmake_args' from command line to 'None'
[0.706s] Level 5:colcon.colcon_core.verb:set package 'ros2_shared' build argument 'catkin_cmake_args' from command line to 'None'
[0.707s] Level 5:colcon.colcon_core.verb:set package 'ros2_shared' build argument 'catkin_skip_building_tests' from command line to 'False'
[0.707s] DEBUG:colcon.colcon_core.verb:Building package 'ros2_shared' with the following arguments: {'ament_cmake_args': None, 'build_base': '/root/DockerFiles/drone_ws/build/ros2_shared', 'catkin_cmake_args': None, 'catkin_skip_building_tests': False, 'cmake_args': None, 'cmake_clean_cache': False, 'cmake_clean_first': False, 'cmake_force_configure': False, 'cmake_target': None, 'cmake_target_skip_unavailable': False, 'install_base': '/root/DockerFiles/drone_ws/install/ros2_shared', 'merge_install': False, 'path': '/root/DockerFiles/drone_ws/src/ros2_shared', 'symlink_install': False, 'test_result_base': None}
[0.708s] Level 5:colcon.colcon_core.verb:set package 'tello_camera' build argument 'cmake_args' from command line to 'None'
[0.709s] Level 5:colcon.colcon_core.verb:set package 'tello_camera' build argument 'cmake_target' from command line to 'None'
[0.709s] Level 5:colcon.colcon_core.verb:set package 'tello_camera' build argument 'cmake_target_skip_unavailable' from command line to 'False'
[0.709s] Level 5:colcon.colcon_core.verb:set package 'tello_camera' build argument 'cmake_clean_cache' from command line to 'False'
[0.709s] Level 5:colcon.colcon_core.verb:set package 'tello_camera' build argument 'cmake_clean_first' from command line to 'False'
[0.709s] Level 5:colcon.colcon_core.verb:set package 'tello_camera' build argument 'cmake_force_configure' from command line to 'False'
[0.710s] Level 5:colcon.colcon_core.verb:set package 'tello_camera' build argument 'ament_cmake_args' from command line to 'None'
[0.710s] Level 5:colcon.colcon_core.verb:set package 'tello_camera' build argument 'catkin_cmake_args' from command line to 'None'
[0.710s] Level 5:colcon.colcon_core.verb:set package 'tello_camera' build argument 'catkin_skip_building_tests' from command line to 'False'
[0.710s] DEBUG:colcon.colcon_core.verb:Building package 'tello_camera' with the following arguments: {'ament_cmake_args': None, 'build_base': '/root/DockerFiles/drone_ws/build/tello_camera', 'catkin_cmake_args': None, 'catkin_skip_building_tests': False, 'cmake_args': None, 'cmake_clean_cache': False, 'cmake_clean_first': False, 'cmake_force_configure': False, 'cmake_target': None, 'cmake_target_skip_unavailable': False, 'install_base': '/root/DockerFiles/drone_ws/install/tello_camera', 'merge_install': False, 'path': '/root/DockerFiles/drone_ws/src/tello_camera', 'symlink_install': False, 'test_result_base': None}
[0.712s] Level 5:colcon.colcon_core.verb:set package 'tello_controller' build argument 'cmake_args' from command line to 'None'
[0.712s] Level 5:colcon.colcon_core.verb:set package 'tello_controller' build argument 'cmake_target' from command line to 'None'
[0.712s] Level 5:colcon.colcon_core.verb:set package 'tello_controller' build argument 'cmake_target_skip_unavailable' from command line to 'False'
[0.712s] Level 5:colcon.colcon_core.verb:set package 'tello_controller' build argument 'cmake_clean_cache' from command line to 'False'
[0.712s] Level 5:colcon.colcon_core.verb:set package 'tello_controller' build argument 'cmake_clean_first' from command line to 'False'
[0.712s] Level 5:colcon.colcon_core.verb:set package 'tello_controller' build argument 'cmake_force_configure' from command line to 'False'
[0.713s] Level 5:colcon.colcon_core.verb:set package 'tello_controller' build argument 'ament_cmake_args' from command line to 'None'
[0.713s] Level 5:colcon.colcon_core.verb:set package 'tello_controller' build argument 'catkin_cmake_args' from command line to 'None'
[0.713s] Level 5:colcon.colcon_core.verb:set package 'tello_controller' build argument 'catkin_skip_building_tests' from command line to 'False'
[0.713s] DEBUG:colcon.colcon_core.verb:Building package 'tello_controller' with the following arguments: {'ament_cmake_args': None, 'build_base': '/root/DockerFiles/drone_ws/build/tello_controller', 'catkin_cmake_args': None, 'catkin_skip_building_tests': False, 'cmake_args': None, 'cmake_clean_cache': False, 'cmake_clean_first': False, 'cmake_force_configure': False, 'cmake_target': None, 'cmake_target_skip_unavailable': False, 'install_base': '/root/DockerFiles/drone_ws/install/tello_controller', 'merge_install': False, 'path': '/root/DockerFiles/drone_ws/src/tello_controller', 'symlink_install': False, 'test_result_base': None}
[0.715s] Level 5:colcon.colcon_core.verb:set package 'tello_description' build argument 'cmake_args' from command line to 'None'
[0.715s] Level 5:colcon.colcon_core.verb:set package 'tello_description' build argument 'cmake_target' from command line to 'None'
[0.715s] Level 5:colcon.colcon_core.verb:set package 'tello_description' build argument 'cmake_target_skip_unavailable' from command line to 'False'
[0.715s] Level 5:colcon.colcon_core.verb:set package 'tello_description' build argument 'cmake_clean_cache' from command line to 'False'
[0.715s] Level 5:colcon.colcon_core.verb:set package 'tello_description' build argument 'cmake_clean_first' from command line to 'False'
[0.715s] Level 5:colcon.colcon_core.verb:set package 'tello_description' build argument 'cmake_force_configure' from command line to 'False'
[0.716s] Level 5:colcon.colcon_core.verb:set package 'tello_description' build argument 'ament_cmake_args' from command line to 'None'
[0.716s] Level 5:colcon.colcon_core.verb:set package 'tello_description' build argument 'catkin_cmake_args' from command line to 'None'
[0.716s] Level 5:colcon.colcon_core.verb:set package 'tello_description' build argument 'catkin_skip_building_tests' from command line to 'False'
[0.716s] DEBUG:colcon.colcon_core.verb:Building package 'tello_description' with the following arguments: {'ament_cmake_args': None, 'build_base': '/root/DockerFiles/drone_ws/build/tello_description', 'catkin_cmake_args': None, 'catkin_skip_building_tests': False, 'cmake_args': None, 'cmake_clean_cache': False, 'cmake_clean_first': False, 'cmake_force_configure': False, 'cmake_target': None, 'cmake_target_skip_unavailable': False, 'install_base': '/root/DockerFiles/drone_ws/install/tello_description', 'merge_install': False, 'path': '/root/DockerFiles/drone_ws/src/tello_ros/tello_description', 'symlink_install': False, 'test_result_base': None}
[0.717s] Level 5:colcon.colcon_core.verb:set package 'tello_hand_move' build argument 'cmake_args' from command line to 'None'
[0.718s] Level 5:colcon.colcon_core.verb:set package 'tello_hand_move' build argument 'cmake_target' from command line to 'None'
[0.718s] Level 5:colcon.colcon_core.verb:set package 'tello_hand_move' build argument 'cmake_target_skip_unavailable' from command line to 'False'
[0.718s] Level 5:colcon.colcon_core.verb:set package 'tello_hand_move' build argument 'cmake_clean_cache' from command line to 'False'
[0.718s] Level 5:colcon.colcon_core.verb:set package 'tello_hand_move' build argument 'cmake_clean_first' from command line to 'False'
[0.718s] Level 5:colcon.colcon_core.verb:set package 'tello_hand_move' build argument 'cmake_force_configure' from command line to 'False'
[0.718s] Level 5:colcon.colcon_core.verb:set package 'tello_hand_move' build argument 'ament_cmake_args' from command line to 'None'
[0.718s] Level 5:colcon.colcon_core.verb:set package 'tello_hand_move' build argument 'catkin_cmake_args' from command line to 'None'
[0.718s] Level 5:colcon.colcon_core.verb:set package 'tello_hand_move' build argument 'catkin_skip_building_tests' from command line to 'False'
[0.718s] DEBUG:colcon.colcon_core.verb:Building package 'tello_hand_move' with the following arguments: {'ament_cmake_args': None, 'build_base': '/root/DockerFiles/drone_ws/build/tello_hand_move', 'catkin_cmake_args': None, 'catkin_skip_building_tests': False, 'cmake_args': None, 'cmake_clean_cache': False, 'cmake_clean_first': False, 'cmake_force_configure': False, 'cmake_target': None, 'cmake_target_skip_unavailable': False, 'install_base': '/root/DockerFiles/drone_ws/install/tello_hand_move', 'merge_install': False, 'path': '/root/DockerFiles/drone_ws/src/tello_hand_move', 'symlink_install': False, 'test_result_base': None}
[0.720s] Level 5:colcon.colcon_core.verb:set package 'tello_mission' build argument 'cmake_args' from command line to 'None'
[0.721s] Level 5:colcon.colcon_core.verb:set package 'tello_mission' build argument 'cmake_target' from command line to 'None'
[0.722s] Level 5:colcon.colcon_core.verb:set package 'tello_mission' build argument 'cmake_target_skip_unavailable' from command line to 'False'
[0.722s] Level 5:colcon.colcon_core.verb:set package 'tello_mission' build argument 'cmake_clean_cache' from command line to 'False'
[0.722s] Level 5:colcon.colcon_core.verb:set package 'tello_mission' build argument 'cmake_clean_first' from command line to 'False'
[0.722s] Level 5:colcon.colcon_core.verb:set package 'tello_mission' build argument 'cmake_force_configure' from command line to 'False'
[0.722s] Level 5:colcon.colcon_core.verb:set package 'tello_mission' build argument 'ament_cmake_args' from command line to 'None'
[0.722s] Level 5:colcon.colcon_core.verb:set package 'tello_mission' build argument 'catkin_cmake_args' from command line to 'None'
[0.722s] Level 5:colcon.colcon_core.verb:set package 'tello_mission' build argument 'catkin_skip_building_tests' from command line to 'False'
[0.722s] DEBUG:colcon.colcon_core.verb:Building package 'tello_mission' with the following arguments: {'ament_cmake_args': None, 'build_base': '/root/DockerFiles/drone_ws/build/tello_mission', 'catkin_cmake_args': None, 'catkin_skip_building_tests': False, 'cmake_args': None, 'cmake_clean_cache': False, 'cmake_clean_first': False, 'cmake_force_configure': False, 'cmake_target': None, 'cmake_target_skip_unavailable': False, 'install_base': '/root/DockerFiles/drone_ws/install/tello_mission', 'merge_install': False, 'path': '/root/DockerFiles/drone_ws/src/tello_mission', 'symlink_install': False, 'test_result_base': None}
[0.725s] Level 5:colcon.colcon_core.verb:set package 'tello_msgs' build argument 'cmake_args' from command line to 'None'
[0.726s] Level 5:colcon.colcon_core.verb:set package 'tello_msgs' build argument 'cmake_target' from command line to 'None'
[0.726s] Level 5:colcon.colcon_core.verb:set package 'tello_msgs' build argument 'cmake_target_skip_unavailable' from command line to 'False'
[0.726s] Level 5:colcon.colcon_core.verb:set package 'tello_msgs' build argument 'cmake_clean_cache' from command line to 'False'
[0.726s] Level 5:colcon.colcon_core.verb:set package 'tello_msgs' build argument 'cmake_clean_first' from command line to 'False'
[0.727s] Level 5:colcon.colcon_core.verb:set package 'tello_msgs' build argument 'cmake_force_configure' from command line to 'False'
[0.727s] Level 5:colcon.colcon_core.verb:set package 'tello_msgs' build argument 'ament_cmake_args' from command line to 'None'
[0.727s] Level 5:colcon.colcon_core.verb:set package 'tello_msgs' build argument 'catkin_cmake_args' from command line to 'None'
[0.727s] Level 5:colcon.colcon_core.verb:set package 'tello_msgs' build argument 'catkin_skip_building_tests' from command line to 'False'
[0.727s] DEBUG:colcon.colcon_core.verb:Building package 'tello_msgs' with the following arguments: {'ament_cmake_args': None, 'build_base': '/root/DockerFiles/drone_ws/build/tello_msgs', 'catkin_cmake_args': None, 'catkin_skip_building_tests': False, 'cmake_args': None, 'cmake_clean_cache': False, 'cmake_clean_first': False, 'cmake_force_configure': False, 'cmake_target': None, 'cmake_target_skip_unavailable': False, 'install_base': '/root/DockerFiles/drone_ws/install/tello_msgs', 'merge_install': False, 'path': '/root/DockerFiles/drone_ws/src/tello_ros/tello_msgs', 'symlink_install': False, 'test_result_base': None}
[0.729s] Level 5:colcon.colcon_core.verb:set package 'tello_driver' build argument 'cmake_args' from command line to 'None'
[0.730s] Level 5:colcon.colcon_core.verb:set package 'tello_driver' build argument 'cmake_target' from command line to 'None'
[0.730s] Level 5:colcon.colcon_core.verb:set package 'tello_driver' build argument 'cmake_target_skip_unavailable' from command line to 'False'
[0.730s] Level 5:colcon.colcon_core.verb:set package 'tello_driver' build argument 'cmake_clean_cache' from command line to 'False'
[0.730s] Level 5:colcon.colcon_core.verb:set package 'tello_driver' build argument 'cmake_clean_first' from command line to 'False'
[0.730s] Level 5:colcon.colcon_core.verb:set package 'tello_driver' build argument 'cmake_force_configure' from command line to 'False'
[0.731s] Level 5:colcon.colcon_core.verb:set package 'tello_driver' build argument 'ament_cmake_args' from command line to 'None'
[0.731s] Level 5:colcon.colcon_core.verb:set package 'tello_driver' build argument 'catkin_cmake_args' from command line to 'None'
[0.731s] Level 5:colcon.colcon_core.verb:set package 'tello_driver' build argument 'catkin_skip_building_tests' from command line to 'False'
[0.731s] DEBUG:colcon.colcon_core.verb:Building package 'tello_driver' with the following arguments: {'ament_cmake_args': None, 'build_base': '/root/DockerFiles/drone_ws/build/tello_driver', 'catkin_cmake_args': None, 'catkin_skip_building_tests': False, 'cmake_args': None, 'cmake_clean_cache': False, 'cmake_clean_first': False, 'cmake_force_configure': False, 'cmake_target': None, 'cmake_target_skip_unavailable': False, 'install_base': '/root/DockerFiles/drone_ws/install/tello_driver', 'merge_install': False, 'path': '/root/DockerFiles/drone_ws/src/tello_ros/tello_driver', 'symlink_install': False, 'test_result_base': None}
[0.734s] Level 5:colcon.colcon_core.verb:set package 'tello_gazebo' build argument 'cmake_args' from command line to 'None'
[0.734s] Level 5:colcon.colcon_core.verb:set package 'tello_gazebo' build argument 'cmake_target' from command line to 'None'
[0.734s] Level 5:colcon.colcon_core.verb:set package 'tello_gazebo' build argument 'cmake_target_skip_unavailable' from command line to 'False'
[0.735s] Level 5:colcon.colcon_core.verb:set package 'tello_gazebo' build argument 'cmake_clean_cache' from command line to 'False'
[0.735s] Level 5:colcon.colcon_core.verb:set package 'tello_gazebo' build argument 'cmake_clean_first' from command line to 'False'
[0.735s] Level 5:colcon.colcon_core.verb:set package 'tello_gazebo' build argument 'cmake_force_configure' from command line to 'False'
[0.735s] Level 5:colcon.colcon_core.verb:set package 'tello_gazebo' build argument 'ament_cmake_args' from command line to 'None'
[0.735s] Level 5:colcon.colcon_core.verb:set package 'tello_gazebo' build argument 'catkin_cmake_args' from command line to 'None'
[0.735s] Level 5:colcon.colcon_core.verb:set package 'tello_gazebo' build argument 'catkin_skip_building_tests' from command line to 'False'
[0.736s] DEBUG:colcon.colcon_core.verb:Building package 'tello_gazebo' with the following arguments: {'ament_cmake_args': None, 'build_base': '/root/DockerFiles/drone_ws/build/tello_gazebo', 'catkin_cmake_args': None, 'catkin_skip_building_tests': False, 'cmake_args': None, 'cmake_clean_cache': False, 'cmake_clean_first': False, 'cmake_force_configure': False, 'cmake_target': None, 'cmake_target_skip_unavailable': False, 'install_base': '/root/DockerFiles/drone_ws/install/tello_gazebo', 'merge_install': False, 'path': '/root/DockerFiles/drone_ws/src/tello_ros/tello_gazebo', 'symlink_install': False, 'test_result_base': None}
[0.737s] INFO:colcon.colcon_core.executor:Executing jobs using 'parallel' executor
[0.745s] DEBUG:colcon.colcon_parallel_executor.executor.parallel:run_until_complete
[0.747s] INFO:colcon.colcon_ros.task.ament_cmake.build:Building ROS package in '/root/DockerFiles/drone_ws/src/tello_ros/tello_msgs' with build type 'ament_cmake'
[0.748s] INFO:colcon.colcon_cmake.task.cmake.build:Building CMake package in '/root/DockerFiles/drone_ws/src/tello_ros/tello_msgs'
[0.755s] INFO:colcon.colcon_core.plugin_system:Skipping extension 'colcon_core.shell.bat': Not used on non-Windows systems
[0.755s] INFO:colcon.colcon_core.shell:Skip shell extension 'powershell' for command environment: Not usable outside of PowerShell
[0.756s] DEBUG:colcon.colcon_core.shell:Skip shell extension 'dsv' for command environment
[0.768s] INFO:colcon.colcon_ros.task.ament_cmake.build:Building ROS package in '/root/DockerFiles/drone_ws/src/ros2_shared' with build type 'ament_cmake'
[0.769s] INFO:colcon.colcon_cmake.task.cmake.build:Building CMake package in '/root/DockerFiles/drone_ws/src/ros2_shared'
[0.772s] INFO:colcon.colcon_core.shell:Skip shell extension 'powershell' for command environment: Not usable outside of PowerShell
[0.772s] DEBUG:colcon.colcon_core.shell:Skip shell extension 'dsv' for command environment
[0.801s] INFO:colcon.colcon_ros.task.ament_python.build:Building ROS package in '/root/DockerFiles/drone_ws/src/tello_camera' with build type 'ament_python'
[0.802s] Level 1:colcon.colcon_core.shell:create_environment_hook('tello_camera', 'ament_prefix_path')
[0.805s] INFO:colcon.colcon_core.shell:Creating environment hook '/root/DockerFiles/drone_ws/install/tello_camera/share/tello_camera/hook/ament_prefix_path.ps1'
[0.807s] INFO:colcon.colcon_core.shell:Creating environment descriptor '/root/DockerFiles/drone_ws/install/tello_camera/share/tello_camera/hook/ament_prefix_path.dsv'
[0.808s] INFO:colcon.colcon_core.shell:Creating environment hook '/root/DockerFiles/drone_ws/install/tello_camera/share/tello_camera/hook/ament_prefix_path.sh'
[0.811s] INFO:colcon.colcon_core.shell:Skip shell extension 'powershell' for command environment: Not usable outside of PowerShell
[0.812s] DEBUG:colcon.colcon_core.shell:Skip shell extension 'dsv' for command environment
[0.830s] INFO:colcon.colcon_ros.task.ament_python.build:Building ROS package in '/root/DockerFiles/drone_ws/src/tello_controller' with build type 'ament_python'
[0.830s] Level 1:colcon.colcon_core.shell:create_environment_hook('tello_controller', 'ament_prefix_path')
[0.833s] INFO:colcon.colcon_core.shell:Creating environment hook '/root/DockerFiles/drone_ws/install/tello_controller/share/tello_controller/hook/ament_prefix_path.ps1'
[0.838s] INFO:colcon.colcon_core.shell:Creating environment descriptor '/root/DockerFiles/drone_ws/install/tello_controller/share/tello_controller/hook/ament_prefix_path.dsv'
[0.839s] INFO:colcon.colcon_core.shell:Creating environment hook '/root/DockerFiles/drone_ws/install/tello_controller/share/tello_controller/hook/ament_prefix_path.sh'
[0.842s] INFO:colcon.colcon_core.shell:Skip shell extension 'powershell' for command environment: Not usable outside of PowerShell
[0.843s] DEBUG:colcon.colcon_core.shell:Skip shell extension 'dsv' for command environment
[0.861s] INFO:colcon.colcon_ros.task.ament_cmake.build:Building ROS package in '/root/DockerFiles/drone_ws/src/tello_ros/tello_description' with build type 'ament_cmake'
[0.862s] INFO:colcon.colcon_cmake.task.cmake.build:Building CMake package in '/root/DockerFiles/drone_ws/src/tello_ros/tello_description'
[0.865s] INFO:colcon.colcon_core.shell:Skip shell extension 'powershell' for command environment: Not usable outside of PowerShell
[0.866s] DEBUG:colcon.colcon_core.shell:Skip shell extension 'dsv' for command environment
[0.881s] INFO:colcon.colcon_ros.task.ament_python.build:Building ROS package in '/root/DockerFiles/drone_ws/src/tello_hand_move' with build type 'ament_python'
[0.882s] Level 1:colcon.colcon_core.shell:create_environment_hook('tello_hand_move', 'ament_prefix_path')
[0.884s] INFO:colcon.colcon_core.shell:Creating environment hook '/root/DockerFiles/drone_ws/install/tello_hand_move/share/tello_hand_move/hook/ament_prefix_path.ps1'
[0.886s] INFO:colcon.colcon_core.shell:Creating environment descriptor '/root/DockerFiles/drone_ws/install/tello_hand_move/share/tello_hand_move/hook/ament_prefix_path.dsv'
[0.887s] INFO:colcon.colcon_core.shell:Creating environment hook '/root/DockerFiles/drone_ws/install/tello_hand_move/share/tello_hand_move/hook/ament_prefix_path.sh'
[0.890s] INFO:colcon.colcon_core.shell:Skip shell extension 'powershell' for command environment: Not usable outside of PowerShell
[0.890s] DEBUG:colcon.colcon_core.shell:Skip shell extension 'dsv' for command environment
[0.917s] INFO:colcon.colcon_ros.task.ament_python.build:Building ROS package in '/root/DockerFiles/drone_ws/src/tello_mission' with build type 'ament_python'
[0.918s] Level 1:colcon.colcon_core.shell:create_environment_hook('tello_mission', 'ament_prefix_path')
[0.920s] INFO:colcon.colcon_core.shell:Creating environment hook '/root/DockerFiles/drone_ws/install/tello_mission/share/tello_mission/hook/ament_prefix_path.ps1'
[0.922s] INFO:colcon.colcon_core.shell:Creating environment descriptor '/root/DockerFiles/drone_ws/install/tello_mission/share/tello_mission/hook/ament_prefix_path.dsv'
[0.924s] INFO:colcon.colcon_core.shell:Creating environment hook '/root/DockerFiles/drone_ws/install/tello_mission/share/tello_mission/hook/ament_prefix_path.sh'
[0.927s] INFO:colcon.colcon_core.shell:Skip shell extension 'powershell' for command environment: Not usable outside of PowerShell
[0.927s] DEBUG:colcon.colcon_core.shell:Skip shell extension 'dsv' for command environment
[0.955s] DEBUG:colcon.colcon_core.event_handler.log_command:Invoking command in '/root/DockerFiles/drone_ws/build/tello_msgs': CMAKE_PREFIX_PATH=${CMAKE_PREFIX_PATH}:/root/DockerFiles/drone_ws/install/tello_mission:/root/DockerFiles/drone_ws/install/tello_hand_move:/root/DockerFiles/drone_ws/install/tello_controller:/root/DockerFiles/drone_ws/install/tello_camera:/opt/ros/foxy /usr/bin/cmake --build /root/DockerFiles/drone_ws/build/tello_msgs -- -j12 -l12
[0.977s] DEBUG:colcon.colcon_core.event_handler.log_command:Invoking command in '/root/DockerFiles/drone_ws/build/ros2_shared': CMAKE_PREFIX_PATH=${CMAKE_PREFIX_PATH}:/root/DockerFiles/drone_ws/install/tello_mission:/root/DockerFiles/drone_ws/install/tello_hand_move:/root/DockerFiles/drone_ws/install/tello_controller:/root/DockerFiles/drone_ws/install/tello_camera:/opt/ros/foxy /usr/bin/cmake --build /root/DockerFiles/drone_ws/build/ros2_shared -- -j12 -l12
[1.323s] INFO:colcon.colcon_core.task.python.build:Building Python package in '/root/DockerFiles/drone_ws/src/tello_camera'
[1.337s] INFO:colcon.colcon_core.shell:Skip shell extension 'powershell' for command environment: Not usable outside of PowerShell
[1.337s] DEBUG:colcon.colcon_core.shell:Skip shell extension 'dsv' for command environment
[1.720s] INFO:colcon.colcon_core.task.python.build:Building Python package in '/root/DockerFiles/drone_ws/src/tello_controller'
[1.721s] INFO:colcon.colcon_core.shell:Skip shell extension 'powershell' for command environment: Not usable outside of PowerShell
[1.721s] DEBUG:colcon.colcon_core.shell:Skip shell extension 'dsv' for command environment
[1.743s] DEBUG:colcon.colcon_core.event_handler.log_command:Invoking command in '/root/DockerFiles/drone_ws/build/tello_description': CMAKE_PREFIX_PATH=${CMAKE_PREFIX_PATH}:/root/DockerFiles/drone_ws/install/tello_mission:/root/DockerFiles/drone_ws/install/tello_hand_move:/root/DockerFiles/drone_ws/install/tello_controller:/root/DockerFiles/drone_ws/install/tello_camera:/opt/ros/foxy /usr/bin/cmake --build /root/DockerFiles/drone_ws/build/tello_description -- -j12 -l12
[2.149s] WARNING:colcon.colcon_ros.task.ament_python.build:Package 'tello_hand_move' doesn't explicitly install a marker in the package index (colcon-ros currently does it implicitly but that fallback will be removed in the future)
[2.153s] WARNING:colcon.colcon_ros.task.ament_python.build:Package 'tello_hand_move' doesn't explicitly install the 'package.xml' file (colcon-ros currently does it implicitly but that fallback will be removed in the future)
[2.153s] INFO:colcon.colcon_core.task.python.build:Building Python package in '/root/DockerFiles/drone_ws/src/tello_hand_move'
[2.156s] INFO:colcon.colcon_core.shell:Skip shell extension 'powershell' for command environment: Not usable outside of PowerShell
[2.156s] DEBUG:colcon.colcon_core.shell:Skip shell extension 'dsv' for command environment
[2.190s] DEBUG:colcon.colcon_core.event_handler.log_command:Invoked command in '/root/DockerFiles/drone_ws/build/tello_msgs' returned '0': CMAKE_PREFIX_PATH=${CMAKE_PREFIX_PATH}:/root/DockerFiles/drone_ws/install/tello_mission:/root/DockerFiles/drone_ws/install/tello_hand_move:/root/DockerFiles/drone_ws/install/tello_controller:/root/DockerFiles/drone_ws/install/tello_camera:/opt/ros/foxy /usr/bin/cmake --build /root/DockerFiles/drone_ws/build/tello_msgs -- -j12 -l12
[2.201s] DEBUG:colcon.colcon_core.event_handler.log_command:Invoked command in '/root/DockerFiles/drone_ws/build/ros2_shared' returned '0': CMAKE_PREFIX_PATH=${CMAKE_PREFIX_PATH}:/root/DockerFiles/drone_ws/install/tello_mission:/root/DockerFiles/drone_ws/install/tello_hand_move:/root/DockerFiles/drone_ws/install/tello_controller:/root/DockerFiles/drone_ws/install/tello_camera:/opt/ros/foxy /usr/bin/cmake --build /root/DockerFiles/drone_ws/build/ros2_shared -- -j12 -l12
[2.555s] INFO:colcon.colcon_core.task.python.build:Building Python package in '/root/DockerFiles/drone_ws/src/tello_mission'
[2.557s] INFO:colcon.colcon_core.shell:Skip shell extension 'powershell' for command environment: Not usable outside of PowerShell
[2.557s] DEBUG:colcon.colcon_core.shell:Skip shell extension 'dsv' for command environment
[2.623s] DEBUG:colcon.colcon_core.event_handler.log_command:Invoking command in '/root/DockerFiles/drone_ws/build/tello_msgs': CMAKE_PREFIX_PATH=${CMAKE_PREFIX_PATH}:/root/DockerFiles/drone_ws/install/tello_mission:/root/DockerFiles/drone_ws/install/tello_hand_move:/root/DockerFiles/drone_ws/install/tello_controller:/root/DockerFiles/drone_ws/install/tello_camera:/opt/ros/foxy /usr/bin/cmake --install /root/DockerFiles/drone_ws/build/tello_msgs
[2.630s] DEBUG:colcon.colcon_core.event_handler.log_command:Invoking command in '/root/DockerFiles/drone_ws/build/ros2_shared': CMAKE_PREFIX_PATH=${CMAKE_PREFIX_PATH}:/root/DockerFiles/drone_ws/install/tello_mission:/root/DockerFiles/drone_ws/install/tello_hand_move:/root/DockerFiles/drone_ws/install/tello_controller:/root/DockerFiles/drone_ws/install/tello_camera:/opt/ros/foxy /usr/bin/cmake --install /root/DockerFiles/drone_ws/build/ros2_shared
[2.653s] DEBUG:colcon.colcon_core.event_handler.log_command:Invoked command in '/root/DockerFiles/drone_ws/build/tello_description' returned '0': CMAKE_PREFIX_PATH=${CMAKE_PREFIX_PATH}:/root/DockerFiles/drone_ws/install/tello_mission:/root/DockerFiles/drone_ws/install/tello_hand_move:/root/DockerFiles/drone_ws/install/tello_controller:/root/DockerFiles/drone_ws/install/tello_camera:/opt/ros/foxy /usr/bin/cmake --build /root/DockerFiles/drone_ws/build/tello_description -- -j12 -l12
[2.676s] Level 1:colcon.colcon_core.environment:create_environment_scripts_only(ros2_shared)
[2.711s] DEBUG:colcon.colcon_core.event_handler.log_command:Invoked command in '/root/DockerFiles/drone_ws/build/ros2_shared' returned '0': CMAKE_PREFIX_PATH=${CMAKE_PREFIX_PATH}:/root/DockerFiles/drone_ws/install/tello_mission:/root/DockerFiles/drone_ws/install/tello_hand_move:/root/DockerFiles/drone_ws/install/tello_controller:/root/DockerFiles/drone_ws/install/tello_camera:/opt/ros/foxy /usr/bin/cmake --install /root/DockerFiles/drone_ws/build/ros2_shared
[2.722s] Level 1:colcon.colcon_core.environment:checking '/root/DockerFiles/drone_ws/install/ros2_shared' for CMake module files
[2.723s] Level 1:colcon.colcon_core.environment:checking '/root/DockerFiles/drone_ws/install/ros2_shared' for CMake config files
[2.723s] Level 1:colcon.colcon_core.shell:create_environment_hook('ros2_shared', 'cmake_prefix_path')
[2.727s] INFO:colcon.colcon_core.shell:Creating environment hook '/root/DockerFiles/drone_ws/install/ros2_shared/share/ros2_shared/hook/cmake_prefix_path.ps1'
[2.731s] INFO:colcon.colcon_core.shell:Creating environment descriptor '/root/DockerFiles/drone_ws/install/ros2_shared/share/ros2_shared/hook/cmake_prefix_path.dsv'
[2.731s] INFO:colcon.colcon_core.shell:Creating environment hook '/root/DockerFiles/drone_ws/install/ros2_shared/share/ros2_shared/hook/cmake_prefix_path.sh'
[2.732s] Level 1:colcon.colcon_core.environment:checking '/root/DockerFiles/drone_ws/install/ros2_shared/bin'
[2.732s] Level 1:colcon.colcon_core.environment:checking '/root/DockerFiles/drone_ws/install/ros2_shared/lib/pkgconfig/ros2_shared.pc'
[2.733s] Level 1:colcon.colcon_core.environment:checking '/root/DockerFiles/drone_ws/install/ros2_shared/lib/python3.8/site-packages'
[2.733s] Level 1:colcon.colcon_core.environment:checking '/root/DockerFiles/drone_ws/install/ros2_shared/bin'
[2.735s] INFO:colcon.colcon_core.shell:Creating package script '/root/DockerFiles/drone_ws/install/ros2_shared/share/ros2_shared/package.ps1'
[2.737s] INFO:colcon.colcon_core.shell:Creating package descriptor '/root/DockerFiles/drone_ws/install/ros2_shared/share/ros2_shared/package.dsv'
[2.737s] INFO:colcon.colcon_core.shell:Creating package script '/root/DockerFiles/drone_ws/install/ros2_shared/share/ros2_shared/package.sh'
[2.739s] INFO:colcon.colcon_core.shell:Creating package script '/root/DockerFiles/drone_ws/install/ros2_shared/share/ros2_shared/package.bash'
[2.741s] INFO:colcon.colcon_core.shell:Creating package script '/root/DockerFiles/drone_ws/install/ros2_shared/share/ros2_shared/package.zsh'
[2.742s] Level 1:colcon.colcon_core.environment:create_file_with_runtime_dependencies(/root/DockerFiles/drone_ws/install/ros2_shared/share/colcon-core/packages/ros2_shared)
[2.767s] DEBUG:colcon.colcon_core.event_handler.log_command:Invoking command in '/root/DockerFiles/drone_ws/build/tello_description': CMAKE_PREFIX_PATH=${CMAKE_PREFIX_PATH}:/root/DockerFiles/drone_ws/install/tello_mission:/root/DockerFiles/drone_ws/install/tello_hand_move:/root/DockerFiles/drone_ws/install/tello_controller:/root/DockerFiles/drone_ws/install/tello_camera:/opt/ros/foxy /usr/bin/cmake --install /root/DockerFiles/drone_ws/build/tello_description
[2.788s] Level 1:colcon.colcon_core.environment:create_environment_scripts_only(tello_msgs)
[2.796s] Level 1:colcon.colcon_core.environment:checking '/root/DockerFiles/drone_ws/install/tello_msgs' for CMake module files
[2.797s] Level 1:colcon.colcon_core.environment:checking '/root/DockerFiles/drone_ws/install/tello_msgs' for CMake config files
[2.798s] Level 1:colcon.colcon_core.shell:create_environment_hook('tello_msgs', 'cmake_prefix_path')
[2.796s] DEBUG:colcon.colcon_core.event_handler.log_command:Invoked command in '/root/DockerFiles/drone_ws/build/tello_msgs' returned '0': CMAKE_PREFIX_PATH=${CMAKE_PREFIX_PATH}:/root/DockerFiles/drone_ws/install/tello_mission:/root/DockerFiles/drone_ws/install/tello_hand_move:/root/DockerFiles/drone_ws/install/tello_controller:/root/DockerFiles/drone_ws/install/tello_camera:/opt/ros/foxy /usr/bin/cmake --install /root/DockerFiles/drone_ws/build/tello_msgs
[2.803s] INFO:colcon.colcon_core.shell:Creating environment hook '/root/DockerFiles/drone_ws/install/tello_msgs/share/tello_msgs/hook/cmake_prefix_path.ps1'
[2.805s] INFO:colcon.colcon_core.shell:Creating environment descriptor '/root/DockerFiles/drone_ws/install/tello_msgs/share/tello_msgs/hook/cmake_prefix_path.dsv'
[2.805s] INFO:colcon.colcon_core.shell:Creating environment hook '/root/DockerFiles/drone_ws/install/tello_msgs/share/tello_msgs/hook/cmake_prefix_path.sh'
[2.806s] Level 1:colcon.colcon_core.environment:checking '/root/DockerFiles/drone_ws/install/tello_msgs/lib'
[2.806s] Level 1:colcon.colcon_core.shell:create_environment_hook('tello_msgs', 'ld_library_path_lib')
[2.811s] INFO:colcon.colcon_core.shell:Creating environment hook '/root/DockerFiles/drone_ws/install/tello_msgs/share/tello_msgs/hook/ld_library_path_lib.ps1'
[2.812s] INFO:colcon.colcon_core.shell:Creating environment descriptor '/root/DockerFiles/drone_ws/install/tello_msgs/share/tello_msgs/hook/ld_library_path_lib.dsv'
[2.815s] INFO:colcon.colcon_core.shell:Creating environment hook '/root/DockerFiles/drone_ws/install/tello_msgs/share/tello_msgs/hook/ld_library_path_lib.sh'
[2.815s] Level 1:colcon.colcon_core.environment:checking '/root/DockerFiles/drone_ws/install/tello_msgs/bin'
[2.815s] Level 1:colcon.colcon_core.environment:checking '/root/DockerFiles/drone_ws/install/tello_msgs/lib/pkgconfig/tello_msgs.pc'
[2.816s] Level 1:colcon.colcon_core.environment:checking '/root/DockerFiles/drone_ws/install/tello_msgs/lib/python3.8/site-packages'
[2.816s] Level 1:colcon.colcon_core.shell:create_environment_hook('tello_msgs', 'pythonpath')
[2.819s] INFO:colcon.colcon_core.shell:Creating environment hook '/root/DockerFiles/drone_ws/install/tello_msgs/share/tello_msgs/hook/pythonpath.ps1'
[2.819s] INFO:colcon.colcon_core.shell:Creating environment descriptor '/root/DockerFiles/drone_ws/install/tello_msgs/share/tello_msgs/hook/pythonpath.dsv'
[2.820s] INFO:colcon.colcon_core.shell:Creating environment hook '/root/DockerFiles/drone_ws/install/tello_msgs/share/tello_msgs/hook/pythonpath.sh'
[2.821s] Level 1:colcon.colcon_core.environment:checking '/root/DockerFiles/drone_ws/install/tello_msgs/bin'
[2.824s] INFO:colcon.colcon_core.shell:Creating package script '/root/DockerFiles/drone_ws/install/tello_msgs/share/tello_msgs/package.ps1'
[2.827s] INFO:colcon.colcon_core.shell:Creating package descriptor '/root/DockerFiles/drone_ws/install/tello_msgs/share/tello_msgs/package.dsv'
[2.828s] INFO:colcon.colcon_core.shell:Creating package script '/root/DockerFiles/drone_ws/install/tello_msgs/share/tello_msgs/package.sh'
[2.829s] INFO:colcon.colcon_core.shell:Creating package script '/root/DockerFiles/drone_ws/install/tello_msgs/share/tello_msgs/package.bash'
[2.830s] INFO:colcon.colcon_core.shell:Creating package script '/root/DockerFiles/drone_ws/install/tello_msgs/share/tello_msgs/package.zsh'
[2.831s] Level 1:colcon.colcon_core.environment:create_file_with_runtime_dependencies(/root/DockerFiles/drone_ws/install/tello_msgs/share/colcon-core/packages/tello_msgs)
[2.848s] Level 1:colcon.colcon_core.environment:create_environment_scripts_only(ros2_shared)
[2.851s] Level 1:colcon.colcon_core.environment:checking '/root/DockerFiles/drone_ws/install/ros2_shared' for CMake module files
[2.854s] Level 1:colcon.colcon_core.environment:checking '/root/DockerFiles/drone_ws/install/ros2_shared' for CMake config files
[2.854s] Level 1:colcon.colcon_core.shell:create_environment_hook('ros2_shared', 'cmake_prefix_path')
[2.856s] INFO:colcon.colcon_core.shell:Creating environment hook '/root/DockerFiles/drone_ws/install/ros2_shared/share/ros2_shared/hook/cmake_prefix_path.ps1'
[2.857s] INFO:colcon.colcon_core.shell:Creating environment descriptor '/root/DockerFiles/drone_ws/install/ros2_shared/share/ros2_shared/hook/cmake_prefix_path.dsv'
[2.860s] INFO:colcon.colcon_core.shell:Creating environment hook '/root/DockerFiles/drone_ws/install/ros2_shared/share/ros2_shared/hook/cmake_prefix_path.sh'
[2.861s] Level 1:colcon.colcon_core.environment:checking '/root/DockerFiles/drone_ws/install/ros2_shared/bin'
[2.861s] Level 1:colcon.colcon_core.environment:checking '/root/DockerFiles/drone_ws/install/ros2_shared/lib/pkgconfig/ros2_shared.pc'
[2.862s] Level 1:colcon.colcon_core.environment:checking '/root/DockerFiles/drone_ws/install/ros2_shared/lib/python3.8/site-packages'
[2.862s] Level 1:colcon.colcon_core.environment:checking '/root/DockerFiles/drone_ws/install/ros2_shared/bin'
[2.868s] INFO:colcon.colcon_core.shell:Creating package script '/root/DockerFiles/drone_ws/install/ros2_shared/share/ros2_shared/package.ps1'
[2.869s] INFO:colcon.colcon_core.shell:Creating package descriptor '/root/DockerFiles/drone_ws/install/ros2_shared/share/ros2_shared/package.dsv'
[2.870s] INFO:colcon.colcon_core.shell:Creating package script '/root/DockerFiles/drone_ws/install/ros2_shared/share/ros2_shared/package.sh'
[2.871s] INFO:colcon.colcon_core.shell:Creating package script '/root/DockerFiles/drone_ws/install/ros2_shared/share/ros2_shared/package.bash'
[2.872s] INFO:colcon.colcon_core.shell:Creating package script '/root/DockerFiles/drone_ws/install/ros2_shared/share/ros2_shared/package.zsh'
[2.873s] Level 1:colcon.colcon_core.environment:create_file_with_runtime_dependencies(/root/DockerFiles/drone_ws/install/ros2_shared/share/colcon-core/packages/ros2_shared)
[2.874s] Level 1:colcon.colcon_core.environment:create_environment_scripts_only(tello_description)
[2.885s] Level 1:colcon.colcon_core.environment:checking '/root/DockerFiles/drone_ws/install/tello_description' for CMake module files
[2.890s] Level 1:colcon.colcon_core.environment:checking '/root/DockerFiles/drone_ws/install/tello_description' for CMake config files
[2.891s] Level 1:colcon.colcon_core.shell:create_environment_hook('tello_description', 'cmake_prefix_path')
[2.890s] DEBUG:colcon.colcon_core.event_handler.log_command:Invoked command in '/root/DockerFiles/drone_ws/build/tello_description' returned '0': CMAKE_PREFIX_PATH=${CMAKE_PREFIX_PATH}:/root/DockerFiles/drone_ws/install/tello_mission:/root/DockerFiles/drone_ws/install/tello_hand_move:/root/DockerFiles/drone_ws/install/tello_controller:/root/DockerFiles/drone_ws/install/tello_camera:/opt/ros/foxy /usr/bin/cmake --install /root/DockerFiles/drone_ws/build/tello_description
[2.893s] INFO:colcon.colcon_core.shell:Creating environment hook '/root/DockerFiles/drone_ws/install/tello_description/share/tello_description/hook/cmake_prefix_path.ps1'
[2.898s] INFO:colcon.colcon_core.shell:Creating environment descriptor '/root/DockerFiles/drone_ws/install/tello_description/share/tello_description/hook/cmake_prefix_path.dsv'
[2.899s] INFO:colcon.colcon_core.shell:Creating environment hook '/root/DockerFiles/drone_ws/install/tello_description/share/tello_description/hook/cmake_prefix_path.sh'
[2.900s] Level 1:colcon.colcon_core.environment:checking '/root/DockerFiles/drone_ws/install/tello_description/bin'
[2.901s] Level 1:colcon.colcon_core.environment:checking '/root/DockerFiles/drone_ws/install/tello_description/lib/pkgconfig/tello_description.pc'
[2.902s] Level 1:colcon.colcon_core.environment:checking '/root/DockerFiles/drone_ws/install/tello_description/lib/python3.8/site-packages'
[2.905s] Level 1:colcon.colcon_core.environment:checking '/root/DockerFiles/drone_ws/install/tello_description/bin'
[2.907s] INFO:colcon.colcon_core.shell:Creating package script '/root/DockerFiles/drone_ws/install/tello_description/share/tello_description/package.ps1'
[2.915s] INFO:colcon.colcon_core.shell:Creating package descriptor '/root/DockerFiles/drone_ws/install/tello_description/share/tello_description/package.dsv'
[2.915s] INFO:colcon.colcon_core.shell:Creating package script '/root/DockerFiles/drone_ws/install/tello_description/share/tello_description/package.sh'
[2.916s] INFO:colcon.colcon_core.shell:Creating package script '/root/DockerFiles/drone_ws/install/tello_description/share/tello_description/package.bash'
[2.916s] INFO:colcon.colcon_core.shell:Creating package script '/root/DockerFiles/drone_ws/install/tello_description/share/tello_description/package.zsh'
[2.917s] Level 1:colcon.colcon_core.environment:create_file_with_runtime_dependencies(/root/DockerFiles/drone_ws/install/tello_description/share/colcon-core/packages/tello_description)
[2.988s] Level 1:colcon.colcon_core.environment:create_environment_scripts_only(tello_description)
[2.991s] Level 1:colcon.colcon_core.environment:checking '/root/DockerFiles/drone_ws/install/tello_description' for CMake module files
[2.992s] Level 1:colcon.colcon_core.environment:checking '/root/DockerFiles/drone_ws/install/tello_description' for CMake config files
[2.993s] Level 1:colcon.colcon_core.shell:create_environment_hook('tello_description', 'cmake_prefix_path')
[2.995s] INFO:colcon.colcon_core.shell:Creating environment hook '/root/DockerFiles/drone_ws/install/tello_description/share/tello_description/hook/cmake_prefix_path.ps1'
[2.996s] INFO:colcon.colcon_core.shell:Creating environment descriptor '/root/DockerFiles/drone_ws/install/tello_description/share/tello_description/hook/cmake_prefix_path.dsv'
[2.997s] INFO:colcon.colcon_core.shell:Creating environment hook '/root/DockerFiles/drone_ws/install/tello_description/share/tello_description/hook/cmake_prefix_path.sh'
[2.998s] Level 1:colcon.colcon_core.environment:checking '/root/DockerFiles/drone_ws/install/tello_description/bin'
[2.998s] Level 1:colcon.colcon_core.environment:checking '/root/DockerFiles/drone_ws/install/tello_description/lib/pkgconfig/tello_description.pc'
[2.998s] Level 1:colcon.colcon_core.environment:checking '/root/DockerFiles/drone_ws/install/tello_description/lib/python3.8/site-packages'
[3.000s] Level 1:colcon.colcon_core.environment:checking '/root/DockerFiles/drone_ws/install/tello_description/bin'
[3.002s] INFO:colcon.colcon_core.shell:Creating package script '/root/DockerFiles/drone_ws/install/tello_description/share/tello_description/package.ps1'
[3.003s] INFO:colcon.colcon_core.shell:Creating package descriptor '/root/DockerFiles/drone_ws/install/tello_description/share/tello_description/package.dsv'
[3.004s] INFO:colcon.colcon_core.shell:Creating package script '/root/DockerFiles/drone_ws/install/tello_description/share/tello_description/package.sh'
[3.007s] INFO:colcon.colcon_core.shell:Creating package script '/root/DockerFiles/drone_ws/install/tello_description/share/tello_description/package.bash'
[3.008s] INFO:colcon.colcon_core.shell:Creating package script '/root/DockerFiles/drone_ws/install/tello_description/share/tello_description/package.zsh'
[3.008s] Level 1:colcon.colcon_core.environment:create_file_with_runtime_dependencies(/root/DockerFiles/drone_ws/install/tello_description/share/colcon-core/packages/tello_description)
[3.125s] Level 1:colcon.colcon_core.environment:create_environment_scripts_only(tello_msgs)
[3.128s] Level 1:colcon.colcon_core.environment:checking '/root/DockerFiles/drone_ws/install/tello_msgs' for CMake module files
[3.133s] Level 1:colcon.colcon_core.environment:checking '/root/DockerFiles/drone_ws/install/tello_msgs' for CMake config files
[3.137s] Level 1:colcon.colcon_core.shell:create_environment_hook('tello_msgs', 'cmake_prefix_path')
[3.138s] INFO:colcon.colcon_core.shell:Creating environment hook '/root/DockerFiles/drone_ws/install/tello_msgs/share/tello_msgs/hook/cmake_prefix_path.ps1'
[3.139s] INFO:colcon.colcon_core.shell:Creating environment descriptor '/root/DockerFiles/drone_ws/install/tello_msgs/share/tello_msgs/hook/cmake_prefix_path.dsv'
[3.140s] INFO:colcon.colcon_core.shell:Creating environment hook '/root/DockerFiles/drone_ws/install/tello_msgs/share/tello_msgs/hook/cmake_prefix_path.sh'
[3.142s] Level 1:colcon.colcon_core.environment:checking '/root/DockerFiles/drone_ws/install/tello_msgs/lib'
[3.142s] Level 1:colcon.colcon_core.shell:create_environment_hook('tello_msgs', 'ld_library_path_lib')
[3.152s] INFO:colcon.colcon_core.shell:Creating environment hook '/root/DockerFiles/drone_ws/install/tello_msgs/share/tello_msgs/hook/ld_library_path_lib.ps1'
[3.154s] INFO:colcon.colcon_core.shell:Creating environment descriptor '/root/DockerFiles/drone_ws/install/tello_msgs/share/tello_msgs/hook/ld_library_path_lib.dsv'
[3.154s] INFO:colcon.colcon_core.shell:Creating environment hook '/root/DockerFiles/drone_ws/install/tello_msgs/share/tello_msgs/hook/ld_library_path_lib.sh'
[3.155s] Level 1:colcon.colcon_core.environment:checking '/root/DockerFiles/drone_ws/install/tello_msgs/bin'
[3.156s] Level 1:colcon.colcon_core.environment:checking '/root/DockerFiles/drone_ws/install/tello_msgs/lib/pkgconfig/tello_msgs.pc'
[3.156s] Level 1:colcon.colcon_core.environment:checking '/root/DockerFiles/drone_ws/install/tello_msgs/lib/python3.8/site-packages'
[3.156s] Level 1:colcon.colcon_core.shell:create_environment_hook('tello_msgs', 'pythonpath')
[3.158s] INFO:colcon.colcon_core.shell:Creating environment hook '/root/DockerFiles/drone_ws/install/tello_msgs/share/tello_msgs/hook/pythonpath.ps1'
[3.160s] INFO:colcon.colcon_core.shell:Creating environment descriptor '/root/DockerFiles/drone_ws/install/tello_msgs/share/tello_msgs/hook/pythonpath.dsv'
[3.161s] INFO:colcon.colcon_core.shell:Creating environment hook '/root/DockerFiles/drone_ws/install/tello_msgs/share/tello_msgs/hook/pythonpath.sh'
[3.163s] Level 1:colcon.colcon_core.environment:checking '/root/DockerFiles/drone_ws/install/tello_msgs/bin'
[3.165s] INFO:colcon.colcon_core.shell:Creating package script '/root/DockerFiles/drone_ws/install/tello_msgs/share/tello_msgs/package.ps1'
[3.167s] INFO:colcon.colcon_core.shell:Creating package descriptor '/root/DockerFiles/drone_ws/install/tello_msgs/share/tello_msgs/package.dsv'
[3.168s] INFO:colcon.colcon_core.shell:Creating package script '/root/DockerFiles/drone_ws/install/tello_msgs/share/tello_msgs/package.sh'
[3.169s] INFO:colcon.colcon_core.shell:Creating package script '/root/DockerFiles/drone_ws/install/tello_msgs/share/tello_msgs/package.bash'
[3.171s] INFO:colcon.colcon_core.shell:Creating package script '/root/DockerFiles/drone_ws/install/tello_msgs/share/tello_msgs/package.zsh'
[3.172s] Level 1:colcon.colcon_core.environment:create_file_with_runtime_dependencies(/root/DockerFiles/drone_ws/install/tello_msgs/share/colcon-core/packages/tello_msgs)
[3.173s] INFO:colcon.colcon_ros.task.ament_cmake.build:Building ROS package in '/root/DockerFiles/drone_ws/src/tello_ros/tello_driver' with build type 'ament_cmake'
[3.174s] INFO:colcon.colcon_cmake.task.cmake.build:Building CMake package in '/root/DockerFiles/drone_ws/src/tello_ros/tello_driver'
[3.176s] INFO:colcon.colcon_core.shell:Skip shell extension 'powershell' for command environment: Not usable outside of PowerShell
[3.177s] DEBUG:colcon.colcon_core.shell:Skip shell extension 'dsv' for command environment
[3.191s] INFO:colcon.colcon_ros.task.ament_cmake.build:Building ROS package in '/root/DockerFiles/drone_ws/src/tello_ros/tello_gazebo' with build type 'ament_cmake'
[3.192s] INFO:colcon.colcon_cmake.task.cmake.build:Building CMake package in '/root/DockerFiles/drone_ws/src/tello_ros/tello_gazebo'
[3.203s] INFO:colcon.colcon_core.shell:Skip shell extension 'powershell' for command environment: Not usable outside of PowerShell
[3.203s] DEBUG:colcon.colcon_core.shell:Skip shell extension 'dsv' for command environment
[3.252s] DEBUG:colcon.colcon_core.event_handler.log_command:Invoking command in '/root/DockerFiles/drone_ws/build/tello_driver': CMAKE_PREFIX_PATH=/root/DockerFiles/drone_ws/install/tello_msgs:/root/DockerFiles/drone_ws/install/ros2_shared:/root/DockerFiles/drone_ws/install/tello_gazebo:/root/DockerFiles/drone_ws/install/tello_driver:/root/DockerFiles/drone_ws/install/tello_description:/root/DockerFiles/drone_ws/install/tello_mission:/root/DockerFiles/drone_ws/install/tello_hand_move:/root/DockerFiles/drone_ws/install/tello_controller:/root/DockerFiles/drone_ws/install/tello_camera:/opt/ros/foxy LD_LIBRARY_PATH=/root/DockerFiles/drone_ws/install/tello_msgs/lib:/root/DockerFiles/drone_ws/install/tello_gazebo/lib:/root/DockerFiles/drone_ws/install/tello_driver/lib:/usr/lib/x86_64-linux-gnu/gazebo-11/plugins:/opt/ros/foxy/opt/yaml_cpp_vendor/lib:/opt/ros/foxy/opt/rviz_ogre_vendor/lib:/opt/ros/foxy/lib/x86_64-linux-gnu:/opt/ros/foxy/lib /usr/bin/cmake --build /root/DockerFiles/drone_ws/build/tello_driver -- -j12 -l12
[3.266s] DEBUG:colcon.colcon_core.event_handler.log_command:Invoking command in '/root/DockerFiles/drone_ws/build/tello_gazebo': CMAKE_PREFIX_PATH=/root/DockerFiles/drone_ws/install/tello_msgs:/root/DockerFiles/drone_ws/install/tello_gazebo:/root/DockerFiles/drone_ws/install/tello_driver:/root/DockerFiles/drone_ws/install/tello_description:/root/DockerFiles/drone_ws/install/ros2_shared:/root/DockerFiles/drone_ws/install/tello_mission:/root/DockerFiles/drone_ws/install/tello_hand_move:/root/DockerFiles/drone_ws/install/tello_controller:/root/DockerFiles/drone_ws/install/tello_camera:/opt/ros/foxy LD_LIBRARY_PATH=/root/DockerFiles/drone_ws/install/tello_msgs/lib:/root/DockerFiles/drone_ws/install/tello_gazebo/lib:/root/DockerFiles/drone_ws/install/tello_driver/lib:/usr/lib/x86_64-linux-gnu/gazebo-11/plugins:/opt/ros/foxy/opt/yaml_cpp_vendor/lib:/opt/ros/foxy/opt/rviz_ogre_vendor/lib:/opt/ros/foxy/lib/x86_64-linux-gnu:/opt/ros/foxy/lib /usr/bin/cmake --build /root/DockerFiles/drone_ws/build/tello_gazebo -- -j12 -l12
[3.348s] DEBUG:colcon.colcon_core.event_handler.log_command:Invoking command in '/root/DockerFiles/drone_ws/src/tello_camera': PYTHONPATH=/root/DockerFiles/drone_ws/build/tello_camera/prefix_override:/root/DockerFiles/drone_ws/install/tello_camera/lib/python3.8/site-packages:${PYTHONPATH} /usr/bin/python3 setup.py egg_info --egg-base ../../build/tello_camera build --build-base /root/DockerFiles/drone_ws/build/tello_camera/build install --record /root/DockerFiles/drone_ws/build/tello_camera/install.log --single-version-externally-managed
[3.423s] DEBUG:colcon.colcon_core.event_handler.log_command:Invoking command in '/root/DockerFiles/drone_ws/src/tello_hand_move': PYTHONPATH=/root/DockerFiles/drone_ws/build/tello_hand_move/prefix_override:/root/DockerFiles/drone_ws/install/tello_hand_move/lib/python3.8/site-packages:${PYTHONPATH} /usr/bin/python3 setup.py egg_info --egg-base ../../build/tello_hand_move build --build-base /root/DockerFiles/drone_ws/build/tello_hand_move/build install --record /root/DockerFiles/drone_ws/build/tello_hand_move/install.log --single-version-externally-managed
[3.452s] DEBUG:colcon.colcon_core.event_handler.log_command:Invoking command in '/root/DockerFiles/drone_ws/src/tello_controller': PYTHONPATH=/root/DockerFiles/drone_ws/build/tello_controller/prefix_override:/root/DockerFiles/drone_ws/install/tello_controller/lib/python3.8/site-packages:${PYTHONPATH} /usr/bin/python3 setup.py egg_info --egg-base ../../build/tello_controller build --build-base /root/DockerFiles/drone_ws/build/tello_controller/build install --record /root/DockerFiles/drone_ws/build/tello_controller/install.log --single-version-externally-managed
[3.502s] DEBUG:colcon.colcon_core.event_handler.log_command:Invoked command in '/root/DockerFiles/drone_ws/build/tello_gazebo' returned '0': CMAKE_PREFIX_PATH=/root/DockerFiles/drone_ws/install/tello_msgs:/root/DockerFiles/drone_ws/install/tello_gazebo:/root/DockerFiles/drone_ws/install/tello_driver:/root/DockerFiles/drone_ws/install/tello_description:/root/DockerFiles/drone_ws/install/ros2_shared:/root/DockerFiles/drone_ws/install/tello_mission:/root/DockerFiles/drone_ws/install/tello_hand_move:/root/DockerFiles/drone_ws/install/tello_controller:/root/DockerFiles/drone_ws/install/tello_camera:/opt/ros/foxy LD_LIBRARY_PATH=/root/DockerFiles/drone_ws/install/tello_msgs/lib:/root/DockerFiles/drone_ws/install/tello_gazebo/lib:/root/DockerFiles/drone_ws/install/tello_driver/lib:/usr/lib/x86_64-linux-gnu/gazebo-11/plugins:/opt/ros/foxy/opt/yaml_cpp_vendor/lib:/opt/ros/foxy/opt/rviz_ogre_vendor/lib:/opt/ros/foxy/lib/x86_64-linux-gnu:/opt/ros/foxy/lib /usr/bin/cmake --build /root/DockerFiles/drone_ws/build/tello_gazebo -- -j12 -l12
[3.554s] DEBUG:colcon.colcon_core.event_handler.log_command:Invoking command in '/root/DockerFiles/drone_ws/src/tello_mission': PYTHONPATH=/root/DockerFiles/drone_ws/build/tello_mission/prefix_override:/root/DockerFiles/drone_ws/install/tello_mission/lib/python3.8/site-packages:${PYTHONPATH} /usr/bin/python3 setup.py egg_info --egg-base ../../build/tello_mission build --build-base /root/DockerFiles/drone_ws/build/tello_mission/build install --record /root/DockerFiles/drone_ws/build/tello_mission/install.log --single-version-externally-managed
[3.599s] DEBUG:colcon.colcon_core.event_handler.log_command:Invoking command in '/root/DockerFiles/drone_ws/build/tello_gazebo': CMAKE_PREFIX_PATH=/root/DockerFiles/drone_ws/install/tello_msgs:/root/DockerFiles/drone_ws/install/tello_gazebo:/root/DockerFiles/drone_ws/install/tello_driver:/root/DockerFiles/drone_ws/install/tello_description:/root/DockerFiles/drone_ws/install/ros2_shared:/root/DockerFiles/drone_ws/install/tello_mission:/root/DockerFiles/drone_ws/install/tello_hand_move:/root/DockerFiles/drone_ws/install/tello_controller:/root/DockerFiles/drone_ws/install/tello_camera:/opt/ros/foxy LD_LIBRARY_PATH=/root/DockerFiles/drone_ws/install/tello_msgs/lib:/root/DockerFiles/drone_ws/install/tello_gazebo/lib:/root/DockerFiles/drone_ws/install/tello_driver/lib:/usr/lib/x86_64-linux-gnu/gazebo-11/plugins:/opt/ros/foxy/opt/yaml_cpp_vendor/lib:/opt/ros/foxy/opt/rviz_ogre_vendor/lib:/opt/ros/foxy/lib/x86_64-linux-gnu:/opt/ros/foxy/lib /usr/bin/cmake --install /root/DockerFiles/drone_ws/build/tello_gazebo
[3.699s] Level 1:colcon.colcon_core.environment:create_environment_scripts_only(tello_gazebo)
[3.709s] Level 1:colcon.colcon_core.environment:checking '/root/DockerFiles/drone_ws/install/tello_gazebo' for CMake module files
[3.715s] Level 1:colcon.colcon_core.environment:checking '/root/DockerFiles/drone_ws/install/tello_gazebo' for CMake config files
[3.723s] Level 1:colcon.colcon_core.shell:create_environment_hook('tello_gazebo', 'cmake_prefix_path')
[3.734s] INFO:colcon.colcon_core.shell:Creating environment hook '/root/DockerFiles/drone_ws/install/tello_gazebo/share/tello_gazebo/hook/cmake_prefix_path.ps1'
[3.742s] INFO:colcon.colcon_core.shell:Creating environment descriptor '/root/DockerFiles/drone_ws/install/tello_gazebo/share/tello_gazebo/hook/cmake_prefix_path.dsv'
[3.746s] INFO:colcon.colcon_core.shell:Creating environment hook '/root/DockerFiles/drone_ws/install/tello_gazebo/share/tello_gazebo/hook/cmake_prefix_path.sh'
[3.750s] Level 1:colcon.colcon_core.environment:checking '/root/DockerFiles/drone_ws/install/tello_gazebo/lib'
[3.751s] Level 1:colcon.colcon_core.shell:create_environment_hook('tello_gazebo', 'ld_library_path_lib')
[3.758s] INFO:colcon.colcon_core.shell:Creating environment hook '/root/DockerFiles/drone_ws/install/tello_gazebo/share/tello_gazebo/hook/ld_library_path_lib.ps1'
[3.764s] INFO:colcon.colcon_core.shell:Creating environment descriptor '/root/DockerFiles/drone_ws/install/tello_gazebo/share/tello_gazebo/hook/ld_library_path_lib.dsv'
[3.768s] INFO:colcon.colcon_core.shell:Creating environment hook '/root/DockerFiles/drone_ws/install/tello_gazebo/share/tello_gazebo/hook/ld_library_path_lib.sh'
[3.771s] Level 1:colcon.colcon_core.environment:checking '/root/DockerFiles/drone_ws/install/tello_gazebo/bin'
[3.772s] Level 1:colcon.colcon_core.environment:checking '/root/DockerFiles/drone_ws/install/tello_gazebo/lib/pkgconfig/tello_gazebo.pc'
[3.774s] Level 1:colcon.colcon_core.environment:checking '/root/DockerFiles/drone_ws/install/tello_gazebo/lib/python3.8/site-packages'
[3.776s] Level 1:colcon.colcon_core.environment:checking '/root/DockerFiles/drone_ws/install/tello_gazebo/bin'
[3.780s] INFO:colcon.colcon_core.shell:Creating package script '/root/DockerFiles/drone_ws/install/tello_gazebo/share/tello_gazebo/package.ps1'
[3.790s] INFO:colcon.colcon_core.shell:Creating package descriptor '/root/DockerFiles/drone_ws/install/tello_gazebo/share/tello_gazebo/package.dsv'
[3.793s] INFO:colcon.colcon_core.shell:Creating package script '/root/DockerFiles/drone_ws/install/tello_gazebo/share/tello_gazebo/package.sh'
[3.797s] INFO:colcon.colcon_core.shell:Creating package script '/root/DockerFiles/drone_ws/install/tello_gazebo/share/tello_gazebo/package.bash'
[3.801s] INFO:colcon.colcon_core.shell:Creating package script '/root/DockerFiles/drone_ws/install/tello_gazebo/share/tello_gazebo/package.zsh'
[3.805s] Level 1:colcon.colcon_core.environment:create_file_with_runtime_dependencies(/root/DockerFiles/drone_ws/install/tello_gazebo/share/colcon-core/packages/tello_gazebo)
[3.805s] DEBUG:colcon.colcon_core.event_handler.log_command:Invoked command in '/root/DockerFiles/drone_ws/build/tello_gazebo' returned '0': CMAKE_PREFIX_PATH=/root/DockerFiles/drone_ws/install/tello_msgs:/root/DockerFiles/drone_ws/install/tello_gazebo:/root/DockerFiles/drone_ws/install/tello_driver:/root/DockerFiles/drone_ws/install/tello_description:/root/DockerFiles/drone_ws/install/ros2_shared:/root/DockerFiles/drone_ws/install/tello_mission:/root/DockerFiles/drone_ws/install/tello_hand_move:/root/DockerFiles/drone_ws/install/tello_controller:/root/DockerFiles/drone_ws/install/tello_camera:/opt/ros/foxy LD_LIBRARY_PATH=/root/DockerFiles/drone_ws/install/tello_msgs/lib:/root/DockerFiles/drone_ws/install/tello_gazebo/lib:/root/DockerFiles/drone_ws/install/tello_driver/lib:/usr/lib/x86_64-linux-gnu/gazebo-11/plugins:/opt/ros/foxy/opt/yaml_cpp_vendor/lib:/opt/ros/foxy/opt/rviz_ogre_vendor/lib:/opt/ros/foxy/lib/x86_64-linux-gnu:/opt/ros/foxy/lib /usr/bin/cmake --install /root/DockerFiles/drone_ws/build/tello_gazebo
[3.891s] Level 1:colcon.colcon_core.environment:create_environment_scripts_only(tello_gazebo)
[3.901s] Level 1:colcon.colcon_core.environment:checking '/root/DockerFiles/drone_ws/install/tello_gazebo' for CMake module files
[3.905s] Level 1:colcon.colcon_core.environment:checking '/root/DockerFiles/drone_ws/install/tello_gazebo' for CMake config files
[3.910s] Level 1:colcon.colcon_core.shell:create_environment_hook('tello_gazebo', 'cmake_prefix_path')
[3.922s] INFO:colcon.colcon_core.shell:Creating environment hook '/root/DockerFiles/drone_ws/install/tello_gazebo/share/tello_gazebo/hook/cmake_prefix_path.ps1'
[3.924s] INFO:colcon.colcon_core.shell:Creating environment descriptor '/root/DockerFiles/drone_ws/install/tello_gazebo/share/tello_gazebo/hook/cmake_prefix_path.dsv'
[3.928s] INFO:colcon.colcon_core.shell:Creating environment hook '/root/DockerFiles/drone_ws/install/tello_gazebo/share/tello_gazebo/hook/cmake_prefix_path.sh'
[3.930s] Level 1:colcon.colcon_core.environment:checking '/root/DockerFiles/drone_ws/install/tello_gazebo/lib'
[3.932s] Level 1:colcon.colcon_core.shell:create_environment_hook('tello_gazebo', 'ld_library_path_lib')
[3.939s] INFO:colcon.colcon_core.shell:Creating environment hook '/root/DockerFiles/drone_ws/install/tello_gazebo/share/tello_gazebo/hook/ld_library_path_lib.ps1'
[3.945s] INFO:colcon.colcon_core.shell:Creating environment descriptor '/root/DockerFiles/drone_ws/install/tello_gazebo/share/tello_gazebo/hook/ld_library_path_lib.dsv'
[3.947s] INFO:colcon.colcon_core.shell:Creating environment hook '/root/DockerFiles/drone_ws/install/tello_gazebo/share/tello_gazebo/hook/ld_library_path_lib.sh'
[3.949s] Level 1:colcon.colcon_core.environment:checking '/root/DockerFiles/drone_ws/install/tello_gazebo/bin'
[3.950s] Level 1:colcon.colcon_core.environment:checking '/root/DockerFiles/drone_ws/install/tello_gazebo/lib/pkgconfig/tello_gazebo.pc'
[3.951s] Level 1:colcon.colcon_core.environment:checking '/root/DockerFiles/drone_ws/install/tello_gazebo/lib/python3.8/site-packages'
[3.952s] Level 1:colcon.colcon_core.environment:checking '/root/DockerFiles/drone_ws/install/tello_gazebo/bin'
[3.958s] INFO:colcon.colcon_core.shell:Creating package script '/root/DockerFiles/drone_ws/install/tello_gazebo/share/tello_gazebo/package.ps1'
[3.959s] INFO:colcon.colcon_core.shell:Creating package descriptor '/root/DockerFiles/drone_ws/install/tello_gazebo/share/tello_gazebo/package.dsv'
[3.960s] INFO:colcon.colcon_core.shell:Creating package script '/root/DockerFiles/drone_ws/install/tello_gazebo/share/tello_gazebo/package.sh'
[3.961s] INFO:colcon.colcon_core.shell:Creating package script '/root/DockerFiles/drone_ws/install/tello_gazebo/share/tello_gazebo/package.bash'
[3.963s] INFO:colcon.colcon_core.shell:Creating package script '/root/DockerFiles/drone_ws/install/tello_gazebo/share/tello_gazebo/package.zsh'
[3.963s] Level 1:colcon.colcon_core.environment:create_file_with_runtime_dependencies(/root/DockerFiles/drone_ws/install/tello_gazebo/share/colcon-core/packages/tello_gazebo)
[4.080s] DEBUG:colcon.colcon_core.event_handler.log_command:Invoked command in '/root/DockerFiles/drone_ws/src/tello_camera' returned '0': PYTHONPATH=/root/DockerFiles/drone_ws/build/tello_camera/prefix_override:/root/DockerFiles/drone_ws/install/tello_camera/lib/python3.8/site-packages:${PYTHONPATH} /usr/bin/python3 setup.py egg_info --egg-base ../../build/tello_camera build --build-base /root/DockerFiles/drone_ws/build/tello_camera/build install --record /root/DockerFiles/drone_ws/build/tello_camera/install.log --single-version-externally-managed
[4.080s] Level 1:colcon.colcon_core.environment:checking '/root/DockerFiles/drone_ws/install/tello_camera' for CMake module files
[4.081s] Level 1:colcon.colcon_core.environment:checking '/root/DockerFiles/drone_ws/install/tello_camera' for CMake config files
[4.082s] Level 1:colcon.colcon_core.environment:checking '/root/DockerFiles/drone_ws/install/tello_camera/lib'
[4.082s] Level 1:colcon.colcon_core.environment:checking '/root/DockerFiles/drone_ws/install/tello_camera/bin'
[4.083s] Level 1:colcon.colcon_core.environment:checking '/root/DockerFiles/drone_ws/install/tello_camera/lib/pkgconfig/tello_camera.pc'
[4.092s] Level 1:colcon.colcon_core.environment:checking '/root/DockerFiles/drone_ws/install/tello_camera/lib/python3.8/site-packages'
[4.092s] Level 1:colcon.colcon_core.shell:create_environment_hook('tello_camera', 'pythonpath')
[4.096s] INFO:colcon.colcon_core.shell:Creating environment hook '/root/DockerFiles/drone_ws/install/tello_camera/share/tello_camera/hook/pythonpath.ps1'
[4.099s] INFO:colcon.colcon_core.shell:Creating environment descriptor '/root/DockerFiles/drone_ws/install/tello_camera/share/tello_camera/hook/pythonpath.dsv'
[4.100s] INFO:colcon.colcon_core.shell:Creating environment hook '/root/DockerFiles/drone_ws/install/tello_camera/share/tello_camera/hook/pythonpath.sh'
[4.101s] Level 1:colcon.colcon_core.environment:checking '/root/DockerFiles/drone_ws/install/tello_camera/bin'
[4.102s] Level 1:colcon.colcon_core.environment:create_environment_scripts_only(tello_camera)
[4.104s] INFO:colcon.colcon_core.shell:Creating package script '/root/DockerFiles/drone_ws/install/tello_camera/share/tello_camera/package.ps1'
[4.106s] INFO:colcon.colcon_core.shell:Creating package descriptor '/root/DockerFiles/drone_ws/install/tello_camera/share/tello_camera/package.dsv'
[4.107s] INFO:colcon.colcon_core.shell:Creating package script '/root/DockerFiles/drone_ws/install/tello_camera/share/tello_camera/package.sh'
[4.108s] INFO:colcon.colcon_core.shell:Creating package script '/root/DockerFiles/drone_ws/install/tello_camera/share/tello_camera/package.bash'
[4.108s] INFO:colcon.colcon_core.shell:Creating package script '/root/DockerFiles/drone_ws/install/tello_camera/share/tello_camera/package.zsh'
[4.109s] Level 1:colcon.colcon_core.environment:create_file_with_runtime_dependencies(/root/DockerFiles/drone_ws/install/tello_camera/share/colcon-core/packages/tello_camera)
[4.121s] DEBUG:colcon.colcon_core.event_handler.log_command:Invoked command in '/root/DockerFiles/drone_ws/build/tello_driver' returned '0': CMAKE_PREFIX_PATH=/root/DockerFiles/drone_ws/install/tello_msgs:/root/DockerFiles/drone_ws/install/ros2_shared:/root/DockerFiles/drone_ws/install/tello_gazebo:/root/DockerFiles/drone_ws/install/tello_driver:/root/DockerFiles/drone_ws/install/tello_description:/root/DockerFiles/drone_ws/install/tello_mission:/root/DockerFiles/drone_ws/install/tello_hand_move:/root/DockerFiles/drone_ws/install/tello_controller:/root/DockerFiles/drone_ws/install/tello_camera:/opt/ros/foxy LD_LIBRARY_PATH=/root/DockerFiles/drone_ws/install/tello_msgs/lib:/root/DockerFiles/drone_ws/install/tello_gazebo/lib:/root/DockerFiles/drone_ws/install/tello_driver/lib:/usr/lib/x86_64-linux-gnu/gazebo-11/plugins:/opt/ros/foxy/opt/yaml_cpp_vendor/lib:/opt/ros/foxy/opt/rviz_ogre_vendor/lib:/opt/ros/foxy/lib/x86_64-linux-gnu:/opt/ros/foxy/lib /usr/bin/cmake --build /root/DockerFiles/drone_ws/build/tello_driver -- -j12 -l12
[4.195s] Level 1:colcon.colcon_core.environment:checking '/root/DockerFiles/drone_ws/install/tello_hand_move' for CMake module files
[4.196s] DEBUG:colcon.colcon_core.event_handler.log_command:Invoked command in '/root/DockerFiles/drone_ws/src/tello_hand_move' returned '0': PYTHONPATH=/root/DockerFiles/drone_ws/build/tello_hand_move/prefix_override:/root/DockerFiles/drone_ws/install/tello_hand_move/lib/python3.8/site-packages:${PYTHONPATH} /usr/bin/python3 setup.py egg_info --egg-base ../../build/tello_hand_move build --build-base /root/DockerFiles/drone_ws/build/tello_hand_move/build install --record /root/DockerFiles/drone_ws/build/tello_hand_move/install.log --single-version-externally-managed
[4.197s] Level 1:colcon.colcon_core.environment:checking '/root/DockerFiles/drone_ws/install/tello_hand_move' for CMake config files
[4.198s] Level 1:colcon.colcon_core.environment:checking '/root/DockerFiles/drone_ws/install/tello_hand_move/lib'
[4.198s] Level 1:colcon.colcon_core.environment:checking '/root/DockerFiles/drone_ws/install/tello_hand_move/bin'
[4.198s] Level 1:colcon.colcon_core.environment:checking '/root/DockerFiles/drone_ws/install/tello_hand_move/lib/pkgconfig/tello_hand_move.pc'
[4.199s] Level 1:colcon.colcon_core.environment:checking '/root/DockerFiles/drone_ws/install/tello_hand_move/lib/python3.8/site-packages'
[4.199s] Level 1:colcon.colcon_core.shell:create_environment_hook('tello_hand_move', 'pythonpath')
[4.202s] INFO:colcon.colcon_core.shell:Creating environment hook '/root/DockerFiles/drone_ws/install/tello_hand_move/share/tello_hand_move/hook/pythonpath.ps1'
[4.204s] INFO:colcon.colcon_core.shell:Creating environment descriptor '/root/DockerFiles/drone_ws/install/tello_hand_move/share/tello_hand_move/hook/pythonpath.dsv'
[4.207s] INFO:colcon.colcon_core.shell:Creating environment hook '/root/DockerFiles/drone_ws/install/tello_hand_move/share/tello_hand_move/hook/pythonpath.sh'
[4.208s] Level 1:colcon.colcon_core.environment:checking '/root/DockerFiles/drone_ws/install/tello_hand_move/bin'
[4.209s] Level 1:colcon.colcon_core.environment:create_environment_scripts_only(tello_hand_move)
[4.213s] INFO:colcon.colcon_core.shell:Creating package script '/root/DockerFiles/drone_ws/install/tello_hand_move/share/tello_hand_move/package.ps1'
[4.217s] INFO:colcon.colcon_core.shell:Creating package descriptor '/root/DockerFiles/drone_ws/install/tello_hand_move/share/tello_hand_move/package.dsv'
[4.220s] INFO:colcon.colcon_core.shell:Creating package script '/root/DockerFiles/drone_ws/install/tello_hand_move/share/tello_hand_move/package.sh'
[4.221s] INFO:colcon.colcon_core.shell:Creating package script '/root/DockerFiles/drone_ws/install/tello_hand_move/share/tello_hand_move/package.bash'
[4.222s] INFO:colcon.colcon_core.shell:Creating package script '/root/DockerFiles/drone_ws/install/tello_hand_move/share/tello_hand_move/package.zsh'
[4.223s] Level 1:colcon.colcon_core.environment:create_file_with_runtime_dependencies(/root/DockerFiles/drone_ws/install/tello_hand_move/share/colcon-core/packages/tello_hand_move)
[4.229s] Level 1:colcon.colcon_core.environment:checking '/root/DockerFiles/drone_ws/install/tello_controller' for CMake module files
[4.230s] DEBUG:colcon.colcon_core.event_handler.log_command:Invoked command in '/root/DockerFiles/drone_ws/src/tello_controller' returned '0': PYTHONPATH=/root/DockerFiles/drone_ws/build/tello_controller/prefix_override:/root/DockerFiles/drone_ws/install/tello_controller/lib/python3.8/site-packages:${PYTHONPATH} /usr/bin/python3 setup.py egg_info --egg-base ../../build/tello_controller build --build-base /root/DockerFiles/drone_ws/build/tello_controller/build install --record /root/DockerFiles/drone_ws/build/tello_controller/install.log --single-version-externally-managed
[4.231s] Level 1:colcon.colcon_core.environment:checking '/root/DockerFiles/drone_ws/install/tello_controller' for CMake config files
[4.233s] Level 1:colcon.colcon_core.environment:checking '/root/DockerFiles/drone_ws/install/tello_controller/lib'
[4.233s] Level 1:colcon.colcon_core.environment:checking '/root/DockerFiles/drone_ws/install/tello_controller/bin'
[4.233s] Level 1:colcon.colcon_core.environment:checking '/root/DockerFiles/drone_ws/install/tello_controller/lib/pkgconfig/tello_controller.pc'
[4.234s] Level 1:colcon.colcon_core.environment:checking '/root/DockerFiles/drone_ws/install/tello_controller/lib/python3.8/site-packages'
[4.234s] Level 1:colcon.colcon_core.shell:create_environment_hook('tello_controller', 'pythonpath')
[4.236s] INFO:colcon.colcon_core.shell:Creating environment hook '/root/DockerFiles/drone_ws/install/tello_controller/share/tello_controller/hook/pythonpath.ps1'
[4.238s] INFO:colcon.colcon_core.shell:Creating environment descriptor '/root/DockerFiles/drone_ws/install/tello_controller/share/tello_controller/hook/pythonpath.dsv'
[4.239s] INFO:colcon.colcon_core.shell:Creating environment hook '/root/DockerFiles/drone_ws/install/tello_controller/share/tello_controller/hook/pythonpath.sh'
[4.241s] Level 1:colcon.colcon_core.environment:checking '/root/DockerFiles/drone_ws/install/tello_controller/bin'
[4.241s] Level 1:colcon.colcon_core.environment:create_environment_scripts_only(tello_controller)
[4.244s] INFO:colcon.colcon_core.shell:Creating package script '/root/DockerFiles/drone_ws/install/tello_controller/share/tello_controller/package.ps1'
[4.245s] INFO:colcon.colcon_core.shell:Creating package descriptor '/root/DockerFiles/drone_ws/install/tello_controller/share/tello_controller/package.dsv'
[4.248s] INFO:colcon.colcon_core.shell:Creating package script '/root/DockerFiles/drone_ws/install/tello_controller/share/tello_controller/package.sh'
[4.250s] INFO:colcon.colcon_core.shell:Creating package script '/root/DockerFiles/drone_ws/install/tello_controller/share/tello_controller/package.bash'
[4.254s] INFO:colcon.colcon_core.shell:Creating package script '/root/DockerFiles/drone_ws/install/tello_controller/share/tello_controller/package.zsh'
[4.256s] Level 1:colcon.colcon_core.environment:create_file_with_runtime_dependencies(/root/DockerFiles/drone_ws/install/tello_controller/share/colcon-core/packages/tello_controller)
[4.289s] DEBUG:colcon.colcon_core.event_handler.log_command:Invoking command in '/root/DockerFiles/drone_ws/build/tello_driver': CMAKE_PREFIX_PATH=/root/DockerFiles/drone_ws/install/tello_msgs:/root/DockerFiles/drone_ws/install/ros2_shared:/root/DockerFiles/drone_ws/install/tello_gazebo:/root/DockerFiles/drone_ws/install/tello_driver:/root/DockerFiles/drone_ws/install/tello_description:/root/DockerFiles/drone_ws/install/tello_mission:/root/DockerFiles/drone_ws/install/tello_hand_move:/root/DockerFiles/drone_ws/install/tello_controller:/root/DockerFiles/drone_ws/install/tello_camera:/opt/ros/foxy LD_LIBRARY_PATH=/root/DockerFiles/drone_ws/install/tello_msgs/lib:/root/DockerFiles/drone_ws/install/tello_gazebo/lib:/root/DockerFiles/drone_ws/install/tello_driver/lib:/usr/lib/x86_64-linux-gnu/gazebo-11/plugins:/opt/ros/foxy/opt/yaml_cpp_vendor/lib:/opt/ros/foxy/opt/rviz_ogre_vendor/lib:/opt/ros/foxy/lib/x86_64-linux-gnu:/opt/ros/foxy/lib /usr/bin/cmake --install /root/DockerFiles/drone_ws/build/tello_driver
[4.318s] Level 1:colcon.colcon_core.environment:create_environment_scripts_only(tello_driver)
[4.323s] Level 1:colcon.colcon_core.environment:checking '/root/DockerFiles/drone_ws/install/tello_driver' for CMake module files
[4.332s] Level 1:colcon.colcon_core.environment:checking '/root/DockerFiles/drone_ws/install/tello_driver' for CMake config files
[4.334s] DEBUG:colcon.colcon_core.event_handler.log_command:Invoked command in '/root/DockerFiles/drone_ws/build/tello_driver' returned '0': CMAKE_PREFIX_PATH=/root/DockerFiles/drone_ws/install/tello_msgs:/root/DockerFiles/drone_ws/install/ros2_shared:/root/DockerFiles/drone_ws/install/tello_gazebo:/root/DockerFiles/drone_ws/install/tello_driver:/root/DockerFiles/drone_ws/install/tello_description:/root/DockerFiles/drone_ws/install/tello_mission:/root/DockerFiles/drone_ws/install/tello_hand_move:/root/DockerFiles/drone_ws/install/tello_controller:/root/DockerFiles/drone_ws/install/tello_camera:/opt/ros/foxy LD_LIBRARY_PATH=/root/DockerFiles/drone_ws/install/tello_msgs/lib:/root/DockerFiles/drone_ws/install/tello_gazebo/lib:/root/DockerFiles/drone_ws/install/tello_driver/lib:/usr/lib/x86_64-linux-gnu/gazebo-11/plugins:/opt/ros/foxy/opt/yaml_cpp_vendor/lib:/opt/ros/foxy/opt/rviz_ogre_vendor/lib:/opt/ros/foxy/lib/x86_64-linux-gnu:/opt/ros/foxy/lib /usr/bin/cmake --install /root/DockerFiles/drone_ws/build/tello_driver
[4.334s] Level 1:colcon.colcon_core.shell:create_environment_hook('tello_driver', 'cmake_prefix_path')
[4.338s] INFO:colcon.colcon_core.shell:Creating environment hook '/root/DockerFiles/drone_ws/install/tello_driver/share/tello_driver/hook/cmake_prefix_path.ps1'
[4.339s] INFO:colcon.colcon_core.shell:Creating environment descriptor '/root/DockerFiles/drone_ws/install/tello_driver/share/tello_driver/hook/cmake_prefix_path.dsv'
[4.340s] INFO:colcon.colcon_core.shell:Creating environment hook '/root/DockerFiles/drone_ws/install/tello_driver/share/tello_driver/hook/cmake_prefix_path.sh'
[4.341s] Level 1:colcon.colcon_core.environment:checking '/root/DockerFiles/drone_ws/install/tello_driver/lib'
[4.341s] Level 1:colcon.colcon_core.shell:create_environment_hook('tello_driver', 'ld_library_path_lib')
[4.346s] INFO:colcon.colcon_core.shell:Creating environment hook '/root/DockerFiles/drone_ws/install/tello_driver/share/tello_driver/hook/ld_library_path_lib.ps1'
[4.349s] INFO:colcon.colcon_core.shell:Creating environment descriptor '/root/DockerFiles/drone_ws/install/tello_driver/share/tello_driver/hook/ld_library_path_lib.dsv'
[4.350s] INFO:colcon.colcon_core.shell:Creating environment hook '/root/DockerFiles/drone_ws/install/tello_driver/share/tello_driver/hook/ld_library_path_lib.sh'
[4.350s] Level 1:colcon.colcon_core.environment:checking '/root/DockerFiles/drone_ws/install/tello_driver/bin'
[4.350s] Level 1:colcon.colcon_core.environment:checking '/root/DockerFiles/drone_ws/install/tello_driver/lib/pkgconfig/tello_driver.pc'
[4.351s] Level 1:colcon.colcon_core.environment:checking '/root/DockerFiles/drone_ws/install/tello_driver/lib/python3.8/site-packages'
[4.354s] Level 1:colcon.colcon_core.environment:checking '/root/DockerFiles/drone_ws/install/tello_driver/bin'
[4.356s] INFO:colcon.colcon_core.shell:Creating package script '/root/DockerFiles/drone_ws/install/tello_driver/share/tello_driver/package.ps1'
[4.357s] INFO:colcon.colcon_core.shell:Creating package descriptor '/root/DockerFiles/drone_ws/install/tello_driver/share/tello_driver/package.dsv'
[4.357s] INFO:colcon.colcon_core.shell:Creating package script '/root/DockerFiles/drone_ws/install/tello_driver/share/tello_driver/package.sh'
[4.359s] INFO:colcon.colcon_core.shell:Creating package script '/root/DockerFiles/drone_ws/install/tello_driver/share/tello_driver/package.bash'
[4.360s] INFO:colcon.colcon_core.shell:Creating package script '/root/DockerFiles/drone_ws/install/tello_driver/share/tello_driver/package.zsh'
[4.360s] Level 1:colcon.colcon_core.environment:create_file_with_runtime_dependencies(/root/DockerFiles/drone_ws/install/tello_driver/share/colcon-core/packages/tello_driver)
[4.422s] DEBUG:colcon.colcon_core.event_handler.log_command:Invoked command in '/root/DockerFiles/drone_ws/src/tello_mission' returned '0': PYTHONPATH=/root/DockerFiles/drone_ws/build/tello_mission/prefix_override:/root/DockerFiles/drone_ws/install/tello_mission/lib/python3.8/site-packages:${PYTHONPATH} /usr/bin/python3 setup.py egg_info --egg-base ../../build/tello_mission build --build-base /root/DockerFiles/drone_ws/build/tello_mission/build install --record /root/DockerFiles/drone_ws/build/tello_mission/install.log --single-version-externally-managed
[4.425s] Level 1:colcon.colcon_core.environment:checking '/root/DockerFiles/drone_ws/install/tello_mission' for CMake module files
[4.427s] Level 1:colcon.colcon_core.environment:checking '/root/DockerFiles/drone_ws/install/tello_mission' for CMake config files
[4.441s] Level 1:colcon.colcon_core.environment:checking '/root/DockerFiles/drone_ws/install/tello_mission/lib'
[4.442s] Level 1:colcon.colcon_core.environment:checking '/root/DockerFiles/drone_ws/install/tello_mission/bin'
[4.442s] Level 1:colcon.colcon_core.environment:checking '/root/DockerFiles/drone_ws/install/tello_mission/lib/pkgconfig/tello_mission.pc'
[4.442s] Level 1:colcon.colcon_core.environment:checking '/root/DockerFiles/drone_ws/install/tello_mission/lib/python3.8/site-packages'
[4.442s] Level 1:colcon.colcon_core.shell:create_environment_hook('tello_mission', 'pythonpath')
[4.447s] INFO:colcon.colcon_core.shell:Creating environment hook '/root/DockerFiles/drone_ws/install/tello_mission/share/tello_mission/hook/pythonpath.ps1'
[4.447s] INFO:colcon.colcon_core.shell:Creating environment descriptor '/root/DockerFiles/drone_ws/install/tello_mission/share/tello_mission/hook/pythonpath.dsv'
[4.448s] INFO:colcon.colcon_core.shell:Creating environment hook '/root/DockerFiles/drone_ws/install/tello_mission/share/tello_mission/hook/pythonpath.sh'
[4.449s] Level 1:colcon.colcon_core.environment:checking '/root/DockerFiles/drone_ws/install/tello_mission/bin'
[4.449s] Level 1:colcon.colcon_core.environment:create_environment_scripts_only(tello_mission)
[4.451s] INFO:colcon.colcon_core.shell:Creating package script '/root/DockerFiles/drone_ws/install/tello_mission/share/tello_mission/package.ps1'
[4.452s] INFO:colcon.colcon_core.shell:Creating package descriptor '/root/DockerFiles/drone_ws/install/tello_mission/share/tello_mission/package.dsv'
[4.453s] INFO:colcon.colcon_core.shell:Creating package script '/root/DockerFiles/drone_ws/install/tello_mission/share/tello_mission/package.sh'
[4.453s] INFO:colcon.colcon_core.shell:Creating package script '/root/DockerFiles/drone_ws/install/tello_mission/share/tello_mission/package.bash'
[4.454s] INFO:colcon.colcon_core.shell:Creating package script '/root/DockerFiles/drone_ws/install/tello_mission/share/tello_mission/package.zsh'
[4.454s] Level 1:colcon.colcon_core.environment:create_file_with_runtime_dependencies(/root/DockerFiles/drone_ws/install/tello_mission/share/colcon-core/packages/tello_mission)
[4.529s] Level 1:colcon.colcon_core.environment:create_environment_scripts_only(tello_driver)
[4.532s] Level 1:colcon.colcon_core.environment:checking '/root/DockerFiles/drone_ws/install/tello_driver' for CMake module files
[4.533s] Level 1:colcon.colcon_core.environment:checking '/root/DockerFiles/drone_ws/install/tello_driver' for CMake config files
[4.533s] Level 1:colcon.colcon_core.shell:create_environment_hook('tello_driver', 'cmake_prefix_path')
[4.536s] INFO:colcon.colcon_core.shell:Creating environment hook '/root/DockerFiles/drone_ws/install/tello_driver/share/tello_driver/hook/cmake_prefix_path.ps1'
[4.537s] INFO:colcon.colcon_core.shell:Creating environment descriptor '/root/DockerFiles/drone_ws/install/tello_driver/share/tello_driver/hook/cmake_prefix_path.dsv'
[4.538s] INFO:colcon.colcon_core.shell:Creating environment hook '/root/DockerFiles/drone_ws/install/tello_driver/share/tello_driver/hook/cmake_prefix_path.sh'
[4.540s] Level 1:colcon.colcon_core.environment:checking '/root/DockerFiles/drone_ws/install/tello_driver/lib'
[4.540s] Level 1:colcon.colcon_core.shell:create_environment_hook('tello_driver', 'ld_library_path_lib')
[4.543s] INFO:colcon.colcon_core.shell:Creating environment hook '/root/DockerFiles/drone_ws/install/tello_driver/share/tello_driver/hook/ld_library_path_lib.ps1'
[4.544s] INFO:colcon.colcon_core.shell:Creating environment descriptor '/root/DockerFiles/drone_ws/install/tello_driver/share/tello_driver/hook/ld_library_path_lib.dsv'
[4.544s] INFO:colcon.colcon_core.shell:Creating environment hook '/root/DockerFiles/drone_ws/install/tello_driver/share/tello_driver/hook/ld_library_path_lib.sh'
[4.545s] Level 1:colcon.colcon_core.environment:checking '/root/DockerFiles/drone_ws/install/tello_driver/bin'
[4.545s] Level 1:colcon.colcon_core.environment:checking '/root/DockerFiles/drone_ws/install/tello_driver/lib/pkgconfig/tello_driver.pc'
[4.546s] Level 1:colcon.colcon_core.environment:checking '/root/DockerFiles/drone_ws/install/tello_driver/lib/python3.8/site-packages'
[4.546s] Level 1:colcon.colcon_core.environment:checking '/root/DockerFiles/drone_ws/install/tello_driver/bin'
[4.548s] INFO:colcon.colcon_core.shell:Creating package script '/root/DockerFiles/drone_ws/install/tello_driver/share/tello_driver/package.ps1'
[4.550s] INFO:colcon.colcon_core.shell:Creating package descriptor '/root/DockerFiles/drone_ws/install/tello_driver/share/tello_driver/package.dsv'
[4.551s] INFO:colcon.colcon_core.shell:Creating package script '/root/DockerFiles/drone_ws/install/tello_driver/share/tello_driver/package.sh'
[4.553s] INFO:colcon.colcon_core.shell:Creating package script '/root/DockerFiles/drone_ws/install/tello_driver/share/tello_driver/package.bash'
[4.554s] INFO:colcon.colcon_core.shell:Creating package script '/root/DockerFiles/drone_ws/install/tello_driver/share/tello_driver/package.zsh'
[4.554s] Level 1:colcon.colcon_core.environment:create_file_with_runtime_dependencies(/root/DockerFiles/drone_ws/install/tello_driver/share/colcon-core/packages/tello_driver)
[4.555s] DEBUG:colcon.colcon_parallel_executor.executor.parallel:closing loop
[4.555s] DEBUG:colcon.colcon_parallel_executor.executor.parallel:loop closed
[4.556s] DEBUG:colcon.colcon_parallel_executor.executor.parallel:run_until_complete finished with '0'
[4.557s] DEBUG:colcon.colcon_core.event_reactor:joining thread
[4.567s] INFO:colcon.colcon_core.plugin_system:Skipping extension 'colcon_notification.desktop_notification.notify_send': Could not find 'notify-send'
[4.567s] INFO:colcon.colcon_core.plugin_system:Skipping extension 'colcon_notification.desktop_notification.terminal_notifier': Not used on non-Darwin systems
[4.567s] INFO:colcon.colcon_core.plugin_system:Skipping extension 'colcon_notification.desktop_notification.win32': Not used on non-Windows systems
[4.567s] INFO:colcon.colcon_notification.desktop_notification:Sending desktop notification using 'notify2'
[4.573s] DEBUG:colcon.colcon_notification.desktop_notification.notify2:Failed to initialize notify2: org.freedesktop.DBus.Error.Spawn.ExecFailed: /usr/bin/dbus-launch terminated abnormally without any error message
[4.574s] DEBUG:colcon.colcon_core.event_reactor:joined thread
[4.578s] INFO:colcon.colcon_core.shell:Creating prefix script '/root/DockerFiles/drone_ws/install/local_setup.ps1'
[4.580s] INFO:colcon.colcon_core.shell:Creating prefix util module '/root/DockerFiles/drone_ws/install/_local_setup_util_ps1.py'
[4.583s] INFO:colcon.colcon_core.shell:Creating prefix chain script '/root/DockerFiles/drone_ws/install/setup.ps1'
[4.594s] INFO:colcon.colcon_core.shell:Creating prefix script '/root/DockerFiles/drone_ws/install/local_setup.sh'
[4.595s] INFO:colcon.colcon_core.shell:Creating prefix util module '/root/DockerFiles/drone_ws/install/_local_setup_util_sh.py'
[4.597s] INFO:colcon.colcon_core.shell:Creating prefix chain script '/root/DockerFiles/drone_ws/install/setup.sh'
[4.601s] INFO:colcon.colcon_core.shell:Creating prefix script '/root/DockerFiles/drone_ws/install/local_setup.bash'
[4.608s] INFO:colcon.colcon_core.shell:Creating prefix chain script '/root/DockerFiles/drone_ws/install/setup.bash'
[4.612s] INFO:colcon.colcon_core.shell:Creating prefix script '/root/DockerFiles/drone_ws/install/local_setup.zsh'
[4.613s] INFO:colcon.colcon_core.shell:Creating prefix chain script '/root/DockerFiles/drone_ws/install/setup.zsh'
