[0.446s] DEBUG:colcon:Command line arguments: ['/usr/bin/colcon', 'build']
[0.446s] DEBUG:colcon:Parsed command line arguments: Namespace(ament_cmake_args=None, base_paths=['.'], build_base='build', catkin_cmake_args=None, catkin_skip_building_tests=False, cmake_args=None, cmake_clean_cache=False, cmake_clean_first=False, cmake_force_configure=False, cmake_target=None, cmake_target_skip_unavailable=False, continue_on_error=False, event_handlers=None, executor='parallel', ignore_user_meta=False, install_base='install', log_base=None, log_level=None, main=<bound method BuildVerb.main of <colcon_core.verb.build.BuildVerb object at 0x75105a9c5490>>, merge_install=False, metas=['./colcon.meta'], mixin=None, mixin_files=None, mixin_verb=('build',), packages_above=None, packages_above_and_dependencies=None, packages_above_depth=None, packages_end=None, packages_ignore=None, packages_ignore_regex=None, packages_select=None, packages_select_build_failed=False, packages_select_by_dep=None, packages_select_regex=None, packages_select_test_failures=False, packages_skip=None, packages_skip_build_finished=False, packages_skip_by_dep=None, packages_skip_regex=None, packages_skip_test_passed=False, packages_skip_up_to=None, packages_start=None, packages_up_to=None, packages_up_to_regex=None, parallel_workers=12, paths=None, symlink_install=False, test_result_base=None, verb_extension=<colcon_core.verb.build.BuildVerb object at 0x75105a9c5490>, verb_name='build', verb_parser=<colcon_mixin.mixin.mixin_argument.MixinArgumentDecorator object at 0x75105a9c5af0>)
[0.487s] Level 1:colcon.colcon_core.package_discovery:discover_packages(colcon_meta) check parameters
[0.488s] INFO:colcon.colcon_metadata.package_discovery.colcon_meta:Using configuration from '/root/.colcon/metadata/default/Gazebo.meta'
[0.489s] INFO:colcon.colcon_metadata.package_discovery.colcon_meta:Using configuration from '/root/.colcon/metadata/default/fastdds.meta'
[0.489s] INFO:colcon.colcon_metadata.package_discovery.colcon_meta:Using configuration from '/root/.colcon/metadata/default/fastrtps.meta'
[0.490s] Level 1:colcon.colcon_core.package_discovery:discover_packages(recursive) check parameters
[0.490s] Level 1:colcon.colcon_core.package_discovery:discover_packages(ignore) check parameters
[0.490s] Level 1:colcon.colcon_core.package_discovery:discover_packages(path) check parameters
[0.490s] Level 1:colcon.colcon_core.package_discovery:discover_packages(colcon_meta) discover
[0.490s] Level 1:colcon.colcon_core.package_discovery:discover_packages(recursive) discover
[0.490s] INFO:colcon.colcon_core.package_discovery:Crawling recursively for packages in '/root/DockerFiles/drone_ws'
[0.491s] Level 1:colcon.colcon_core.package_identification:_identify(.) by extensions ['ignore', 'ignore_ament_install']
[0.491s] Level 1:colcon.colcon_core.package_identification:_identify(.) by extension 'ignore'
[0.491s] Level 1:colcon.colcon_core.package_identification:_identify(.) by extension 'ignore_ament_install'
[0.491s] Level 1:colcon.colcon_core.package_identification:_identify(.) by extensions ['colcon_pkg']
[0.491s] Level 1:colcon.colcon_core.package_identification:_identify(.) by extension 'colcon_pkg'
[0.491s] Level 1:colcon.colcon_core.package_identification:_identify(.) by extensions ['colcon_meta']
[0.491s] Level 1:colcon.colcon_core.package_identification:_identify(.) by extension 'colcon_meta'
[0.491s] Level 1:colcon.colcon_core.package_identification:_identify(.) by extensions ['ros']
[0.491s] Level 1:colcon.colcon_core.package_identification:_identify(.) by extension 'ros'
[0.527s] Level 1:colcon.colcon_core.package_identification:_identify(.) by extensions ['cmake', 'python']
[0.527s] Level 1:colcon.colcon_core.package_identification:_identify(.) by extension 'cmake'
[0.527s] Level 1:colcon.colcon_core.package_identification:_identify(.) by extension 'python'
[0.527s] Level 1:colcon.colcon_core.package_identification:_identify(.) by extensions ['python_setup_py']
[0.527s] Level 1:colcon.colcon_core.package_identification:_identify(.) by extension 'python_setup_py'
[0.527s] Level 1:colcon.colcon_core.package_identification:_identify(build) by extensions ['ignore', 'ignore_ament_install']
[0.527s] Level 1:colcon.colcon_core.package_identification:_identify(build) by extension 'ignore'
[0.527s] Level 1:colcon.colcon_core.package_identification:_identify(build) ignored
[0.528s] Level 1:colcon.colcon_core.package_identification:_identify(install) by extensions ['ignore', 'ignore_ament_install']
[0.528s] Level 1:colcon.colcon_core.package_identification:_identify(install) by extension 'ignore'
[0.528s] Level 1:colcon.colcon_core.package_identification:_identify(install) ignored
[0.528s] Level 1:colcon.colcon_core.package_identification:_identify(log) by extensions ['ignore', 'ignore_ament_install']
[0.528s] Level 1:colcon.colcon_core.package_identification:_identify(log) by extension 'ignore'
[0.528s] Level 1:colcon.colcon_core.package_identification:_identify(log) ignored
[0.528s] Level 1:colcon.colcon_core.package_identification:_identify(sim) by extensions ['ignore', 'ignore_ament_install']
[0.528s] Level 1:colcon.colcon_core.package_identification:_identify(sim) by extension 'ignore'
[0.528s] Level 1:colcon.colcon_core.package_identification:_identify(sim) by extension 'ignore_ament_install'
[0.528s] Level 1:colcon.colcon_core.package_identification:_identify(sim) by extensions ['colcon_pkg']
[0.529s] Level 1:colcon.colcon_core.package_identification:_identify(sim) by extension 'colcon_pkg'
[0.529s] Level 1:colcon.colcon_core.package_identification:_identify(sim) by extensions ['colcon_meta']
[0.529s] Level 1:colcon.colcon_core.package_identification:_identify(sim) by extension 'colcon_meta'
[0.529s] Level 1:colcon.colcon_core.package_identification:_identify(sim) by extensions ['ros']
[0.529s] Level 1:colcon.colcon_core.package_identification:_identify(sim) by extension 'ros'
[0.529s] Level 1:colcon.colcon_core.package_identification:_identify(sim) by extensions ['cmake', 'python']
[0.529s] Level 1:colcon.colcon_core.package_identification:_identify(sim) by extension 'cmake'
[0.529s] Level 1:colcon.colcon_core.package_identification:_identify(sim) by extension 'python'
[0.529s] Level 1:colcon.colcon_core.package_identification:_identify(sim) by extensions ['python_setup_py']
[0.529s] Level 1:colcon.colcon_core.package_identification:_identify(sim) by extension 'python_setup_py'
[0.529s] Level 1:colcon.colcon_core.package_identification:_identify(sim/build) by extensions ['ignore', 'ignore_ament_install']
[0.529s] Level 1:colcon.colcon_core.package_identification:_identify(sim/build) by extension 'ignore'
[0.529s] Level 1:colcon.colcon_core.package_identification:_identify(sim/build) ignored
[0.530s] Level 1:colcon.colcon_core.package_identification:_identify(sim/install) by extensions ['ignore', 'ignore_ament_install']
[0.530s] Level 1:colcon.colcon_core.package_identification:_identify(sim/install) by extension 'ignore'
[0.530s] Level 1:colcon.colcon_core.package_identification:_identify(sim/install) ignored
[0.530s] Level 1:colcon.colcon_core.package_identification:_identify(sim/log) by extensions ['ignore', 'ignore_ament_install']
[0.530s] Level 1:colcon.colcon_core.package_identification:_identify(sim/log) by extension 'ignore'
[0.530s] Level 1:colcon.colcon_core.package_identification:_identify(sim/log) ignored
[0.530s] Level 1:colcon.colcon_core.package_identification:_identify(sim/worlds) by extensions ['ignore', 'ignore_ament_install']
[0.530s] Level 1:colcon.colcon_core.package_identification:_identify(sim/worlds) by extension 'ignore'
[0.530s] Level 1:colcon.colcon_core.package_identification:_identify(sim/worlds) by extension 'ignore_ament_install'
[0.530s] Level 1:colcon.colcon_core.package_identification:_identify(sim/worlds) by extensions ['colcon_pkg']
[0.530s] Level 1:colcon.colcon_core.package_identification:_identify(sim/worlds) by extension 'colcon_pkg'
[0.531s] Level 1:colcon.colcon_core.package_identification:_identify(sim/worlds) by extensions ['colcon_meta']
[0.531s] Level 1:colcon.colcon_core.package_identification:_identify(sim/worlds) by extension 'colcon_meta'
[0.531s] Level 1:colcon.colcon_core.package_identification:_identify(sim/worlds) by extensions ['ros']
[0.531s] Level 1:colcon.colcon_core.package_identification:_identify(sim/worlds) by extension 'ros'
[0.531s] Level 1:colcon.colcon_core.package_identification:_identify(sim/worlds) by extensions ['cmake', 'python']
[0.531s] Level 1:colcon.colcon_core.package_identification:_identify(sim/worlds) by extension 'cmake'
[0.531s] Level 1:colcon.colcon_core.package_identification:_identify(sim/worlds) by extension 'python'
[0.531s] Level 1:colcon.colcon_core.package_identification:_identify(sim/worlds) by extensions ['python_setup_py']
[0.531s] Level 1:colcon.colcon_core.package_identification:_identify(sim/worlds) by extension 'python_setup_py'
[0.531s] Level 1:colcon.colcon_core.package_identification:_identify(src) by extensions ['ignore', 'ignore_ament_install']
[0.531s] Level 1:colcon.colcon_core.package_identification:_identify(src) by extension 'ignore'
[0.531s] Level 1:colcon.colcon_core.package_identification:_identify(src) by extension 'ignore_ament_install'
[0.531s] Level 1:colcon.colcon_core.package_identification:_identify(src) by extensions ['colcon_pkg']
[0.531s] Level 1:colcon.colcon_core.package_identification:_identify(src) by extension 'colcon_pkg'
[0.531s] Level 1:colcon.colcon_core.package_identification:_identify(src) by extensions ['colcon_meta']
[0.532s] Level 1:colcon.colcon_core.package_identification:_identify(src) by extension 'colcon_meta'
[0.532s] Level 1:colcon.colcon_core.package_identification:_identify(src) by extensions ['ros']
[0.532s] Level 1:colcon.colcon_core.package_identification:_identify(src) by extension 'ros'
[0.532s] Level 1:colcon.colcon_core.package_identification:_identify(src) by extensions ['cmake', 'python']
[0.532s] Level 1:colcon.colcon_core.package_identification:_identify(src) by extension 'cmake'
[0.532s] Level 1:colcon.colcon_core.package_identification:_identify(src) by extension 'python'
[0.532s] Level 1:colcon.colcon_core.package_identification:_identify(src) by extensions ['python_setup_py']
[0.532s] Level 1:colcon.colcon_core.package_identification:_identify(src) by extension 'python_setup_py'
[0.532s] Level 1:colcon.colcon_core.package_identification:_identify(src/ros2_shared) by extensions ['ignore', 'ignore_ament_install']
[0.532s] Level 1:colcon.colcon_core.package_identification:_identify(src/ros2_shared) by extension 'ignore'
[0.532s] Level 1:colcon.colcon_core.package_identification:_identify(src/ros2_shared) by extension 'ignore_ament_install'
[0.532s] Level 1:colcon.colcon_core.package_identification:_identify(src/ros2_shared) by extensions ['colcon_pkg']
[0.532s] Level 1:colcon.colcon_core.package_identification:_identify(src/ros2_shared) by extension 'colcon_pkg'
[0.532s] Level 1:colcon.colcon_core.package_identification:_identify(src/ros2_shared) by extensions ['colcon_meta']
[0.532s] Level 1:colcon.colcon_core.package_identification:_identify(src/ros2_shared) by extension 'colcon_meta'
[0.533s] Level 1:colcon.colcon_core.package_identification:_identify(src/ros2_shared) by extensions ['ros']
[0.533s] Level 1:colcon.colcon_core.package_identification:_identify(src/ros2_shared) by extension 'ros'
[0.535s] DEBUG:colcon.colcon_core.package_identification:Package 'src/ros2_shared' with type 'ros.ament_cmake' and name 'ros2_shared'
[0.535s] Level 1:colcon.colcon_core.package_identification:_identify(src/tello_camera) by extensions ['ignore', 'ignore_ament_install']
[0.535s] Level 1:colcon.colcon_core.package_identification:_identify(src/tello_camera) by extension 'ignore'
[0.536s] Level 1:colcon.colcon_core.package_identification:_identify(src/tello_camera) by extension 'ignore_ament_install'
[0.536s] Level 1:colcon.colcon_core.package_identification:_identify(src/tello_camera) by extensions ['colcon_pkg']
[0.536s] Level 1:colcon.colcon_core.package_identification:_identify(src/tello_camera) by extension 'colcon_pkg'
[0.536s] Level 1:colcon.colcon_core.package_identification:_identify(src/tello_camera) by extensions ['colcon_meta']
[0.536s] Level 1:colcon.colcon_core.package_identification:_identify(src/tello_camera) by extension 'colcon_meta'
[0.536s] Level 1:colcon.colcon_core.package_identification:_identify(src/tello_camera) by extensions ['ros']
[0.536s] Level 1:colcon.colcon_core.package_identification:_identify(src/tello_camera) by extension 'ros'
[0.536s] DEBUG:colcon.colcon_core.package_identification:Package 'src/tello_camera' with type 'ros.ament_python' and name 'tello_camera'
[0.536s] Level 1:colcon.colcon_core.package_identification:_identify(src/tello_controller) by extensions ['ignore', 'ignore_ament_install']
[0.536s] Level 1:colcon.colcon_core.package_identification:_identify(src/tello_controller) by extension 'ignore'
[0.536s] Level 1:colcon.colcon_core.package_identification:_identify(src/tello_controller) by extension 'ignore_ament_install'
[0.537s] Level 1:colcon.colcon_core.package_identification:_identify(src/tello_controller) by extensions ['colcon_pkg']
[0.537s] Level 1:colcon.colcon_core.package_identification:_identify(src/tello_controller) by extension 'colcon_pkg'
[0.537s] Level 1:colcon.colcon_core.package_identification:_identify(src/tello_controller) by extensions ['colcon_meta']
[0.537s] Level 1:colcon.colcon_core.package_identification:_identify(src/tello_controller) by extension 'colcon_meta'
[0.537s] Level 1:colcon.colcon_core.package_identification:_identify(src/tello_controller) by extensions ['ros']
[0.537s] Level 1:colcon.colcon_core.package_identification:_identify(src/tello_controller) by extension 'ros'
[0.537s] DEBUG:colcon.colcon_core.package_identification:Package 'src/tello_controller' with type 'ros.ament_python' and name 'tello_controller'
[0.538s] Level 1:colcon.colcon_core.package_identification:_identify(src/tello_hand_move) by extensions ['ignore', 'ignore_ament_install']
[0.538s] Level 1:colcon.colcon_core.package_identification:_identify(src/tello_hand_move) by extension 'ignore'
[0.538s] Level 1:colcon.colcon_core.package_identification:_identify(src/tello_hand_move) by extension 'ignore_ament_install'
[0.538s] Level 1:colcon.colcon_core.package_identification:_identify(src/tello_hand_move) by extensions ['colcon_pkg']
[0.538s] Level 1:colcon.colcon_core.package_identification:_identify(src/tello_hand_move) by extension 'colcon_pkg'
[0.538s] Level 1:colcon.colcon_core.package_identification:_identify(src/tello_hand_move) by extensions ['colcon_meta']
[0.538s] Level 1:colcon.colcon_core.package_identification:_identify(src/tello_hand_move) by extension 'colcon_meta'
[0.538s] Level 1:colcon.colcon_core.package_identification:_identify(src/tello_hand_move) by extensions ['ros']
[0.538s] Level 1:colcon.colcon_core.package_identification:_identify(src/tello_hand_move) by extension 'ros'
[0.539s] DEBUG:colcon.colcon_core.package_identification:Package 'src/tello_hand_move' with type 'ros.ament_python' and name 'tello_hand_move'
[0.539s] Level 1:colcon.colcon_core.package_identification:_identify(src/tello_mission) by extensions ['ignore', 'ignore_ament_install']
[0.540s] Level 1:colcon.colcon_core.package_identification:_identify(src/tello_mission) by extension 'ignore'
[0.540s] Level 1:colcon.colcon_core.package_identification:_identify(src/tello_mission) by extension 'ignore_ament_install'
[0.540s] Level 1:colcon.colcon_core.package_identification:_identify(src/tello_mission) by extensions ['colcon_pkg']
[0.540s] Level 1:colcon.colcon_core.package_identification:_identify(src/tello_mission) by extension 'colcon_pkg'
[0.541s] Level 1:colcon.colcon_core.package_identification:_identify(src/tello_mission) by extensions ['colcon_meta']
[0.541s] Level 1:colcon.colcon_core.package_identification:_identify(src/tello_mission) by extension 'colcon_meta'
[0.541s] Level 1:colcon.colcon_core.package_identification:_identify(src/tello_mission) by extensions ['ros']
[0.541s] Level 1:colcon.colcon_core.package_identification:_identify(src/tello_mission) by extension 'ros'
[0.541s] DEBUG:colcon.colcon_core.package_identification:Package 'src/tello_mission' with type 'ros.ament_python' and name 'tello_mission'
[0.542s] Level 1:colcon.colcon_core.package_identification:_identify(src/tello_ros) by extensions ['ignore', 'ignore_ament_install']
[0.542s] Level 1:colcon.colcon_core.package_identification:_identify(src/tello_ros) by extension 'ignore'
[0.542s] Level 1:colcon.colcon_core.package_identification:_identify(src/tello_ros) by extension 'ignore_ament_install'
[0.543s] Level 1:colcon.colcon_core.package_identification:_identify(src/tello_ros) by extensions ['colcon_pkg']
[0.543s] Level 1:colcon.colcon_core.package_identification:_identify(src/tello_ros) by extension 'colcon_pkg'
[0.543s] Level 1:colcon.colcon_core.package_identification:_identify(src/tello_ros) by extensions ['colcon_meta']
[0.543s] Level 1:colcon.colcon_core.package_identification:_identify(src/tello_ros) by extension 'colcon_meta'
[0.543s] Level 1:colcon.colcon_core.package_identification:_identify(src/tello_ros) by extensions ['ros']
[0.543s] Level 1:colcon.colcon_core.package_identification:_identify(src/tello_ros) by extension 'ros'
[0.543s] Level 1:colcon.colcon_core.package_identification:_identify(src/tello_ros) by extensions ['cmake', 'python']
[0.543s] Level 1:colcon.colcon_core.package_identification:_identify(src/tello_ros) by extension 'cmake'
[0.543s] Level 1:colcon.colcon_core.package_identification:_identify(src/tello_ros) by extension 'python'
[0.543s] Level 1:colcon.colcon_core.package_identification:_identify(src/tello_ros) by extensions ['python_setup_py']
[0.543s] Level 1:colcon.colcon_core.package_identification:_identify(src/tello_ros) by extension 'python_setup_py'
[0.544s] Level 1:colcon.colcon_core.package_identification:_identify(src/tello_ros/tello_description) by extensions ['ignore', 'ignore_ament_install']
[0.544s] Level 1:colcon.colcon_core.package_identification:_identify(src/tello_ros/tello_description) by extension 'ignore'
[0.544s] Level 1:colcon.colcon_core.package_identification:_identify(src/tello_ros/tello_description) by extension 'ignore_ament_install'
[0.544s] Level 1:colcon.colcon_core.package_identification:_identify(src/tello_ros/tello_description) by extensions ['colcon_pkg']
[0.544s] Level 1:colcon.colcon_core.package_identification:_identify(src/tello_ros/tello_description) by extension 'colcon_pkg'
[0.544s] Level 1:colcon.colcon_core.package_identification:_identify(src/tello_ros/tello_description) by extensions ['colcon_meta']
[0.544s] Level 1:colcon.colcon_core.package_identification:_identify(src/tello_ros/tello_description) by extension 'colcon_meta'
[0.544s] Level 1:colcon.colcon_core.package_identification:_identify(src/tello_ros/tello_description) by extensions ['ros']
[0.544s] Level 1:colcon.colcon_core.package_identification:_identify(src/tello_ros/tello_description) by extension 'ros'
[0.545s] DEBUG:colcon.colcon_core.package_identification:Package 'src/tello_ros/tello_description' with type 'ros.ament_cmake' and name 'tello_description'
[0.546s] Level 1:colcon.colcon_core.package_identification:_identify(src/tello_ros/tello_driver) by extensions ['ignore', 'ignore_ament_install']
[0.546s] Level 1:colcon.colcon_core.package_identification:_identify(src/tello_ros/tello_driver) by extension 'ignore'
[0.546s] Level 1:colcon.colcon_core.package_identification:_identify(src/tello_ros/tello_driver) by extension 'ignore_ament_install'
[0.546s] Level 1:colcon.colcon_core.package_identification:_identify(src/tello_ros/tello_driver) by extensions ['colcon_pkg']
[0.546s] Level 1:colcon.colcon_core.package_identification:_identify(src/tello_ros/tello_driver) by extension 'colcon_pkg'
[0.546s] Level 1:colcon.colcon_core.package_identification:_identify(src/tello_ros/tello_driver) by extensions ['colcon_meta']
[0.546s] Level 1:colcon.colcon_core.package_identification:_identify(src/tello_ros/tello_driver) by extension 'colcon_meta'
[0.546s] Level 1:colcon.colcon_core.package_identification:_identify(src/tello_ros/tello_driver) by extensions ['ros']
[0.546s] Level 1:colcon.colcon_core.package_identification:_identify(src/tello_ros/tello_driver) by extension 'ros'
[0.549s] DEBUG:colcon.colcon_core.package_identification:Package 'src/tello_ros/tello_driver' with type 'ros.ament_cmake' and name 'tello_driver'
[0.550s] Level 1:colcon.colcon_core.package_identification:_identify(src/tello_ros/tello_gazebo) by extensions ['ignore', 'ignore_ament_install']
[0.550s] Level 1:colcon.colcon_core.package_identification:_identify(src/tello_ros/tello_gazebo) by extension 'ignore'
[0.550s] Level 1:colcon.colcon_core.package_identification:_identify(src/tello_ros/tello_gazebo) by extension 'ignore_ament_install'
[0.551s] Level 1:colcon.colcon_core.package_identification:_identify(src/tello_ros/tello_gazebo) by extensions ['colcon_pkg']
[0.551s] Level 1:colcon.colcon_core.package_identification:_identify(src/tello_ros/tello_gazebo) by extension 'colcon_pkg'
[0.551s] Level 1:colcon.colcon_core.package_identification:_identify(src/tello_ros/tello_gazebo) by extensions ['colcon_meta']
[0.551s] Level 1:colcon.colcon_core.package_identification:_identify(src/tello_ros/tello_gazebo) by extension 'colcon_meta'
[0.551s] Level 1:colcon.colcon_core.package_identification:_identify(src/tello_ros/tello_gazebo) by extensions ['ros']
[0.551s] Level 1:colcon.colcon_core.package_identification:_identify(src/tello_ros/tello_gazebo) by extension 'ros'
[0.553s] DEBUG:colcon.colcon_core.package_identification:Package 'src/tello_ros/tello_gazebo' with type 'ros.ament_cmake' and name 'tello_gazebo'
[0.553s] Level 1:colcon.colcon_core.package_identification:_identify(src/tello_ros/tello_msgs) by extensions ['ignore', 'ignore_ament_install']
[0.553s] Level 1:colcon.colcon_core.package_identification:_identify(src/tello_ros/tello_msgs) by extension 'ignore'
[0.554s] Level 1:colcon.colcon_core.package_identification:_identify(src/tello_ros/tello_msgs) by extension 'ignore_ament_install'
[0.554s] Level 1:colcon.colcon_core.package_identification:_identify(src/tello_ros/tello_msgs) by extensions ['colcon_pkg']
[0.554s] Level 1:colcon.colcon_core.package_identification:_identify(src/tello_ros/tello_msgs) by extension 'colcon_pkg'
[0.554s] Level 1:colcon.colcon_core.package_identification:_identify(src/tello_ros/tello_msgs) by extensions ['colcon_meta']
[0.554s] Level 1:colcon.colcon_core.package_identification:_identify(src/tello_ros/tello_msgs) by extension 'colcon_meta'
[0.554s] Level 1:colcon.colcon_core.package_identification:_identify(src/tello_ros/tello_msgs) by extensions ['ros']
[0.554s] Level 1:colcon.colcon_core.package_identification:_identify(src/tello_ros/tello_msgs) by extension 'ros'
[0.555s] DEBUG:colcon.colcon_core.package_identification:Package 'src/tello_ros/tello_msgs' with type 'ros.ament_cmake' and name 'tello_msgs'
[0.555s] Level 1:colcon.colcon_core.package_discovery:discover_packages(recursive) using defaults
[0.555s] Level 1:colcon.colcon_core.package_discovery:discover_packages(ignore) discover
[0.555s] Level 1:colcon.colcon_core.package_discovery:discover_packages(ignore) using defaults
[0.555s] Level 1:colcon.colcon_core.package_discovery:discover_packages(path) discover
[0.555s] Level 1:colcon.colcon_core.package_discovery:discover_packages(path) using defaults
[0.587s] Level 5:colcon.colcon_core.verb:set package 'ros2_shared' build argument 'cmake_args' from command line to 'None'
[0.587s] Level 5:colcon.colcon_core.verb:set package 'ros2_shared' build argument 'cmake_target' from command line to 'None'
[0.587s] Level 5:colcon.colcon_core.verb:set package 'ros2_shared' build argument 'cmake_target_skip_unavailable' from command line to 'False'
[0.587s] Level 5:colcon.colcon_core.verb:set package 'ros2_shared' build argument 'cmake_clean_cache' from command line to 'False'
[0.588s] Level 5:colcon.colcon_core.verb:set package 'ros2_shared' build argument 'cmake_clean_first' from command line to 'False'
[0.588s] Level 5:colcon.colcon_core.verb:set package 'ros2_shared' build argument 'cmake_force_configure' from command line to 'False'
[0.588s] Level 5:colcon.colcon_core.verb:set package 'ros2_shared' build argument 'ament_cmake_args' from command line to 'None'
[0.588s] Level 5:colcon.colcon_core.verb:set package 'ros2_shared' build argument 'catkin_cmake_args' from command line to 'None'
[0.588s] Level 5:colcon.colcon_core.verb:set package 'ros2_shared' build argument 'catkin_skip_building_tests' from command line to 'False'
[0.588s] DEBUG:colcon.colcon_core.verb:Building package 'ros2_shared' with the following arguments: {'ament_cmake_args': None, 'build_base': '/root/DockerFiles/drone_ws/build/ros2_shared', 'catkin_cmake_args': None, 'catkin_skip_building_tests': False, 'cmake_args': None, 'cmake_clean_cache': False, 'cmake_clean_first': False, 'cmake_force_configure': False, 'cmake_target': None, 'cmake_target_skip_unavailable': False, 'install_base': '/root/DockerFiles/drone_ws/install/ros2_shared', 'merge_install': False, 'path': '/root/DockerFiles/drone_ws/src/ros2_shared', 'symlink_install': False, 'test_result_base': None}
[0.590s] Level 5:colcon.colcon_core.verb:set package 'tello_camera' build argument 'cmake_args' from command line to 'None'
[0.590s] Level 5:colcon.colcon_core.verb:set package 'tello_camera' build argument 'cmake_target' from command line to 'None'
[0.590s] Level 5:colcon.colcon_core.verb:set package 'tello_camera' build argument 'cmake_target_skip_unavailable' from command line to 'False'
[0.590s] Level 5:colcon.colcon_core.verb:set package 'tello_camera' build argument 'cmake_clean_cache' from command line to 'False'
[0.590s] Level 5:colcon.colcon_core.verb:set package 'tello_camera' build argument 'cmake_clean_first' from command line to 'False'
[0.590s] Level 5:colcon.colcon_core.verb:set package 'tello_camera' build argument 'cmake_force_configure' from command line to 'False'
[0.590s] Level 5:colcon.colcon_core.verb:set package 'tello_camera' build argument 'ament_cmake_args' from command line to 'None'
[0.590s] Level 5:colcon.colcon_core.verb:set package 'tello_camera' build argument 'catkin_cmake_args' from command line to 'None'
[0.590s] Level 5:colcon.colcon_core.verb:set package 'tello_camera' build argument 'catkin_skip_building_tests' from command line to 'False'
[0.590s] DEBUG:colcon.colcon_core.verb:Building package 'tello_camera' with the following arguments: {'ament_cmake_args': None, 'build_base': '/root/DockerFiles/drone_ws/build/tello_camera', 'catkin_cmake_args': None, 'catkin_skip_building_tests': False, 'cmake_args': None, 'cmake_clean_cache': False, 'cmake_clean_first': False, 'cmake_force_configure': False, 'cmake_target': None, 'cmake_target_skip_unavailable': False, 'install_base': '/root/DockerFiles/drone_ws/install/tello_camera', 'merge_install': False, 'path': '/root/DockerFiles/drone_ws/src/tello_camera', 'symlink_install': False, 'test_result_base': None}
[0.592s] Level 5:colcon.colcon_core.verb:set package 'tello_controller' build argument 'cmake_args' from command line to 'None'
[0.592s] Level 5:colcon.colcon_core.verb:set package 'tello_controller' build argument 'cmake_target' from command line to 'None'
[0.592s] Level 5:colcon.colcon_core.verb:set package 'tello_controller' build argument 'cmake_target_skip_unavailable' from command line to 'False'
[0.592s] Level 5:colcon.colcon_core.verb:set package 'tello_controller' build argument 'cmake_clean_cache' from command line to 'False'
[0.592s] Level 5:colcon.colcon_core.verb:set package 'tello_controller' build argument 'cmake_clean_first' from command line to 'False'
[0.592s] Level 5:colcon.colcon_core.verb:set package 'tello_controller' build argument 'cmake_force_configure' from command line to 'False'
[0.592s] Level 5:colcon.colcon_core.verb:set package 'tello_controller' build argument 'ament_cmake_args' from command line to 'None'
[0.592s] Level 5:colcon.colcon_core.verb:set package 'tello_controller' build argument 'catkin_cmake_args' from command line to 'None'
[0.592s] Level 5:colcon.colcon_core.verb:set package 'tello_controller' build argument 'catkin_skip_building_tests' from command line to 'False'
[0.592s] DEBUG:colcon.colcon_core.verb:Building package 'tello_controller' with the following arguments: {'ament_cmake_args': None, 'build_base': '/root/DockerFiles/drone_ws/build/tello_controller', 'catkin_cmake_args': None, 'catkin_skip_building_tests': False, 'cmake_args': None, 'cmake_clean_cache': False, 'cmake_clean_first': False, 'cmake_force_configure': False, 'cmake_target': None, 'cmake_target_skip_unavailable': False, 'install_base': '/root/DockerFiles/drone_ws/install/tello_controller', 'merge_install': False, 'path': '/root/DockerFiles/drone_ws/src/tello_controller', 'symlink_install': False, 'test_result_base': None}
[0.593s] Level 5:colcon.colcon_core.verb:set package 'tello_description' build argument 'cmake_args' from command line to 'None'
[0.593s] Level 5:colcon.colcon_core.verb:set package 'tello_description' build argument 'cmake_target' from command line to 'None'
[0.593s] Level 5:colcon.colcon_core.verb:set package 'tello_description' build argument 'cmake_target_skip_unavailable' from command line to 'False'
[0.593s] Level 5:colcon.colcon_core.verb:set package 'tello_description' build argument 'cmake_clean_cache' from command line to 'False'
[0.593s] Level 5:colcon.colcon_core.verb:set package 'tello_description' build argument 'cmake_clean_first' from command line to 'False'
[0.593s] Level 5:colcon.colcon_core.verb:set package 'tello_description' build argument 'cmake_force_configure' from command line to 'False'
[0.593s] Level 5:colcon.colcon_core.verb:set package 'tello_description' build argument 'ament_cmake_args' from command line to 'None'
[0.593s] Level 5:colcon.colcon_core.verb:set package 'tello_description' build argument 'catkin_cmake_args' from command line to 'None'
[0.593s] Level 5:colcon.colcon_core.verb:set package 'tello_description' build argument 'catkin_skip_building_tests' from command line to 'False'
[0.593s] DEBUG:colcon.colcon_core.verb:Building package 'tello_description' with the following arguments: {'ament_cmake_args': None, 'build_base': '/root/DockerFiles/drone_ws/build/tello_description', 'catkin_cmake_args': None, 'catkin_skip_building_tests': False, 'cmake_args': None, 'cmake_clean_cache': False, 'cmake_clean_first': False, 'cmake_force_configure': False, 'cmake_target': None, 'cmake_target_skip_unavailable': False, 'install_base': '/root/DockerFiles/drone_ws/install/tello_description', 'merge_install': False, 'path': '/root/DockerFiles/drone_ws/src/tello_ros/tello_description', 'symlink_install': False, 'test_result_base': None}
[0.594s] Level 5:colcon.colcon_core.verb:set package 'tello_hand_move' build argument 'cmake_args' from command line to 'None'
[0.594s] Level 5:colcon.colcon_core.verb:set package 'tello_hand_move' build argument 'cmake_target' from command line to 'None'
[0.594s] Level 5:colcon.colcon_core.verb:set package 'tello_hand_move' build argument 'cmake_target_skip_unavailable' from command line to 'False'
[0.594s] Level 5:colcon.colcon_core.verb:set package 'tello_hand_move' build argument 'cmake_clean_cache' from command line to 'False'
[0.594s] Level 5:colcon.colcon_core.verb:set package 'tello_hand_move' build argument 'cmake_clean_first' from command line to 'False'
[0.594s] Level 5:colcon.colcon_core.verb:set package 'tello_hand_move' build argument 'cmake_force_configure' from command line to 'False'
[0.594s] Level 5:colcon.colcon_core.verb:set package 'tello_hand_move' build argument 'ament_cmake_args' from command line to 'None'
[0.594s] Level 5:colcon.colcon_core.verb:set package 'tello_hand_move' build argument 'catkin_cmake_args' from command line to 'None'
[0.594s] Level 5:colcon.colcon_core.verb:set package 'tello_hand_move' build argument 'catkin_skip_building_tests' from command line to 'False'
[0.594s] DEBUG:colcon.colcon_core.verb:Building package 'tello_hand_move' with the following arguments: {'ament_cmake_args': None, 'build_base': '/root/DockerFiles/drone_ws/build/tello_hand_move', 'catkin_cmake_args': None, 'catkin_skip_building_tests': False, 'cmake_args': None, 'cmake_clean_cache': False, 'cmake_clean_first': False, 'cmake_force_configure': False, 'cmake_target': None, 'cmake_target_skip_unavailable': False, 'install_base': '/root/DockerFiles/drone_ws/install/tello_hand_move', 'merge_install': False, 'path': '/root/DockerFiles/drone_ws/src/tello_hand_move', 'symlink_install': False, 'test_result_base': None}
[0.595s] Level 5:colcon.colcon_core.verb:set package 'tello_mission' build argument 'cmake_args' from command line to 'None'
[0.596s] Level 5:colcon.colcon_core.verb:set package 'tello_mission' build argument 'cmake_target' from command line to 'None'
[0.596s] Level 5:colcon.colcon_core.verb:set package 'tello_mission' build argument 'cmake_target_skip_unavailable' from command line to 'False'
[0.596s] Level 5:colcon.colcon_core.verb:set package 'tello_mission' build argument 'cmake_clean_cache' from command line to 'False'
[0.596s] Level 5:colcon.colcon_core.verb:set package 'tello_mission' build argument 'cmake_clean_first' from command line to 'False'
[0.596s] Level 5:colcon.colcon_core.verb:set package 'tello_mission' build argument 'cmake_force_configure' from command line to 'False'
[0.596s] Level 5:colcon.colcon_core.verb:set package 'tello_mission' build argument 'ament_cmake_args' from command line to 'None'
[0.596s] Level 5:colcon.colcon_core.verb:set package 'tello_mission' build argument 'catkin_cmake_args' from command line to 'None'
[0.596s] Level 5:colcon.colcon_core.verb:set package 'tello_mission' build argument 'catkin_skip_building_tests' from command line to 'False'
[0.596s] DEBUG:colcon.colcon_core.verb:Building package 'tello_mission' with the following arguments: {'ament_cmake_args': None, 'build_base': '/root/DockerFiles/drone_ws/build/tello_mission', 'catkin_cmake_args': None, 'catkin_skip_building_tests': False, 'cmake_args': None, 'cmake_clean_cache': False, 'cmake_clean_first': False, 'cmake_force_configure': False, 'cmake_target': None, 'cmake_target_skip_unavailable': False, 'install_base': '/root/DockerFiles/drone_ws/install/tello_mission', 'merge_install': False, 'path': '/root/DockerFiles/drone_ws/src/tello_mission', 'symlink_install': False, 'test_result_base': None}
[0.597s] Level 5:colcon.colcon_core.verb:set package 'tello_msgs' build argument 'cmake_args' from command line to 'None'
[0.597s] Level 5:colcon.colcon_core.verb:set package 'tello_msgs' build argument 'cmake_target' from command line to 'None'
[0.597s] Level 5:colcon.colcon_core.verb:set package 'tello_msgs' build argument 'cmake_target_skip_unavailable' from command line to 'False'
[0.597s] Level 5:colcon.colcon_core.verb:set package 'tello_msgs' build argument 'cmake_clean_cache' from command line to 'False'
[0.597s] Level 5:colcon.colcon_core.verb:set package 'tello_msgs' build argument 'cmake_clean_first' from command line to 'False'
[0.597s] Level 5:colcon.colcon_core.verb:set package 'tello_msgs' build argument 'cmake_force_configure' from command line to 'False'
[0.597s] Level 5:colcon.colcon_core.verb:set package 'tello_msgs' build argument 'ament_cmake_args' from command line to 'None'
[0.597s] Level 5:colcon.colcon_core.verb:set package 'tello_msgs' build argument 'catkin_cmake_args' from command line to 'None'
[0.597s] Level 5:colcon.colcon_core.verb:set package 'tello_msgs' build argument 'catkin_skip_building_tests' from command line to 'False'
[0.597s] DEBUG:colcon.colcon_core.verb:Building package 'tello_msgs' with the following arguments: {'ament_cmake_args': None, 'build_base': '/root/DockerFiles/drone_ws/build/tello_msgs', 'catkin_cmake_args': None, 'catkin_skip_building_tests': False, 'cmake_args': None, 'cmake_clean_cache': False, 'cmake_clean_first': False, 'cmake_force_configure': False, 'cmake_target': None, 'cmake_target_skip_unavailable': False, 'install_base': '/root/DockerFiles/drone_ws/install/tello_msgs', 'merge_install': False, 'path': '/root/DockerFiles/drone_ws/src/tello_ros/tello_msgs', 'symlink_install': False, 'test_result_base': None}
[0.598s] Level 5:colcon.colcon_core.verb:set package 'tello_driver' build argument 'cmake_args' from command line to 'None'
[0.598s] Level 5:colcon.colcon_core.verb:set package 'tello_driver' build argument 'cmake_target' from command line to 'None'
[0.598s] Level 5:colcon.colcon_core.verb:set package 'tello_driver' build argument 'cmake_target_skip_unavailable' from command line to 'False'
[0.598s] Level 5:colcon.colcon_core.verb:set package 'tello_driver' build argument 'cmake_clean_cache' from command line to 'False'
[0.598s] Level 5:colcon.colcon_core.verb:set package 'tello_driver' build argument 'cmake_clean_first' from command line to 'False'
[0.599s] Level 5:colcon.colcon_core.verb:set package 'tello_driver' build argument 'cmake_force_configure' from command line to 'False'
[0.599s] Level 5:colcon.colcon_core.verb:set package 'tello_driver' build argument 'ament_cmake_args' from command line to 'None'
[0.599s] Level 5:colcon.colcon_core.verb:set package 'tello_driver' build argument 'catkin_cmake_args' from command line to 'None'
[0.599s] Level 5:colcon.colcon_core.verb:set package 'tello_driver' build argument 'catkin_skip_building_tests' from command line to 'False'
[0.599s] DEBUG:colcon.colcon_core.verb:Building package 'tello_driver' with the following arguments: {'ament_cmake_args': None, 'build_base': '/root/DockerFiles/drone_ws/build/tello_driver', 'catkin_cmake_args': None, 'catkin_skip_building_tests': False, 'cmake_args': None, 'cmake_clean_cache': False, 'cmake_clean_first': False, 'cmake_force_configure': False, 'cmake_target': None, 'cmake_target_skip_unavailable': False, 'install_base': '/root/DockerFiles/drone_ws/install/tello_driver', 'merge_install': False, 'path': '/root/DockerFiles/drone_ws/src/tello_ros/tello_driver', 'symlink_install': False, 'test_result_base': None}
[0.600s] Level 5:colcon.colcon_core.verb:set package 'tello_gazebo' build argument 'cmake_args' from command line to 'None'
[0.600s] Level 5:colcon.colcon_core.verb:set package 'tello_gazebo' build argument 'cmake_target' from command line to 'None'
[0.600s] Level 5:colcon.colcon_core.verb:set package 'tello_gazebo' build argument 'cmake_target_skip_unavailable' from command line to 'False'
[0.600s] Level 5:colcon.colcon_core.verb:set package 'tello_gazebo' build argument 'cmake_clean_cache' from command line to 'False'
[0.600s] Level 5:colcon.colcon_core.verb:set package 'tello_gazebo' build argument 'cmake_clean_first' from command line to 'False'
[0.600s] Level 5:colcon.colcon_core.verb:set package 'tello_gazebo' build argument 'cmake_force_configure' from command line to 'False'
[0.600s] Level 5:colcon.colcon_core.verb:set package 'tello_gazebo' build argument 'ament_cmake_args' from command line to 'None'
[0.600s] Level 5:colcon.colcon_core.verb:set package 'tello_gazebo' build argument 'catkin_cmake_args' from command line to 'None'
[0.600s] Level 5:colcon.colcon_core.verb:set package 'tello_gazebo' build argument 'catkin_skip_building_tests' from command line to 'False'
[0.600s] DEBUG:colcon.colcon_core.verb:Building package 'tello_gazebo' with the following arguments: {'ament_cmake_args': None, 'build_base': '/root/DockerFiles/drone_ws/build/tello_gazebo', 'catkin_cmake_args': None, 'catkin_skip_building_tests': False, 'cmake_args': None, 'cmake_clean_cache': False, 'cmake_clean_first': False, 'cmake_force_configure': False, 'cmake_target': None, 'cmake_target_skip_unavailable': False, 'install_base': '/root/DockerFiles/drone_ws/install/tello_gazebo', 'merge_install': False, 'path': '/root/DockerFiles/drone_ws/src/tello_ros/tello_gazebo', 'symlink_install': False, 'test_result_base': None}
[0.601s] INFO:colcon.colcon_core.executor:Executing jobs using 'parallel' executor
[0.608s] DEBUG:colcon.colcon_parallel_executor.executor.parallel:run_until_complete
[0.609s] INFO:colcon.colcon_ros.task.ament_cmake.build:Building ROS package in '/root/DockerFiles/drone_ws/src/tello_ros/tello_msgs' with build type 'ament_cmake'
[0.609s] INFO:colcon.colcon_cmake.task.cmake.build:Building CMake package in '/root/DockerFiles/drone_ws/src/tello_ros/tello_msgs'
[0.619s] INFO:colcon.colcon_core.plugin_system:Skipping extension 'colcon_core.shell.bat': Not used on non-Windows systems
[0.619s] INFO:colcon.colcon_core.shell:Skip shell extension 'powershell' for command environment: Not usable outside of PowerShell
[0.619s] DEBUG:colcon.colcon_core.shell:Skip shell extension 'dsv' for command environment
[0.633s] INFO:colcon.colcon_ros.task.ament_cmake.build:Building ROS package in '/root/DockerFiles/drone_ws/src/ros2_shared' with build type 'ament_cmake'
[0.634s] INFO:colcon.colcon_cmake.task.cmake.build:Building CMake package in '/root/DockerFiles/drone_ws/src/ros2_shared'
[0.635s] INFO:colcon.colcon_core.shell:Skip shell extension 'powershell' for command environment: Not usable outside of PowerShell
[0.636s] DEBUG:colcon.colcon_core.shell:Skip shell extension 'dsv' for command environment
[0.649s] INFO:colcon.colcon_ros.task.ament_python.build:Building ROS package in '/root/DockerFiles/drone_ws/src/tello_camera' with build type 'ament_python'
[0.650s] Level 1:colcon.colcon_core.shell:create_environment_hook('tello_camera', 'ament_prefix_path')
[0.652s] INFO:colcon.colcon_core.shell:Creating environment hook '/root/DockerFiles/drone_ws/install/tello_camera/share/tello_camera/hook/ament_prefix_path.ps1'
[0.659s] INFO:colcon.colcon_core.shell:Creating environment descriptor '/root/DockerFiles/drone_ws/install/tello_camera/share/tello_camera/hook/ament_prefix_path.dsv'
[0.660s] INFO:colcon.colcon_core.shell:Creating environment hook '/root/DockerFiles/drone_ws/install/tello_camera/share/tello_camera/hook/ament_prefix_path.sh'
[0.663s] INFO:colcon.colcon_core.shell:Skip shell extension 'powershell' for command environment: Not usable outside of PowerShell
[0.663s] DEBUG:colcon.colcon_core.shell:Skip shell extension 'dsv' for command environment
[0.673s] INFO:colcon.colcon_ros.task.ament_python.build:Building ROS package in '/root/DockerFiles/drone_ws/src/tello_controller' with build type 'ament_python'
[0.673s] Level 1:colcon.colcon_core.shell:create_environment_hook('tello_controller', 'ament_prefix_path')
[0.676s] INFO:colcon.colcon_core.shell:Creating environment hook '/root/DockerFiles/drone_ws/install/tello_controller/share/tello_controller/hook/ament_prefix_path.ps1'
[0.678s] INFO:colcon.colcon_core.shell:Creating environment descriptor '/root/DockerFiles/drone_ws/install/tello_controller/share/tello_controller/hook/ament_prefix_path.dsv'
[0.678s] INFO:colcon.colcon_core.shell:Creating environment hook '/root/DockerFiles/drone_ws/install/tello_controller/share/tello_controller/hook/ament_prefix_path.sh'
[0.682s] INFO:colcon.colcon_core.shell:Skip shell extension 'powershell' for command environment: Not usable outside of PowerShell
[0.683s] DEBUG:colcon.colcon_core.shell:Skip shell extension 'dsv' for command environment
[0.702s] INFO:colcon.colcon_ros.task.ament_cmake.build:Building ROS package in '/root/DockerFiles/drone_ws/src/tello_ros/tello_description' with build type 'ament_cmake'
[0.703s] INFO:colcon.colcon_cmake.task.cmake.build:Building CMake package in '/root/DockerFiles/drone_ws/src/tello_ros/tello_description'
[0.704s] INFO:colcon.colcon_core.shell:Skip shell extension 'powershell' for command environment: Not usable outside of PowerShell
[0.705s] DEBUG:colcon.colcon_core.shell:Skip shell extension 'dsv' for command environment
[0.721s] INFO:colcon.colcon_ros.task.ament_python.build:Building ROS package in '/root/DockerFiles/drone_ws/src/tello_hand_move' with build type 'ament_python'
[0.721s] Level 1:colcon.colcon_core.shell:create_environment_hook('tello_hand_move', 'ament_prefix_path')
[0.725s] INFO:colcon.colcon_core.shell:Creating environment hook '/root/DockerFiles/drone_ws/install/tello_hand_move/share/tello_hand_move/hook/ament_prefix_path.ps1'
[0.727s] INFO:colcon.colcon_core.shell:Creating environment descriptor '/root/DockerFiles/drone_ws/install/tello_hand_move/share/tello_hand_move/hook/ament_prefix_path.dsv'
[0.727s] INFO:colcon.colcon_core.shell:Creating environment hook '/root/DockerFiles/drone_ws/install/tello_hand_move/share/tello_hand_move/hook/ament_prefix_path.sh'
[0.731s] INFO:colcon.colcon_core.shell:Skip shell extension 'powershell' for command environment: Not usable outside of PowerShell
[0.731s] DEBUG:colcon.colcon_core.shell:Skip shell extension 'dsv' for command environment
[0.740s] INFO:colcon.colcon_ros.task.ament_python.build:Building ROS package in '/root/DockerFiles/drone_ws/src/tello_mission' with build type 'ament_python'
[0.741s] Level 1:colcon.colcon_core.shell:create_environment_hook('tello_mission', 'ament_prefix_path')
[0.744s] INFO:colcon.colcon_core.shell:Creating environment hook '/root/DockerFiles/drone_ws/install/tello_mission/share/tello_mission/hook/ament_prefix_path.ps1'
[0.746s] INFO:colcon.colcon_core.shell:Creating environment descriptor '/root/DockerFiles/drone_ws/install/tello_mission/share/tello_mission/hook/ament_prefix_path.dsv'
[0.748s] INFO:colcon.colcon_core.shell:Creating environment hook '/root/DockerFiles/drone_ws/install/tello_mission/share/tello_mission/hook/ament_prefix_path.sh'
[0.751s] INFO:colcon.colcon_core.shell:Skip shell extension 'powershell' for command environment: Not usable outside of PowerShell
[0.751s] DEBUG:colcon.colcon_core.shell:Skip shell extension 'dsv' for command environment
[0.771s] DEBUG:colcon.colcon_core.event_handler.log_command:Invoking command in '/root/DockerFiles/drone_ws/build/tello_msgs': CMAKE_PREFIX_PATH=${CMAKE_PREFIX_PATH}:/root/DockerFiles/drone_ws/install/tello_mission:/root/DockerFiles/drone_ws/install/tello_hand_move:/root/DockerFiles/drone_ws/install/tello_controller:/root/DockerFiles/drone_ws/install/tello_camera:/opt/ros/foxy /usr/bin/cmake --build /root/DockerFiles/drone_ws/build/tello_msgs -- -j12 -l12
[0.784s] DEBUG:colcon.colcon_core.event_handler.log_command:Invoking command in '/root/DockerFiles/drone_ws/build/ros2_shared': CMAKE_PREFIX_PATH=${CMAKE_PREFIX_PATH}:/root/DockerFiles/drone_ws/install/tello_mission:/root/DockerFiles/drone_ws/install/tello_hand_move:/root/DockerFiles/drone_ws/install/tello_controller:/root/DockerFiles/drone_ws/install/tello_camera:/opt/ros/foxy /usr/bin/cmake --build /root/DockerFiles/drone_ws/build/ros2_shared -- -j12 -l12
[1.132s] INFO:colcon.colcon_core.task.python.build:Building Python package in '/root/DockerFiles/drone_ws/src/tello_camera'
[1.135s] INFO:colcon.colcon_core.shell:Skip shell extension 'powershell' for command environment: Not usable outside of PowerShell
[1.135s] DEBUG:colcon.colcon_core.shell:Skip shell extension 'dsv' for command environment
[1.468s] INFO:colcon.colcon_core.task.python.build:Building Python package in '/root/DockerFiles/drone_ws/src/tello_controller'
[1.472s] INFO:colcon.colcon_core.shell:Skip shell extension 'powershell' for command environment: Not usable outside of PowerShell
[1.472s] DEBUG:colcon.colcon_core.shell:Skip shell extension 'dsv' for command environment
[1.490s] DEBUG:colcon.colcon_core.event_handler.log_command:Invoking command in '/root/DockerFiles/drone_ws/build/tello_description': CMAKE_PREFIX_PATH=${CMAKE_PREFIX_PATH}:/root/DockerFiles/drone_ws/install/tello_mission:/root/DockerFiles/drone_ws/install/tello_hand_move:/root/DockerFiles/drone_ws/install/tello_controller:/root/DockerFiles/drone_ws/install/tello_camera:/opt/ros/foxy /usr/bin/cmake --build /root/DockerFiles/drone_ws/build/tello_description -- -j12 -l12
[1.820s] WARNING:colcon.colcon_ros.task.ament_python.build:Package 'tello_hand_move' doesn't explicitly install a marker in the package index (colcon-ros currently does it implicitly but that fallback will be removed in the future)
[1.821s] WARNING:colcon.colcon_ros.task.ament_python.build:Package 'tello_hand_move' doesn't explicitly install the 'package.xml' file (colcon-ros currently does it implicitly but that fallback will be removed in the future)
[1.822s] INFO:colcon.colcon_core.task.python.build:Building Python package in '/root/DockerFiles/drone_ws/src/tello_hand_move'
[1.824s] INFO:colcon.colcon_core.shell:Skip shell extension 'powershell' for command environment: Not usable outside of PowerShell
[1.825s] DEBUG:colcon.colcon_core.shell:Skip shell extension 'dsv' for command environment
[2.190s] INFO:colcon.colcon_core.task.python.build:Building Python package in '/root/DockerFiles/drone_ws/src/tello_mission'
[2.193s] INFO:colcon.colcon_core.shell:Skip shell extension 'powershell' for command environment: Not usable outside of PowerShell
[2.193s] DEBUG:colcon.colcon_core.shell:Skip shell extension 'dsv' for command environment
[2.207s] DEBUG:colcon.colcon_core.event_handler.log_command:Invoked command in '/root/DockerFiles/drone_ws/build/tello_msgs' returned '0': CMAKE_PREFIX_PATH=${CMAKE_PREFIX_PATH}:/root/DockerFiles/drone_ws/install/tello_mission:/root/DockerFiles/drone_ws/install/tello_hand_move:/root/DockerFiles/drone_ws/install/tello_controller:/root/DockerFiles/drone_ws/install/tello_camera:/opt/ros/foxy /usr/bin/cmake --build /root/DockerFiles/drone_ws/build/tello_msgs -- -j12 -l12
[2.220s] DEBUG:colcon.colcon_core.event_handler.log_command:Invoked command in '/root/DockerFiles/drone_ws/build/ros2_shared' returned '0': CMAKE_PREFIX_PATH=${CMAKE_PREFIX_PATH}:/root/DockerFiles/drone_ws/install/tello_mission:/root/DockerFiles/drone_ws/install/tello_hand_move:/root/DockerFiles/drone_ws/install/tello_controller:/root/DockerFiles/drone_ws/install/tello_camera:/opt/ros/foxy /usr/bin/cmake --build /root/DockerFiles/drone_ws/build/ros2_shared -- -j12 -l12
[2.260s] DEBUG:colcon.colcon_core.event_handler.log_command:Invoked command in '/root/DockerFiles/drone_ws/build/tello_description' returned '0': CMAKE_PREFIX_PATH=${CMAKE_PREFIX_PATH}:/root/DockerFiles/drone_ws/install/tello_mission:/root/DockerFiles/drone_ws/install/tello_hand_move:/root/DockerFiles/drone_ws/install/tello_controller:/root/DockerFiles/drone_ws/install/tello_camera:/opt/ros/foxy /usr/bin/cmake --build /root/DockerFiles/drone_ws/build/tello_description -- -j12 -l12
[2.320s] DEBUG:colcon.colcon_core.event_handler.log_command:Invoking command in '/root/DockerFiles/drone_ws/build/ros2_shared': CMAKE_PREFIX_PATH=${CMAKE_PREFIX_PATH}:/root/DockerFiles/drone_ws/install/tello_mission:/root/DockerFiles/drone_ws/install/tello_hand_move:/root/DockerFiles/drone_ws/install/tello_controller:/root/DockerFiles/drone_ws/install/tello_camera:/opt/ros/foxy /usr/bin/cmake --install /root/DockerFiles/drone_ws/build/ros2_shared
[2.339s] DEBUG:colcon.colcon_core.event_handler.log_command:Invoking command in '/root/DockerFiles/drone_ws/build/tello_description': CMAKE_PREFIX_PATH=${CMAKE_PREFIX_PATH}:/root/DockerFiles/drone_ws/install/tello_mission:/root/DockerFiles/drone_ws/install/tello_hand_move:/root/DockerFiles/drone_ws/install/tello_controller:/root/DockerFiles/drone_ws/install/tello_camera:/opt/ros/foxy /usr/bin/cmake --install /root/DockerFiles/drone_ws/build/tello_description
[2.366s] Level 1:colcon.colcon_core.environment:create_environment_scripts_only(tello_description)
[2.376s] DEBUG:colcon.colcon_core.event_handler.log_command:Invoked command in '/root/DockerFiles/drone_ws/build/tello_description' returned '0': CMAKE_PREFIX_PATH=${CMAKE_PREFIX_PATH}:/root/DockerFiles/drone_ws/install/tello_mission:/root/DockerFiles/drone_ws/install/tello_hand_move:/root/DockerFiles/drone_ws/install/tello_controller:/root/DockerFiles/drone_ws/install/tello_camera:/opt/ros/foxy /usr/bin/cmake --install /root/DockerFiles/drone_ws/build/tello_description
[2.381s] Level 1:colcon.colcon_core.environment:checking '/root/DockerFiles/drone_ws/install/tello_description' for CMake module files
[2.381s] Level 1:colcon.colcon_core.environment:checking '/root/DockerFiles/drone_ws/install/tello_description' for CMake config files
[2.382s] Level 1:colcon.colcon_core.shell:create_environment_hook('tello_description', 'cmake_prefix_path')
[2.385s] INFO:colcon.colcon_core.shell:Creating environment hook '/root/DockerFiles/drone_ws/install/tello_description/share/tello_description/hook/cmake_prefix_path.ps1'
[2.386s] INFO:colcon.colcon_core.shell:Creating environment descriptor '/root/DockerFiles/drone_ws/install/tello_description/share/tello_description/hook/cmake_prefix_path.dsv'
[2.386s] INFO:colcon.colcon_core.shell:Creating environment hook '/root/DockerFiles/drone_ws/install/tello_description/share/tello_description/hook/cmake_prefix_path.sh'
[2.388s] Level 1:colcon.colcon_core.environment:checking '/root/DockerFiles/drone_ws/install/tello_description/bin'
[2.389s] Level 1:colcon.colcon_core.environment:checking '/root/DockerFiles/drone_ws/install/tello_description/lib/pkgconfig/tello_description.pc'
[2.389s] Level 1:colcon.colcon_core.environment:checking '/root/DockerFiles/drone_ws/install/tello_description/lib/python3.8/site-packages'
[2.390s] Level 1:colcon.colcon_core.environment:checking '/root/DockerFiles/drone_ws/install/tello_description/bin'
[2.393s] INFO:colcon.colcon_core.shell:Creating package script '/root/DockerFiles/drone_ws/install/tello_description/share/tello_description/package.ps1'
[2.396s] INFO:colcon.colcon_core.shell:Creating package descriptor '/root/DockerFiles/drone_ws/install/tello_description/share/tello_description/package.dsv'
[2.397s] INFO:colcon.colcon_core.shell:Creating package script '/root/DockerFiles/drone_ws/install/tello_description/share/tello_description/package.sh'
[2.399s] INFO:colcon.colcon_core.shell:Creating package script '/root/DockerFiles/drone_ws/install/tello_description/share/tello_description/package.bash'
[2.401s] INFO:colcon.colcon_core.shell:Creating package script '/root/DockerFiles/drone_ws/install/tello_description/share/tello_description/package.zsh'
[2.404s] Level 1:colcon.colcon_core.environment:create_file_with_runtime_dependencies(/root/DockerFiles/drone_ws/install/tello_description/share/colcon-core/packages/tello_description)
[2.410s] Level 1:colcon.colcon_core.environment:create_environment_scripts_only(ros2_shared)
[2.413s] Level 1:colcon.colcon_core.environment:checking '/root/DockerFiles/drone_ws/install/ros2_shared' for CMake module files
[2.414s] Level 1:colcon.colcon_core.environment:checking '/root/DockerFiles/drone_ws/install/ros2_shared' for CMake config files
[2.415s] DEBUG:colcon.colcon_core.event_handler.log_command:Invoked command in '/root/DockerFiles/drone_ws/build/ros2_shared' returned '0': CMAKE_PREFIX_PATH=${CMAKE_PREFIX_PATH}:/root/DockerFiles/drone_ws/install/tello_mission:/root/DockerFiles/drone_ws/install/tello_hand_move:/root/DockerFiles/drone_ws/install/tello_controller:/root/DockerFiles/drone_ws/install/tello_camera:/opt/ros/foxy /usr/bin/cmake --install /root/DockerFiles/drone_ws/build/ros2_shared
[2.416s] Level 1:colcon.colcon_core.shell:create_environment_hook('ros2_shared', 'cmake_prefix_path')
[2.418s] INFO:colcon.colcon_core.shell:Creating environment hook '/root/DockerFiles/drone_ws/install/ros2_shared/share/ros2_shared/hook/cmake_prefix_path.ps1'
[2.419s] INFO:colcon.colcon_core.shell:Creating environment descriptor '/root/DockerFiles/drone_ws/install/ros2_shared/share/ros2_shared/hook/cmake_prefix_path.dsv'
[2.420s] INFO:colcon.colcon_core.shell:Creating environment hook '/root/DockerFiles/drone_ws/install/ros2_shared/share/ros2_shared/hook/cmake_prefix_path.sh'
[2.421s] Level 1:colcon.colcon_core.environment:checking '/root/DockerFiles/drone_ws/install/ros2_shared/bin'
[2.421s] Level 1:colcon.colcon_core.environment:checking '/root/DockerFiles/drone_ws/install/ros2_shared/lib/pkgconfig/ros2_shared.pc'
[2.422s] Level 1:colcon.colcon_core.environment:checking '/root/DockerFiles/drone_ws/install/ros2_shared/lib/python3.8/site-packages'
[2.422s] Level 1:colcon.colcon_core.environment:checking '/root/DockerFiles/drone_ws/install/ros2_shared/bin'
[2.425s] INFO:colcon.colcon_core.shell:Creating package script '/root/DockerFiles/drone_ws/install/ros2_shared/share/ros2_shared/package.ps1'
[2.426s] INFO:colcon.colcon_core.shell:Creating package descriptor '/root/DockerFiles/drone_ws/install/ros2_shared/share/ros2_shared/package.dsv'
[2.427s] INFO:colcon.colcon_core.shell:Creating package script '/root/DockerFiles/drone_ws/install/ros2_shared/share/ros2_shared/package.sh'
[2.428s] INFO:colcon.colcon_core.shell:Creating package script '/root/DockerFiles/drone_ws/install/ros2_shared/share/ros2_shared/package.bash'
[2.430s] INFO:colcon.colcon_core.shell:Creating package script '/root/DockerFiles/drone_ws/install/ros2_shared/share/ros2_shared/package.zsh'
[2.431s] Level 1:colcon.colcon_core.environment:create_file_with_runtime_dependencies(/root/DockerFiles/drone_ws/install/ros2_shared/share/colcon-core/packages/ros2_shared)
[2.448s] DEBUG:colcon.colcon_core.event_handler.log_command:Invoking command in '/root/DockerFiles/drone_ws/build/tello_msgs': CMAKE_PREFIX_PATH=${CMAKE_PREFIX_PATH}:/root/DockerFiles/drone_ws/install/tello_mission:/root/DockerFiles/drone_ws/install/tello_hand_move:/root/DockerFiles/drone_ws/install/tello_controller:/root/DockerFiles/drone_ws/install/tello_camera:/opt/ros/foxy /usr/bin/cmake --install /root/DockerFiles/drone_ws/build/tello_msgs
[2.482s] Level 1:colcon.colcon_core.environment:create_environment_scripts_only(ros2_shared)
[2.487s] Level 1:colcon.colcon_core.environment:checking '/root/DockerFiles/drone_ws/install/ros2_shared' for CMake module files
[2.491s] Level 1:colcon.colcon_core.environment:checking '/root/DockerFiles/drone_ws/install/ros2_shared' for CMake config files
[2.498s] Level 1:colcon.colcon_core.shell:create_environment_hook('ros2_shared', 'cmake_prefix_path')
[2.500s] INFO:colcon.colcon_core.shell:Creating environment hook '/root/DockerFiles/drone_ws/install/ros2_shared/share/ros2_shared/hook/cmake_prefix_path.ps1'
[2.501s] INFO:colcon.colcon_core.shell:Creating environment descriptor '/root/DockerFiles/drone_ws/install/ros2_shared/share/ros2_shared/hook/cmake_prefix_path.dsv'
[2.502s] INFO:colcon.colcon_core.shell:Creating environment hook '/root/DockerFiles/drone_ws/install/ros2_shared/share/ros2_shared/hook/cmake_prefix_path.sh'
[2.503s] Level 1:colcon.colcon_core.environment:checking '/root/DockerFiles/drone_ws/install/ros2_shared/bin'
[2.503s] Level 1:colcon.colcon_core.environment:checking '/root/DockerFiles/drone_ws/install/ros2_shared/lib/pkgconfig/ros2_shared.pc'
[2.503s] Level 1:colcon.colcon_core.environment:checking '/root/DockerFiles/drone_ws/install/ros2_shared/lib/python3.8/site-packages'
[2.503s] Level 1:colcon.colcon_core.environment:checking '/root/DockerFiles/drone_ws/install/ros2_shared/bin'
[2.505s] INFO:colcon.colcon_core.shell:Creating package script '/root/DockerFiles/drone_ws/install/ros2_shared/share/ros2_shared/package.ps1'
[2.506s] INFO:colcon.colcon_core.shell:Creating package descriptor '/root/DockerFiles/drone_ws/install/ros2_shared/share/ros2_shared/package.dsv'
[2.507s] INFO:colcon.colcon_core.shell:Creating package script '/root/DockerFiles/drone_ws/install/ros2_shared/share/ros2_shared/package.sh'
[2.507s] INFO:colcon.colcon_core.shell:Creating package script '/root/DockerFiles/drone_ws/install/ros2_shared/share/ros2_shared/package.bash'
[2.508s] INFO:colcon.colcon_core.shell:Creating package script '/root/DockerFiles/drone_ws/install/ros2_shared/share/ros2_shared/package.zsh'
[2.509s] Level 1:colcon.colcon_core.environment:create_file_with_runtime_dependencies(/root/DockerFiles/drone_ws/install/ros2_shared/share/colcon-core/packages/ros2_shared)
[2.512s] Level 1:colcon.colcon_core.environment:create_environment_scripts_only(tello_description)
[2.516s] Level 1:colcon.colcon_core.environment:checking '/root/DockerFiles/drone_ws/install/tello_description' for CMake module files
[2.516s] Level 1:colcon.colcon_core.environment:checking '/root/DockerFiles/drone_ws/install/tello_description' for CMake config files
[2.517s] Level 1:colcon.colcon_core.shell:create_environment_hook('tello_description', 'cmake_prefix_path')
[2.519s] INFO:colcon.colcon_core.shell:Creating environment hook '/root/DockerFiles/drone_ws/install/tello_description/share/tello_description/hook/cmake_prefix_path.ps1'
[2.519s] INFO:colcon.colcon_core.shell:Creating environment descriptor '/root/DockerFiles/drone_ws/install/tello_description/share/tello_description/hook/cmake_prefix_path.dsv'
[2.520s] INFO:colcon.colcon_core.shell:Creating environment hook '/root/DockerFiles/drone_ws/install/tello_description/share/tello_description/hook/cmake_prefix_path.sh'
[2.521s] Level 1:colcon.colcon_core.environment:checking '/root/DockerFiles/drone_ws/install/tello_description/bin'
[2.521s] Level 1:colcon.colcon_core.environment:checking '/root/DockerFiles/drone_ws/install/tello_description/lib/pkgconfig/tello_description.pc'
[2.521s] Level 1:colcon.colcon_core.environment:checking '/root/DockerFiles/drone_ws/install/tello_description/lib/python3.8/site-packages'
[2.522s] Level 1:colcon.colcon_core.environment:checking '/root/DockerFiles/drone_ws/install/tello_description/bin'
[2.524s] INFO:colcon.colcon_core.shell:Creating package script '/root/DockerFiles/drone_ws/install/tello_description/share/tello_description/package.ps1'
[2.525s] INFO:colcon.colcon_core.shell:Creating package descriptor '/root/DockerFiles/drone_ws/install/tello_description/share/tello_description/package.dsv'
[2.526s] INFO:colcon.colcon_core.shell:Creating package script '/root/DockerFiles/drone_ws/install/tello_description/share/tello_description/package.sh'
[2.527s] INFO:colcon.colcon_core.shell:Creating package script '/root/DockerFiles/drone_ws/install/tello_description/share/tello_description/package.bash'
[2.527s] INFO:colcon.colcon_core.shell:Creating package script '/root/DockerFiles/drone_ws/install/tello_description/share/tello_description/package.zsh'
[2.528s] Level 1:colcon.colcon_core.environment:create_file_with_runtime_dependencies(/root/DockerFiles/drone_ws/install/tello_description/share/colcon-core/packages/tello_description)
[2.575s] Level 1:colcon.colcon_core.environment:create_environment_scripts_only(tello_msgs)
[2.580s] DEBUG:colcon.colcon_core.event_handler.log_command:Invoked command in '/root/DockerFiles/drone_ws/build/tello_msgs' returned '0': CMAKE_PREFIX_PATH=${CMAKE_PREFIX_PATH}:/root/DockerFiles/drone_ws/install/tello_mission:/root/DockerFiles/drone_ws/install/tello_hand_move:/root/DockerFiles/drone_ws/install/tello_controller:/root/DockerFiles/drone_ws/install/tello_camera:/opt/ros/foxy /usr/bin/cmake --install /root/DockerFiles/drone_ws/build/tello_msgs
[2.584s] Level 1:colcon.colcon_core.environment:checking '/root/DockerFiles/drone_ws/install/tello_msgs' for CMake module files
[2.586s] Level 1:colcon.colcon_core.environment:checking '/root/DockerFiles/drone_ws/install/tello_msgs' for CMake config files
[2.587s] Level 1:colcon.colcon_core.shell:create_environment_hook('tello_msgs', 'cmake_prefix_path')
[2.589s] INFO:colcon.colcon_core.shell:Creating environment hook '/root/DockerFiles/drone_ws/install/tello_msgs/share/tello_msgs/hook/cmake_prefix_path.ps1'
[2.590s] INFO:colcon.colcon_core.shell:Creating environment descriptor '/root/DockerFiles/drone_ws/install/tello_msgs/share/tello_msgs/hook/cmake_prefix_path.dsv'
[2.591s] INFO:colcon.colcon_core.shell:Creating environment hook '/root/DockerFiles/drone_ws/install/tello_msgs/share/tello_msgs/hook/cmake_prefix_path.sh'
[2.592s] Level 1:colcon.colcon_core.environment:checking '/root/DockerFiles/drone_ws/install/tello_msgs/lib'
[2.593s] Level 1:colcon.colcon_core.shell:create_environment_hook('tello_msgs', 'ld_library_path_lib')
[2.595s] INFO:colcon.colcon_core.shell:Creating environment hook '/root/DockerFiles/drone_ws/install/tello_msgs/share/tello_msgs/hook/ld_library_path_lib.ps1'
[2.597s] INFO:colcon.colcon_core.shell:Creating environment descriptor '/root/DockerFiles/drone_ws/install/tello_msgs/share/tello_msgs/hook/ld_library_path_lib.dsv'
[2.598s] INFO:colcon.colcon_core.shell:Creating environment hook '/root/DockerFiles/drone_ws/install/tello_msgs/share/tello_msgs/hook/ld_library_path_lib.sh'
[2.599s] Level 1:colcon.colcon_core.environment:checking '/root/DockerFiles/drone_ws/install/tello_msgs/bin'
[2.599s] Level 1:colcon.colcon_core.environment:checking '/root/DockerFiles/drone_ws/install/tello_msgs/lib/pkgconfig/tello_msgs.pc'
[2.600s] Level 1:colcon.colcon_core.environment:checking '/root/DockerFiles/drone_ws/install/tello_msgs/lib/python3.8/site-packages'
[2.600s] Level 1:colcon.colcon_core.shell:create_environment_hook('tello_msgs', 'pythonpath')
[2.603s] INFO:colcon.colcon_core.shell:Creating environment hook '/root/DockerFiles/drone_ws/install/tello_msgs/share/tello_msgs/hook/pythonpath.ps1'
[2.604s] INFO:colcon.colcon_core.shell:Creating environment descriptor '/root/DockerFiles/drone_ws/install/tello_msgs/share/tello_msgs/hook/pythonpath.dsv'
[2.605s] INFO:colcon.colcon_core.shell:Creating environment hook '/root/DockerFiles/drone_ws/install/tello_msgs/share/tello_msgs/hook/pythonpath.sh'
[2.606s] Level 1:colcon.colcon_core.environment:checking '/root/DockerFiles/drone_ws/install/tello_msgs/bin'
[2.609s] INFO:colcon.colcon_core.shell:Creating package script '/root/DockerFiles/drone_ws/install/tello_msgs/share/tello_msgs/package.ps1'
[2.611s] INFO:colcon.colcon_core.shell:Creating package descriptor '/root/DockerFiles/drone_ws/install/tello_msgs/share/tello_msgs/package.dsv'
[2.612s] INFO:colcon.colcon_core.shell:Creating package script '/root/DockerFiles/drone_ws/install/tello_msgs/share/tello_msgs/package.sh'
[2.613s] INFO:colcon.colcon_core.shell:Creating package script '/root/DockerFiles/drone_ws/install/tello_msgs/share/tello_msgs/package.bash'
[2.614s] INFO:colcon.colcon_core.shell:Creating package script '/root/DockerFiles/drone_ws/install/tello_msgs/share/tello_msgs/package.zsh'
[2.615s] Level 1:colcon.colcon_core.environment:create_file_with_runtime_dependencies(/root/DockerFiles/drone_ws/install/tello_msgs/share/colcon-core/packages/tello_msgs)
[2.842s] Level 1:colcon.colcon_core.environment:create_environment_scripts_only(tello_msgs)
[2.846s] Level 1:colcon.colcon_core.environment:checking '/root/DockerFiles/drone_ws/install/tello_msgs' for CMake module files
[2.848s] Level 1:colcon.colcon_core.environment:checking '/root/DockerFiles/drone_ws/install/tello_msgs' for CMake config files
[2.849s] Level 1:colcon.colcon_core.shell:create_environment_hook('tello_msgs', 'cmake_prefix_path')
[2.851s] INFO:colcon.colcon_core.shell:Creating environment hook '/root/DockerFiles/drone_ws/install/tello_msgs/share/tello_msgs/hook/cmake_prefix_path.ps1'
[2.852s] INFO:colcon.colcon_core.shell:Creating environment descriptor '/root/DockerFiles/drone_ws/install/tello_msgs/share/tello_msgs/hook/cmake_prefix_path.dsv'
[2.853s] INFO:colcon.colcon_core.shell:Creating environment hook '/root/DockerFiles/drone_ws/install/tello_msgs/share/tello_msgs/hook/cmake_prefix_path.sh'
[2.855s] Level 1:colcon.colcon_core.environment:checking '/root/DockerFiles/drone_ws/install/tello_msgs/lib'
[2.855s] Level 1:colcon.colcon_core.shell:create_environment_hook('tello_msgs', 'ld_library_path_lib')
[2.857s] INFO:colcon.colcon_core.shell:Creating environment hook '/root/DockerFiles/drone_ws/install/tello_msgs/share/tello_msgs/hook/ld_library_path_lib.ps1'
[2.858s] INFO:colcon.colcon_core.shell:Creating environment descriptor '/root/DockerFiles/drone_ws/install/tello_msgs/share/tello_msgs/hook/ld_library_path_lib.dsv'
[2.860s] INFO:colcon.colcon_core.shell:Creating environment hook '/root/DockerFiles/drone_ws/install/tello_msgs/share/tello_msgs/hook/ld_library_path_lib.sh'
[2.861s] Level 1:colcon.colcon_core.environment:checking '/root/DockerFiles/drone_ws/install/tello_msgs/bin'
[2.861s] Level 1:colcon.colcon_core.environment:checking '/root/DockerFiles/drone_ws/install/tello_msgs/lib/pkgconfig/tello_msgs.pc'
[2.862s] Level 1:colcon.colcon_core.environment:checking '/root/DockerFiles/drone_ws/install/tello_msgs/lib/python3.8/site-packages'
[2.862s] Level 1:colcon.colcon_core.shell:create_environment_hook('tello_msgs', 'pythonpath')
[2.864s] INFO:colcon.colcon_core.shell:Creating environment hook '/root/DockerFiles/drone_ws/install/tello_msgs/share/tello_msgs/hook/pythonpath.ps1'
[2.866s] INFO:colcon.colcon_core.shell:Creating environment descriptor '/root/DockerFiles/drone_ws/install/tello_msgs/share/tello_msgs/hook/pythonpath.dsv'
[2.867s] INFO:colcon.colcon_core.shell:Creating environment hook '/root/DockerFiles/drone_ws/install/tello_msgs/share/tello_msgs/hook/pythonpath.sh'
[2.868s] Level 1:colcon.colcon_core.environment:checking '/root/DockerFiles/drone_ws/install/tello_msgs/bin'
[2.872s] INFO:colcon.colcon_core.shell:Creating package script '/root/DockerFiles/drone_ws/install/tello_msgs/share/tello_msgs/package.ps1'
[2.874s] INFO:colcon.colcon_core.shell:Creating package descriptor '/root/DockerFiles/drone_ws/install/tello_msgs/share/tello_msgs/package.dsv'
[2.875s] INFO:colcon.colcon_core.shell:Creating package script '/root/DockerFiles/drone_ws/install/tello_msgs/share/tello_msgs/package.sh'
[2.877s] INFO:colcon.colcon_core.shell:Creating package script '/root/DockerFiles/drone_ws/install/tello_msgs/share/tello_msgs/package.bash'
[2.878s] INFO:colcon.colcon_core.shell:Creating package script '/root/DockerFiles/drone_ws/install/tello_msgs/share/tello_msgs/package.zsh'
[2.879s] Level 1:colcon.colcon_core.environment:create_file_with_runtime_dependencies(/root/DockerFiles/drone_ws/install/tello_msgs/share/colcon-core/packages/tello_msgs)
[2.881s] INFO:colcon.colcon_ros.task.ament_cmake.build:Building ROS package in '/root/DockerFiles/drone_ws/src/tello_ros/tello_driver' with build type 'ament_cmake'
[2.883s] INFO:colcon.colcon_cmake.task.cmake.build:Building CMake package in '/root/DockerFiles/drone_ws/src/tello_ros/tello_driver'
[2.885s] INFO:colcon.colcon_core.shell:Skip shell extension 'powershell' for command environment: Not usable outside of PowerShell
[2.886s] DEBUG:colcon.colcon_core.shell:Skip shell extension 'dsv' for command environment
[2.905s] INFO:colcon.colcon_ros.task.ament_cmake.build:Building ROS package in '/root/DockerFiles/drone_ws/src/tello_ros/tello_gazebo' with build type 'ament_cmake'
[2.905s] INFO:colcon.colcon_cmake.task.cmake.build:Building CMake package in '/root/DockerFiles/drone_ws/src/tello_ros/tello_gazebo'
[2.910s] INFO:colcon.colcon_core.shell:Skip shell extension 'powershell' for command environment: Not usable outside of PowerShell
[2.910s] DEBUG:colcon.colcon_core.shell:Skip shell extension 'dsv' for command environment
[2.943s] DEBUG:colcon.colcon_core.event_handler.log_command:Invoking command in '/root/DockerFiles/drone_ws/src/tello_controller': PYTHONPATH=/root/DockerFiles/drone_ws/build/tello_controller/prefix_override:/root/DockerFiles/drone_ws/install/tello_controller/lib/python3.8/site-packages:${PYTHONPATH} /usr/bin/python3 setup.py egg_info --egg-base ../../build/tello_controller build --build-base /root/DockerFiles/drone_ws/build/tello_controller/build install --record /root/DockerFiles/drone_ws/build/tello_controller/install.log --single-version-externally-managed
[2.963s] DEBUG:colcon.colcon_core.event_handler.log_command:Invoking command in '/root/DockerFiles/drone_ws/build/tello_driver': CMAKE_PREFIX_PATH=/root/DockerFiles/drone_ws/install/tello_msgs:/root/DockerFiles/drone_ws/install/ros2_shared:/root/DockerFiles/drone_ws/install/tello_gazebo:/root/DockerFiles/drone_ws/install/tello_driver:/root/DockerFiles/drone_ws/install/tello_description:/root/DockerFiles/drone_ws/install/tello_mission:/root/DockerFiles/drone_ws/install/tello_hand_move:/root/DockerFiles/drone_ws/install/tello_controller:/root/DockerFiles/drone_ws/install/tello_camera:/opt/ros/foxy LD_LIBRARY_PATH=/root/DockerFiles/drone_ws/install/tello_msgs/lib:/root/DockerFiles/drone_ws/install/tello_gazebo/lib:/root/DockerFiles/drone_ws/install/tello_driver/lib:/usr/lib/x86_64-linux-gnu/gazebo-11/plugins:/opt/ros/foxy/opt/yaml_cpp_vendor/lib:/opt/ros/foxy/opt/rviz_ogre_vendor/lib:/opt/ros/foxy/lib/x86_64-linux-gnu:/opt/ros/foxy/lib /usr/bin/cmake --build /root/DockerFiles/drone_ws/build/tello_driver -- -j12 -l12
[2.976s] DEBUG:colcon.colcon_core.event_handler.log_command:Invoking command in '/root/DockerFiles/drone_ws/build/tello_gazebo': CMAKE_PREFIX_PATH=/root/DockerFiles/drone_ws/install/tello_msgs:/root/DockerFiles/drone_ws/install/tello_gazebo:/root/DockerFiles/drone_ws/install/tello_driver:/root/DockerFiles/drone_ws/install/tello_description:/root/DockerFiles/drone_ws/install/ros2_shared:/root/DockerFiles/drone_ws/install/tello_mission:/root/DockerFiles/drone_ws/install/tello_hand_move:/root/DockerFiles/drone_ws/install/tello_controller:/root/DockerFiles/drone_ws/install/tello_camera:/opt/ros/foxy LD_LIBRARY_PATH=/root/DockerFiles/drone_ws/install/tello_msgs/lib:/root/DockerFiles/drone_ws/install/tello_gazebo/lib:/root/DockerFiles/drone_ws/install/tello_driver/lib:/usr/lib/x86_64-linux-gnu/gazebo-11/plugins:/opt/ros/foxy/opt/yaml_cpp_vendor/lib:/opt/ros/foxy/opt/rviz_ogre_vendor/lib:/opt/ros/foxy/lib/x86_64-linux-gnu:/opt/ros/foxy/lib /usr/bin/cmake --build /root/DockerFiles/drone_ws/build/tello_gazebo -- -j12 -l12
[2.990s] DEBUG:colcon.colcon_core.event_handler.log_command:Invoking command in '/root/DockerFiles/drone_ws/src/tello_camera': PYTHONPATH=/root/DockerFiles/drone_ws/build/tello_camera/prefix_override:/root/DockerFiles/drone_ws/install/tello_camera/lib/python3.8/site-packages:${PYTHONPATH} /usr/bin/python3 setup.py egg_info --egg-base ../../build/tello_camera build --build-base /root/DockerFiles/drone_ws/build/tello_camera/build install --record /root/DockerFiles/drone_ws/build/tello_camera/install.log --single-version-externally-managed
[3.004s] DEBUG:colcon.colcon_core.event_handler.log_command:Invoking command in '/root/DockerFiles/drone_ws/src/tello_hand_move': PYTHONPATH=/root/DockerFiles/drone_ws/build/tello_hand_move/prefix_override:/root/DockerFiles/drone_ws/install/tello_hand_move/lib/python3.8/site-packages:${PYTHONPATH} /usr/bin/python3 setup.py egg_info --egg-base ../../build/tello_hand_move build --build-base /root/DockerFiles/drone_ws/build/tello_hand_move/build install --record /root/DockerFiles/drone_ws/build/tello_hand_move/install.log --single-version-externally-managed
[3.026s] DEBUG:colcon.colcon_core.event_handler.log_command:Invoking command in '/root/DockerFiles/drone_ws/src/tello_mission': PYTHONPATH=/root/DockerFiles/drone_ws/build/tello_mission/prefix_override:/root/DockerFiles/drone_ws/install/tello_mission/lib/python3.8/site-packages:${PYTHONPATH} /usr/bin/python3 setup.py egg_info --egg-base ../../build/tello_mission build --build-base /root/DockerFiles/drone_ws/build/tello_mission/build install --record /root/DockerFiles/drone_ws/build/tello_mission/install.log --single-version-externally-managed
[3.219s] DEBUG:colcon.colcon_core.event_handler.log_command:Invoked command in '/root/DockerFiles/drone_ws/build/tello_gazebo' returned '0': CMAKE_PREFIX_PATH=/root/DockerFiles/drone_ws/install/tello_msgs:/root/DockerFiles/drone_ws/install/tello_gazebo:/root/DockerFiles/drone_ws/install/tello_driver:/root/DockerFiles/drone_ws/install/tello_description:/root/DockerFiles/drone_ws/install/ros2_shared:/root/DockerFiles/drone_ws/install/tello_mission:/root/DockerFiles/drone_ws/install/tello_hand_move:/root/DockerFiles/drone_ws/install/tello_controller:/root/DockerFiles/drone_ws/install/tello_camera:/opt/ros/foxy LD_LIBRARY_PATH=/root/DockerFiles/drone_ws/install/tello_msgs/lib:/root/DockerFiles/drone_ws/install/tello_gazebo/lib:/root/DockerFiles/drone_ws/install/tello_driver/lib:/usr/lib/x86_64-linux-gnu/gazebo-11/plugins:/opt/ros/foxy/opt/yaml_cpp_vendor/lib:/opt/ros/foxy/opt/rviz_ogre_vendor/lib:/opt/ros/foxy/lib/x86_64-linux-gnu:/opt/ros/foxy/lib /usr/bin/cmake --build /root/DockerFiles/drone_ws/build/tello_gazebo -- -j12 -l12
[3.303s] DEBUG:colcon.colcon_core.event_handler.log_command:Invoking command in '/root/DockerFiles/drone_ws/build/tello_gazebo': CMAKE_PREFIX_PATH=/root/DockerFiles/drone_ws/install/tello_msgs:/root/DockerFiles/drone_ws/install/tello_gazebo:/root/DockerFiles/drone_ws/install/tello_driver:/root/DockerFiles/drone_ws/install/tello_description:/root/DockerFiles/drone_ws/install/ros2_shared:/root/DockerFiles/drone_ws/install/tello_mission:/root/DockerFiles/drone_ws/install/tello_hand_move:/root/DockerFiles/drone_ws/install/tello_controller:/root/DockerFiles/drone_ws/install/tello_camera:/opt/ros/foxy LD_LIBRARY_PATH=/root/DockerFiles/drone_ws/install/tello_msgs/lib:/root/DockerFiles/drone_ws/install/tello_gazebo/lib:/root/DockerFiles/drone_ws/install/tello_driver/lib:/usr/lib/x86_64-linux-gnu/gazebo-11/plugins:/opt/ros/foxy/opt/yaml_cpp_vendor/lib:/opt/ros/foxy/opt/rviz_ogre_vendor/lib:/opt/ros/foxy/lib/x86_64-linux-gnu:/opt/ros/foxy/lib /usr/bin/cmake --install /root/DockerFiles/drone_ws/build/tello_gazebo
[3.361s] Level 1:colcon.colcon_core.environment:create_environment_scripts_only(tello_gazebo)
[3.369s] Level 1:colcon.colcon_core.environment:checking '/root/DockerFiles/drone_ws/install/tello_gazebo' for CMake module files
[3.370s] Level 1:colcon.colcon_core.environment:checking '/root/DockerFiles/drone_ws/install/tello_gazebo' for CMake config files
[3.373s] DEBUG:colcon.colcon_core.event_handler.log_command:Invoked command in '/root/DockerFiles/drone_ws/build/tello_gazebo' returned '0': CMAKE_PREFIX_PATH=/root/DockerFiles/drone_ws/install/tello_msgs:/root/DockerFiles/drone_ws/install/tello_gazebo:/root/DockerFiles/drone_ws/install/tello_driver:/root/DockerFiles/drone_ws/install/tello_description:/root/DockerFiles/drone_ws/install/ros2_shared:/root/DockerFiles/drone_ws/install/tello_mission:/root/DockerFiles/drone_ws/install/tello_hand_move:/root/DockerFiles/drone_ws/install/tello_controller:/root/DockerFiles/drone_ws/install/tello_camera:/opt/ros/foxy LD_LIBRARY_PATH=/root/DockerFiles/drone_ws/install/tello_msgs/lib:/root/DockerFiles/drone_ws/install/tello_gazebo/lib:/root/DockerFiles/drone_ws/install/tello_driver/lib:/usr/lib/x86_64-linux-gnu/gazebo-11/plugins:/opt/ros/foxy/opt/yaml_cpp_vendor/lib:/opt/ros/foxy/opt/rviz_ogre_vendor/lib:/opt/ros/foxy/lib/x86_64-linux-gnu:/opt/ros/foxy/lib /usr/bin/cmake --install /root/DockerFiles/drone_ws/build/tello_gazebo
[3.373s] Level 1:colcon.colcon_core.shell:create_environment_hook('tello_gazebo', 'cmake_prefix_path')
[3.375s] INFO:colcon.colcon_core.shell:Creating environment hook '/root/DockerFiles/drone_ws/install/tello_gazebo/share/tello_gazebo/hook/cmake_prefix_path.ps1'
[3.376s] INFO:colcon.colcon_core.shell:Creating environment descriptor '/root/DockerFiles/drone_ws/install/tello_gazebo/share/tello_gazebo/hook/cmake_prefix_path.dsv'
[3.376s] INFO:colcon.colcon_core.shell:Creating environment hook '/root/DockerFiles/drone_ws/install/tello_gazebo/share/tello_gazebo/hook/cmake_prefix_path.sh'
[3.382s] Level 1:colcon.colcon_core.environment:checking '/root/DockerFiles/drone_ws/install/tello_gazebo/lib'
[3.382s] Level 1:colcon.colcon_core.shell:create_environment_hook('tello_gazebo', 'ld_library_path_lib')
[3.391s] INFO:colcon.colcon_core.shell:Creating environment hook '/root/DockerFiles/drone_ws/install/tello_gazebo/share/tello_gazebo/hook/ld_library_path_lib.ps1'
[3.392s] INFO:colcon.colcon_core.shell:Creating environment descriptor '/root/DockerFiles/drone_ws/install/tello_gazebo/share/tello_gazebo/hook/ld_library_path_lib.dsv'
[3.401s] INFO:colcon.colcon_core.shell:Creating environment hook '/root/DockerFiles/drone_ws/install/tello_gazebo/share/tello_gazebo/hook/ld_library_path_lib.sh'
[3.402s] Level 1:colcon.colcon_core.environment:checking '/root/DockerFiles/drone_ws/install/tello_gazebo/bin'
[3.402s] Level 1:colcon.colcon_core.environment:checking '/root/DockerFiles/drone_ws/install/tello_gazebo/lib/pkgconfig/tello_gazebo.pc'
[3.402s] Level 1:colcon.colcon_core.environment:checking '/root/DockerFiles/drone_ws/install/tello_gazebo/lib/python3.8/site-packages'
[3.402s] Level 1:colcon.colcon_core.environment:checking '/root/DockerFiles/drone_ws/install/tello_gazebo/bin'
[3.409s] INFO:colcon.colcon_core.shell:Creating package script '/root/DockerFiles/drone_ws/install/tello_gazebo/share/tello_gazebo/package.ps1'
[3.414s] INFO:colcon.colcon_core.shell:Creating package descriptor '/root/DockerFiles/drone_ws/install/tello_gazebo/share/tello_gazebo/package.dsv'
[3.415s] INFO:colcon.colcon_core.shell:Creating package script '/root/DockerFiles/drone_ws/install/tello_gazebo/share/tello_gazebo/package.sh'
[3.416s] INFO:colcon.colcon_core.shell:Creating package script '/root/DockerFiles/drone_ws/install/tello_gazebo/share/tello_gazebo/package.bash'
[3.417s] INFO:colcon.colcon_core.shell:Creating package script '/root/DockerFiles/drone_ws/install/tello_gazebo/share/tello_gazebo/package.zsh'
[3.417s] Level 1:colcon.colcon_core.environment:create_file_with_runtime_dependencies(/root/DockerFiles/drone_ws/install/tello_gazebo/share/colcon-core/packages/tello_gazebo)
[3.514s] Level 1:colcon.colcon_core.environment:checking '/root/DockerFiles/drone_ws/install/tello_mission' for CMake module files
[3.514s] DEBUG:colcon.colcon_core.event_handler.log_command:Invoked command in '/root/DockerFiles/drone_ws/src/tello_mission' returned '0': PYTHONPATH=/root/DockerFiles/drone_ws/build/tello_mission/prefix_override:/root/DockerFiles/drone_ws/install/tello_mission/lib/python3.8/site-packages:${PYTHONPATH} /usr/bin/python3 setup.py egg_info --egg-base ../../build/tello_mission build --build-base /root/DockerFiles/drone_ws/build/tello_mission/build install --record /root/DockerFiles/drone_ws/build/tello_mission/install.log --single-version-externally-managed
[3.516s] Level 1:colcon.colcon_core.environment:checking '/root/DockerFiles/drone_ws/install/tello_mission' for CMake config files
[3.517s] Level 1:colcon.colcon_core.environment:checking '/root/DockerFiles/drone_ws/install/tello_mission/lib'
[3.517s] Level 1:colcon.colcon_core.environment:checking '/root/DockerFiles/drone_ws/install/tello_mission/bin'
[3.518s] Level 1:colcon.colcon_core.environment:checking '/root/DockerFiles/drone_ws/install/tello_mission/lib/pkgconfig/tello_mission.pc'
[3.518s] Level 1:colcon.colcon_core.environment:checking '/root/DockerFiles/drone_ws/install/tello_mission/lib/python3.8/site-packages'
[3.518s] Level 1:colcon.colcon_core.shell:create_environment_hook('tello_mission', 'pythonpath')
[3.521s] INFO:colcon.colcon_core.shell:Creating environment hook '/root/DockerFiles/drone_ws/install/tello_mission/share/tello_mission/hook/pythonpath.ps1'
[3.522s] INFO:colcon.colcon_core.shell:Creating environment descriptor '/root/DockerFiles/drone_ws/install/tello_mission/share/tello_mission/hook/pythonpath.dsv'
[3.528s] INFO:colcon.colcon_core.shell:Creating environment hook '/root/DockerFiles/drone_ws/install/tello_mission/share/tello_mission/hook/pythonpath.sh'
[3.529s] Level 1:colcon.colcon_core.environment:checking '/root/DockerFiles/drone_ws/install/tello_mission/bin'
[3.529s] Level 1:colcon.colcon_core.environment:create_environment_scripts_only(tello_mission)
[3.531s] INFO:colcon.colcon_core.shell:Creating package script '/root/DockerFiles/drone_ws/install/tello_mission/share/tello_mission/package.ps1'
[3.533s] INFO:colcon.colcon_core.shell:Creating package descriptor '/root/DockerFiles/drone_ws/install/tello_mission/share/tello_mission/package.dsv'
[3.534s] INFO:colcon.colcon_core.shell:Creating package script '/root/DockerFiles/drone_ws/install/tello_mission/share/tello_mission/package.sh'
[3.534s] INFO:colcon.colcon_core.shell:Creating package script '/root/DockerFiles/drone_ws/install/tello_mission/share/tello_mission/package.bash'
[3.535s] INFO:colcon.colcon_core.shell:Creating package script '/root/DockerFiles/drone_ws/install/tello_mission/share/tello_mission/package.zsh'
[3.535s] Level 1:colcon.colcon_core.environment:create_file_with_runtime_dependencies(/root/DockerFiles/drone_ws/install/tello_mission/share/colcon-core/packages/tello_mission)
[3.542s] Level 1:colcon.colcon_core.environment:checking '/root/DockerFiles/drone_ws/install/tello_controller' for CMake module files
[3.545s] DEBUG:colcon.colcon_core.event_handler.log_command:Invoked command in '/root/DockerFiles/drone_ws/src/tello_controller' returned '0': PYTHONPATH=/root/DockerFiles/drone_ws/build/tello_controller/prefix_override:/root/DockerFiles/drone_ws/install/tello_controller/lib/python3.8/site-packages:${PYTHONPATH} /usr/bin/python3 setup.py egg_info --egg-base ../../build/tello_controller build --build-base /root/DockerFiles/drone_ws/build/tello_controller/build install --record /root/DockerFiles/drone_ws/build/tello_controller/install.log --single-version-externally-managed
[3.547s] Level 1:colcon.colcon_core.environment:checking '/root/DockerFiles/drone_ws/install/tello_controller' for CMake config files
[3.548s] Level 1:colcon.colcon_core.environment:checking '/root/DockerFiles/drone_ws/install/tello_controller/lib'
[3.549s] Level 1:colcon.colcon_core.environment:checking '/root/DockerFiles/drone_ws/install/tello_controller/bin'
[3.549s] Level 1:colcon.colcon_core.environment:checking '/root/DockerFiles/drone_ws/install/tello_controller/lib/pkgconfig/tello_controller.pc'
[3.549s] Level 1:colcon.colcon_core.environment:checking '/root/DockerFiles/drone_ws/install/tello_controller/lib/python3.8/site-packages'
[3.550s] Level 1:colcon.colcon_core.shell:create_environment_hook('tello_controller', 'pythonpath')
[3.554s] INFO:colcon.colcon_core.shell:Creating environment hook '/root/DockerFiles/drone_ws/install/tello_controller/share/tello_controller/hook/pythonpath.ps1'
[3.555s] INFO:colcon.colcon_core.shell:Creating environment descriptor '/root/DockerFiles/drone_ws/install/tello_controller/share/tello_controller/hook/pythonpath.dsv'
[3.556s] INFO:colcon.colcon_core.shell:Creating environment hook '/root/DockerFiles/drone_ws/install/tello_controller/share/tello_controller/hook/pythonpath.sh'
[3.557s] Level 1:colcon.colcon_core.environment:checking '/root/DockerFiles/drone_ws/install/tello_controller/bin'
[3.557s] Level 1:colcon.colcon_core.environment:create_environment_scripts_only(tello_controller)
[3.559s] INFO:colcon.colcon_core.shell:Creating package script '/root/DockerFiles/drone_ws/install/tello_controller/share/tello_controller/package.ps1'
[3.560s] INFO:colcon.colcon_core.shell:Creating package descriptor '/root/DockerFiles/drone_ws/install/tello_controller/share/tello_controller/package.dsv'
[3.561s] INFO:colcon.colcon_core.shell:Creating package script '/root/DockerFiles/drone_ws/install/tello_controller/share/tello_controller/package.sh'
[3.562s] INFO:colcon.colcon_core.shell:Creating package script '/root/DockerFiles/drone_ws/install/tello_controller/share/tello_controller/package.bash'
[3.562s] INFO:colcon.colcon_core.shell:Creating package script '/root/DockerFiles/drone_ws/install/tello_controller/share/tello_controller/package.zsh'
[3.563s] Level 1:colcon.colcon_core.environment:create_file_with_runtime_dependencies(/root/DockerFiles/drone_ws/install/tello_controller/share/colcon-core/packages/tello_controller)
[3.566s] Level 1:colcon.colcon_core.environment:create_environment_scripts_only(tello_gazebo)
[3.571s] Level 1:colcon.colcon_core.environment:checking '/root/DockerFiles/drone_ws/install/tello_gazebo' for CMake module files
[3.572s] Level 1:colcon.colcon_core.environment:checking '/root/DockerFiles/drone_ws/install/tello_gazebo' for CMake config files
[3.573s] Level 1:colcon.colcon_core.shell:create_environment_hook('tello_gazebo', 'cmake_prefix_path')
[3.576s] INFO:colcon.colcon_core.shell:Creating environment hook '/root/DockerFiles/drone_ws/install/tello_gazebo/share/tello_gazebo/hook/cmake_prefix_path.ps1'
[3.577s] INFO:colcon.colcon_core.shell:Creating environment descriptor '/root/DockerFiles/drone_ws/install/tello_gazebo/share/tello_gazebo/hook/cmake_prefix_path.dsv'
[3.578s] INFO:colcon.colcon_core.shell:Creating environment hook '/root/DockerFiles/drone_ws/install/tello_gazebo/share/tello_gazebo/hook/cmake_prefix_path.sh'
[3.580s] Level 1:colcon.colcon_core.environment:checking '/root/DockerFiles/drone_ws/install/tello_gazebo/lib'
[3.580s] Level 1:colcon.colcon_core.shell:create_environment_hook('tello_gazebo', 'ld_library_path_lib')
[3.583s] INFO:colcon.colcon_core.shell:Creating environment hook '/root/DockerFiles/drone_ws/install/tello_gazebo/share/tello_gazebo/hook/ld_library_path_lib.ps1'
[3.583s] INFO:colcon.colcon_core.shell:Creating environment descriptor '/root/DockerFiles/drone_ws/install/tello_gazebo/share/tello_gazebo/hook/ld_library_path_lib.dsv'
[3.584s] INFO:colcon.colcon_core.shell:Creating environment hook '/root/DockerFiles/drone_ws/install/tello_gazebo/share/tello_gazebo/hook/ld_library_path_lib.sh'
[3.585s] Level 1:colcon.colcon_core.environment:checking '/root/DockerFiles/drone_ws/install/tello_gazebo/bin'
[3.585s] Level 1:colcon.colcon_core.environment:checking '/root/DockerFiles/drone_ws/install/tello_gazebo/lib/pkgconfig/tello_gazebo.pc'
[3.586s] Level 1:colcon.colcon_core.environment:checking '/root/DockerFiles/drone_ws/install/tello_gazebo/lib/python3.8/site-packages'
[3.586s] Level 1:colcon.colcon_core.environment:checking '/root/DockerFiles/drone_ws/install/tello_gazebo/bin'
[3.587s] INFO:colcon.colcon_core.shell:Creating package script '/root/DockerFiles/drone_ws/install/tello_gazebo/share/tello_gazebo/package.ps1'
[3.589s] INFO:colcon.colcon_core.shell:Creating package descriptor '/root/DockerFiles/drone_ws/install/tello_gazebo/share/tello_gazebo/package.dsv'
[3.590s] INFO:colcon.colcon_core.shell:Creating package script '/root/DockerFiles/drone_ws/install/tello_gazebo/share/tello_gazebo/package.sh'
[3.591s] INFO:colcon.colcon_core.shell:Creating package script '/root/DockerFiles/drone_ws/install/tello_gazebo/share/tello_gazebo/package.bash'
[3.592s] INFO:colcon.colcon_core.shell:Creating package script '/root/DockerFiles/drone_ws/install/tello_gazebo/share/tello_gazebo/package.zsh'
[3.593s] Level 1:colcon.colcon_core.environment:create_file_with_runtime_dependencies(/root/DockerFiles/drone_ws/install/tello_gazebo/share/colcon-core/packages/tello_gazebo)
[3.604s] Level 1:colcon.colcon_core.environment:checking '/root/DockerFiles/drone_ws/install/tello_hand_move' for CMake module files
[3.604s] DEBUG:colcon.colcon_core.event_handler.log_command:Invoked command in '/root/DockerFiles/drone_ws/src/tello_hand_move' returned '0': PYTHONPATH=/root/DockerFiles/drone_ws/build/tello_hand_move/prefix_override:/root/DockerFiles/drone_ws/install/tello_hand_move/lib/python3.8/site-packages:${PYTHONPATH} /usr/bin/python3 setup.py egg_info --egg-base ../../build/tello_hand_move build --build-base /root/DockerFiles/drone_ws/build/tello_hand_move/build install --record /root/DockerFiles/drone_ws/build/tello_hand_move/install.log --single-version-externally-managed
[3.608s] Level 1:colcon.colcon_core.environment:checking '/root/DockerFiles/drone_ws/install/tello_hand_move' for CMake config files
[3.609s] Level 1:colcon.colcon_core.environment:checking '/root/DockerFiles/drone_ws/install/tello_hand_move/lib'
[3.609s] Level 1:colcon.colcon_core.environment:checking '/root/DockerFiles/drone_ws/install/tello_hand_move/bin'
[3.610s] Level 1:colcon.colcon_core.environment:checking '/root/DockerFiles/drone_ws/install/tello_hand_move/lib/pkgconfig/tello_hand_move.pc'
[3.610s] Level 1:colcon.colcon_core.environment:checking '/root/DockerFiles/drone_ws/install/tello_hand_move/lib/python3.8/site-packages'
[3.610s] Level 1:colcon.colcon_core.shell:create_environment_hook('tello_hand_move', 'pythonpath')
[3.612s] INFO:colcon.colcon_core.shell:Creating environment hook '/root/DockerFiles/drone_ws/install/tello_hand_move/share/tello_hand_move/hook/pythonpath.ps1'
[3.615s] INFO:colcon.colcon_core.shell:Creating environment descriptor '/root/DockerFiles/drone_ws/install/tello_hand_move/share/tello_hand_move/hook/pythonpath.dsv'
[3.616s] INFO:colcon.colcon_core.shell:Creating environment hook '/root/DockerFiles/drone_ws/install/tello_hand_move/share/tello_hand_move/hook/pythonpath.sh'
[3.617s] Level 1:colcon.colcon_core.environment:checking '/root/DockerFiles/drone_ws/install/tello_hand_move/bin'
[3.618s] Level 1:colcon.colcon_core.environment:create_environment_scripts_only(tello_hand_move)
[3.622s] INFO:colcon.colcon_core.shell:Creating package script '/root/DockerFiles/drone_ws/install/tello_hand_move/share/tello_hand_move/package.ps1'
[3.623s] INFO:colcon.colcon_core.shell:Creating package descriptor '/root/DockerFiles/drone_ws/install/tello_hand_move/share/tello_hand_move/package.dsv'
[3.625s] INFO:colcon.colcon_core.shell:Creating package script '/root/DockerFiles/drone_ws/install/tello_hand_move/share/tello_hand_move/package.sh'
[3.629s] INFO:colcon.colcon_core.shell:Creating package script '/root/DockerFiles/drone_ws/install/tello_hand_move/share/tello_hand_move/package.bash'
[3.630s] INFO:colcon.colcon_core.shell:Creating package script '/root/DockerFiles/drone_ws/install/tello_hand_move/share/tello_hand_move/package.zsh'
[3.631s] Level 1:colcon.colcon_core.environment:create_file_with_runtime_dependencies(/root/DockerFiles/drone_ws/install/tello_hand_move/share/colcon-core/packages/tello_hand_move)
[3.636s] DEBUG:colcon.colcon_core.event_handler.log_command:Invoked command in '/root/DockerFiles/drone_ws/build/tello_driver' returned '0': CMAKE_PREFIX_PATH=/root/DockerFiles/drone_ws/install/tello_msgs:/root/DockerFiles/drone_ws/install/ros2_shared:/root/DockerFiles/drone_ws/install/tello_gazebo:/root/DockerFiles/drone_ws/install/tello_driver:/root/DockerFiles/drone_ws/install/tello_description:/root/DockerFiles/drone_ws/install/tello_mission:/root/DockerFiles/drone_ws/install/tello_hand_move:/root/DockerFiles/drone_ws/install/tello_controller:/root/DockerFiles/drone_ws/install/tello_camera:/opt/ros/foxy LD_LIBRARY_PATH=/root/DockerFiles/drone_ws/install/tello_msgs/lib:/root/DockerFiles/drone_ws/install/tello_gazebo/lib:/root/DockerFiles/drone_ws/install/tello_driver/lib:/usr/lib/x86_64-linux-gnu/gazebo-11/plugins:/opt/ros/foxy/opt/yaml_cpp_vendor/lib:/opt/ros/foxy/opt/rviz_ogre_vendor/lib:/opt/ros/foxy/lib/x86_64-linux-gnu:/opt/ros/foxy/lib /usr/bin/cmake --build /root/DockerFiles/drone_ws/build/tello_driver -- -j12 -l12
[3.641s] Level 1:colcon.colcon_core.environment:checking '/root/DockerFiles/drone_ws/install/tello_camera' for CMake module files
[3.642s] Level 1:colcon.colcon_core.environment:checking '/root/DockerFiles/drone_ws/install/tello_camera' for CMake config files
[3.643s] DEBUG:colcon.colcon_core.event_handler.log_command:Invoked command in '/root/DockerFiles/drone_ws/src/tello_camera' returned '0': PYTHONPATH=/root/DockerFiles/drone_ws/build/tello_camera/prefix_override:/root/DockerFiles/drone_ws/install/tello_camera/lib/python3.8/site-packages:${PYTHONPATH} /usr/bin/python3 setup.py egg_info --egg-base ../../build/tello_camera build --build-base /root/DockerFiles/drone_ws/build/tello_camera/build install --record /root/DockerFiles/drone_ws/build/tello_camera/install.log --single-version-externally-managed
[3.644s] Level 1:colcon.colcon_core.environment:checking '/root/DockerFiles/drone_ws/install/tello_camera/lib'
[3.645s] Level 1:colcon.colcon_core.environment:checking '/root/DockerFiles/drone_ws/install/tello_camera/bin'
[3.645s] Level 1:colcon.colcon_core.environment:checking '/root/DockerFiles/drone_ws/install/tello_camera/lib/pkgconfig/tello_camera.pc'
[3.645s] Level 1:colcon.colcon_core.environment:checking '/root/DockerFiles/drone_ws/install/tello_camera/lib/python3.8/site-packages'
[3.645s] Level 1:colcon.colcon_core.shell:create_environment_hook('tello_camera', 'pythonpath')
[3.649s] INFO:colcon.colcon_core.shell:Creating environment hook '/root/DockerFiles/drone_ws/install/tello_camera/share/tello_camera/hook/pythonpath.ps1'
[3.651s] INFO:colcon.colcon_core.shell:Creating environment descriptor '/root/DockerFiles/drone_ws/install/tello_camera/share/tello_camera/hook/pythonpath.dsv'
[3.652s] INFO:colcon.colcon_core.shell:Creating environment hook '/root/DockerFiles/drone_ws/install/tello_camera/share/tello_camera/hook/pythonpath.sh'
[3.654s] Level 1:colcon.colcon_core.environment:checking '/root/DockerFiles/drone_ws/install/tello_camera/bin'
[3.654s] Level 1:colcon.colcon_core.environment:create_environment_scripts_only(tello_camera)
[3.657s] INFO:colcon.colcon_core.shell:Creating package script '/root/DockerFiles/drone_ws/install/tello_camera/share/tello_camera/package.ps1'
[3.658s] INFO:colcon.colcon_core.shell:Creating package descriptor '/root/DockerFiles/drone_ws/install/tello_camera/share/tello_camera/package.dsv'
[3.659s] INFO:colcon.colcon_core.shell:Creating package script '/root/DockerFiles/drone_ws/install/tello_camera/share/tello_camera/package.sh'
[3.661s] INFO:colcon.colcon_core.shell:Creating package script '/root/DockerFiles/drone_ws/install/tello_camera/share/tello_camera/package.bash'
[3.662s] INFO:colcon.colcon_core.shell:Creating package script '/root/DockerFiles/drone_ws/install/tello_camera/share/tello_camera/package.zsh'
[3.663s] Level 1:colcon.colcon_core.environment:create_file_with_runtime_dependencies(/root/DockerFiles/drone_ws/install/tello_camera/share/colcon-core/packages/tello_camera)
[3.737s] DEBUG:colcon.colcon_core.event_handler.log_command:Invoking command in '/root/DockerFiles/drone_ws/build/tello_driver': CMAKE_PREFIX_PATH=/root/DockerFiles/drone_ws/install/tello_msgs:/root/DockerFiles/drone_ws/install/ros2_shared:/root/DockerFiles/drone_ws/install/tello_gazebo:/root/DockerFiles/drone_ws/install/tello_driver:/root/DockerFiles/drone_ws/install/tello_description:/root/DockerFiles/drone_ws/install/tello_mission:/root/DockerFiles/drone_ws/install/tello_hand_move:/root/DockerFiles/drone_ws/install/tello_controller:/root/DockerFiles/drone_ws/install/tello_camera:/opt/ros/foxy LD_LIBRARY_PATH=/root/DockerFiles/drone_ws/install/tello_msgs/lib:/root/DockerFiles/drone_ws/install/tello_gazebo/lib:/root/DockerFiles/drone_ws/install/tello_driver/lib:/usr/lib/x86_64-linux-gnu/gazebo-11/plugins:/opt/ros/foxy/opt/yaml_cpp_vendor/lib:/opt/ros/foxy/opt/rviz_ogre_vendor/lib:/opt/ros/foxy/lib/x86_64-linux-gnu:/opt/ros/foxy/lib /usr/bin/cmake --install /root/DockerFiles/drone_ws/build/tello_driver
[3.791s] Level 1:colcon.colcon_core.environment:create_environment_scripts_only(tello_driver)
[3.795s] Level 1:colcon.colcon_core.environment:checking '/root/DockerFiles/drone_ws/install/tello_driver' for CMake module files
[3.796s] DEBUG:colcon.colcon_core.event_handler.log_command:Invoked command in '/root/DockerFiles/drone_ws/build/tello_driver' returned '0': CMAKE_PREFIX_PATH=/root/DockerFiles/drone_ws/install/tello_msgs:/root/DockerFiles/drone_ws/install/ros2_shared:/root/DockerFiles/drone_ws/install/tello_gazebo:/root/DockerFiles/drone_ws/install/tello_driver:/root/DockerFiles/drone_ws/install/tello_description:/root/DockerFiles/drone_ws/install/tello_mission:/root/DockerFiles/drone_ws/install/tello_hand_move:/root/DockerFiles/drone_ws/install/tello_controller:/root/DockerFiles/drone_ws/install/tello_camera:/opt/ros/foxy LD_LIBRARY_PATH=/root/DockerFiles/drone_ws/install/tello_msgs/lib:/root/DockerFiles/drone_ws/install/tello_gazebo/lib:/root/DockerFiles/drone_ws/install/tello_driver/lib:/usr/lib/x86_64-linux-gnu/gazebo-11/plugins:/opt/ros/foxy/opt/yaml_cpp_vendor/lib:/opt/ros/foxy/opt/rviz_ogre_vendor/lib:/opt/ros/foxy/lib/x86_64-linux-gnu:/opt/ros/foxy/lib /usr/bin/cmake --install /root/DockerFiles/drone_ws/build/tello_driver
[3.798s] Level 1:colcon.colcon_core.environment:checking '/root/DockerFiles/drone_ws/install/tello_driver' for CMake config files
[3.799s] Level 1:colcon.colcon_core.shell:create_environment_hook('tello_driver', 'cmake_prefix_path')
[3.803s] INFO:colcon.colcon_core.shell:Creating environment hook '/root/DockerFiles/drone_ws/install/tello_driver/share/tello_driver/hook/cmake_prefix_path.ps1'
[3.806s] INFO:colcon.colcon_core.shell:Creating environment descriptor '/root/DockerFiles/drone_ws/install/tello_driver/share/tello_driver/hook/cmake_prefix_path.dsv'
[3.808s] INFO:colcon.colcon_core.shell:Creating environment hook '/root/DockerFiles/drone_ws/install/tello_driver/share/tello_driver/hook/cmake_prefix_path.sh'
[3.822s] Level 1:colcon.colcon_core.environment:checking '/root/DockerFiles/drone_ws/install/tello_driver/lib'
[3.822s] Level 1:colcon.colcon_core.shell:create_environment_hook('tello_driver', 'ld_library_path_lib')
[3.829s] INFO:colcon.colcon_core.shell:Creating environment hook '/root/DockerFiles/drone_ws/install/tello_driver/share/tello_driver/hook/ld_library_path_lib.ps1'
[3.831s] INFO:colcon.colcon_core.shell:Creating environment descriptor '/root/DockerFiles/drone_ws/install/tello_driver/share/tello_driver/hook/ld_library_path_lib.dsv'
[3.831s] INFO:colcon.colcon_core.shell:Creating environment hook '/root/DockerFiles/drone_ws/install/tello_driver/share/tello_driver/hook/ld_library_path_lib.sh'
[3.833s] Level 1:colcon.colcon_core.environment:checking '/root/DockerFiles/drone_ws/install/tello_driver/bin'
[3.833s] Level 1:colcon.colcon_core.environment:checking '/root/DockerFiles/drone_ws/install/tello_driver/lib/pkgconfig/tello_driver.pc'
[3.833s] Level 1:colcon.colcon_core.environment:checking '/root/DockerFiles/drone_ws/install/tello_driver/lib/python3.8/site-packages'
[3.833s] Level 1:colcon.colcon_core.environment:checking '/root/DockerFiles/drone_ws/install/tello_driver/bin'
[3.835s] INFO:colcon.colcon_core.shell:Creating package script '/root/DockerFiles/drone_ws/install/tello_driver/share/tello_driver/package.ps1'
[3.836s] INFO:colcon.colcon_core.shell:Creating package descriptor '/root/DockerFiles/drone_ws/install/tello_driver/share/tello_driver/package.dsv'
[3.836s] INFO:colcon.colcon_core.shell:Creating package script '/root/DockerFiles/drone_ws/install/tello_driver/share/tello_driver/package.sh'
[3.837s] INFO:colcon.colcon_core.shell:Creating package script '/root/DockerFiles/drone_ws/install/tello_driver/share/tello_driver/package.bash'
[3.837s] INFO:colcon.colcon_core.shell:Creating package script '/root/DockerFiles/drone_ws/install/tello_driver/share/tello_driver/package.zsh'
[3.838s] Level 1:colcon.colcon_core.environment:create_file_with_runtime_dependencies(/root/DockerFiles/drone_ws/install/tello_driver/share/colcon-core/packages/tello_driver)
[3.999s] Level 1:colcon.colcon_core.environment:create_environment_scripts_only(tello_driver)
[4.003s] Level 1:colcon.colcon_core.environment:checking '/root/DockerFiles/drone_ws/install/tello_driver' for CMake module files
[4.004s] Level 1:colcon.colcon_core.environment:checking '/root/DockerFiles/drone_ws/install/tello_driver' for CMake config files
[4.005s] Level 1:colcon.colcon_core.shell:create_environment_hook('tello_driver', 'cmake_prefix_path')
[4.007s] INFO:colcon.colcon_core.shell:Creating environment hook '/root/DockerFiles/drone_ws/install/tello_driver/share/tello_driver/hook/cmake_prefix_path.ps1'
[4.008s] INFO:colcon.colcon_core.shell:Creating environment descriptor '/root/DockerFiles/drone_ws/install/tello_driver/share/tello_driver/hook/cmake_prefix_path.dsv'
[4.009s] INFO:colcon.colcon_core.shell:Creating environment hook '/root/DockerFiles/drone_ws/install/tello_driver/share/tello_driver/hook/cmake_prefix_path.sh'
[4.010s] Level 1:colcon.colcon_core.environment:checking '/root/DockerFiles/drone_ws/install/tello_driver/lib'
[4.010s] Level 1:colcon.colcon_core.shell:create_environment_hook('tello_driver', 'ld_library_path_lib')
[4.014s] INFO:colcon.colcon_core.shell:Creating environment hook '/root/DockerFiles/drone_ws/install/tello_driver/share/tello_driver/hook/ld_library_path_lib.ps1'
[4.015s] INFO:colcon.colcon_core.shell:Creating environment descriptor '/root/DockerFiles/drone_ws/install/tello_driver/share/tello_driver/hook/ld_library_path_lib.dsv'
[4.016s] INFO:colcon.colcon_core.shell:Creating environment hook '/root/DockerFiles/drone_ws/install/tello_driver/share/tello_driver/hook/ld_library_path_lib.sh'
[4.017s] Level 1:colcon.colcon_core.environment:checking '/root/DockerFiles/drone_ws/install/tello_driver/bin'
[4.018s] Level 1:colcon.colcon_core.environment:checking '/root/DockerFiles/drone_ws/install/tello_driver/lib/pkgconfig/tello_driver.pc'
[4.018s] Level 1:colcon.colcon_core.environment:checking '/root/DockerFiles/drone_ws/install/tello_driver/lib/python3.8/site-packages'
[4.018s] Level 1:colcon.colcon_core.environment:checking '/root/DockerFiles/drone_ws/install/tello_driver/bin'
[4.021s] INFO:colcon.colcon_core.shell:Creating package script '/root/DockerFiles/drone_ws/install/tello_driver/share/tello_driver/package.ps1'
[4.023s] INFO:colcon.colcon_core.shell:Creating package descriptor '/root/DockerFiles/drone_ws/install/tello_driver/share/tello_driver/package.dsv'
[4.025s] INFO:colcon.colcon_core.shell:Creating package script '/root/DockerFiles/drone_ws/install/tello_driver/share/tello_driver/package.sh'
[4.026s] INFO:colcon.colcon_core.shell:Creating package script '/root/DockerFiles/drone_ws/install/tello_driver/share/tello_driver/package.bash'
[4.026s] INFO:colcon.colcon_core.shell:Creating package script '/root/DockerFiles/drone_ws/install/tello_driver/share/tello_driver/package.zsh'
[4.027s] Level 1:colcon.colcon_core.environment:create_file_with_runtime_dependencies(/root/DockerFiles/drone_ws/install/tello_driver/share/colcon-core/packages/tello_driver)
[4.027s] DEBUG:colcon.colcon_parallel_executor.executor.parallel:closing loop
[4.027s] DEBUG:colcon.colcon_parallel_executor.executor.parallel:loop closed
[4.027s] DEBUG:colcon.colcon_parallel_executor.executor.parallel:run_until_complete finished with '0'
[4.028s] DEBUG:colcon.colcon_core.event_reactor:joining thread
[4.056s] INFO:colcon.colcon_core.plugin_system:Skipping extension 'colcon_notification.desktop_notification.notify_send': Could not find 'notify-send'
[4.056s] INFO:colcon.colcon_core.plugin_system:Skipping extension 'colcon_notification.desktop_notification.terminal_notifier': Not used on non-Darwin systems
[4.056s] INFO:colcon.colcon_core.plugin_system:Skipping extension 'colcon_notification.desktop_notification.win32': Not used on non-Windows systems
[4.056s] INFO:colcon.colcon_notification.desktop_notification:Sending desktop notification using 'notify2'
[4.063s] DEBUG:colcon.colcon_notification.desktop_notification.notify2:Failed to initialize notify2: org.freedesktop.DBus.Error.Spawn.ExecFailed: /usr/bin/dbus-launch terminated abnormally without any error message
[4.063s] DEBUG:colcon.colcon_core.event_reactor:joined thread
[4.066s] INFO:colcon.colcon_core.shell:Creating prefix script '/root/DockerFiles/drone_ws/install/local_setup.ps1'
[4.072s] INFO:colcon.colcon_core.shell:Creating prefix util module '/root/DockerFiles/drone_ws/install/_local_setup_util_ps1.py'
[4.078s] INFO:colcon.colcon_core.shell:Creating prefix chain script '/root/DockerFiles/drone_ws/install/setup.ps1'
[4.082s] INFO:colcon.colcon_core.shell:Creating prefix script '/root/DockerFiles/drone_ws/install/local_setup.sh'
[4.084s] INFO:colcon.colcon_core.shell:Creating prefix util module '/root/DockerFiles/drone_ws/install/_local_setup_util_sh.py'
[4.085s] INFO:colcon.colcon_core.shell:Creating prefix chain script '/root/DockerFiles/drone_ws/install/setup.sh'
[4.088s] INFO:colcon.colcon_core.shell:Creating prefix script '/root/DockerFiles/drone_ws/install/local_setup.bash'
[4.089s] INFO:colcon.colcon_core.shell:Creating prefix chain script '/root/DockerFiles/drone_ws/install/setup.bash'
[4.096s] INFO:colcon.colcon_core.shell:Creating prefix script '/root/DockerFiles/drone_ws/install/local_setup.zsh'
[4.098s] INFO:colcon.colcon_core.shell:Creating prefix chain script '/root/DockerFiles/drone_ws/install/setup.zsh'
