[0.530s] DEBUG:colcon:Command line arguments: ['/usr/bin/colcon', 'build']
[0.530s] DEBUG:colcon:Parsed command line arguments: Namespace(ament_cmake_args=None, base_paths=['.'], build_base='build', catkin_cmake_args=None, catkin_skip_building_tests=False, cmake_args=None, cmake_clean_cache=False, cmake_clean_first=False, cmake_force_configure=False, cmake_target=None, cmake_target_skip_unavailable=False, continue_on_error=False, event_handlers=None, executor='parallel', ignore_user_meta=False, install_base='install', log_base=None, log_level=None, main=<bound method BuildVerb.main of <colcon_core.verb.build.BuildVerb object at 0x7b57ef07d490>>, merge_install=False, metas=['./colcon.meta'], mixin=None, mixin_files=None, mixin_verb=('build',), packages_above=None, packages_above_and_dependencies=None, packages_above_depth=None, packages_end=None, packages_ignore=None, packages_ignore_regex=None, packages_select=None, packages_select_build_failed=False, packages_select_by_dep=None, packages_select_regex=None, packages_select_test_failures=False, packages_skip=None, packages_skip_build_finished=False, packages_skip_by_dep=None, packages_skip_regex=None, packages_skip_test_passed=False, packages_skip_up_to=None, packages_start=None, packages_up_to=None, packages_up_to_regex=None, parallel_workers=12, paths=None, symlink_install=False, test_result_base=None, verb_extension=<colcon_core.verb.build.BuildVerb object at 0x7b57ef07d490>, verb_name='build', verb_parser=<colcon_mixin.mixin.mixin_argument.MixinArgumentDecorator object at 0x7b57ef07daf0>)
[0.579s] Level 1:colcon.colcon_core.package_discovery:discover_packages(colcon_meta) check parameters
[0.580s] INFO:colcon.colcon_metadata.package_discovery.colcon_meta:Using configuration from '/root/.colcon/metadata/default/Gazebo.meta'
[0.581s] INFO:colcon.colcon_metadata.package_discovery.colcon_meta:Using configuration from '/root/.colcon/metadata/default/fastdds.meta'
[0.582s] INFO:colcon.colcon_metadata.package_discovery.colcon_meta:Using configuration from '/root/.colcon/metadata/default/fastrtps.meta'
[0.582s] Level 1:colcon.colcon_core.package_discovery:discover_packages(recursive) check parameters
[0.582s] Level 1:colcon.colcon_core.package_discovery:discover_packages(ignore) check parameters
[0.582s] Level 1:colcon.colcon_core.package_discovery:discover_packages(path) check parameters
[0.583s] Level 1:colcon.colcon_core.package_discovery:discover_packages(colcon_meta) discover
[0.583s] Level 1:colcon.colcon_core.package_discovery:discover_packages(recursive) discover
[0.583s] INFO:colcon.colcon_core.package_discovery:Crawling recursively for packages in '/root/DockerFiles/drone_ws'
[0.583s] Level 1:colcon.colcon_core.package_identification:_identify(.) by extensions ['ignore', 'ignore_ament_install']
[0.584s] Level 1:colcon.colcon_core.package_identification:_identify(.) by extension 'ignore'
[0.584s] Level 1:colcon.colcon_core.package_identification:_identify(.) by extension 'ignore_ament_install'
[0.584s] Level 1:colcon.colcon_core.package_identification:_identify(.) by extensions ['colcon_pkg']
[0.584s] Level 1:colcon.colcon_core.package_identification:_identify(.) by extension 'colcon_pkg'
[0.584s] Level 1:colcon.colcon_core.package_identification:_identify(.) by extensions ['colcon_meta']
[0.584s] Level 1:colcon.colcon_core.package_identification:_identify(.) by extension 'colcon_meta'
[0.585s] Level 1:colcon.colcon_core.package_identification:_identify(.) by extensions ['ros']
[0.585s] Level 1:colcon.colcon_core.package_identification:_identify(.) by extension 'ros'
[0.627s] Level 1:colcon.colcon_core.package_identification:_identify(.) by extensions ['cmake', 'python']
[0.627s] Level 1:colcon.colcon_core.package_identification:_identify(.) by extension 'cmake'
[0.627s] Level 1:colcon.colcon_core.package_identification:_identify(.) by extension 'python'
[0.628s] Level 1:colcon.colcon_core.package_identification:_identify(.) by extensions ['python_setup_py']
[0.628s] Level 1:colcon.colcon_core.package_identification:_identify(.) by extension 'python_setup_py'
[0.628s] Level 1:colcon.colcon_core.package_identification:_identify(build) by extensions ['ignore', 'ignore_ament_install']
[0.629s] Level 1:colcon.colcon_core.package_identification:_identify(build) by extension 'ignore'
[0.629s] Level 1:colcon.colcon_core.package_identification:_identify(build) ignored
[0.629s] Level 1:colcon.colcon_core.package_identification:_identify(install) by extensions ['ignore', 'ignore_ament_install']
[0.630s] Level 1:colcon.colcon_core.package_identification:_identify(install) by extension 'ignore'
[0.630s] Level 1:colcon.colcon_core.package_identification:_identify(install) ignored
[0.630s] Level 1:colcon.colcon_core.package_identification:_identify(log) by extensions ['ignore', 'ignore_ament_install']
[0.630s] Level 1:colcon.colcon_core.package_identification:_identify(log) by extension 'ignore'
[0.631s] Level 1:colcon.colcon_core.package_identification:_identify(log) ignored
[0.631s] Level 1:colcon.colcon_core.package_identification:_identify(sim) by extensions ['ignore', 'ignore_ament_install']
[0.631s] Level 1:colcon.colcon_core.package_identification:_identify(sim) by extension 'ignore'
[0.631s] Level 1:colcon.colcon_core.package_identification:_identify(sim) by extension 'ignore_ament_install'
[0.632s] Level 1:colcon.colcon_core.package_identification:_identify(sim) by extensions ['colcon_pkg']
[0.632s] Level 1:colcon.colcon_core.package_identification:_identify(sim) by extension 'colcon_pkg'
[0.632s] Level 1:colcon.colcon_core.package_identification:_identify(sim) by extensions ['colcon_meta']
[0.632s] Level 1:colcon.colcon_core.package_identification:_identify(sim) by extension 'colcon_meta'
[0.633s] Level 1:colcon.colcon_core.package_identification:_identify(sim) by extensions ['ros']
[0.633s] Level 1:colcon.colcon_core.package_identification:_identify(sim) by extension 'ros'
[0.633s] Level 1:colcon.colcon_core.package_identification:_identify(sim) by extensions ['cmake', 'python']
[0.633s] Level 1:colcon.colcon_core.package_identification:_identify(sim) by extension 'cmake'
[0.633s] Level 1:colcon.colcon_core.package_identification:_identify(sim) by extension 'python'
[0.634s] Level 1:colcon.colcon_core.package_identification:_identify(sim) by extensions ['python_setup_py']
[0.634s] Level 1:colcon.colcon_core.package_identification:_identify(sim) by extension 'python_setup_py'
[0.634s] Level 1:colcon.colcon_core.package_identification:_identify(sim/build) by extensions ['ignore', 'ignore_ament_install']
[0.634s] Level 1:colcon.colcon_core.package_identification:_identify(sim/build) by extension 'ignore'
[0.635s] Level 1:colcon.colcon_core.package_identification:_identify(sim/build) ignored
[0.635s] Level 1:colcon.colcon_core.package_identification:_identify(sim/install) by extensions ['ignore', 'ignore_ament_install']
[0.635s] Level 1:colcon.colcon_core.package_identification:_identify(sim/install) by extension 'ignore'
[0.635s] Level 1:colcon.colcon_core.package_identification:_identify(sim/install) ignored
[0.636s] Level 1:colcon.colcon_core.package_identification:_identify(sim/log) by extensions ['ignore', 'ignore_ament_install']
[0.636s] Level 1:colcon.colcon_core.package_identification:_identify(sim/log) by extension 'ignore'
[0.636s] Level 1:colcon.colcon_core.package_identification:_identify(sim/log) ignored
[0.636s] Level 1:colcon.colcon_core.package_identification:_identify(sim/worlds) by extensions ['ignore', 'ignore_ament_install']
[0.637s] Level 1:colcon.colcon_core.package_identification:_identify(sim/worlds) by extension 'ignore'
[0.637s] Level 1:colcon.colcon_core.package_identification:_identify(sim/worlds) by extension 'ignore_ament_install'
[0.637s] Level 1:colcon.colcon_core.package_identification:_identify(sim/worlds) by extensions ['colcon_pkg']
[0.637s] Level 1:colcon.colcon_core.package_identification:_identify(sim/worlds) by extension 'colcon_pkg'
[0.638s] Level 1:colcon.colcon_core.package_identification:_identify(sim/worlds) by extensions ['colcon_meta']
[0.638s] Level 1:colcon.colcon_core.package_identification:_identify(sim/worlds) by extension 'colcon_meta'
[0.638s] Level 1:colcon.colcon_core.package_identification:_identify(sim/worlds) by extensions ['ros']
[0.638s] Level 1:colcon.colcon_core.package_identification:_identify(sim/worlds) by extension 'ros'
[0.638s] Level 1:colcon.colcon_core.package_identification:_identify(sim/worlds) by extensions ['cmake', 'python']
[0.639s] Level 1:colcon.colcon_core.package_identification:_identify(sim/worlds) by extension 'cmake'
[0.639s] Level 1:colcon.colcon_core.package_identification:_identify(sim/worlds) by extension 'python'
[0.639s] Level 1:colcon.colcon_core.package_identification:_identify(sim/worlds) by extensions ['python_setup_py']
[0.639s] Level 1:colcon.colcon_core.package_identification:_identify(sim/worlds) by extension 'python_setup_py'
[0.640s] Level 1:colcon.colcon_core.package_identification:_identify(src) by extensions ['ignore', 'ignore_ament_install']
[0.640s] Level 1:colcon.colcon_core.package_identification:_identify(src) by extension 'ignore'
[0.640s] Level 1:colcon.colcon_core.package_identification:_identify(src) by extension 'ignore_ament_install'
[0.640s] Level 1:colcon.colcon_core.package_identification:_identify(src) by extensions ['colcon_pkg']
[0.640s] Level 1:colcon.colcon_core.package_identification:_identify(src) by extension 'colcon_pkg'
[0.641s] Level 1:colcon.colcon_core.package_identification:_identify(src) by extensions ['colcon_meta']
[0.641s] Level 1:colcon.colcon_core.package_identification:_identify(src) by extension 'colcon_meta'
[0.641s] Level 1:colcon.colcon_core.package_identification:_identify(src) by extensions ['ros']
[0.641s] Level 1:colcon.colcon_core.package_identification:_identify(src) by extension 'ros'
[0.641s] Level 1:colcon.colcon_core.package_identification:_identify(src) by extensions ['cmake', 'python']
[0.642s] Level 1:colcon.colcon_core.package_identification:_identify(src) by extension 'cmake'
[0.642s] Level 1:colcon.colcon_core.package_identification:_identify(src) by extension 'python'
[0.642s] Level 1:colcon.colcon_core.package_identification:_identify(src) by extensions ['python_setup_py']
[0.642s] Level 1:colcon.colcon_core.package_identification:_identify(src) by extension 'python_setup_py'
[0.642s] Level 1:colcon.colcon_core.package_identification:_identify(src/ros2_shared) by extensions ['ignore', 'ignore_ament_install']
[0.643s] Level 1:colcon.colcon_core.package_identification:_identify(src/ros2_shared) by extension 'ignore'
[0.643s] Level 1:colcon.colcon_core.package_identification:_identify(src/ros2_shared) by extension 'ignore_ament_install'
[0.643s] Level 1:colcon.colcon_core.package_identification:_identify(src/ros2_shared) by extensions ['colcon_pkg']
[0.643s] Level 1:colcon.colcon_core.package_identification:_identify(src/ros2_shared) by extension 'colcon_pkg'
[0.643s] Level 1:colcon.colcon_core.package_identification:_identify(src/ros2_shared) by extensions ['colcon_meta']
[0.644s] Level 1:colcon.colcon_core.package_identification:_identify(src/ros2_shared) by extension 'colcon_meta'
[0.644s] Level 1:colcon.colcon_core.package_identification:_identify(src/ros2_shared) by extensions ['ros']
[0.644s] Level 1:colcon.colcon_core.package_identification:_identify(src/ros2_shared) by extension 'ros'
[0.648s] DEBUG:colcon.colcon_core.package_identification:Package 'src/ros2_shared' with type 'ros.ament_cmake' and name 'ros2_shared'
[0.649s] Level 1:colcon.colcon_core.package_identification:_identify(src/tello_camera) by extensions ['ignore', 'ignore_ament_install']
[0.649s] Level 1:colcon.colcon_core.package_identification:_identify(src/tello_camera) by extension 'ignore'
[0.649s] Level 1:colcon.colcon_core.package_identification:_identify(src/tello_camera) by extension 'ignore_ament_install'
[0.649s] Level 1:colcon.colcon_core.package_identification:_identify(src/tello_camera) by extensions ['colcon_pkg']
[0.650s] Level 1:colcon.colcon_core.package_identification:_identify(src/tello_camera) by extension 'colcon_pkg'
[0.650s] Level 1:colcon.colcon_core.package_identification:_identify(src/tello_camera) by extensions ['colcon_meta']
[0.650s] Level 1:colcon.colcon_core.package_identification:_identify(src/tello_camera) by extension 'colcon_meta'
[0.650s] Level 1:colcon.colcon_core.package_identification:_identify(src/tello_camera) by extensions ['ros']
[0.650s] Level 1:colcon.colcon_core.package_identification:_identify(src/tello_camera) by extension 'ros'
[0.652s] DEBUG:colcon.colcon_core.package_identification:Package 'src/tello_camera' with type 'ros.ament_python' and name 'tello_camera'
[0.652s] Level 1:colcon.colcon_core.package_identification:_identify(src/tello_controller) by extensions ['ignore', 'ignore_ament_install']
[0.652s] Level 1:colcon.colcon_core.package_identification:_identify(src/tello_controller) by extension 'ignore'
[0.653s] Level 1:colcon.colcon_core.package_identification:_identify(src/tello_controller) by extension 'ignore_ament_install'
[0.653s] Level 1:colcon.colcon_core.package_identification:_identify(src/tello_controller) by extensions ['colcon_pkg']
[0.653s] Level 1:colcon.colcon_core.package_identification:_identify(src/tello_controller) by extension 'colcon_pkg'
[0.653s] Level 1:colcon.colcon_core.package_identification:_identify(src/tello_controller) by extensions ['colcon_meta']
[0.653s] Level 1:colcon.colcon_core.package_identification:_identify(src/tello_controller) by extension 'colcon_meta'
[0.654s] Level 1:colcon.colcon_core.package_identification:_identify(src/tello_controller) by extensions ['ros']
[0.654s] Level 1:colcon.colcon_core.package_identification:_identify(src/tello_controller) by extension 'ros'
[0.655s] DEBUG:colcon.colcon_core.package_identification:Package 'src/tello_controller' with type 'ros.ament_python' and name 'tello_controller'
[0.655s] Level 1:colcon.colcon_core.package_identification:_identify(src/tello_hand_move) by extensions ['ignore', 'ignore_ament_install']
[0.655s] Level 1:colcon.colcon_core.package_identification:_identify(src/tello_hand_move) by extension 'ignore'
[0.656s] Level 1:colcon.colcon_core.package_identification:_identify(src/tello_hand_move) by extension 'ignore_ament_install'
[0.656s] Level 1:colcon.colcon_core.package_identification:_identify(src/tello_hand_move) by extensions ['colcon_pkg']
[0.656s] Level 1:colcon.colcon_core.package_identification:_identify(src/tello_hand_move) by extension 'colcon_pkg'
[0.656s] Level 1:colcon.colcon_core.package_identification:_identify(src/tello_hand_move) by extensions ['colcon_meta']
[0.656s] Level 1:colcon.colcon_core.package_identification:_identify(src/tello_hand_move) by extension 'colcon_meta'
[0.657s] Level 1:colcon.colcon_core.package_identification:_identify(src/tello_hand_move) by extensions ['ros']
[0.657s] Level 1:colcon.colcon_core.package_identification:_identify(src/tello_hand_move) by extension 'ros'
[0.658s] DEBUG:colcon.colcon_core.package_identification:Package 'src/tello_hand_move' with type 'ros.ament_python' and name 'tello_hand_move'
[0.659s] Level 1:colcon.colcon_core.package_identification:_identify(src/tello_mission) by extensions ['ignore', 'ignore_ament_install']
[0.659s] Level 1:colcon.colcon_core.package_identification:_identify(src/tello_mission) by extension 'ignore'
[0.659s] Level 1:colcon.colcon_core.package_identification:_identify(src/tello_mission) by extension 'ignore_ament_install'
[0.659s] Level 1:colcon.colcon_core.package_identification:_identify(src/tello_mission) by extensions ['colcon_pkg']
[0.659s] Level 1:colcon.colcon_core.package_identification:_identify(src/tello_mission) by extension 'colcon_pkg'
[0.660s] Level 1:colcon.colcon_core.package_identification:_identify(src/tello_mission) by extensions ['colcon_meta']
[0.660s] Level 1:colcon.colcon_core.package_identification:_identify(src/tello_mission) by extension 'colcon_meta'
[0.660s] Level 1:colcon.colcon_core.package_identification:_identify(src/tello_mission) by extensions ['ros']
[0.660s] Level 1:colcon.colcon_core.package_identification:_identify(src/tello_mission) by extension 'ros'
[0.661s] DEBUG:colcon.colcon_core.package_identification:Package 'src/tello_mission' with type 'ros.ament_python' and name 'tello_mission'
[0.661s] Level 1:colcon.colcon_core.package_identification:_identify(src/tello_ros) by extensions ['ignore', 'ignore_ament_install']
[0.662s] Level 1:colcon.colcon_core.package_identification:_identify(src/tello_ros) by extension 'ignore'
[0.662s] Level 1:colcon.colcon_core.package_identification:_identify(src/tello_ros) by extension 'ignore_ament_install'
[0.662s] Level 1:colcon.colcon_core.package_identification:_identify(src/tello_ros) by extensions ['colcon_pkg']
[0.662s] Level 1:colcon.colcon_core.package_identification:_identify(src/tello_ros) by extension 'colcon_pkg'
[0.662s] Level 1:colcon.colcon_core.package_identification:_identify(src/tello_ros) by extensions ['colcon_meta']
[0.663s] Level 1:colcon.colcon_core.package_identification:_identify(src/tello_ros) by extension 'colcon_meta'
[0.663s] Level 1:colcon.colcon_core.package_identification:_identify(src/tello_ros) by extensions ['ros']
[0.663s] Level 1:colcon.colcon_core.package_identification:_identify(src/tello_ros) by extension 'ros'
[0.663s] Level 1:colcon.colcon_core.package_identification:_identify(src/tello_ros) by extensions ['cmake', 'python']
[0.663s] Level 1:colcon.colcon_core.package_identification:_identify(src/tello_ros) by extension 'cmake'
[0.664s] Level 1:colcon.colcon_core.package_identification:_identify(src/tello_ros) by extension 'python'
[0.664s] Level 1:colcon.colcon_core.package_identification:_identify(src/tello_ros) by extensions ['python_setup_py']
[0.664s] Level 1:colcon.colcon_core.package_identification:_identify(src/tello_ros) by extension 'python_setup_py'
[0.664s] Level 1:colcon.colcon_core.package_identification:_identify(src/tello_ros/tello_description) by extensions ['ignore', 'ignore_ament_install']
[0.664s] Level 1:colcon.colcon_core.package_identification:_identify(src/tello_ros/tello_description) by extension 'ignore'
[0.665s] Level 1:colcon.colcon_core.package_identification:_identify(src/tello_ros/tello_description) by extension 'ignore_ament_install'
[0.665s] Level 1:colcon.colcon_core.package_identification:_identify(src/tello_ros/tello_description) by extensions ['colcon_pkg']
[0.665s] Level 1:colcon.colcon_core.package_identification:_identify(src/tello_ros/tello_description) by extension 'colcon_pkg'
[0.665s] Level 1:colcon.colcon_core.package_identification:_identify(src/tello_ros/tello_description) by extensions ['colcon_meta']
[0.665s] Level 1:colcon.colcon_core.package_identification:_identify(src/tello_ros/tello_description) by extension 'colcon_meta'
[0.666s] Level 1:colcon.colcon_core.package_identification:_identify(src/tello_ros/tello_description) by extensions ['ros']
[0.666s] Level 1:colcon.colcon_core.package_identification:_identify(src/tello_ros/tello_description) by extension 'ros'
[0.667s] DEBUG:colcon.colcon_core.package_identification:Package 'src/tello_ros/tello_description' with type 'ros.ament_cmake' and name 'tello_description'
[0.667s] Level 1:colcon.colcon_core.package_identification:_identify(src/tello_ros/tello_driver) by extensions ['ignore', 'ignore_ament_install']
[0.667s] Level 1:colcon.colcon_core.package_identification:_identify(src/tello_ros/tello_driver) by extension 'ignore'
[0.667s] Level 1:colcon.colcon_core.package_identification:_identify(src/tello_ros/tello_driver) by extension 'ignore_ament_install'
[0.668s] Level 1:colcon.colcon_core.package_identification:_identify(src/tello_ros/tello_driver) by extensions ['colcon_pkg']
[0.668s] Level 1:colcon.colcon_core.package_identification:_identify(src/tello_ros/tello_driver) by extension 'colcon_pkg'
[0.668s] Level 1:colcon.colcon_core.package_identification:_identify(src/tello_ros/tello_driver) by extensions ['colcon_meta']
[0.668s] Level 1:colcon.colcon_core.package_identification:_identify(src/tello_ros/tello_driver) by extension 'colcon_meta'
[0.668s] Level 1:colcon.colcon_core.package_identification:_identify(src/tello_ros/tello_driver) by extensions ['ros']
[0.669s] Level 1:colcon.colcon_core.package_identification:_identify(src/tello_ros/tello_driver) by extension 'ros'
[0.670s] DEBUG:colcon.colcon_core.package_identification:Package 'src/tello_ros/tello_driver' with type 'ros.ament_cmake' and name 'tello_driver'
[0.671s] Level 1:colcon.colcon_core.package_identification:_identify(src/tello_ros/tello_gazebo) by extensions ['ignore', 'ignore_ament_install']
[0.671s] Level 1:colcon.colcon_core.package_identification:_identify(src/tello_ros/tello_gazebo) by extension 'ignore'
[0.671s] Level 1:colcon.colcon_core.package_identification:_identify(src/tello_ros/tello_gazebo) by extension 'ignore_ament_install'
[0.672s] Level 1:colcon.colcon_core.package_identification:_identify(src/tello_ros/tello_gazebo) by extensions ['colcon_pkg']
[0.672s] Level 1:colcon.colcon_core.package_identification:_identify(src/tello_ros/tello_gazebo) by extension 'colcon_pkg'
[0.672s] Level 1:colcon.colcon_core.package_identification:_identify(src/tello_ros/tello_gazebo) by extensions ['colcon_meta']
[0.672s] Level 1:colcon.colcon_core.package_identification:_identify(src/tello_ros/tello_gazebo) by extension 'colcon_meta'
[0.672s] Level 1:colcon.colcon_core.package_identification:_identify(src/tello_ros/tello_gazebo) by extensions ['ros']
[0.672s] Level 1:colcon.colcon_core.package_identification:_identify(src/tello_ros/tello_gazebo) by extension 'ros'
[0.674s] DEBUG:colcon.colcon_core.package_identification:Package 'src/tello_ros/tello_gazebo' with type 'ros.ament_cmake' and name 'tello_gazebo'
[0.674s] Level 1:colcon.colcon_core.package_identification:_identify(src/tello_ros/tello_msgs) by extensions ['ignore', 'ignore_ament_install']
[0.675s] Level 1:colcon.colcon_core.package_identification:_identify(src/tello_ros/tello_msgs) by extension 'ignore'
[0.675s] Level 1:colcon.colcon_core.package_identification:_identify(src/tello_ros/tello_msgs) by extension 'ignore_ament_install'
[0.675s] Level 1:colcon.colcon_core.package_identification:_identify(src/tello_ros/tello_msgs) by extensions ['colcon_pkg']
[0.675s] Level 1:colcon.colcon_core.package_identification:_identify(src/tello_ros/tello_msgs) by extension 'colcon_pkg'
[0.675s] Level 1:colcon.colcon_core.package_identification:_identify(src/tello_ros/tello_msgs) by extensions ['colcon_meta']
[0.675s] Level 1:colcon.colcon_core.package_identification:_identify(src/tello_ros/tello_msgs) by extension 'colcon_meta'
[0.676s] Level 1:colcon.colcon_core.package_identification:_identify(src/tello_ros/tello_msgs) by extensions ['ros']
[0.676s] Level 1:colcon.colcon_core.package_identification:_identify(src/tello_ros/tello_msgs) by extension 'ros'
[0.677s] DEBUG:colcon.colcon_core.package_identification:Package 'src/tello_ros/tello_msgs' with type 'ros.ament_cmake' and name 'tello_msgs'
[0.677s] Level 1:colcon.colcon_core.package_discovery:discover_packages(recursive) using defaults
[0.677s] Level 1:colcon.colcon_core.package_discovery:discover_packages(ignore) discover
[0.677s] Level 1:colcon.colcon_core.package_discovery:discover_packages(ignore) using defaults
[0.677s] Level 1:colcon.colcon_core.package_discovery:discover_packages(path) discover
[0.677s] Level 1:colcon.colcon_core.package_discovery:discover_packages(path) using defaults
[0.715s] Level 5:colcon.colcon_core.verb:set package 'ros2_shared' build argument 'cmake_args' from command line to 'None'
[0.715s] Level 5:colcon.colcon_core.verb:set package 'ros2_shared' build argument 'cmake_target' from command line to 'None'
[0.715s] Level 5:colcon.colcon_core.verb:set package 'ros2_shared' build argument 'cmake_target_skip_unavailable' from command line to 'False'
[0.716s] Level 5:colcon.colcon_core.verb:set package 'ros2_shared' build argument 'cmake_clean_cache' from command line to 'False'
[0.716s] Level 5:colcon.colcon_core.verb:set package 'ros2_shared' build argument 'cmake_clean_first' from command line to 'False'
[0.717s] Level 5:colcon.colcon_core.verb:set package 'ros2_shared' build argument 'cmake_force_configure' from command line to 'False'
[0.717s] Level 5:colcon.colcon_core.verb:set package 'ros2_shared' build argument 'ament_cmake_args' from command line to 'None'
[0.717s] Level 5:colcon.colcon_core.verb:set package 'ros2_shared' build argument 'catkin_cmake_args' from command line to 'None'
[0.717s] Level 5:colcon.colcon_core.verb:set package 'ros2_shared' build argument 'catkin_skip_building_tests' from command line to 'False'
[0.717s] DEBUG:colcon.colcon_core.verb:Building package 'ros2_shared' with the following arguments: {'ament_cmake_args': None, 'build_base': '/root/DockerFiles/drone_ws/build/ros2_shared', 'catkin_cmake_args': None, 'catkin_skip_building_tests': False, 'cmake_args': None, 'cmake_clean_cache': False, 'cmake_clean_first': False, 'cmake_force_configure': False, 'cmake_target': None, 'cmake_target_skip_unavailable': False, 'install_base': '/root/DockerFiles/drone_ws/install/ros2_shared', 'merge_install': False, 'path': '/root/DockerFiles/drone_ws/src/ros2_shared', 'symlink_install': False, 'test_result_base': None}
[0.719s] Level 5:colcon.colcon_core.verb:set package 'tello_camera' build argument 'cmake_args' from command line to 'None'
[0.719s] Level 5:colcon.colcon_core.verb:set package 'tello_camera' build argument 'cmake_target' from command line to 'None'
[0.719s] Level 5:colcon.colcon_core.verb:set package 'tello_camera' build argument 'cmake_target_skip_unavailable' from command line to 'False'
[0.720s] Level 5:colcon.colcon_core.verb:set package 'tello_camera' build argument 'cmake_clean_cache' from command line to 'False'
[0.720s] Level 5:colcon.colcon_core.verb:set package 'tello_camera' build argument 'cmake_clean_first' from command line to 'False'
[0.720s] Level 5:colcon.colcon_core.verb:set package 'tello_camera' build argument 'cmake_force_configure' from command line to 'False'
[0.720s] Level 5:colcon.colcon_core.verb:set package 'tello_camera' build argument 'ament_cmake_args' from command line to 'None'
[0.720s] Level 5:colcon.colcon_core.verb:set package 'tello_camera' build argument 'catkin_cmake_args' from command line to 'None'
[0.720s] Level 5:colcon.colcon_core.verb:set package 'tello_camera' build argument 'catkin_skip_building_tests' from command line to 'False'
[0.721s] DEBUG:colcon.colcon_core.verb:Building package 'tello_camera' with the following arguments: {'ament_cmake_args': None, 'build_base': '/root/DockerFiles/drone_ws/build/tello_camera', 'catkin_cmake_args': None, 'catkin_skip_building_tests': False, 'cmake_args': None, 'cmake_clean_cache': False, 'cmake_clean_first': False, 'cmake_force_configure': False, 'cmake_target': None, 'cmake_target_skip_unavailable': False, 'install_base': '/root/DockerFiles/drone_ws/install/tello_camera', 'merge_install': False, 'path': '/root/DockerFiles/drone_ws/src/tello_camera', 'symlink_install': False, 'test_result_base': None}
[0.722s] Level 5:colcon.colcon_core.verb:set package 'tello_controller' build argument 'cmake_args' from command line to 'None'
[0.722s] Level 5:colcon.colcon_core.verb:set package 'tello_controller' build argument 'cmake_target' from command line to 'None'
[0.722s] Level 5:colcon.colcon_core.verb:set package 'tello_controller' build argument 'cmake_target_skip_unavailable' from command line to 'False'
[0.723s] Level 5:colcon.colcon_core.verb:set package 'tello_controller' build argument 'cmake_clean_cache' from command line to 'False'
[0.723s] Level 5:colcon.colcon_core.verb:set package 'tello_controller' build argument 'cmake_clean_first' from command line to 'False'
[0.724s] Level 5:colcon.colcon_core.verb:set package 'tello_controller' build argument 'cmake_force_configure' from command line to 'False'
[0.725s] Level 5:colcon.colcon_core.verb:set package 'tello_controller' build argument 'ament_cmake_args' from command line to 'None'
[0.725s] Level 5:colcon.colcon_core.verb:set package 'tello_controller' build argument 'catkin_cmake_args' from command line to 'None'
[0.725s] Level 5:colcon.colcon_core.verb:set package 'tello_controller' build argument 'catkin_skip_building_tests' from command line to 'False'
[0.726s] DEBUG:colcon.colcon_core.verb:Building package 'tello_controller' with the following arguments: {'ament_cmake_args': None, 'build_base': '/root/DockerFiles/drone_ws/build/tello_controller', 'catkin_cmake_args': None, 'catkin_skip_building_tests': False, 'cmake_args': None, 'cmake_clean_cache': False, 'cmake_clean_first': False, 'cmake_force_configure': False, 'cmake_target': None, 'cmake_target_skip_unavailable': False, 'install_base': '/root/DockerFiles/drone_ws/install/tello_controller', 'merge_install': False, 'path': '/root/DockerFiles/drone_ws/src/tello_controller', 'symlink_install': False, 'test_result_base': None}
[0.727s] Level 5:colcon.colcon_core.verb:set package 'tello_description' build argument 'cmake_args' from command line to 'None'
[0.728s] Level 5:colcon.colcon_core.verb:set package 'tello_description' build argument 'cmake_target' from command line to 'None'
[0.728s] Level 5:colcon.colcon_core.verb:set package 'tello_description' build argument 'cmake_target_skip_unavailable' from command line to 'False'
[0.728s] Level 5:colcon.colcon_core.verb:set package 'tello_description' build argument 'cmake_clean_cache' from command line to 'False'
[0.728s] Level 5:colcon.colcon_core.verb:set package 'tello_description' build argument 'cmake_clean_first' from command line to 'False'
[0.728s] Level 5:colcon.colcon_core.verb:set package 'tello_description' build argument 'cmake_force_configure' from command line to 'False'
[0.728s] Level 5:colcon.colcon_core.verb:set package 'tello_description' build argument 'ament_cmake_args' from command line to 'None'
[0.729s] Level 5:colcon.colcon_core.verb:set package 'tello_description' build argument 'catkin_cmake_args' from command line to 'None'
[0.729s] Level 5:colcon.colcon_core.verb:set package 'tello_description' build argument 'catkin_skip_building_tests' from command line to 'False'
[0.729s] DEBUG:colcon.colcon_core.verb:Building package 'tello_description' with the following arguments: {'ament_cmake_args': None, 'build_base': '/root/DockerFiles/drone_ws/build/tello_description', 'catkin_cmake_args': None, 'catkin_skip_building_tests': False, 'cmake_args': None, 'cmake_clean_cache': False, 'cmake_clean_first': False, 'cmake_force_configure': False, 'cmake_target': None, 'cmake_target_skip_unavailable': False, 'install_base': '/root/DockerFiles/drone_ws/install/tello_description', 'merge_install': False, 'path': '/root/DockerFiles/drone_ws/src/tello_ros/tello_description', 'symlink_install': False, 'test_result_base': None}
[0.730s] Level 5:colcon.colcon_core.verb:set package 'tello_hand_move' build argument 'cmake_args' from command line to 'None'
[0.731s] Level 5:colcon.colcon_core.verb:set package 'tello_hand_move' build argument 'cmake_target' from command line to 'None'
[0.731s] Level 5:colcon.colcon_core.verb:set package 'tello_hand_move' build argument 'cmake_target_skip_unavailable' from command line to 'False'
[0.731s] Level 5:colcon.colcon_core.verb:set package 'tello_hand_move' build argument 'cmake_clean_cache' from command line to 'False'
[0.731s] Level 5:colcon.colcon_core.verb:set package 'tello_hand_move' build argument 'cmake_clean_first' from command line to 'False'
[0.731s] Level 5:colcon.colcon_core.verb:set package 'tello_hand_move' build argument 'cmake_force_configure' from command line to 'False'
[0.731s] Level 5:colcon.colcon_core.verb:set package 'tello_hand_move' build argument 'ament_cmake_args' from command line to 'None'
[0.732s] Level 5:colcon.colcon_core.verb:set package 'tello_hand_move' build argument 'catkin_cmake_args' from command line to 'None'
[0.732s] Level 5:colcon.colcon_core.verb:set package 'tello_hand_move' build argument 'catkin_skip_building_tests' from command line to 'False'
[0.732s] DEBUG:colcon.colcon_core.verb:Building package 'tello_hand_move' with the following arguments: {'ament_cmake_args': None, 'build_base': '/root/DockerFiles/drone_ws/build/tello_hand_move', 'catkin_cmake_args': None, 'catkin_skip_building_tests': False, 'cmake_args': None, 'cmake_clean_cache': False, 'cmake_clean_first': False, 'cmake_force_configure': False, 'cmake_target': None, 'cmake_target_skip_unavailable': False, 'install_base': '/root/DockerFiles/drone_ws/install/tello_hand_move', 'merge_install': False, 'path': '/root/DockerFiles/drone_ws/src/tello_hand_move', 'symlink_install': False, 'test_result_base': None}
[0.734s] Level 5:colcon.colcon_core.verb:set package 'tello_mission' build argument 'cmake_args' from command line to 'None'
[0.734s] Level 5:colcon.colcon_core.verb:set package 'tello_mission' build argument 'cmake_target' from command line to 'None'
[0.734s] Level 5:colcon.colcon_core.verb:set package 'tello_mission' build argument 'cmake_target_skip_unavailable' from command line to 'False'
[0.734s] Level 5:colcon.colcon_core.verb:set package 'tello_mission' build argument 'cmake_clean_cache' from command line to 'False'
[0.734s] Level 5:colcon.colcon_core.verb:set package 'tello_mission' build argument 'cmake_clean_first' from command line to 'False'
[0.734s] Level 5:colcon.colcon_core.verb:set package 'tello_mission' build argument 'cmake_force_configure' from command line to 'False'
[0.735s] Level 5:colcon.colcon_core.verb:set package 'tello_mission' build argument 'ament_cmake_args' from command line to 'None'
[0.735s] Level 5:colcon.colcon_core.verb:set package 'tello_mission' build argument 'catkin_cmake_args' from command line to 'None'
[0.735s] Level 5:colcon.colcon_core.verb:set package 'tello_mission' build argument 'catkin_skip_building_tests' from command line to 'False'
[0.735s] DEBUG:colcon.colcon_core.verb:Building package 'tello_mission' with the following arguments: {'ament_cmake_args': None, 'build_base': '/root/DockerFiles/drone_ws/build/tello_mission', 'catkin_cmake_args': None, 'catkin_skip_building_tests': False, 'cmake_args': None, 'cmake_clean_cache': False, 'cmake_clean_first': False, 'cmake_force_configure': False, 'cmake_target': None, 'cmake_target_skip_unavailable': False, 'install_base': '/root/DockerFiles/drone_ws/install/tello_mission', 'merge_install': False, 'path': '/root/DockerFiles/drone_ws/src/tello_mission', 'symlink_install': False, 'test_result_base': None}
[0.737s] Level 5:colcon.colcon_core.verb:set package 'tello_msgs' build argument 'cmake_args' from command line to 'None'
[0.737s] Level 5:colcon.colcon_core.verb:set package 'tello_msgs' build argument 'cmake_target' from command line to 'None'
[0.737s] Level 5:colcon.colcon_core.verb:set package 'tello_msgs' build argument 'cmake_target_skip_unavailable' from command line to 'False'
[0.737s] Level 5:colcon.colcon_core.verb:set package 'tello_msgs' build argument 'cmake_clean_cache' from command line to 'False'
[0.737s] Level 5:colcon.colcon_core.verb:set package 'tello_msgs' build argument 'cmake_clean_first' from command line to 'False'
[0.738s] Level 5:colcon.colcon_core.verb:set package 'tello_msgs' build argument 'cmake_force_configure' from command line to 'False'
[0.738s] Level 5:colcon.colcon_core.verb:set package 'tello_msgs' build argument 'ament_cmake_args' from command line to 'None'
[0.738s] Level 5:colcon.colcon_core.verb:set package 'tello_msgs' build argument 'catkin_cmake_args' from command line to 'None'
[0.738s] Level 5:colcon.colcon_core.verb:set package 'tello_msgs' build argument 'catkin_skip_building_tests' from command line to 'False'
[0.738s] DEBUG:colcon.colcon_core.verb:Building package 'tello_msgs' with the following arguments: {'ament_cmake_args': None, 'build_base': '/root/DockerFiles/drone_ws/build/tello_msgs', 'catkin_cmake_args': None, 'catkin_skip_building_tests': False, 'cmake_args': None, 'cmake_clean_cache': False, 'cmake_clean_first': False, 'cmake_force_configure': False, 'cmake_target': None, 'cmake_target_skip_unavailable': False, 'install_base': '/root/DockerFiles/drone_ws/install/tello_msgs', 'merge_install': False, 'path': '/root/DockerFiles/drone_ws/src/tello_ros/tello_msgs', 'symlink_install': False, 'test_result_base': None}
[0.740s] Level 5:colcon.colcon_core.verb:set package 'tello_driver' build argument 'cmake_args' from command line to 'None'
[0.740s] Level 5:colcon.colcon_core.verb:set package 'tello_driver' build argument 'cmake_target' from command line to 'None'
[0.740s] Level 5:colcon.colcon_core.verb:set package 'tello_driver' build argument 'cmake_target_skip_unavailable' from command line to 'False'
[0.740s] Level 5:colcon.colcon_core.verb:set package 'tello_driver' build argument 'cmake_clean_cache' from command line to 'False'
[0.741s] Level 5:colcon.colcon_core.verb:set package 'tello_driver' build argument 'cmake_clean_first' from command line to 'False'
[0.741s] Level 5:colcon.colcon_core.verb:set package 'tello_driver' build argument 'cmake_force_configure' from command line to 'False'
[0.741s] Level 5:colcon.colcon_core.verb:set package 'tello_driver' build argument 'ament_cmake_args' from command line to 'None'
[0.741s] Level 5:colcon.colcon_core.verb:set package 'tello_driver' build argument 'catkin_cmake_args' from command line to 'None'
[0.741s] Level 5:colcon.colcon_core.verb:set package 'tello_driver' build argument 'catkin_skip_building_tests' from command line to 'False'
[0.741s] DEBUG:colcon.colcon_core.verb:Building package 'tello_driver' with the following arguments: {'ament_cmake_args': None, 'build_base': '/root/DockerFiles/drone_ws/build/tello_driver', 'catkin_cmake_args': None, 'catkin_skip_building_tests': False, 'cmake_args': None, 'cmake_clean_cache': False, 'cmake_clean_first': False, 'cmake_force_configure': False, 'cmake_target': None, 'cmake_target_skip_unavailable': False, 'install_base': '/root/DockerFiles/drone_ws/install/tello_driver', 'merge_install': False, 'path': '/root/DockerFiles/drone_ws/src/tello_ros/tello_driver', 'symlink_install': False, 'test_result_base': None}
[0.743s] Level 5:colcon.colcon_core.verb:set package 'tello_gazebo' build argument 'cmake_args' from command line to 'None'
[0.743s] Level 5:colcon.colcon_core.verb:set package 'tello_gazebo' build argument 'cmake_target' from command line to 'None'
[0.743s] Level 5:colcon.colcon_core.verb:set package 'tello_gazebo' build argument 'cmake_target_skip_unavailable' from command line to 'False'
[0.744s] Level 5:colcon.colcon_core.verb:set package 'tello_gazebo' build argument 'cmake_clean_cache' from command line to 'False'
[0.744s] Level 5:colcon.colcon_core.verb:set package 'tello_gazebo' build argument 'cmake_clean_first' from command line to 'False'
[0.744s] Level 5:colcon.colcon_core.verb:set package 'tello_gazebo' build argument 'cmake_force_configure' from command line to 'False'
[0.744s] Level 5:colcon.colcon_core.verb:set package 'tello_gazebo' build argument 'ament_cmake_args' from command line to 'None'
[0.744s] Level 5:colcon.colcon_core.verb:set package 'tello_gazebo' build argument 'catkin_cmake_args' from command line to 'None'
[0.744s] Level 5:colcon.colcon_core.verb:set package 'tello_gazebo' build argument 'catkin_skip_building_tests' from command line to 'False'
[0.745s] DEBUG:colcon.colcon_core.verb:Building package 'tello_gazebo' with the following arguments: {'ament_cmake_args': None, 'build_base': '/root/DockerFiles/drone_ws/build/tello_gazebo', 'catkin_cmake_args': None, 'catkin_skip_building_tests': False, 'cmake_args': None, 'cmake_clean_cache': False, 'cmake_clean_first': False, 'cmake_force_configure': False, 'cmake_target': None, 'cmake_target_skip_unavailable': False, 'install_base': '/root/DockerFiles/drone_ws/install/tello_gazebo', 'merge_install': False, 'path': '/root/DockerFiles/drone_ws/src/tello_ros/tello_gazebo', 'symlink_install': False, 'test_result_base': None}
[0.746s] INFO:colcon.colcon_core.executor:Executing jobs using 'parallel' executor
[0.751s] DEBUG:colcon.colcon_parallel_executor.executor.parallel:run_until_complete
[0.753s] INFO:colcon.colcon_ros.task.ament_cmake.build:Building ROS package in '/root/DockerFiles/drone_ws/src/tello_ros/tello_msgs' with build type 'ament_cmake'
[0.755s] INFO:colcon.colcon_cmake.task.cmake.build:Building CMake package in '/root/DockerFiles/drone_ws/src/tello_ros/tello_msgs'
[0.763s] INFO:colcon.colcon_core.plugin_system:Skipping extension 'colcon_core.shell.bat': Not used on non-Windows systems
[0.764s] INFO:colcon.colcon_core.shell:Skip shell extension 'powershell' for command environment: Not usable outside of PowerShell
[0.764s] DEBUG:colcon.colcon_core.shell:Skip shell extension 'dsv' for command environment
[0.789s] INFO:colcon.colcon_ros.task.ament_cmake.build:Building ROS package in '/root/DockerFiles/drone_ws/src/ros2_shared' with build type 'ament_cmake'
[0.791s] INFO:colcon.colcon_cmake.task.cmake.build:Building CMake package in '/root/DockerFiles/drone_ws/src/ros2_shared'
[0.795s] INFO:colcon.colcon_core.shell:Skip shell extension 'powershell' for command environment: Not usable outside of PowerShell
[0.795s] DEBUG:colcon.colcon_core.shell:Skip shell extension 'dsv' for command environment
[0.808s] INFO:colcon.colcon_ros.task.ament_python.build:Building ROS package in '/root/DockerFiles/drone_ws/src/tello_camera' with build type 'ament_python'
[0.809s] Level 1:colcon.colcon_core.shell:create_environment_hook('tello_camera', 'ament_prefix_path')
[0.813s] INFO:colcon.colcon_core.shell:Creating environment hook '/root/DockerFiles/drone_ws/install/tello_camera/share/tello_camera/hook/ament_prefix_path.ps1'
[0.815s] INFO:colcon.colcon_core.shell:Creating environment descriptor '/root/DockerFiles/drone_ws/install/tello_camera/share/tello_camera/hook/ament_prefix_path.dsv'
[0.817s] INFO:colcon.colcon_core.shell:Creating environment hook '/root/DockerFiles/drone_ws/install/tello_camera/share/tello_camera/hook/ament_prefix_path.sh'
[0.821s] INFO:colcon.colcon_core.shell:Skip shell extension 'powershell' for command environment: Not usable outside of PowerShell
[0.821s] DEBUG:colcon.colcon_core.shell:Skip shell extension 'dsv' for command environment
[0.833s] INFO:colcon.colcon_ros.task.ament_python.build:Building ROS package in '/root/DockerFiles/drone_ws/src/tello_controller' with build type 'ament_python'
[0.835s] Level 1:colcon.colcon_core.shell:create_environment_hook('tello_controller', 'ament_prefix_path')
[0.838s] INFO:colcon.colcon_core.shell:Creating environment hook '/root/DockerFiles/drone_ws/install/tello_controller/share/tello_controller/hook/ament_prefix_path.ps1'
[0.839s] INFO:colcon.colcon_core.shell:Creating environment descriptor '/root/DockerFiles/drone_ws/install/tello_controller/share/tello_controller/hook/ament_prefix_path.dsv'
[0.840s] INFO:colcon.colcon_core.shell:Creating environment hook '/root/DockerFiles/drone_ws/install/tello_controller/share/tello_controller/hook/ament_prefix_path.sh'
[0.843s] INFO:colcon.colcon_core.shell:Skip shell extension 'powershell' for command environment: Not usable outside of PowerShell
[0.843s] DEBUG:colcon.colcon_core.shell:Skip shell extension 'dsv' for command environment
[0.860s] INFO:colcon.colcon_ros.task.ament_cmake.build:Building ROS package in '/root/DockerFiles/drone_ws/src/tello_ros/tello_description' with build type 'ament_cmake'
[0.861s] INFO:colcon.colcon_cmake.task.cmake.build:Building CMake package in '/root/DockerFiles/drone_ws/src/tello_ros/tello_description'
[0.864s] INFO:colcon.colcon_core.shell:Skip shell extension 'powershell' for command environment: Not usable outside of PowerShell
[0.865s] DEBUG:colcon.colcon_core.shell:Skip shell extension 'dsv' for command environment
[0.882s] INFO:colcon.colcon_ros.task.ament_python.build:Building ROS package in '/root/DockerFiles/drone_ws/src/tello_hand_move' with build type 'ament_python'
[0.883s] Level 1:colcon.colcon_core.shell:create_environment_hook('tello_hand_move', 'ament_prefix_path')
[0.889s] INFO:colcon.colcon_core.shell:Creating environment hook '/root/DockerFiles/drone_ws/install/tello_hand_move/share/tello_hand_move/hook/ament_prefix_path.ps1'
[0.891s] INFO:colcon.colcon_core.shell:Creating environment descriptor '/root/DockerFiles/drone_ws/install/tello_hand_move/share/tello_hand_move/hook/ament_prefix_path.dsv'
[0.892s] INFO:colcon.colcon_core.shell:Creating environment hook '/root/DockerFiles/drone_ws/install/tello_hand_move/share/tello_hand_move/hook/ament_prefix_path.sh'
[0.898s] INFO:colcon.colcon_core.shell:Skip shell extension 'powershell' for command environment: Not usable outside of PowerShell
[0.899s] DEBUG:colcon.colcon_core.shell:Skip shell extension 'dsv' for command environment
[0.922s] INFO:colcon.colcon_ros.task.ament_python.build:Building ROS package in '/root/DockerFiles/drone_ws/src/tello_mission' with build type 'ament_python'
[0.923s] Level 1:colcon.colcon_core.shell:create_environment_hook('tello_mission', 'ament_prefix_path')
[0.926s] INFO:colcon.colcon_core.shell:Creating environment hook '/root/DockerFiles/drone_ws/install/tello_mission/share/tello_mission/hook/ament_prefix_path.ps1'
[0.929s] INFO:colcon.colcon_core.shell:Creating environment descriptor '/root/DockerFiles/drone_ws/install/tello_mission/share/tello_mission/hook/ament_prefix_path.dsv'
[0.930s] INFO:colcon.colcon_core.shell:Creating environment hook '/root/DockerFiles/drone_ws/install/tello_mission/share/tello_mission/hook/ament_prefix_path.sh'
[0.932s] INFO:colcon.colcon_core.shell:Skip shell extension 'powershell' for command environment: Not usable outside of PowerShell
[0.933s] DEBUG:colcon.colcon_core.shell:Skip shell extension 'dsv' for command environment
[0.970s] DEBUG:colcon.colcon_core.event_handler.log_command:Invoking command in '/root/DockerFiles/drone_ws/build/tello_msgs': CMAKE_PREFIX_PATH=${CMAKE_PREFIX_PATH}:/root/DockerFiles/drone_ws/install/tello_mission:/root/DockerFiles/drone_ws/install/tello_hand_move:/root/DockerFiles/drone_ws/install/tello_controller:/root/DockerFiles/drone_ws/install/tello_camera:/opt/ros/foxy /usr/bin/cmake --build /root/DockerFiles/drone_ws/build/tello_msgs -- -j12 -l12
[0.981s] DEBUG:colcon.colcon_core.event_handler.log_command:Invoking command in '/root/DockerFiles/drone_ws/build/ros2_shared': CMAKE_PREFIX_PATH=${CMAKE_PREFIX_PATH}:/root/DockerFiles/drone_ws/install/tello_mission:/root/DockerFiles/drone_ws/install/tello_hand_move:/root/DockerFiles/drone_ws/install/tello_controller:/root/DockerFiles/drone_ws/install/tello_camera:/opt/ros/foxy /usr/bin/cmake --build /root/DockerFiles/drone_ws/build/ros2_shared -- -j12 -l12
[1.440s] INFO:colcon.colcon_core.task.python.build:Building Python package in '/root/DockerFiles/drone_ws/src/tello_camera'
[1.442s] INFO:colcon.colcon_core.shell:Skip shell extension 'powershell' for command environment: Not usable outside of PowerShell
[1.442s] DEBUG:colcon.colcon_core.shell:Skip shell extension 'dsv' for command environment
[1.887s] INFO:colcon.colcon_core.task.python.build:Building Python package in '/root/DockerFiles/drone_ws/src/tello_controller'
[1.889s] INFO:colcon.colcon_core.shell:Skip shell extension 'powershell' for command environment: Not usable outside of PowerShell
[1.890s] DEBUG:colcon.colcon_core.shell:Skip shell extension 'dsv' for command environment
[1.919s] DEBUG:colcon.colcon_core.event_handler.log_command:Invoking command in '/root/DockerFiles/drone_ws/build/tello_description': CMAKE_PREFIX_PATH=${CMAKE_PREFIX_PATH}:/root/DockerFiles/drone_ws/install/tello_mission:/root/DockerFiles/drone_ws/install/tello_hand_move:/root/DockerFiles/drone_ws/install/tello_controller:/root/DockerFiles/drone_ws/install/tello_camera:/opt/ros/foxy /usr/bin/cmake --build /root/DockerFiles/drone_ws/build/tello_description -- -j12 -l12
[2.367s] WARNING:colcon.colcon_ros.task.ament_python.build:Package 'tello_hand_move' doesn't explicitly install a marker in the package index (colcon-ros currently does it implicitly but that fallback will be removed in the future)
[2.367s] WARNING:colcon.colcon_ros.task.ament_python.build:Package 'tello_hand_move' doesn't explicitly install the 'package.xml' file (colcon-ros currently does it implicitly but that fallback will be removed in the future)
[2.370s] INFO:colcon.colcon_core.task.python.build:Building Python package in '/root/DockerFiles/drone_ws/src/tello_hand_move'
[2.374s] INFO:colcon.colcon_core.shell:Skip shell extension 'powershell' for command environment: Not usable outside of PowerShell
[2.375s] DEBUG:colcon.colcon_core.shell:Skip shell extension 'dsv' for command environment
[2.408s] DEBUG:colcon.colcon_core.event_handler.log_command:Invoked command in '/root/DockerFiles/drone_ws/build/tello_msgs' returned '0': CMAKE_PREFIX_PATH=${CMAKE_PREFIX_PATH}:/root/DockerFiles/drone_ws/install/tello_mission:/root/DockerFiles/drone_ws/install/tello_hand_move:/root/DockerFiles/drone_ws/install/tello_controller:/root/DockerFiles/drone_ws/install/tello_camera:/opt/ros/foxy /usr/bin/cmake --build /root/DockerFiles/drone_ws/build/tello_msgs -- -j12 -l12
[2.416s] DEBUG:colcon.colcon_core.event_handler.log_command:Invoked command in '/root/DockerFiles/drone_ws/build/ros2_shared' returned '0': CMAKE_PREFIX_PATH=${CMAKE_PREFIX_PATH}:/root/DockerFiles/drone_ws/install/tello_mission:/root/DockerFiles/drone_ws/install/tello_hand_move:/root/DockerFiles/drone_ws/install/tello_controller:/root/DockerFiles/drone_ws/install/tello_camera:/opt/ros/foxy /usr/bin/cmake --build /root/DockerFiles/drone_ws/build/ros2_shared -- -j12 -l12
[2.791s] INFO:colcon.colcon_core.task.python.build:Building Python package in '/root/DockerFiles/drone_ws/src/tello_mission'
[2.793s] INFO:colcon.colcon_core.shell:Skip shell extension 'powershell' for command environment: Not usable outside of PowerShell
[2.793s] DEBUG:colcon.colcon_core.shell:Skip shell extension 'dsv' for command environment
[2.893s] DEBUG:colcon.colcon_core.event_handler.log_command:Invoking command in '/root/DockerFiles/drone_ws/build/tello_msgs': CMAKE_PREFIX_PATH=${CMAKE_PREFIX_PATH}:/root/DockerFiles/drone_ws/install/tello_mission:/root/DockerFiles/drone_ws/install/tello_hand_move:/root/DockerFiles/drone_ws/install/tello_controller:/root/DockerFiles/drone_ws/install/tello_camera:/opt/ros/foxy /usr/bin/cmake --install /root/DockerFiles/drone_ws/build/tello_msgs
[2.902s] DEBUG:colcon.colcon_core.event_handler.log_command:Invoking command in '/root/DockerFiles/drone_ws/build/ros2_shared': CMAKE_PREFIX_PATH=${CMAKE_PREFIX_PATH}:/root/DockerFiles/drone_ws/install/tello_mission:/root/DockerFiles/drone_ws/install/tello_hand_move:/root/DockerFiles/drone_ws/install/tello_controller:/root/DockerFiles/drone_ws/install/tello_camera:/opt/ros/foxy /usr/bin/cmake --install /root/DockerFiles/drone_ws/build/ros2_shared
[2.972s] Level 1:colcon.colcon_core.environment:create_environment_scripts_only(ros2_shared)
[2.996s] Level 1:colcon.colcon_core.environment:checking '/root/DockerFiles/drone_ws/install/ros2_shared' for CMake module files
[2.997s] Level 1:colcon.colcon_core.environment:checking '/root/DockerFiles/drone_ws/install/ros2_shared' for CMake config files
[2.998s] Level 1:colcon.colcon_core.shell:create_environment_hook('ros2_shared', 'cmake_prefix_path')
[3.014s] INFO:colcon.colcon_core.shell:Creating environment hook '/root/DockerFiles/drone_ws/install/ros2_shared/share/ros2_shared/hook/cmake_prefix_path.ps1'
[3.020s] INFO:colcon.colcon_core.shell:Creating environment descriptor '/root/DockerFiles/drone_ws/install/ros2_shared/share/ros2_shared/hook/cmake_prefix_path.dsv'
[3.021s] INFO:colcon.colcon_core.shell:Creating environment hook '/root/DockerFiles/drone_ws/install/ros2_shared/share/ros2_shared/hook/cmake_prefix_path.sh'
[3.024s] DEBUG:colcon.colcon_core.event_handler.log_command:Invoked command in '/root/DockerFiles/drone_ws/build/tello_description' returned '0': CMAKE_PREFIX_PATH=${CMAKE_PREFIX_PATH}:/root/DockerFiles/drone_ws/install/tello_mission:/root/DockerFiles/drone_ws/install/tello_hand_move:/root/DockerFiles/drone_ws/install/tello_controller:/root/DockerFiles/drone_ws/install/tello_camera:/opt/ros/foxy /usr/bin/cmake --build /root/DockerFiles/drone_ws/build/tello_description -- -j12 -l12
[3.029s] DEBUG:colcon.colcon_core.event_handler.log_command:Invoked command in '/root/DockerFiles/drone_ws/build/ros2_shared' returned '0': CMAKE_PREFIX_PATH=${CMAKE_PREFIX_PATH}:/root/DockerFiles/drone_ws/install/tello_mission:/root/DockerFiles/drone_ws/install/tello_hand_move:/root/DockerFiles/drone_ws/install/tello_controller:/root/DockerFiles/drone_ws/install/tello_camera:/opt/ros/foxy /usr/bin/cmake --install /root/DockerFiles/drone_ws/build/ros2_shared
[3.031s] Level 1:colcon.colcon_core.environment:checking '/root/DockerFiles/drone_ws/install/ros2_shared/bin'
[3.032s] Level 1:colcon.colcon_core.environment:checking '/root/DockerFiles/drone_ws/install/ros2_shared/lib/pkgconfig/ros2_shared.pc'
[3.032s] Level 1:colcon.colcon_core.environment:checking '/root/DockerFiles/drone_ws/install/ros2_shared/lib/python3.8/site-packages'
[3.032s] Level 1:colcon.colcon_core.environment:checking '/root/DockerFiles/drone_ws/install/ros2_shared/bin'
[3.034s] INFO:colcon.colcon_core.shell:Creating package script '/root/DockerFiles/drone_ws/install/ros2_shared/share/ros2_shared/package.ps1'
[3.037s] INFO:colcon.colcon_core.shell:Creating package descriptor '/root/DockerFiles/drone_ws/install/ros2_shared/share/ros2_shared/package.dsv'
[3.038s] INFO:colcon.colcon_core.shell:Creating package script '/root/DockerFiles/drone_ws/install/ros2_shared/share/ros2_shared/package.sh'
[3.039s] INFO:colcon.colcon_core.shell:Creating package script '/root/DockerFiles/drone_ws/install/ros2_shared/share/ros2_shared/package.bash'
[3.040s] INFO:colcon.colcon_core.shell:Creating package script '/root/DockerFiles/drone_ws/install/ros2_shared/share/ros2_shared/package.zsh'
[3.041s] Level 1:colcon.colcon_core.environment:create_file_with_runtime_dependencies(/root/DockerFiles/drone_ws/install/ros2_shared/share/colcon-core/packages/ros2_shared)
[3.068s] DEBUG:colcon.colcon_core.event_handler.log_command:Invoking command in '/root/DockerFiles/drone_ws/build/tello_description': CMAKE_PREFIX_PATH=${CMAKE_PREFIX_PATH}:/root/DockerFiles/drone_ws/install/tello_mission:/root/DockerFiles/drone_ws/install/tello_hand_move:/root/DockerFiles/drone_ws/install/tello_controller:/root/DockerFiles/drone_ws/install/tello_camera:/opt/ros/foxy /usr/bin/cmake --install /root/DockerFiles/drone_ws/build/tello_description
[3.081s] Level 1:colcon.colcon_core.environment:create_environment_scripts_only(tello_msgs)
[3.090s] DEBUG:colcon.colcon_core.event_handler.log_command:Invoked command in '/root/DockerFiles/drone_ws/build/tello_msgs' returned '0': CMAKE_PREFIX_PATH=${CMAKE_PREFIX_PATH}:/root/DockerFiles/drone_ws/install/tello_mission:/root/DockerFiles/drone_ws/install/tello_hand_move:/root/DockerFiles/drone_ws/install/tello_controller:/root/DockerFiles/drone_ws/install/tello_camera:/opt/ros/foxy /usr/bin/cmake --install /root/DockerFiles/drone_ws/build/tello_msgs
[3.091s] Level 1:colcon.colcon_core.environment:checking '/root/DockerFiles/drone_ws/install/tello_msgs' for CMake module files
[3.092s] Level 1:colcon.colcon_core.environment:checking '/root/DockerFiles/drone_ws/install/tello_msgs' for CMake config files
[3.093s] Level 1:colcon.colcon_core.shell:create_environment_hook('tello_msgs', 'cmake_prefix_path')
[3.100s] INFO:colcon.colcon_core.shell:Creating environment hook '/root/DockerFiles/drone_ws/install/tello_msgs/share/tello_msgs/hook/cmake_prefix_path.ps1'
[3.101s] INFO:colcon.colcon_core.shell:Creating environment descriptor '/root/DockerFiles/drone_ws/install/tello_msgs/share/tello_msgs/hook/cmake_prefix_path.dsv'
[3.102s] INFO:colcon.colcon_core.shell:Creating environment hook '/root/DockerFiles/drone_ws/install/tello_msgs/share/tello_msgs/hook/cmake_prefix_path.sh'
[3.103s] Level 1:colcon.colcon_core.environment:checking '/root/DockerFiles/drone_ws/install/tello_msgs/lib'
[3.103s] Level 1:colcon.colcon_core.shell:create_environment_hook('tello_msgs', 'ld_library_path_lib')
[3.106s] INFO:colcon.colcon_core.shell:Creating environment hook '/root/DockerFiles/drone_ws/install/tello_msgs/share/tello_msgs/hook/ld_library_path_lib.ps1'
[3.106s] INFO:colcon.colcon_core.shell:Creating environment descriptor '/root/DockerFiles/drone_ws/install/tello_msgs/share/tello_msgs/hook/ld_library_path_lib.dsv'
[3.107s] INFO:colcon.colcon_core.shell:Creating environment hook '/root/DockerFiles/drone_ws/install/tello_msgs/share/tello_msgs/hook/ld_library_path_lib.sh'
[3.107s] Level 1:colcon.colcon_core.environment:checking '/root/DockerFiles/drone_ws/install/tello_msgs/bin'
[3.107s] Level 1:colcon.colcon_core.environment:checking '/root/DockerFiles/drone_ws/install/tello_msgs/lib/pkgconfig/tello_msgs.pc'
[3.108s] Level 1:colcon.colcon_core.environment:checking '/root/DockerFiles/drone_ws/install/tello_msgs/lib/python3.8/site-packages'
[3.108s] Level 1:colcon.colcon_core.shell:create_environment_hook('tello_msgs', 'pythonpath')
[3.110s] INFO:colcon.colcon_core.shell:Creating environment hook '/root/DockerFiles/drone_ws/install/tello_msgs/share/tello_msgs/hook/pythonpath.ps1'
[3.113s] INFO:colcon.colcon_core.shell:Creating environment descriptor '/root/DockerFiles/drone_ws/install/tello_msgs/share/tello_msgs/hook/pythonpath.dsv'
[3.118s] INFO:colcon.colcon_core.shell:Creating environment hook '/root/DockerFiles/drone_ws/install/tello_msgs/share/tello_msgs/hook/pythonpath.sh'
[3.119s] Level 1:colcon.colcon_core.environment:checking '/root/DockerFiles/drone_ws/install/tello_msgs/bin'
[3.122s] INFO:colcon.colcon_core.shell:Creating package script '/root/DockerFiles/drone_ws/install/tello_msgs/share/tello_msgs/package.ps1'
[3.124s] INFO:colcon.colcon_core.shell:Creating package descriptor '/root/DockerFiles/drone_ws/install/tello_msgs/share/tello_msgs/package.dsv'
[3.125s] INFO:colcon.colcon_core.shell:Creating package script '/root/DockerFiles/drone_ws/install/tello_msgs/share/tello_msgs/package.sh'
[3.128s] INFO:colcon.colcon_core.shell:Creating package script '/root/DockerFiles/drone_ws/install/tello_msgs/share/tello_msgs/package.bash'
[3.135s] INFO:colcon.colcon_core.shell:Creating package script '/root/DockerFiles/drone_ws/install/tello_msgs/share/tello_msgs/package.zsh'
[3.136s] Level 1:colcon.colcon_core.environment:create_file_with_runtime_dependencies(/root/DockerFiles/drone_ws/install/tello_msgs/share/colcon-core/packages/tello_msgs)
[3.150s] Level 1:colcon.colcon_core.environment:create_environment_scripts_only(ros2_shared)
[3.157s] Level 1:colcon.colcon_core.environment:checking '/root/DockerFiles/drone_ws/install/ros2_shared' for CMake module files
[3.160s] Level 1:colcon.colcon_core.environment:checking '/root/DockerFiles/drone_ws/install/ros2_shared' for CMake config files
[3.164s] Level 1:colcon.colcon_core.shell:create_environment_hook('ros2_shared', 'cmake_prefix_path')
[3.166s] INFO:colcon.colcon_core.shell:Creating environment hook '/root/DockerFiles/drone_ws/install/ros2_shared/share/ros2_shared/hook/cmake_prefix_path.ps1'
[3.171s] INFO:colcon.colcon_core.shell:Creating environment descriptor '/root/DockerFiles/drone_ws/install/ros2_shared/share/ros2_shared/hook/cmake_prefix_path.dsv'
[3.171s] INFO:colcon.colcon_core.shell:Creating environment hook '/root/DockerFiles/drone_ws/install/ros2_shared/share/ros2_shared/hook/cmake_prefix_path.sh'
[3.172s] Level 1:colcon.colcon_core.environment:checking '/root/DockerFiles/drone_ws/install/ros2_shared/bin'
[3.173s] Level 1:colcon.colcon_core.environment:checking '/root/DockerFiles/drone_ws/install/ros2_shared/lib/pkgconfig/ros2_shared.pc'
[3.173s] Level 1:colcon.colcon_core.environment:checking '/root/DockerFiles/drone_ws/install/ros2_shared/lib/python3.8/site-packages'
[3.174s] Level 1:colcon.colcon_core.environment:checking '/root/DockerFiles/drone_ws/install/ros2_shared/bin'
[3.179s] INFO:colcon.colcon_core.shell:Creating package script '/root/DockerFiles/drone_ws/install/ros2_shared/share/ros2_shared/package.ps1'
[3.180s] INFO:colcon.colcon_core.shell:Creating package descriptor '/root/DockerFiles/drone_ws/install/ros2_shared/share/ros2_shared/package.dsv'
[3.185s] INFO:colcon.colcon_core.shell:Creating package script '/root/DockerFiles/drone_ws/install/ros2_shared/share/ros2_shared/package.sh'
[3.186s] INFO:colcon.colcon_core.shell:Creating package script '/root/DockerFiles/drone_ws/install/ros2_shared/share/ros2_shared/package.bash'
[3.187s] INFO:colcon.colcon_core.shell:Creating package script '/root/DockerFiles/drone_ws/install/ros2_shared/share/ros2_shared/package.zsh'
[3.188s] Level 1:colcon.colcon_core.environment:create_file_with_runtime_dependencies(/root/DockerFiles/drone_ws/install/ros2_shared/share/colcon-core/packages/ros2_shared)
[3.192s] Level 1:colcon.colcon_core.environment:create_environment_scripts_only(tello_description)
[3.196s] Level 1:colcon.colcon_core.environment:checking '/root/DockerFiles/drone_ws/install/tello_description' for CMake module files
[3.200s] DEBUG:colcon.colcon_core.event_handler.log_command:Invoked command in '/root/DockerFiles/drone_ws/build/tello_description' returned '0': CMAKE_PREFIX_PATH=${CMAKE_PREFIX_PATH}:/root/DockerFiles/drone_ws/install/tello_mission:/root/DockerFiles/drone_ws/install/tello_hand_move:/root/DockerFiles/drone_ws/install/tello_controller:/root/DockerFiles/drone_ws/install/tello_camera:/opt/ros/foxy /usr/bin/cmake --install /root/DockerFiles/drone_ws/build/tello_description
[3.200s] Level 1:colcon.colcon_core.environment:checking '/root/DockerFiles/drone_ws/install/tello_description' for CMake config files
[3.201s] Level 1:colcon.colcon_core.shell:create_environment_hook('tello_description', 'cmake_prefix_path')
[3.203s] INFO:colcon.colcon_core.shell:Creating environment hook '/root/DockerFiles/drone_ws/install/tello_description/share/tello_description/hook/cmake_prefix_path.ps1'
[3.204s] INFO:colcon.colcon_core.shell:Creating environment descriptor '/root/DockerFiles/drone_ws/install/tello_description/share/tello_description/hook/cmake_prefix_path.dsv'
[3.205s] INFO:colcon.colcon_core.shell:Creating environment hook '/root/DockerFiles/drone_ws/install/tello_description/share/tello_description/hook/cmake_prefix_path.sh'
[3.205s] Level 1:colcon.colcon_core.environment:checking '/root/DockerFiles/drone_ws/install/tello_description/bin'
[3.209s] Level 1:colcon.colcon_core.environment:checking '/root/DockerFiles/drone_ws/install/tello_description/lib/pkgconfig/tello_description.pc'
[3.210s] Level 1:colcon.colcon_core.environment:checking '/root/DockerFiles/drone_ws/install/tello_description/lib/python3.8/site-packages'
[3.210s] Level 1:colcon.colcon_core.environment:checking '/root/DockerFiles/drone_ws/install/tello_description/bin'
[3.218s] INFO:colcon.colcon_core.shell:Creating package script '/root/DockerFiles/drone_ws/install/tello_description/share/tello_description/package.ps1'
[3.220s] INFO:colcon.colcon_core.shell:Creating package descriptor '/root/DockerFiles/drone_ws/install/tello_description/share/tello_description/package.dsv'
[3.220s] INFO:colcon.colcon_core.shell:Creating package script '/root/DockerFiles/drone_ws/install/tello_description/share/tello_description/package.sh'
[3.221s] INFO:colcon.colcon_core.shell:Creating package script '/root/DockerFiles/drone_ws/install/tello_description/share/tello_description/package.bash'
[3.221s] INFO:colcon.colcon_core.shell:Creating package script '/root/DockerFiles/drone_ws/install/tello_description/share/tello_description/package.zsh'
[3.222s] Level 1:colcon.colcon_core.environment:create_file_with_runtime_dependencies(/root/DockerFiles/drone_ws/install/tello_description/share/colcon-core/packages/tello_description)
[3.349s] Level 1:colcon.colcon_core.environment:create_environment_scripts_only(tello_description)
[3.358s] Level 1:colcon.colcon_core.environment:checking '/root/DockerFiles/drone_ws/install/tello_description' for CMake module files
[3.359s] Level 1:colcon.colcon_core.environment:checking '/root/DockerFiles/drone_ws/install/tello_description' for CMake config files
[3.360s] Level 1:colcon.colcon_core.shell:create_environment_hook('tello_description', 'cmake_prefix_path')
[3.362s] INFO:colcon.colcon_core.shell:Creating environment hook '/root/DockerFiles/drone_ws/install/tello_description/share/tello_description/hook/cmake_prefix_path.ps1'
[3.384s] INFO:colcon.colcon_core.shell:Creating environment descriptor '/root/DockerFiles/drone_ws/install/tello_description/share/tello_description/hook/cmake_prefix_path.dsv'
[3.386s] INFO:colcon.colcon_core.shell:Creating environment hook '/root/DockerFiles/drone_ws/install/tello_description/share/tello_description/hook/cmake_prefix_path.sh'
[3.389s] Level 1:colcon.colcon_core.environment:checking '/root/DockerFiles/drone_ws/install/tello_description/bin'
[3.391s] Level 1:colcon.colcon_core.environment:checking '/root/DockerFiles/drone_ws/install/tello_description/lib/pkgconfig/tello_description.pc'
[3.392s] Level 1:colcon.colcon_core.environment:checking '/root/DockerFiles/drone_ws/install/tello_description/lib/python3.8/site-packages'
[3.393s] Level 1:colcon.colcon_core.environment:checking '/root/DockerFiles/drone_ws/install/tello_description/bin'
[3.395s] INFO:colcon.colcon_core.shell:Creating package script '/root/DockerFiles/drone_ws/install/tello_description/share/tello_description/package.ps1'
[3.397s] INFO:colcon.colcon_core.shell:Creating package descriptor '/root/DockerFiles/drone_ws/install/tello_description/share/tello_description/package.dsv'
[3.398s] INFO:colcon.colcon_core.shell:Creating package script '/root/DockerFiles/drone_ws/install/tello_description/share/tello_description/package.sh'
[3.401s] INFO:colcon.colcon_core.shell:Creating package script '/root/DockerFiles/drone_ws/install/tello_description/share/tello_description/package.bash'
[3.402s] INFO:colcon.colcon_core.shell:Creating package script '/root/DockerFiles/drone_ws/install/tello_description/share/tello_description/package.zsh'
[3.403s] Level 1:colcon.colcon_core.environment:create_file_with_runtime_dependencies(/root/DockerFiles/drone_ws/install/tello_description/share/colcon-core/packages/tello_description)
[3.438s] Level 1:colcon.colcon_core.environment:create_environment_scripts_only(tello_msgs)
[3.441s] Level 1:colcon.colcon_core.environment:checking '/root/DockerFiles/drone_ws/install/tello_msgs' for CMake module files
[3.442s] Level 1:colcon.colcon_core.environment:checking '/root/DockerFiles/drone_ws/install/tello_msgs' for CMake config files
[3.443s] Level 1:colcon.colcon_core.shell:create_environment_hook('tello_msgs', 'cmake_prefix_path')
[3.446s] INFO:colcon.colcon_core.shell:Creating environment hook '/root/DockerFiles/drone_ws/install/tello_msgs/share/tello_msgs/hook/cmake_prefix_path.ps1'
[3.447s] INFO:colcon.colcon_core.shell:Creating environment descriptor '/root/DockerFiles/drone_ws/install/tello_msgs/share/tello_msgs/hook/cmake_prefix_path.dsv'
[3.448s] INFO:colcon.colcon_core.shell:Creating environment hook '/root/DockerFiles/drone_ws/install/tello_msgs/share/tello_msgs/hook/cmake_prefix_path.sh'
[3.449s] Level 1:colcon.colcon_core.environment:checking '/root/DockerFiles/drone_ws/install/tello_msgs/lib'
[3.449s] Level 1:colcon.colcon_core.shell:create_environment_hook('tello_msgs', 'ld_library_path_lib')
[3.451s] INFO:colcon.colcon_core.shell:Creating environment hook '/root/DockerFiles/drone_ws/install/tello_msgs/share/tello_msgs/hook/ld_library_path_lib.ps1'
[3.452s] INFO:colcon.colcon_core.shell:Creating environment descriptor '/root/DockerFiles/drone_ws/install/tello_msgs/share/tello_msgs/hook/ld_library_path_lib.dsv'
[3.452s] INFO:colcon.colcon_core.shell:Creating environment hook '/root/DockerFiles/drone_ws/install/tello_msgs/share/tello_msgs/hook/ld_library_path_lib.sh'
[3.453s] Level 1:colcon.colcon_core.environment:checking '/root/DockerFiles/drone_ws/install/tello_msgs/bin'
[3.453s] Level 1:colcon.colcon_core.environment:checking '/root/DockerFiles/drone_ws/install/tello_msgs/lib/pkgconfig/tello_msgs.pc'
[3.454s] Level 1:colcon.colcon_core.environment:checking '/root/DockerFiles/drone_ws/install/tello_msgs/lib/python3.8/site-packages'
[3.454s] Level 1:colcon.colcon_core.shell:create_environment_hook('tello_msgs', 'pythonpath')
[3.457s] INFO:colcon.colcon_core.shell:Creating environment hook '/root/DockerFiles/drone_ws/install/tello_msgs/share/tello_msgs/hook/pythonpath.ps1'
[3.458s] INFO:colcon.colcon_core.shell:Creating environment descriptor '/root/DockerFiles/drone_ws/install/tello_msgs/share/tello_msgs/hook/pythonpath.dsv'
[3.459s] INFO:colcon.colcon_core.shell:Creating environment hook '/root/DockerFiles/drone_ws/install/tello_msgs/share/tello_msgs/hook/pythonpath.sh'
[3.460s] Level 1:colcon.colcon_core.environment:checking '/root/DockerFiles/drone_ws/install/tello_msgs/bin'
[3.462s] INFO:colcon.colcon_core.shell:Creating package script '/root/DockerFiles/drone_ws/install/tello_msgs/share/tello_msgs/package.ps1'
[3.463s] INFO:colcon.colcon_core.shell:Creating package descriptor '/root/DockerFiles/drone_ws/install/tello_msgs/share/tello_msgs/package.dsv'
[3.464s] INFO:colcon.colcon_core.shell:Creating package script '/root/DockerFiles/drone_ws/install/tello_msgs/share/tello_msgs/package.sh'
[3.467s] INFO:colcon.colcon_core.shell:Creating package script '/root/DockerFiles/drone_ws/install/tello_msgs/share/tello_msgs/package.bash'
[3.467s] INFO:colcon.colcon_core.shell:Creating package script '/root/DockerFiles/drone_ws/install/tello_msgs/share/tello_msgs/package.zsh'
[3.468s] Level 1:colcon.colcon_core.environment:create_file_with_runtime_dependencies(/root/DockerFiles/drone_ws/install/tello_msgs/share/colcon-core/packages/tello_msgs)
[3.469s] INFO:colcon.colcon_ros.task.ament_cmake.build:Building ROS package in '/root/DockerFiles/drone_ws/src/tello_ros/tello_driver' with build type 'ament_cmake'
[3.471s] INFO:colcon.colcon_cmake.task.cmake.build:Building CMake package in '/root/DockerFiles/drone_ws/src/tello_ros/tello_driver'
[3.473s] INFO:colcon.colcon_core.shell:Skip shell extension 'powershell' for command environment: Not usable outside of PowerShell
[3.474s] DEBUG:colcon.colcon_core.shell:Skip shell extension 'dsv' for command environment
[3.491s] INFO:colcon.colcon_ros.task.ament_cmake.build:Building ROS package in '/root/DockerFiles/drone_ws/src/tello_ros/tello_gazebo' with build type 'ament_cmake'
[3.491s] INFO:colcon.colcon_cmake.task.cmake.build:Building CMake package in '/root/DockerFiles/drone_ws/src/tello_ros/tello_gazebo'
[3.499s] INFO:colcon.colcon_core.shell:Skip shell extension 'powershell' for command environment: Not usable outside of PowerShell
[3.499s] DEBUG:colcon.colcon_core.shell:Skip shell extension 'dsv' for command environment
[3.555s] DEBUG:colcon.colcon_core.event_handler.log_command:Invoking command in '/root/DockerFiles/drone_ws/build/tello_driver': CMAKE_PREFIX_PATH=/root/DockerFiles/drone_ws/install/tello_msgs:/root/DockerFiles/drone_ws/install/ros2_shared:/root/DockerFiles/drone_ws/install/tello_gazebo:/root/DockerFiles/drone_ws/install/tello_driver:/root/DockerFiles/drone_ws/install/tello_description:/root/DockerFiles/drone_ws/install/tello_mission:/root/DockerFiles/drone_ws/install/tello_hand_move:/root/DockerFiles/drone_ws/install/tello_controller:/root/DockerFiles/drone_ws/install/tello_camera:/opt/ros/foxy LD_LIBRARY_PATH=/root/DockerFiles/drone_ws/install/tello_msgs/lib:/root/DockerFiles/drone_ws/install/tello_gazebo/lib:/root/DockerFiles/drone_ws/install/tello_driver/lib:/usr/lib/x86_64-linux-gnu/gazebo-11/plugins:/opt/ros/foxy/opt/yaml_cpp_vendor/lib:/opt/ros/foxy/opt/rviz_ogre_vendor/lib:/opt/ros/foxy/lib/x86_64-linux-gnu:/opt/ros/foxy/lib /usr/bin/cmake --build /root/DockerFiles/drone_ws/build/tello_driver -- -j12 -l12
[3.576s] DEBUG:colcon.colcon_core.event_handler.log_command:Invoking command in '/root/DockerFiles/drone_ws/build/tello_gazebo': CMAKE_PREFIX_PATH=/root/DockerFiles/drone_ws/install/tello_msgs:/root/DockerFiles/drone_ws/install/tello_gazebo:/root/DockerFiles/drone_ws/install/tello_driver:/root/DockerFiles/drone_ws/install/tello_description:/root/DockerFiles/drone_ws/install/ros2_shared:/root/DockerFiles/drone_ws/install/tello_mission:/root/DockerFiles/drone_ws/install/tello_hand_move:/root/DockerFiles/drone_ws/install/tello_controller:/root/DockerFiles/drone_ws/install/tello_camera:/opt/ros/foxy LD_LIBRARY_PATH=/root/DockerFiles/drone_ws/install/tello_msgs/lib:/root/DockerFiles/drone_ws/install/tello_gazebo/lib:/root/DockerFiles/drone_ws/install/tello_driver/lib:/usr/lib/x86_64-linux-gnu/gazebo-11/plugins:/opt/ros/foxy/opt/yaml_cpp_vendor/lib:/opt/ros/foxy/opt/rviz_ogre_vendor/lib:/opt/ros/foxy/lib/x86_64-linux-gnu:/opt/ros/foxy/lib /usr/bin/cmake --build /root/DockerFiles/drone_ws/build/tello_gazebo -- -j12 -l12
[3.695s] DEBUG:colcon.colcon_core.event_handler.log_command:Invoking command in '/root/DockerFiles/drone_ws/src/tello_camera': PYTHONPATH=/root/DockerFiles/drone_ws/build/tello_camera/prefix_override:/root/DockerFiles/drone_ws/install/tello_camera/lib/python3.8/site-packages:${PYTHONPATH} /usr/bin/python3 setup.py egg_info --egg-base ../../build/tello_camera build --build-base /root/DockerFiles/drone_ws/build/tello_camera/build install --record /root/DockerFiles/drone_ws/build/tello_camera/install.log --single-version-externally-managed
[3.748s] DEBUG:colcon.colcon_core.event_handler.log_command:Invoking command in '/root/DockerFiles/drone_ws/src/tello_hand_move': PYTHONPATH=/root/DockerFiles/drone_ws/build/tello_hand_move/prefix_override:/root/DockerFiles/drone_ws/install/tello_hand_move/lib/python3.8/site-packages:${PYTHONPATH} /usr/bin/python3 setup.py egg_info --egg-base ../../build/tello_hand_move build --build-base /root/DockerFiles/drone_ws/build/tello_hand_move/build install --record /root/DockerFiles/drone_ws/build/tello_hand_move/install.log --single-version-externally-managed
[3.771s] DEBUG:colcon.colcon_core.event_handler.log_command:Invoking command in '/root/DockerFiles/drone_ws/src/tello_controller': PYTHONPATH=/root/DockerFiles/drone_ws/build/tello_controller/prefix_override:/root/DockerFiles/drone_ws/install/tello_controller/lib/python3.8/site-packages:${PYTHONPATH} /usr/bin/python3 setup.py egg_info --egg-base ../../build/tello_controller build --build-base /root/DockerFiles/drone_ws/build/tello_controller/build install --record /root/DockerFiles/drone_ws/build/tello_controller/install.log --single-version-externally-managed
[3.863s] DEBUG:colcon.colcon_core.event_handler.log_command:Invoked command in '/root/DockerFiles/drone_ws/build/tello_gazebo' returned '0': CMAKE_PREFIX_PATH=/root/DockerFiles/drone_ws/install/tello_msgs:/root/DockerFiles/drone_ws/install/tello_gazebo:/root/DockerFiles/drone_ws/install/tello_driver:/root/DockerFiles/drone_ws/install/tello_description:/root/DockerFiles/drone_ws/install/ros2_shared:/root/DockerFiles/drone_ws/install/tello_mission:/root/DockerFiles/drone_ws/install/tello_hand_move:/root/DockerFiles/drone_ws/install/tello_controller:/root/DockerFiles/drone_ws/install/tello_camera:/opt/ros/foxy LD_LIBRARY_PATH=/root/DockerFiles/drone_ws/install/tello_msgs/lib:/root/DockerFiles/drone_ws/install/tello_gazebo/lib:/root/DockerFiles/drone_ws/install/tello_driver/lib:/usr/lib/x86_64-linux-gnu/gazebo-11/plugins:/opt/ros/foxy/opt/yaml_cpp_vendor/lib:/opt/ros/foxy/opt/rviz_ogre_vendor/lib:/opt/ros/foxy/lib/x86_64-linux-gnu:/opt/ros/foxy/lib /usr/bin/cmake --build /root/DockerFiles/drone_ws/build/tello_gazebo -- -j12 -l12
[3.912s] DEBUG:colcon.colcon_core.event_handler.log_command:Invoking command in '/root/DockerFiles/drone_ws/src/tello_mission': PYTHONPATH=/root/DockerFiles/drone_ws/build/tello_mission/prefix_override:/root/DockerFiles/drone_ws/install/tello_mission/lib/python3.8/site-packages:${PYTHONPATH} /usr/bin/python3 setup.py egg_info --egg-base ../../build/tello_mission build --build-base /root/DockerFiles/drone_ws/build/tello_mission/build install --record /root/DockerFiles/drone_ws/build/tello_mission/install.log --single-version-externally-managed
[3.944s] DEBUG:colcon.colcon_core.event_handler.log_command:Invoking command in '/root/DockerFiles/drone_ws/build/tello_gazebo': CMAKE_PREFIX_PATH=/root/DockerFiles/drone_ws/install/tello_msgs:/root/DockerFiles/drone_ws/install/tello_gazebo:/root/DockerFiles/drone_ws/install/tello_driver:/root/DockerFiles/drone_ws/install/tello_description:/root/DockerFiles/drone_ws/install/ros2_shared:/root/DockerFiles/drone_ws/install/tello_mission:/root/DockerFiles/drone_ws/install/tello_hand_move:/root/DockerFiles/drone_ws/install/tello_controller:/root/DockerFiles/drone_ws/install/tello_camera:/opt/ros/foxy LD_LIBRARY_PATH=/root/DockerFiles/drone_ws/install/tello_msgs/lib:/root/DockerFiles/drone_ws/install/tello_gazebo/lib:/root/DockerFiles/drone_ws/install/tello_driver/lib:/usr/lib/x86_64-linux-gnu/gazebo-11/plugins:/opt/ros/foxy/opt/yaml_cpp_vendor/lib:/opt/ros/foxy/opt/rviz_ogre_vendor/lib:/opt/ros/foxy/lib/x86_64-linux-gnu:/opt/ros/foxy/lib /usr/bin/cmake --install /root/DockerFiles/drone_ws/build/tello_gazebo
[3.980s] Level 1:colcon.colcon_core.environment:create_environment_scripts_only(tello_gazebo)
[3.985s] Level 1:colcon.colcon_core.environment:checking '/root/DockerFiles/drone_ws/install/tello_gazebo' for CMake module files
[3.990s] Level 1:colcon.colcon_core.environment:checking '/root/DockerFiles/drone_ws/install/tello_gazebo' for CMake config files
[3.992s] Level 1:colcon.colcon_core.shell:create_environment_hook('tello_gazebo', 'cmake_prefix_path')
[3.990s] DEBUG:colcon.colcon_core.event_handler.log_command:Invoked command in '/root/DockerFiles/drone_ws/build/tello_gazebo' returned '0': CMAKE_PREFIX_PATH=/root/DockerFiles/drone_ws/install/tello_msgs:/root/DockerFiles/drone_ws/install/tello_gazebo:/root/DockerFiles/drone_ws/install/tello_driver:/root/DockerFiles/drone_ws/install/tello_description:/root/DockerFiles/drone_ws/install/ros2_shared:/root/DockerFiles/drone_ws/install/tello_mission:/root/DockerFiles/drone_ws/install/tello_hand_move:/root/DockerFiles/drone_ws/install/tello_controller:/root/DockerFiles/drone_ws/install/tello_camera:/opt/ros/foxy LD_LIBRARY_PATH=/root/DockerFiles/drone_ws/install/tello_msgs/lib:/root/DockerFiles/drone_ws/install/tello_gazebo/lib:/root/DockerFiles/drone_ws/install/tello_driver/lib:/usr/lib/x86_64-linux-gnu/gazebo-11/plugins:/opt/ros/foxy/opt/yaml_cpp_vendor/lib:/opt/ros/foxy/opt/rviz_ogre_vendor/lib:/opt/ros/foxy/lib/x86_64-linux-gnu:/opt/ros/foxy/lib /usr/bin/cmake --install /root/DockerFiles/drone_ws/build/tello_gazebo
[3.997s] INFO:colcon.colcon_core.shell:Creating environment hook '/root/DockerFiles/drone_ws/install/tello_gazebo/share/tello_gazebo/hook/cmake_prefix_path.ps1'
[4.002s] INFO:colcon.colcon_core.shell:Creating environment descriptor '/root/DockerFiles/drone_ws/install/tello_gazebo/share/tello_gazebo/hook/cmake_prefix_path.dsv'
[4.003s] INFO:colcon.colcon_core.shell:Creating environment hook '/root/DockerFiles/drone_ws/install/tello_gazebo/share/tello_gazebo/hook/cmake_prefix_path.sh'
[4.004s] Level 1:colcon.colcon_core.environment:checking '/root/DockerFiles/drone_ws/install/tello_gazebo/lib'
[4.004s] Level 1:colcon.colcon_core.shell:create_environment_hook('tello_gazebo', 'ld_library_path_lib')
[4.011s] INFO:colcon.colcon_core.shell:Creating environment hook '/root/DockerFiles/drone_ws/install/tello_gazebo/share/tello_gazebo/hook/ld_library_path_lib.ps1'
[4.012s] INFO:colcon.colcon_core.shell:Creating environment descriptor '/root/DockerFiles/drone_ws/install/tello_gazebo/share/tello_gazebo/hook/ld_library_path_lib.dsv'
[4.013s] INFO:colcon.colcon_core.shell:Creating environment hook '/root/DockerFiles/drone_ws/install/tello_gazebo/share/tello_gazebo/hook/ld_library_path_lib.sh'
[4.013s] Level 1:colcon.colcon_core.environment:checking '/root/DockerFiles/drone_ws/install/tello_gazebo/bin'
[4.015s] Level 1:colcon.colcon_core.environment:checking '/root/DockerFiles/drone_ws/install/tello_gazebo/lib/pkgconfig/tello_gazebo.pc'
[4.015s] Level 1:colcon.colcon_core.environment:checking '/root/DockerFiles/drone_ws/install/tello_gazebo/lib/python3.8/site-packages'
[4.016s] Level 1:colcon.colcon_core.environment:checking '/root/DockerFiles/drone_ws/install/tello_gazebo/bin'
[4.018s] INFO:colcon.colcon_core.shell:Creating package script '/root/DockerFiles/drone_ws/install/tello_gazebo/share/tello_gazebo/package.ps1'
[4.020s] INFO:colcon.colcon_core.shell:Creating package descriptor '/root/DockerFiles/drone_ws/install/tello_gazebo/share/tello_gazebo/package.dsv'
[4.021s] INFO:colcon.colcon_core.shell:Creating package script '/root/DockerFiles/drone_ws/install/tello_gazebo/share/tello_gazebo/package.sh'
[4.022s] INFO:colcon.colcon_core.shell:Creating package script '/root/DockerFiles/drone_ws/install/tello_gazebo/share/tello_gazebo/package.bash'
[4.023s] INFO:colcon.colcon_core.shell:Creating package script '/root/DockerFiles/drone_ws/install/tello_gazebo/share/tello_gazebo/package.zsh'
[4.024s] Level 1:colcon.colcon_core.environment:create_file_with_runtime_dependencies(/root/DockerFiles/drone_ws/install/tello_gazebo/share/colcon-core/packages/tello_gazebo)
[4.115s] Level 1:colcon.colcon_core.environment:create_environment_scripts_only(tello_gazebo)
[4.129s] Level 1:colcon.colcon_core.environment:checking '/root/DockerFiles/drone_ws/install/tello_gazebo' for CMake module files
[4.131s] Level 1:colcon.colcon_core.environment:checking '/root/DockerFiles/drone_ws/install/tello_gazebo' for CMake config files
[4.134s] Level 1:colcon.colcon_core.shell:create_environment_hook('tello_gazebo', 'cmake_prefix_path')
[4.154s] INFO:colcon.colcon_core.shell:Creating environment hook '/root/DockerFiles/drone_ws/install/tello_gazebo/share/tello_gazebo/hook/cmake_prefix_path.ps1'
[4.156s] INFO:colcon.colcon_core.shell:Creating environment descriptor '/root/DockerFiles/drone_ws/install/tello_gazebo/share/tello_gazebo/hook/cmake_prefix_path.dsv'
[4.158s] INFO:colcon.colcon_core.shell:Creating environment hook '/root/DockerFiles/drone_ws/install/tello_gazebo/share/tello_gazebo/hook/cmake_prefix_path.sh'
[4.162s] Level 1:colcon.colcon_core.environment:checking '/root/DockerFiles/drone_ws/install/tello_gazebo/lib'
[4.162s] Level 1:colcon.colcon_core.shell:create_environment_hook('tello_gazebo', 'ld_library_path_lib')
[4.164s] INFO:colcon.colcon_core.shell:Creating environment hook '/root/DockerFiles/drone_ws/install/tello_gazebo/share/tello_gazebo/hook/ld_library_path_lib.ps1'
[4.166s] INFO:colcon.colcon_core.shell:Creating environment descriptor '/root/DockerFiles/drone_ws/install/tello_gazebo/share/tello_gazebo/hook/ld_library_path_lib.dsv'
[4.167s] INFO:colcon.colcon_core.shell:Creating environment hook '/root/DockerFiles/drone_ws/install/tello_gazebo/share/tello_gazebo/hook/ld_library_path_lib.sh'
[4.168s] Level 1:colcon.colcon_core.environment:checking '/root/DockerFiles/drone_ws/install/tello_gazebo/bin'
[4.168s] Level 1:colcon.colcon_core.environment:checking '/root/DockerFiles/drone_ws/install/tello_gazebo/lib/pkgconfig/tello_gazebo.pc'
[4.169s] Level 1:colcon.colcon_core.environment:checking '/root/DockerFiles/drone_ws/install/tello_gazebo/lib/python3.8/site-packages'
[4.169s] Level 1:colcon.colcon_core.environment:checking '/root/DockerFiles/drone_ws/install/tello_gazebo/bin'
[4.171s] INFO:colcon.colcon_core.shell:Creating package script '/root/DockerFiles/drone_ws/install/tello_gazebo/share/tello_gazebo/package.ps1'
[4.173s] INFO:colcon.colcon_core.shell:Creating package descriptor '/root/DockerFiles/drone_ws/install/tello_gazebo/share/tello_gazebo/package.dsv'
[4.174s] INFO:colcon.colcon_core.shell:Creating package script '/root/DockerFiles/drone_ws/install/tello_gazebo/share/tello_gazebo/package.sh'
[4.175s] INFO:colcon.colcon_core.shell:Creating package script '/root/DockerFiles/drone_ws/install/tello_gazebo/share/tello_gazebo/package.bash'
[4.176s] INFO:colcon.colcon_core.shell:Creating package script '/root/DockerFiles/drone_ws/install/tello_gazebo/share/tello_gazebo/package.zsh'
[4.176s] Level 1:colcon.colcon_core.environment:create_file_with_runtime_dependencies(/root/DockerFiles/drone_ws/install/tello_gazebo/share/colcon-core/packages/tello_gazebo)
[4.269s] DEBUG:colcon.colcon_core.event_handler.log_command:Invoked command in '/root/DockerFiles/drone_ws/build/tello_driver' returned '0': CMAKE_PREFIX_PATH=/root/DockerFiles/drone_ws/install/tello_msgs:/root/DockerFiles/drone_ws/install/ros2_shared:/root/DockerFiles/drone_ws/install/tello_gazebo:/root/DockerFiles/drone_ws/install/tello_driver:/root/DockerFiles/drone_ws/install/tello_description:/root/DockerFiles/drone_ws/install/tello_mission:/root/DockerFiles/drone_ws/install/tello_hand_move:/root/DockerFiles/drone_ws/install/tello_controller:/root/DockerFiles/drone_ws/install/tello_camera:/opt/ros/foxy LD_LIBRARY_PATH=/root/DockerFiles/drone_ws/install/tello_msgs/lib:/root/DockerFiles/drone_ws/install/tello_gazebo/lib:/root/DockerFiles/drone_ws/install/tello_driver/lib:/usr/lib/x86_64-linux-gnu/gazebo-11/plugins:/opt/ros/foxy/opt/yaml_cpp_vendor/lib:/opt/ros/foxy/opt/rviz_ogre_vendor/lib:/opt/ros/foxy/lib/x86_64-linux-gnu:/opt/ros/foxy/lib /usr/bin/cmake --build /root/DockerFiles/drone_ws/build/tello_driver -- -j12 -l12
[4.381s] Level 1:colcon.colcon_core.environment:checking '/root/DockerFiles/drone_ws/install/tello_camera' for CMake module files
[4.382s] DEBUG:colcon.colcon_core.event_handler.log_command:Invoked command in '/root/DockerFiles/drone_ws/src/tello_camera' returned '0': PYTHONPATH=/root/DockerFiles/drone_ws/build/tello_camera/prefix_override:/root/DockerFiles/drone_ws/install/tello_camera/lib/python3.8/site-packages:${PYTHONPATH} /usr/bin/python3 setup.py egg_info --egg-base ../../build/tello_camera build --build-base /root/DockerFiles/drone_ws/build/tello_camera/build install --record /root/DockerFiles/drone_ws/build/tello_camera/install.log --single-version-externally-managed
[4.383s] Level 1:colcon.colcon_core.environment:checking '/root/DockerFiles/drone_ws/install/tello_camera' for CMake config files
[4.384s] Level 1:colcon.colcon_core.environment:checking '/root/DockerFiles/drone_ws/install/tello_camera/lib'
[4.384s] Level 1:colcon.colcon_core.environment:checking '/root/DockerFiles/drone_ws/install/tello_camera/bin'
[4.384s] Level 1:colcon.colcon_core.environment:checking '/root/DockerFiles/drone_ws/install/tello_camera/lib/pkgconfig/tello_camera.pc'
[4.384s] Level 1:colcon.colcon_core.environment:checking '/root/DockerFiles/drone_ws/install/tello_camera/lib/python3.8/site-packages'
[4.384s] Level 1:colcon.colcon_core.shell:create_environment_hook('tello_camera', 'pythonpath')
[4.392s] INFO:colcon.colcon_core.shell:Creating environment hook '/root/DockerFiles/drone_ws/install/tello_camera/share/tello_camera/hook/pythonpath.ps1'
[4.394s] INFO:colcon.colcon_core.shell:Creating environment descriptor '/root/DockerFiles/drone_ws/install/tello_camera/share/tello_camera/hook/pythonpath.dsv'
[4.395s] INFO:colcon.colcon_core.shell:Creating environment hook '/root/DockerFiles/drone_ws/install/tello_camera/share/tello_camera/hook/pythonpath.sh'
[4.396s] Level 1:colcon.colcon_core.environment:checking '/root/DockerFiles/drone_ws/install/tello_camera/bin'
[4.396s] Level 1:colcon.colcon_core.environment:create_environment_scripts_only(tello_camera)
[4.406s] INFO:colcon.colcon_core.shell:Creating package script '/root/DockerFiles/drone_ws/install/tello_camera/share/tello_camera/package.ps1'
[4.409s] INFO:colcon.colcon_core.shell:Creating package descriptor '/root/DockerFiles/drone_ws/install/tello_camera/share/tello_camera/package.dsv'
[4.410s] INFO:colcon.colcon_core.shell:Creating package script '/root/DockerFiles/drone_ws/install/tello_camera/share/tello_camera/package.sh'
[4.414s] INFO:colcon.colcon_core.shell:Creating package script '/root/DockerFiles/drone_ws/install/tello_camera/share/tello_camera/package.bash'
[4.415s] INFO:colcon.colcon_core.shell:Creating package script '/root/DockerFiles/drone_ws/install/tello_camera/share/tello_camera/package.zsh'
[4.416s] Level 1:colcon.colcon_core.environment:create_file_with_runtime_dependencies(/root/DockerFiles/drone_ws/install/tello_camera/share/colcon-core/packages/tello_camera)
[4.421s] Level 1:colcon.colcon_core.environment:checking '/root/DockerFiles/drone_ws/install/tello_hand_move' for CMake module files
[4.423s] DEBUG:colcon.colcon_core.event_handler.log_command:Invoked command in '/root/DockerFiles/drone_ws/src/tello_hand_move' returned '0': PYTHONPATH=/root/DockerFiles/drone_ws/build/tello_hand_move/prefix_override:/root/DockerFiles/drone_ws/install/tello_hand_move/lib/python3.8/site-packages:${PYTHONPATH} /usr/bin/python3 setup.py egg_info --egg-base ../../build/tello_hand_move build --build-base /root/DockerFiles/drone_ws/build/tello_hand_move/build install --record /root/DockerFiles/drone_ws/build/tello_hand_move/install.log --single-version-externally-managed
[4.423s] Level 1:colcon.colcon_core.environment:checking '/root/DockerFiles/drone_ws/install/tello_hand_move' for CMake config files
[4.433s] Level 1:colcon.colcon_core.environment:checking '/root/DockerFiles/drone_ws/install/tello_hand_move/lib'
[4.433s] Level 1:colcon.colcon_core.environment:checking '/root/DockerFiles/drone_ws/install/tello_hand_move/bin'
[4.433s] Level 1:colcon.colcon_core.environment:checking '/root/DockerFiles/drone_ws/install/tello_hand_move/lib/pkgconfig/tello_hand_move.pc'
[4.433s] Level 1:colcon.colcon_core.environment:checking '/root/DockerFiles/drone_ws/install/tello_hand_move/lib/python3.8/site-packages'
[4.434s] Level 1:colcon.colcon_core.shell:create_environment_hook('tello_hand_move', 'pythonpath')
[4.437s] INFO:colcon.colcon_core.shell:Creating environment hook '/root/DockerFiles/drone_ws/install/tello_hand_move/share/tello_hand_move/hook/pythonpath.ps1'
[4.437s] INFO:colcon.colcon_core.shell:Creating environment descriptor '/root/DockerFiles/drone_ws/install/tello_hand_move/share/tello_hand_move/hook/pythonpath.dsv'
[4.438s] INFO:colcon.colcon_core.shell:Creating environment hook '/root/DockerFiles/drone_ws/install/tello_hand_move/share/tello_hand_move/hook/pythonpath.sh'
[4.439s] Level 1:colcon.colcon_core.environment:checking '/root/DockerFiles/drone_ws/install/tello_hand_move/bin'
[4.439s] Level 1:colcon.colcon_core.environment:create_environment_scripts_only(tello_hand_move)
[4.441s] INFO:colcon.colcon_core.shell:Creating package script '/root/DockerFiles/drone_ws/install/tello_hand_move/share/tello_hand_move/package.ps1'
[4.442s] INFO:colcon.colcon_core.shell:Creating package descriptor '/root/DockerFiles/drone_ws/install/tello_hand_move/share/tello_hand_move/package.dsv'
[4.443s] INFO:colcon.colcon_core.shell:Creating package script '/root/DockerFiles/drone_ws/install/tello_hand_move/share/tello_hand_move/package.sh'
[4.443s] INFO:colcon.colcon_core.shell:Creating package script '/root/DockerFiles/drone_ws/install/tello_hand_move/share/tello_hand_move/package.bash'
[4.449s] INFO:colcon.colcon_core.shell:Creating package script '/root/DockerFiles/drone_ws/install/tello_hand_move/share/tello_hand_move/package.zsh'
[4.450s] Level 1:colcon.colcon_core.environment:create_file_with_runtime_dependencies(/root/DockerFiles/drone_ws/install/tello_hand_move/share/colcon-core/packages/tello_hand_move)
[4.461s] DEBUG:colcon.colcon_core.event_handler.log_command:Invoking command in '/root/DockerFiles/drone_ws/build/tello_driver': CMAKE_PREFIX_PATH=/root/DockerFiles/drone_ws/install/tello_msgs:/root/DockerFiles/drone_ws/install/ros2_shared:/root/DockerFiles/drone_ws/install/tello_gazebo:/root/DockerFiles/drone_ws/install/tello_driver:/root/DockerFiles/drone_ws/install/tello_description:/root/DockerFiles/drone_ws/install/tello_mission:/root/DockerFiles/drone_ws/install/tello_hand_move:/root/DockerFiles/drone_ws/install/tello_controller:/root/DockerFiles/drone_ws/install/tello_camera:/opt/ros/foxy LD_LIBRARY_PATH=/root/DockerFiles/drone_ws/install/tello_msgs/lib:/root/DockerFiles/drone_ws/install/tello_gazebo/lib:/root/DockerFiles/drone_ws/install/tello_driver/lib:/usr/lib/x86_64-linux-gnu/gazebo-11/plugins:/opt/ros/foxy/opt/yaml_cpp_vendor/lib:/opt/ros/foxy/opt/rviz_ogre_vendor/lib:/opt/ros/foxy/lib/x86_64-linux-gnu:/opt/ros/foxy/lib /usr/bin/cmake --install /root/DockerFiles/drone_ws/build/tello_driver
[4.482s] DEBUG:colcon.colcon_core.event_handler.log_command:Invoked command in '/root/DockerFiles/drone_ws/src/tello_controller' returned '0': PYTHONPATH=/root/DockerFiles/drone_ws/build/tello_controller/prefix_override:/root/DockerFiles/drone_ws/install/tello_controller/lib/python3.8/site-packages:${PYTHONPATH} /usr/bin/python3 setup.py egg_info --egg-base ../../build/tello_controller build --build-base /root/DockerFiles/drone_ws/build/tello_controller/build install --record /root/DockerFiles/drone_ws/build/tello_controller/install.log --single-version-externally-managed
[4.487s] Level 1:colcon.colcon_core.environment:checking '/root/DockerFiles/drone_ws/install/tello_controller' for CMake module files
[4.488s] Level 1:colcon.colcon_core.environment:checking '/root/DockerFiles/drone_ws/install/tello_controller' for CMake config files
[4.489s] Level 1:colcon.colcon_core.environment:checking '/root/DockerFiles/drone_ws/install/tello_controller/lib'
[4.496s] Level 1:colcon.colcon_core.environment:checking '/root/DockerFiles/drone_ws/install/tello_controller/bin'
[4.496s] Level 1:colcon.colcon_core.environment:checking '/root/DockerFiles/drone_ws/install/tello_controller/lib/pkgconfig/tello_controller.pc'
[4.497s] Level 1:colcon.colcon_core.environment:checking '/root/DockerFiles/drone_ws/install/tello_controller/lib/python3.8/site-packages'
[4.497s] Level 1:colcon.colcon_core.shell:create_environment_hook('tello_controller', 'pythonpath')
[4.499s] INFO:colcon.colcon_core.shell:Creating environment hook '/root/DockerFiles/drone_ws/install/tello_controller/share/tello_controller/hook/pythonpath.ps1'
[4.506s] INFO:colcon.colcon_core.shell:Creating environment descriptor '/root/DockerFiles/drone_ws/install/tello_controller/share/tello_controller/hook/pythonpath.dsv'
[4.510s] INFO:colcon.colcon_core.shell:Creating environment hook '/root/DockerFiles/drone_ws/install/tello_controller/share/tello_controller/hook/pythonpath.sh'
[4.511s] Level 1:colcon.colcon_core.environment:checking '/root/DockerFiles/drone_ws/install/tello_controller/bin'
[4.511s] Level 1:colcon.colcon_core.environment:create_environment_scripts_only(tello_controller)
[4.513s] INFO:colcon.colcon_core.shell:Creating package script '/root/DockerFiles/drone_ws/install/tello_controller/share/tello_controller/package.ps1'
[4.520s] INFO:colcon.colcon_core.shell:Creating package descriptor '/root/DockerFiles/drone_ws/install/tello_controller/share/tello_controller/package.dsv'
[4.521s] INFO:colcon.colcon_core.shell:Creating package script '/root/DockerFiles/drone_ws/install/tello_controller/share/tello_controller/package.sh'
[4.525s] INFO:colcon.colcon_core.shell:Creating package script '/root/DockerFiles/drone_ws/install/tello_controller/share/tello_controller/package.bash'
[4.526s] INFO:colcon.colcon_core.shell:Creating package script '/root/DockerFiles/drone_ws/install/tello_controller/share/tello_controller/package.zsh'
[4.529s] Level 1:colcon.colcon_core.environment:create_file_with_runtime_dependencies(/root/DockerFiles/drone_ws/install/tello_controller/share/colcon-core/packages/tello_controller)
[4.534s] Level 1:colcon.colcon_core.environment:create_environment_scripts_only(tello_driver)
[4.539s] Level 1:colcon.colcon_core.environment:checking '/root/DockerFiles/drone_ws/install/tello_driver' for CMake module files
[4.542s] DEBUG:colcon.colcon_core.event_handler.log_command:Invoked command in '/root/DockerFiles/drone_ws/build/tello_driver' returned '0': CMAKE_PREFIX_PATH=/root/DockerFiles/drone_ws/install/tello_msgs:/root/DockerFiles/drone_ws/install/ros2_shared:/root/DockerFiles/drone_ws/install/tello_gazebo:/root/DockerFiles/drone_ws/install/tello_driver:/root/DockerFiles/drone_ws/install/tello_description:/root/DockerFiles/drone_ws/install/tello_mission:/root/DockerFiles/drone_ws/install/tello_hand_move:/root/DockerFiles/drone_ws/install/tello_controller:/root/DockerFiles/drone_ws/install/tello_camera:/opt/ros/foxy LD_LIBRARY_PATH=/root/DockerFiles/drone_ws/install/tello_msgs/lib:/root/DockerFiles/drone_ws/install/tello_gazebo/lib:/root/DockerFiles/drone_ws/install/tello_driver/lib:/usr/lib/x86_64-linux-gnu/gazebo-11/plugins:/opt/ros/foxy/opt/yaml_cpp_vendor/lib:/opt/ros/foxy/opt/rviz_ogre_vendor/lib:/opt/ros/foxy/lib/x86_64-linux-gnu:/opt/ros/foxy/lib /usr/bin/cmake --install /root/DockerFiles/drone_ws/build/tello_driver
[4.543s] Level 1:colcon.colcon_core.environment:checking '/root/DockerFiles/drone_ws/install/tello_driver' for CMake config files
[4.543s] Level 1:colcon.colcon_core.shell:create_environment_hook('tello_driver', 'cmake_prefix_path')
[4.546s] INFO:colcon.colcon_core.shell:Creating environment hook '/root/DockerFiles/drone_ws/install/tello_driver/share/tello_driver/hook/cmake_prefix_path.ps1'
[4.547s] INFO:colcon.colcon_core.shell:Creating environment descriptor '/root/DockerFiles/drone_ws/install/tello_driver/share/tello_driver/hook/cmake_prefix_path.dsv'
[4.548s] INFO:colcon.colcon_core.shell:Creating environment hook '/root/DockerFiles/drone_ws/install/tello_driver/share/tello_driver/hook/cmake_prefix_path.sh'
[4.550s] Level 1:colcon.colcon_core.environment:checking '/root/DockerFiles/drone_ws/install/tello_driver/lib'
[4.550s] Level 1:colcon.colcon_core.shell:create_environment_hook('tello_driver', 'ld_library_path_lib')
[4.552s] INFO:colcon.colcon_core.shell:Creating environment hook '/root/DockerFiles/drone_ws/install/tello_driver/share/tello_driver/hook/ld_library_path_lib.ps1'
[4.554s] INFO:colcon.colcon_core.shell:Creating environment descriptor '/root/DockerFiles/drone_ws/install/tello_driver/share/tello_driver/hook/ld_library_path_lib.dsv'
[4.555s] INFO:colcon.colcon_core.shell:Creating environment hook '/root/DockerFiles/drone_ws/install/tello_driver/share/tello_driver/hook/ld_library_path_lib.sh'
[4.556s] Level 1:colcon.colcon_core.environment:checking '/root/DockerFiles/drone_ws/install/tello_driver/bin'
[4.557s] Level 1:colcon.colcon_core.environment:checking '/root/DockerFiles/drone_ws/install/tello_driver/lib/pkgconfig/tello_driver.pc'
[4.557s] Level 1:colcon.colcon_core.environment:checking '/root/DockerFiles/drone_ws/install/tello_driver/lib/python3.8/site-packages'
[4.558s] Level 1:colcon.colcon_core.environment:checking '/root/DockerFiles/drone_ws/install/tello_driver/bin'
[4.560s] INFO:colcon.colcon_core.shell:Creating package script '/root/DockerFiles/drone_ws/install/tello_driver/share/tello_driver/package.ps1'
[4.562s] INFO:colcon.colcon_core.shell:Creating package descriptor '/root/DockerFiles/drone_ws/install/tello_driver/share/tello_driver/package.dsv'
[4.563s] INFO:colcon.colcon_core.shell:Creating package script '/root/DockerFiles/drone_ws/install/tello_driver/share/tello_driver/package.sh'
[4.564s] INFO:colcon.colcon_core.shell:Creating package script '/root/DockerFiles/drone_ws/install/tello_driver/share/tello_driver/package.bash'
[4.565s] INFO:colcon.colcon_core.shell:Creating package script '/root/DockerFiles/drone_ws/install/tello_driver/share/tello_driver/package.zsh'
[4.566s] Level 1:colcon.colcon_core.environment:create_file_with_runtime_dependencies(/root/DockerFiles/drone_ws/install/tello_driver/share/colcon-core/packages/tello_driver)
[4.591s] Level 1:colcon.colcon_core.environment:checking '/root/DockerFiles/drone_ws/install/tello_mission' for CMake module files
[4.592s] DEBUG:colcon.colcon_core.event_handler.log_command:Invoked command in '/root/DockerFiles/drone_ws/src/tello_mission' returned '0': PYTHONPATH=/root/DockerFiles/drone_ws/build/tello_mission/prefix_override:/root/DockerFiles/drone_ws/install/tello_mission/lib/python3.8/site-packages:${PYTHONPATH} /usr/bin/python3 setup.py egg_info --egg-base ../../build/tello_mission build --build-base /root/DockerFiles/drone_ws/build/tello_mission/build install --record /root/DockerFiles/drone_ws/build/tello_mission/install.log --single-version-externally-managed
[4.593s] Level 1:colcon.colcon_core.environment:checking '/root/DockerFiles/drone_ws/install/tello_mission' for CMake config files
[4.594s] Level 1:colcon.colcon_core.environment:checking '/root/DockerFiles/drone_ws/install/tello_mission/lib'
[4.594s] Level 1:colcon.colcon_core.environment:checking '/root/DockerFiles/drone_ws/install/tello_mission/bin'
[4.594s] Level 1:colcon.colcon_core.environment:checking '/root/DockerFiles/drone_ws/install/tello_mission/lib/pkgconfig/tello_mission.pc'
[4.595s] Level 1:colcon.colcon_core.environment:checking '/root/DockerFiles/drone_ws/install/tello_mission/lib/python3.8/site-packages'
[4.595s] Level 1:colcon.colcon_core.shell:create_environment_hook('tello_mission', 'pythonpath')
[4.596s] INFO:colcon.colcon_core.shell:Creating environment hook '/root/DockerFiles/drone_ws/install/tello_mission/share/tello_mission/hook/pythonpath.ps1'
[4.598s] INFO:colcon.colcon_core.shell:Creating environment descriptor '/root/DockerFiles/drone_ws/install/tello_mission/share/tello_mission/hook/pythonpath.dsv'
[4.598s] INFO:colcon.colcon_core.shell:Creating environment hook '/root/DockerFiles/drone_ws/install/tello_mission/share/tello_mission/hook/pythonpath.sh'
[4.599s] Level 1:colcon.colcon_core.environment:checking '/root/DockerFiles/drone_ws/install/tello_mission/bin'
[4.599s] Level 1:colcon.colcon_core.environment:create_environment_scripts_only(tello_mission)
[4.601s] INFO:colcon.colcon_core.shell:Creating package script '/root/DockerFiles/drone_ws/install/tello_mission/share/tello_mission/package.ps1'
[4.601s] INFO:colcon.colcon_core.shell:Creating package descriptor '/root/DockerFiles/drone_ws/install/tello_mission/share/tello_mission/package.dsv'
[4.602s] INFO:colcon.colcon_core.shell:Creating package script '/root/DockerFiles/drone_ws/install/tello_mission/share/tello_mission/package.sh'
[4.602s] INFO:colcon.colcon_core.shell:Creating package script '/root/DockerFiles/drone_ws/install/tello_mission/share/tello_mission/package.bash'
[4.610s] INFO:colcon.colcon_core.shell:Creating package script '/root/DockerFiles/drone_ws/install/tello_mission/share/tello_mission/package.zsh'
[4.611s] Level 1:colcon.colcon_core.environment:create_file_with_runtime_dependencies(/root/DockerFiles/drone_ws/install/tello_mission/share/colcon-core/packages/tello_mission)
[4.692s] Level 1:colcon.colcon_core.environment:create_environment_scripts_only(tello_driver)
[4.695s] Level 1:colcon.colcon_core.environment:checking '/root/DockerFiles/drone_ws/install/tello_driver' for CMake module files
[4.695s] Level 1:colcon.colcon_core.environment:checking '/root/DockerFiles/drone_ws/install/tello_driver' for CMake config files
[4.697s] Level 1:colcon.colcon_core.shell:create_environment_hook('tello_driver', 'cmake_prefix_path')
[4.699s] INFO:colcon.colcon_core.shell:Creating environment hook '/root/DockerFiles/drone_ws/install/tello_driver/share/tello_driver/hook/cmake_prefix_path.ps1'
[4.700s] INFO:colcon.colcon_core.shell:Creating environment descriptor '/root/DockerFiles/drone_ws/install/tello_driver/share/tello_driver/hook/cmake_prefix_path.dsv'
[4.701s] INFO:colcon.colcon_core.shell:Creating environment hook '/root/DockerFiles/drone_ws/install/tello_driver/share/tello_driver/hook/cmake_prefix_path.sh'
[4.702s] Level 1:colcon.colcon_core.environment:checking '/root/DockerFiles/drone_ws/install/tello_driver/lib'
[4.703s] Level 1:colcon.colcon_core.shell:create_environment_hook('tello_driver', 'ld_library_path_lib')
[4.705s] INFO:colcon.colcon_core.shell:Creating environment hook '/root/DockerFiles/drone_ws/install/tello_driver/share/tello_driver/hook/ld_library_path_lib.ps1'
[4.706s] INFO:colcon.colcon_core.shell:Creating environment descriptor '/root/DockerFiles/drone_ws/install/tello_driver/share/tello_driver/hook/ld_library_path_lib.dsv'
[4.707s] INFO:colcon.colcon_core.shell:Creating environment hook '/root/DockerFiles/drone_ws/install/tello_driver/share/tello_driver/hook/ld_library_path_lib.sh'
[4.709s] Level 1:colcon.colcon_core.environment:checking '/root/DockerFiles/drone_ws/install/tello_driver/bin'
[4.710s] Level 1:colcon.colcon_core.environment:checking '/root/DockerFiles/drone_ws/install/tello_driver/lib/pkgconfig/tello_driver.pc'
[4.710s] Level 1:colcon.colcon_core.environment:checking '/root/DockerFiles/drone_ws/install/tello_driver/lib/python3.8/site-packages'
[4.711s] Level 1:colcon.colcon_core.environment:checking '/root/DockerFiles/drone_ws/install/tello_driver/bin'
[4.714s] INFO:colcon.colcon_core.shell:Creating package script '/root/DockerFiles/drone_ws/install/tello_driver/share/tello_driver/package.ps1'
[4.715s] INFO:colcon.colcon_core.shell:Creating package descriptor '/root/DockerFiles/drone_ws/install/tello_driver/share/tello_driver/package.dsv'
[4.716s] INFO:colcon.colcon_core.shell:Creating package script '/root/DockerFiles/drone_ws/install/tello_driver/share/tello_driver/package.sh'
[4.717s] INFO:colcon.colcon_core.shell:Creating package script '/root/DockerFiles/drone_ws/install/tello_driver/share/tello_driver/package.bash'
[4.718s] INFO:colcon.colcon_core.shell:Creating package script '/root/DockerFiles/drone_ws/install/tello_driver/share/tello_driver/package.zsh'
[4.719s] Level 1:colcon.colcon_core.environment:create_file_with_runtime_dependencies(/root/DockerFiles/drone_ws/install/tello_driver/share/colcon-core/packages/tello_driver)
[4.719s] DEBUG:colcon.colcon_parallel_executor.executor.parallel:closing loop
[4.723s] DEBUG:colcon.colcon_parallel_executor.executor.parallel:loop closed
[4.724s] DEBUG:colcon.colcon_parallel_executor.executor.parallel:run_until_complete finished with '0'
[4.724s] DEBUG:colcon.colcon_core.event_reactor:joining thread
[4.745s] INFO:colcon.colcon_core.plugin_system:Skipping extension 'colcon_notification.desktop_notification.notify_send': Could not find 'notify-send'
[4.745s] INFO:colcon.colcon_core.plugin_system:Skipping extension 'colcon_notification.desktop_notification.terminal_notifier': Not used on non-Darwin systems
[4.745s] INFO:colcon.colcon_core.plugin_system:Skipping extension 'colcon_notification.desktop_notification.win32': Not used on non-Windows systems
[4.746s] INFO:colcon.colcon_notification.desktop_notification:Sending desktop notification using 'notify2'
[4.751s] DEBUG:colcon.colcon_notification.desktop_notification.notify2:Failed to initialize notify2: org.freedesktop.DBus.Error.Spawn.ExecFailed: /usr/bin/dbus-launch terminated abnormally without any error message
[4.751s] DEBUG:colcon.colcon_core.event_reactor:joined thread
[4.755s] INFO:colcon.colcon_core.shell:Creating prefix script '/root/DockerFiles/drone_ws/install/local_setup.ps1'
[4.767s] INFO:colcon.colcon_core.shell:Creating prefix util module '/root/DockerFiles/drone_ws/install/_local_setup_util_ps1.py'
[4.770s] INFO:colcon.colcon_core.shell:Creating prefix chain script '/root/DockerFiles/drone_ws/install/setup.ps1'
[4.773s] INFO:colcon.colcon_core.shell:Creating prefix script '/root/DockerFiles/drone_ws/install/local_setup.sh'
[4.774s] INFO:colcon.colcon_core.shell:Creating prefix util module '/root/DockerFiles/drone_ws/install/_local_setup_util_sh.py'
[4.778s] INFO:colcon.colcon_core.shell:Creating prefix chain script '/root/DockerFiles/drone_ws/install/setup.sh'
[4.785s] INFO:colcon.colcon_core.shell:Creating prefix script '/root/DockerFiles/drone_ws/install/local_setup.bash'
[4.793s] INFO:colcon.colcon_core.shell:Creating prefix chain script '/root/DockerFiles/drone_ws/install/setup.bash'
[4.796s] INFO:colcon.colcon_core.shell:Creating prefix script '/root/DockerFiles/drone_ws/install/local_setup.zsh'
[4.797s] INFO:colcon.colcon_core.shell:Creating prefix chain script '/root/DockerFiles/drone_ws/install/setup.zsh'
