[0.000000] (-) TimerEvent: {}
[0.000848] (ros2_shared) JobQueued: {'identifier': 'ros2_shared', 'dependencies': OrderedDict()}
[0.000939] (tello_camera) JobQueued: {'identifier': 'tello_camera', 'dependencies': OrderedDict()}
[0.000966] (tello_controller) JobQueued: {'identifier': 'tello_controller', 'dependencies': OrderedDict()}
[0.000988] (tello_description) JobQueued: {'identifier': 'tello_description', 'dependencies': OrderedDict()}
[0.001010] (tello_hand_move) JobQueued: {'identifier': 'tello_hand_move', 'dependencies': OrderedDict()}
[0.001036] (tello_mission) JobQueued: {'identifier': 'tello_mission', 'dependencies': OrderedDict()}
[0.001058] (tello_msgs) JobQueued: {'identifier': 'tello_msgs', 'dependencies': OrderedDict()}
[0.001079] (tello_driver) JobQueued: {'identifier': 'tello_driver', 'dependencies': OrderedDict([('ros2_shared', '/root/DockerFiles/drone_ws/install/ros2_shared'), ('tello_msgs', '/root/DockerFiles/drone_ws/install/tello_msgs')])}
[0.001114] (tello_gazebo) JobQueued: {'identifier': 'tello_gazebo', 'dependencies': OrderedDict([('tello_msgs', '/root/DockerFiles/drone_ws/install/tello_msgs')])}
[0.003512] (tello_msgs) JobStarted: {'identifier': 'tello_msgs'}
[0.047556] (ros2_shared) JobStarted: {'identifier': 'ros2_shared'}
[0.061929] (tello_camera) JobStarted: {'identifier': 'tello_camera'}
[0.095884] (tello_controller) JobStarted: {'identifier': 'tello_controller'}
[0.102711] (-) TimerEvent: {}
[0.115259] (tello_description) JobStarted: {'identifier': 'tello_description'}
[0.135543] (tello_hand_move) JobStarted: {'identifier': 'tello_hand_move'}
[0.162077] (tello_mission) JobStarted: {'identifier': 'tello_mission'}
[0.203387] (tello_msgs) JobProgress: {'identifier': 'tello_msgs', 'progress': 'cmake'}
[0.203590] (-) TimerEvent: {}
[0.203984] (tello_msgs) Command: {'cmd': ['/usr/bin/cmake', '/root/DockerFiles/drone_ws/src/tello_ros/tello_msgs', '-DCMAKE_INSTALL_PREFIX=/root/DockerFiles/drone_ws/install/tello_msgs'], 'cwd': '/root/DockerFiles/drone_ws/build/tello_msgs', 'env': OrderedDict([('HOSTNAME', 'vdani-H410M-H-V2'), ('SHLVL', '1'), ('LD_LIBRARY_PATH', '/usr/lib/x86_64-linux-gnu/gazebo-11/plugins:/opt/ros/foxy/opt/yaml_cpp_vendor/lib:/opt/ros/foxy/opt/rviz_ogre_vendor/lib:/opt/ros/foxy/lib/x86_64-linux-gnu:/opt/ros/foxy/lib'), ('HOME', '/root'), ('OLDPWD', '/root/DockerFiles'), ('ROS_PYTHON_VERSION', '3'), ('ROS_DISTRO', 'foxy'), ('_', '/usr/bin/colcon'), ('ROS_VERSION', '2'), ('TERM', 'xterm'), ('ROS_LOCALHOST_ONLY', '0'), ('QT_X11_NO_MITSHM', '1'), ('PATH', '/opt/ros/foxy/bin:/usr/local/sbin:/usr/local/bin:/usr/sbin:/usr/bin:/sbin:/bin'), ('XDG_RUNTIME_DIR', '/run/user/1000'), ('DISPLAY', ':0'), ('LANG', 'C.UTF-8'), ('RMW_IMPLEMENTATION', 'rmw_fastrtps_cpp'), ('LS_COLORS', 'rs=0:di=01;34:ln=01;36:mh=00:pi=40;33:so=01;35:do=01;35:bd=40;33;01:cd=40;33;01:or=40;31;01:mi=00:su=37;41:sg=30;43:ca=30;41:tw=30;42:ow=34;42:st=37;44:ex=01;32:*.tar=01;31:*.tgz=01;31:*.arc=01;31:*.arj=01;31:*.taz=01;31:*.lha=01;31:*.lz4=01;31:*.lzh=01;31:*.lzma=01;31:*.tlz=01;31:*.txz=01;31:*.tzo=01;31:*.t7z=01;31:*.zip=01;31:*.z=01;31:*.dz=01;31:*.gz=01;31:*.lrz=01;31:*.lz=01;31:*.lzo=01;31:*.xz=01;31:*.zst=01;31:*.tzst=01;31:*.bz2=01;31:*.bz=01;31:*.tbz=01;31:*.tbz2=01;31:*.tz=01;31:*.deb=01;31:*.rpm=01;31:*.jar=01;31:*.war=01;31:*.ear=01;31:*.sar=01;31:*.rar=01;31:*.alz=01;31:*.ace=01;31:*.zoo=01;31:*.cpio=01;31:*.7z=01;31:*.rz=01;31:*.cab=01;31:*.wim=01;31:*.swm=01;31:*.dwm=01;31:*.esd=01;31:*.jpg=01;35:*.jpeg=01;35:*.mjpg=01;35:*.mjpeg=01;35:*.gif=01;35:*.bmp=01;35:*.pbm=01;35:*.pgm=01;35:*.ppm=01;35:*.tga=01;35:*.xbm=01;35:*.xpm=01;35:*.tif=01;35:*.tiff=01;35:*.png=01;35:*.svg=01;35:*.svgz=01;35:*.mng=01;35:*.pcx=01;35:*.mov=01;35:*.mpg=01;35:*.mpeg=01;35:*.m2v=01;35:*.mkv=01;35:*.webm=01;35:*.ogm=01;35:*.mp4=01;35:*.m4v=01;35:*.mp4v=01;35:*.vob=01;35:*.qt=01;35:*.nuv=01;35:*.wmv=01;35:*.asf=01;35:*.rm=01;35:*.rmvb=01;35:*.flc=01;35:*.avi=01;35:*.fli=01;35:*.flv=01;35:*.gl=01;35:*.dl=01;35:*.xcf=01;35:*.xwd=01;35:*.yuv=01;35:*.cgm=01;35:*.emf=01;35:*.ogv=01;35:*.ogx=01;35:*.aac=00;36:*.au=00;36:*.flac=00;36:*.m4a=00;36:*.mid=00;36:*.midi=00;36:*.mka=00;36:*.mp3=00;36:*.mpc=00;36:*.ogg=00;36:*.ra=00;36:*.wav=00;36:*.oga=00;36:*.opus=00;36:*.spx=00;36:*.xspf=00;36:'), ('AMENT_PREFIX_PATH', '/opt/ros/foxy'), ('PWD', '/root/DockerFiles/drone_ws/build/tello_msgs'), ('LC_ALL', 'C.UTF-8'), ('PYTHONPATH', '/opt/ros/foxy/lib/python3.8/site-packages'), ('COLCON', '1'), ('CMAKE_PREFIX_PATH', '/opt/ros/foxy')]), 'shell': False}
[0.210030] (ros2_shared) JobProgress: {'identifier': 'ros2_shared', 'progress': 'cmake'}
[0.215092] (ros2_shared) Command: {'cmd': ['/usr/bin/cmake', '/root/DockerFiles/drone_ws/src/ros2_shared', '-DCMAKE_INSTALL_PREFIX=/root/DockerFiles/drone_ws/install/ros2_shared'], 'cwd': '/root/DockerFiles/drone_ws/build/ros2_shared', 'env': OrderedDict([('HOSTNAME', 'vdani-H410M-H-V2'), ('SHLVL', '1'), ('LD_LIBRARY_PATH', '/usr/lib/x86_64-linux-gnu/gazebo-11/plugins:/opt/ros/foxy/opt/yaml_cpp_vendor/lib:/opt/ros/foxy/opt/rviz_ogre_vendor/lib:/opt/ros/foxy/lib/x86_64-linux-gnu:/opt/ros/foxy/lib'), ('HOME', '/root'), ('OLDPWD', '/root/DockerFiles'), ('ROS_PYTHON_VERSION', '3'), ('ROS_DISTRO', 'foxy'), ('_', '/usr/bin/colcon'), ('ROS_VERSION', '2'), ('TERM', 'xterm'), ('ROS_LOCALHOST_ONLY', '0'), ('QT_X11_NO_MITSHM', '1'), ('PATH', '/opt/ros/foxy/bin:/usr/local/sbin:/usr/local/bin:/usr/sbin:/usr/bin:/sbin:/bin'), ('XDG_RUNTIME_DIR', '/run/user/1000'), ('DISPLAY', ':0'), ('LANG', 'C.UTF-8'), ('RMW_IMPLEMENTATION', 'rmw_fastrtps_cpp'), ('LS_COLORS', 'rs=0:di=01;34:ln=01;36:mh=00:pi=40;33:so=01;35:do=01;35:bd=40;33;01:cd=40;33;01:or=40;31;01:mi=00:su=37;41:sg=30;43:ca=30;41:tw=30;42:ow=34;42:st=37;44:ex=01;32:*.tar=01;31:*.tgz=01;31:*.arc=01;31:*.arj=01;31:*.taz=01;31:*.lha=01;31:*.lz4=01;31:*.lzh=01;31:*.lzma=01;31:*.tlz=01;31:*.txz=01;31:*.tzo=01;31:*.t7z=01;31:*.zip=01;31:*.z=01;31:*.dz=01;31:*.gz=01;31:*.lrz=01;31:*.lz=01;31:*.lzo=01;31:*.xz=01;31:*.zst=01;31:*.tzst=01;31:*.bz2=01;31:*.bz=01;31:*.tbz=01;31:*.tbz2=01;31:*.tz=01;31:*.deb=01;31:*.rpm=01;31:*.jar=01;31:*.war=01;31:*.ear=01;31:*.sar=01;31:*.rar=01;31:*.alz=01;31:*.ace=01;31:*.zoo=01;31:*.cpio=01;31:*.7z=01;31:*.rz=01;31:*.cab=01;31:*.wim=01;31:*.swm=01;31:*.dwm=01;31:*.esd=01;31:*.jpg=01;35:*.jpeg=01;35:*.mjpg=01;35:*.mjpeg=01;35:*.gif=01;35:*.bmp=01;35:*.pbm=01;35:*.pgm=01;35:*.ppm=01;35:*.tga=01;35:*.xbm=01;35:*.xpm=01;35:*.tif=01;35:*.tiff=01;35:*.png=01;35:*.svg=01;35:*.svgz=01;35:*.mng=01;35:*.pcx=01;35:*.mov=01;35:*.mpg=01;35:*.mpeg=01;35:*.m2v=01;35:*.mkv=01;35:*.webm=01;35:*.ogm=01;35:*.mp4=01;35:*.m4v=01;35:*.mp4v=01;35:*.vob=01;35:*.qt=01;35:*.nuv=01;35:*.wmv=01;35:*.asf=01;35:*.rm=01;35:*.rmvb=01;35:*.flc=01;35:*.avi=01;35:*.fli=01;35:*.flv=01;35:*.gl=01;35:*.dl=01;35:*.xcf=01;35:*.xwd=01;35:*.yuv=01;35:*.cgm=01;35:*.emf=01;35:*.ogv=01;35:*.ogx=01;35:*.aac=00;36:*.au=00;36:*.flac=00;36:*.m4a=00;36:*.mid=00;36:*.midi=00;36:*.mka=00;36:*.mp3=00;36:*.mpc=00;36:*.ogg=00;36:*.ra=00;36:*.wav=00;36:*.oga=00;36:*.opus=00;36:*.spx=00;36:*.xspf=00;36:'), ('AMENT_PREFIX_PATH', '/opt/ros/foxy'), ('PWD', '/root/DockerFiles/drone_ws/build/ros2_shared'), ('LC_ALL', 'C.UTF-8'), ('PYTHONPATH', '/opt/ros/foxy/lib/python3.8/site-packages'), ('COLCON', '1'), ('CMAKE_PREFIX_PATH', '/opt/ros/foxy')]), 'shell': False}
[0.304329] (-) TimerEvent: {}
[0.405124] (-) TimerEvent: {}
[0.505570] (-) TimerEvent: {}
[0.610115] (-) TimerEvent: {}
[0.710901] (-) TimerEvent: {}
[0.816863] (-) TimerEvent: {}
[0.918948] (-) TimerEvent: {}
[0.969358] (tello_description) JobProgress: {'identifier': 'tello_description', 'progress': 'cmake'}
[0.969686] (tello_description) Command: {'cmd': ['/usr/bin/cmake', '/root/DockerFiles/drone_ws/src/tello_ros/tello_description', '-DCMAKE_INSTALL_PREFIX=/root/DockerFiles/drone_ws/install/tello_description'], 'cwd': '/root/DockerFiles/drone_ws/build/tello_description', 'env': OrderedDict([('HOSTNAME', 'vdani-H410M-H-V2'), ('SHLVL', '1'), ('LD_LIBRARY_PATH', '/usr/lib/x86_64-linux-gnu/gazebo-11/plugins:/opt/ros/foxy/opt/yaml_cpp_vendor/lib:/opt/ros/foxy/opt/rviz_ogre_vendor/lib:/opt/ros/foxy/lib/x86_64-linux-gnu:/opt/ros/foxy/lib'), ('HOME', '/root'), ('OLDPWD', '/root/DockerFiles'), ('ROS_PYTHON_VERSION', '3'), ('ROS_DISTRO', 'foxy'), ('_', '/usr/bin/colcon'), ('ROS_VERSION', '2'), ('TERM', 'xterm'), ('ROS_LOCALHOST_ONLY', '0'), ('QT_X11_NO_MITSHM', '1'), ('PATH', '/opt/ros/foxy/bin:/usr/local/sbin:/usr/local/bin:/usr/sbin:/usr/bin:/sbin:/bin'), ('XDG_RUNTIME_DIR', '/run/user/1000'), ('DISPLAY', ':0'), ('LANG', 'C.UTF-8'), ('RMW_IMPLEMENTATION', 'rmw_fastrtps_cpp'), ('LS_COLORS', 'rs=0:di=01;34:ln=01;36:mh=00:pi=40;33:so=01;35:do=01;35:bd=40;33;01:cd=40;33;01:or=40;31;01:mi=00:su=37;41:sg=30;43:ca=30;41:tw=30;42:ow=34;42:st=37;44:ex=01;32:*.tar=01;31:*.tgz=01;31:*.arc=01;31:*.arj=01;31:*.taz=01;31:*.lha=01;31:*.lz4=01;31:*.lzh=01;31:*.lzma=01;31:*.tlz=01;31:*.txz=01;31:*.tzo=01;31:*.t7z=01;31:*.zip=01;31:*.z=01;31:*.dz=01;31:*.gz=01;31:*.lrz=01;31:*.lz=01;31:*.lzo=01;31:*.xz=01;31:*.zst=01;31:*.tzst=01;31:*.bz2=01;31:*.bz=01;31:*.tbz=01;31:*.tbz2=01;31:*.tz=01;31:*.deb=01;31:*.rpm=01;31:*.jar=01;31:*.war=01;31:*.ear=01;31:*.sar=01;31:*.rar=01;31:*.alz=01;31:*.ace=01;31:*.zoo=01;31:*.cpio=01;31:*.7z=01;31:*.rz=01;31:*.cab=01;31:*.wim=01;31:*.swm=01;31:*.dwm=01;31:*.esd=01;31:*.jpg=01;35:*.jpeg=01;35:*.mjpg=01;35:*.mjpeg=01;35:*.gif=01;35:*.bmp=01;35:*.pbm=01;35:*.pgm=01;35:*.ppm=01;35:*.tga=01;35:*.xbm=01;35:*.xpm=01;35:*.tif=01;35:*.tiff=01;35:*.png=01;35:*.svg=01;35:*.svgz=01;35:*.mng=01;35:*.pcx=01;35:*.mov=01;35:*.mpg=01;35:*.mpeg=01;35:*.m2v=01;35:*.mkv=01;35:*.webm=01;35:*.ogm=01;35:*.mp4=01;35:*.m4v=01;35:*.mp4v=01;35:*.vob=01;35:*.qt=01;35:*.nuv=01;35:*.wmv=01;35:*.asf=01;35:*.rm=01;35:*.rmvb=01;35:*.flc=01;35:*.avi=01;35:*.fli=01;35:*.flv=01;35:*.gl=01;35:*.dl=01;35:*.xcf=01;35:*.xwd=01;35:*.yuv=01;35:*.cgm=01;35:*.emf=01;35:*.ogv=01;35:*.ogx=01;35:*.aac=00;36:*.au=00;36:*.flac=00;36:*.m4a=00;36:*.mid=00;36:*.midi=00;36:*.mka=00;36:*.mp3=00;36:*.mpc=00;36:*.ogg=00;36:*.ra=00;36:*.wav=00;36:*.oga=00;36:*.opus=00;36:*.spx=00;36:*.xspf=00;36:'), ('AMENT_PREFIX_PATH', '/opt/ros/foxy'), ('PWD', '/root/DockerFiles/drone_ws/build/tello_description'), ('LC_ALL', 'C.UTF-8'), ('PYTHONPATH', '/opt/ros/foxy/lib/python3.8/site-packages'), ('COLCON', '1'), ('CMAKE_PREFIX_PATH', '/opt/ros/foxy')]), 'shell': False}
[1.019184] (-) TimerEvent: {}
[1.120962] (-) TimerEvent: {}
[1.225892] (-) TimerEvent: {}
[1.326410] (-) TimerEvent: {}
[1.431947] (-) TimerEvent: {}
[1.532401] (-) TimerEvent: {}
[1.632758] (-) TimerEvent: {}
[1.733251] (-) TimerEvent: {}
[1.833884] (-) TimerEvent: {}
[1.848253] (tello_msgs) StdoutLine: {'line': b'-- The C compiler identification is GNU 9.4.0\n'}
[1.848580] (tello_msgs) StdoutLine: {'line': b'-- The CXX compiler identification is GNU 9.4.0\n'}
[1.848697] (tello_msgs) StdoutLine: {'line': b'-- Check for working C compiler: /usr/bin/cc\n'}
[1.848787] (tello_msgs) StdoutLine: {'line': b'-- Check for working C compiler: /usr/bin/cc -- works\n'}
[1.849485] (tello_msgs) StdoutLine: {'line': b'-- Detecting C compiler ABI info\n'}
[1.849595] (tello_msgs) StdoutLine: {'line': b'-- Detecting C compiler ABI info - done\n'}
[1.849672] (tello_msgs) StdoutLine: {'line': b'-- Detecting C compile features\n'}
[1.849746] (tello_msgs) StdoutLine: {'line': b'-- Detecting C compile features - done\n'}
[1.850924] (tello_msgs) StdoutLine: {'line': b'-- Check for working CXX compiler: /usr/bin/c++\n'}
[1.851136] (tello_msgs) StdoutLine: {'line': b'-- Check for working CXX compiler: /usr/bin/c++ -- works\n'}
[1.851237] (tello_msgs) StdoutLine: {'line': b'-- Detecting CXX compiler ABI info\n'}
[1.851321] (tello_msgs) StdoutLine: {'line': b'-- Detecting CXX compiler ABI info - done\n'}
[1.851400] (tello_msgs) StdoutLine: {'line': b'-- Detecting CXX compile features\n'}
[1.851480] (tello_msgs) StdoutLine: {'line': b'-- Detecting CXX compile features - done\n'}
[1.851558] (tello_msgs) StdoutLine: {'line': b'-- Found ament_cmake: 0.9.12 (/opt/ros/foxy/share/ament_cmake/cmake)\n'}
[1.851638] (tello_msgs) StdoutLine: {'line': b'-- Found PythonInterp: /usr/bin/python3 (found suitable version "3.8.10", minimum required is "3") \n'}
[1.851720] (tello_msgs) StdoutLine: {'line': b'-- Using PYTHON_EXECUTABLE: /usr/bin/python3\n'}
[1.853554] (ros2_shared) StdoutLine: {'line': b'-- The C compiler identification is GNU 9.4.0\n'}
[1.853790] (ros2_shared) StdoutLine: {'line': b'-- The CXX compiler identification is GNU 9.4.0\n'}
[1.853903] (ros2_shared) StdoutLine: {'line': b'-- Check for working C compiler: /usr/bin/cc\n'}
[1.856083] (ros2_shared) StdoutLine: {'line': b'-- Check for working C compiler: /usr/bin/cc -- works\n'}
[1.856237] (ros2_shared) StdoutLine: {'line': b'-- Detecting C compiler ABI info\n'}
[1.856338] (ros2_shared) StdoutLine: {'line': b'-- Detecting C compiler ABI info - done\n'}
[1.856429] (ros2_shared) StdoutLine: {'line': b'-- Detecting C compile features\n'}
[1.856515] (ros2_shared) StdoutLine: {'line': b'-- Detecting C compile features - done\n'}
[1.856600] (ros2_shared) StdoutLine: {'line': b'-- Check for working CXX compiler: /usr/bin/c++\n'}
[1.856685] (ros2_shared) StdoutLine: {'line': b'-- Check for working CXX compiler: /usr/bin/c++ -- works\n'}
[1.856771] (ros2_shared) StdoutLine: {'line': b'-- Detecting CXX compiler ABI info\n'}
[1.856869] (ros2_shared) StdoutLine: {'line': b'-- Detecting CXX compiler ABI info - done\n'}
[1.860164] (ros2_shared) StdoutLine: {'line': b'-- Detecting CXX compile features\n'}
[1.860294] (ros2_shared) StdoutLine: {'line': b'-- Detecting CXX compile features - done\n'}
[1.860384] (ros2_shared) StdoutLine: {'line': b'-- Found ament_cmake: 0.9.12 (/opt/ros/foxy/share/ament_cmake/cmake)\n'}
[1.860493] (ros2_shared) StdoutLine: {'line': b'-- Found PythonInterp: /usr/bin/python3 (found suitable version "3.8.10", minimum required is "3") \n'}
[1.860640] (ros2_shared) StdoutLine: {'line': b'-- Using PYTHON_EXECUTABLE: /usr/bin/python3\n'}
[1.860969] (tello_description) StdoutLine: {'line': b'-- The C compiler identification is GNU 9.4.0\n'}
[1.861143] (tello_description) StdoutLine: {'line': b'-- The CXX compiler identification is GNU 9.4.0\n'}
[1.861236] (tello_description) StdoutLine: {'line': b'-- Check for working C compiler: /usr/bin/cc\n'}
[1.861317] (tello_description) StdoutLine: {'line': b'-- Check for working C compiler: /usr/bin/cc -- works\n'}
[1.861397] (tello_description) StdoutLine: {'line': b'-- Detecting C compiler ABI info\n'}
[1.861479] (tello_description) StdoutLine: {'line': b'-- Detecting C compiler ABI info - done\n'}
[1.861563] (tello_description) StdoutLine: {'line': b'-- Detecting C compile features\n'}
[1.861639] (tello_description) StdoutLine: {'line': b'-- Detecting C compile features - done\n'}
[1.861717] (tello_description) StdoutLine: {'line': b'-- Check for working CXX compiler: /usr/bin/c++\n'}
[1.861793] (tello_description) StdoutLine: {'line': b'-- Check for working CXX compiler: /usr/bin/c++ -- works\n'}
[1.862217] (tello_description) StdoutLine: {'line': b'-- Detecting CXX compiler ABI info\n'}
[1.934911] (-) TimerEvent: {}
[1.959264] (tello_description) StdoutLine: {'line': b'-- Detecting CXX compiler ABI info - done\n'}
[1.973668] (tello_msgs) StdoutLine: {'line': b'-- Found rosidl_default_generators: 1.0.1 (/opt/ros/foxy/share/rosidl_default_generators/cmake)\n'}
[1.976000] (ros2_shared) StdoutLine: {'line': b'-- Found rclcpp: 2.4.3 (/opt/ros/foxy/share/rclcpp/cmake)\n'}
[1.986428] (tello_msgs) StdoutLine: {'line': b'-- Using all available rosidl_typesupport_c: rosidl_typesupport_fastrtps_c;rosidl_typesupport_introspection_c\n'}
[1.992745] (tello_description) StdoutLine: {'line': b'-- Detecting CXX compile features\n'}
[1.993014] (tello_description) StdoutLine: {'line': b'-- Detecting CXX compile features - done\n'}
[2.007347] (tello_description) StdoutLine: {'line': b'-- Found ament_cmake: 0.9.12 (/opt/ros/foxy/share/ament_cmake/cmake)\n'}
[2.016734] (tello_msgs) StdoutLine: {'line': b'-- Found rosidl_adapter: 1.3.1 (/opt/ros/foxy/share/rosidl_adapter/cmake)\n'}
[2.035536] (-) TimerEvent: {}
[2.064913] (tello_description) StdoutLine: {'line': b'-- Found PythonInterp: /usr/bin/python3 (found suitable version "3.8.10", minimum required is "3") \n'}
[2.066910] (tello_description) StdoutLine: {'line': b'-- Using PYTHON_EXECUTABLE: /usr/bin/python3\n'}
[2.128899] (ros2_shared) StdoutLine: {'line': b'-- Using all available rosidl_typesupport_c: rosidl_typesupport_fastrtps_c;rosidl_typesupport_introspection_c\n'}
[2.135651] (-) TimerEvent: {}
[2.147122] (ros2_shared) StdoutLine: {'line': b'-- Found rosidl_adapter: 1.3.1 (/opt/ros/foxy/share/rosidl_adapter/cmake)\n'}
[2.235780] (-) TimerEvent: {}
[2.336907] (-) TimerEvent: {}
[2.367896] (tello_msgs) StdoutLine: {'line': b'-- Found OpenSSL: /usr/lib/x86_64-linux-gnu/libcrypto.so (found version "1.1.1f")  \n'}
[2.373039] (ros2_shared) StdoutLine: {'line': b'-- Found OpenSSL: /usr/lib/x86_64-linux-gnu/libcrypto.so (found version "1.1.1f")  \n'}
[2.465800] (-) TimerEvent: {}
[2.471274] (tello_msgs) StdoutLine: {'line': b'-- Found FastRTPS: /opt/ros/foxy/include  \n'}
[2.482033] (ros2_shared) StdoutLine: {'line': b'-- Found FastRTPS: /opt/ros/foxy/include  \n'}
[2.482824] (tello_description) StdoutLine: {'line': b'-- creating rules for /root/DockerFiles/drone_ws/build/tello_description/urdf/tello.urdf\n'}
[2.482990] (tello_description) StdoutLine: {'line': b'-- creating rules for /root/DockerFiles/drone_ws/build/tello_description/urdf/tello_1.urdf\n'}
[2.483102] (tello_description) StdoutLine: {'line': b'-- creating rules for /root/DockerFiles/drone_ws/build/tello_description/urdf/tello_2.urdf\n'}
[2.483192] (tello_description) StdoutLine: {'line': b'-- creating rules for /root/DockerFiles/drone_ws/build/tello_description/urdf/tello_3.urdf\n'}
[2.483279] (tello_description) StdoutLine: {'line': b'-- creating rules for /root/DockerFiles/drone_ws/build/tello_description/urdf/tello_4.urdf\n'}
[2.483366] (tello_description) StdoutLine: {'line': b'-- creating rules for /root/DockerFiles/drone_ws/build/tello_description/urdf/tello_5.urdf\n'}
[2.483451] (tello_description) StdoutLine: {'line': b'-- creating rules for /root/DockerFiles/drone_ws/build/tello_description/urdf/tello_6.urdf\n'}
[2.483539] (tello_description) StdoutLine: {'line': b'-- creating rules for /root/DockerFiles/drone_ws/build/tello_description/urdf/tello_7.urdf\n'}
[2.483626] (tello_description) StdoutLine: {'line': b'-- creating rules for /root/DockerFiles/drone_ws/build/tello_description/urdf/tello_8.urdf\n'}
[2.566862] (-) TimerEvent: {}
[2.667198] (-) TimerEvent: {}
[2.717451] (tello_description) StdoutLine: {'line': b'-- Configuring done\n'}
[2.717881] (tello_msgs) StdoutLine: {'line': b'-- Using all available rosidl_typesupport_cpp: rosidl_typesupport_fastrtps_cpp;rosidl_typesupport_introspection_cpp\n'}
[2.723203] (ros2_shared) StdoutLine: {'line': b'-- Using all available rosidl_typesupport_cpp: rosidl_typesupport_fastrtps_cpp;rosidl_typesupport_introspection_cpp\n'}
[2.767445] (-) TimerEvent: {}
[2.792337] (tello_hand_move) Command: {'cmd': ['/usr/bin/python3', 'setup.py', 'egg_info', '--egg-base', '../../build/tello_hand_move', 'build', '--build-base', '/root/DockerFiles/drone_ws/build/tello_hand_move/build', 'install', '--record', '/root/DockerFiles/drone_ws/build/tello_hand_move/install.log', '--single-version-externally-managed'], 'cwd': '/root/DockerFiles/drone_ws/src/tello_hand_move', 'env': {'HOSTNAME': 'vdani-H410M-H-V2', 'SHLVL': '1', 'LD_LIBRARY_PATH': '/usr/lib/x86_64-linux-gnu/gazebo-11/plugins:/opt/ros/foxy/opt/yaml_cpp_vendor/lib:/opt/ros/foxy/opt/rviz_ogre_vendor/lib:/opt/ros/foxy/lib/x86_64-linux-gnu:/opt/ros/foxy/lib', 'HOME': '/root', 'OLDPWD': '/root/DockerFiles', 'ROS_PYTHON_VERSION': '3', 'ROS_DISTRO': 'foxy', '_': '/usr/bin/colcon', 'ROS_VERSION': '2', 'TERM': 'xterm', 'ROS_LOCALHOST_ONLY': '0', 'QT_X11_NO_MITSHM': '1', 'PATH': '/opt/ros/foxy/bin:/usr/local/sbin:/usr/local/bin:/usr/sbin:/usr/bin:/sbin:/bin', 'XDG_RUNTIME_DIR': '/run/user/1000', 'DISPLAY': ':0', 'LANG': 'C.UTF-8', 'RMW_IMPLEMENTATION': 'rmw_fastrtps_cpp', 'LS_COLORS': 'rs=0:di=01;34:ln=01;36:mh=00:pi=40;33:so=01;35:do=01;35:bd=40;33;01:cd=40;33;01:or=40;31;01:mi=00:su=37;41:sg=30;43:ca=30;41:tw=30;42:ow=34;42:st=37;44:ex=01;32:*.tar=01;31:*.tgz=01;31:*.arc=01;31:*.arj=01;31:*.taz=01;31:*.lha=01;31:*.lz4=01;31:*.lzh=01;31:*.lzma=01;31:*.tlz=01;31:*.txz=01;31:*.tzo=01;31:*.t7z=01;31:*.zip=01;31:*.z=01;31:*.dz=01;31:*.gz=01;31:*.lrz=01;31:*.lz=01;31:*.lzo=01;31:*.xz=01;31:*.zst=01;31:*.tzst=01;31:*.bz2=01;31:*.bz=01;31:*.tbz=01;31:*.tbz2=01;31:*.tz=01;31:*.deb=01;31:*.rpm=01;31:*.jar=01;31:*.war=01;31:*.ear=01;31:*.sar=01;31:*.rar=01;31:*.alz=01;31:*.ace=01;31:*.zoo=01;31:*.cpio=01;31:*.7z=01;31:*.rz=01;31:*.cab=01;31:*.wim=01;31:*.swm=01;31:*.dwm=01;31:*.esd=01;31:*.jpg=01;35:*.jpeg=01;35:*.mjpg=01;35:*.mjpeg=01;35:*.gif=01;35:*.bmp=01;35:*.pbm=01;35:*.pgm=01;35:*.ppm=01;35:*.tga=01;35:*.xbm=01;35:*.xpm=01;35:*.tif=01;35:*.tiff=01;35:*.png=01;35:*.svg=01;35:*.svgz=01;35:*.mng=01;35:*.pcx=01;35:*.mov=01;35:*.mpg=01;35:*.mpeg=01;35:*.m2v=01;35:*.mkv=01;35:*.webm=01;35:*.ogm=01;35:*.mp4=01;35:*.m4v=01;35:*.mp4v=01;35:*.vob=01;35:*.qt=01;35:*.nuv=01;35:*.wmv=01;35:*.asf=01;35:*.rm=01;35:*.rmvb=01;35:*.flc=01;35:*.avi=01;35:*.fli=01;35:*.flv=01;35:*.gl=01;35:*.dl=01;35:*.xcf=01;35:*.xwd=01;35:*.yuv=01;35:*.cgm=01;35:*.emf=01;35:*.ogv=01;35:*.ogx=01;35:*.aac=00;36:*.au=00;36:*.flac=00;36:*.m4a=00;36:*.mid=00;36:*.midi=00;36:*.mka=00;36:*.mp3=00;36:*.mpc=00;36:*.ogg=00;36:*.ra=00;36:*.wav=00;36:*.oga=00;36:*.opus=00;36:*.spx=00;36:*.xspf=00;36:', 'AMENT_PREFIX_PATH': '/opt/ros/foxy', 'PWD': '/root/DockerFiles/drone_ws/build/tello_hand_move', 'LC_ALL': 'C.UTF-8', 'PYTHONPATH': '/root/DockerFiles/drone_ws/build/tello_hand_move/prefix_override:/root/DockerFiles/drone_ws/install/tello_hand_move/lib/python3.8/site-packages:/opt/ros/foxy/lib/python3.8/site-packages', 'COLCON': '1'}, 'shell': False}
[2.802548] (tello_description) StdoutLine: {'line': b'-- Generating done\n'}
[2.824391] (tello_camera) Command: {'cmd': ['/usr/bin/python3', 'setup.py', 'egg_info', '--egg-base', '../../build/tello_camera', 'build', '--build-base', '/root/DockerFiles/drone_ws/build/tello_camera/build', 'install', '--record', '/root/DockerFiles/drone_ws/build/tello_camera/install.log', '--single-version-externally-managed'], 'cwd': '/root/DockerFiles/drone_ws/src/tello_camera', 'env': {'HOSTNAME': 'vdani-H410M-H-V2', 'SHLVL': '1', 'LD_LIBRARY_PATH': '/usr/lib/x86_64-linux-gnu/gazebo-11/plugins:/opt/ros/foxy/opt/yaml_cpp_vendor/lib:/opt/ros/foxy/opt/rviz_ogre_vendor/lib:/opt/ros/foxy/lib/x86_64-linux-gnu:/opt/ros/foxy/lib', 'HOME': '/root', 'OLDPWD': '/root/DockerFiles', 'ROS_PYTHON_VERSION': '3', 'ROS_DISTRO': 'foxy', '_': '/usr/bin/colcon', 'ROS_VERSION': '2', 'TERM': 'xterm', 'ROS_LOCALHOST_ONLY': '0', 'QT_X11_NO_MITSHM': '1', 'PATH': '/opt/ros/foxy/bin:/usr/local/sbin:/usr/local/bin:/usr/sbin:/usr/bin:/sbin:/bin', 'XDG_RUNTIME_DIR': '/run/user/1000', 'DISPLAY': ':0', 'LANG': 'C.UTF-8', 'RMW_IMPLEMENTATION': 'rmw_fastrtps_cpp', 'LS_COLORS': 'rs=0:di=01;34:ln=01;36:mh=00:pi=40;33:so=01;35:do=01;35:bd=40;33;01:cd=40;33;01:or=40;31;01:mi=00:su=37;41:sg=30;43:ca=30;41:tw=30;42:ow=34;42:st=37;44:ex=01;32:*.tar=01;31:*.tgz=01;31:*.arc=01;31:*.arj=01;31:*.taz=01;31:*.lha=01;31:*.lz4=01;31:*.lzh=01;31:*.lzma=01;31:*.tlz=01;31:*.txz=01;31:*.tzo=01;31:*.t7z=01;31:*.zip=01;31:*.z=01;31:*.dz=01;31:*.gz=01;31:*.lrz=01;31:*.lz=01;31:*.lzo=01;31:*.xz=01;31:*.zst=01;31:*.tzst=01;31:*.bz2=01;31:*.bz=01;31:*.tbz=01;31:*.tbz2=01;31:*.tz=01;31:*.deb=01;31:*.rpm=01;31:*.jar=01;31:*.war=01;31:*.ear=01;31:*.sar=01;31:*.rar=01;31:*.alz=01;31:*.ace=01;31:*.zoo=01;31:*.cpio=01;31:*.7z=01;31:*.rz=01;31:*.cab=01;31:*.wim=01;31:*.swm=01;31:*.dwm=01;31:*.esd=01;31:*.jpg=01;35:*.jpeg=01;35:*.mjpg=01;35:*.mjpeg=01;35:*.gif=01;35:*.bmp=01;35:*.pbm=01;35:*.pgm=01;35:*.ppm=01;35:*.tga=01;35:*.xbm=01;35:*.xpm=01;35:*.tif=01;35:*.tiff=01;35:*.png=01;35:*.svg=01;35:*.svgz=01;35:*.mng=01;35:*.pcx=01;35:*.mov=01;35:*.mpg=01;35:*.mpeg=01;35:*.m2v=01;35:*.mkv=01;35:*.webm=01;35:*.ogm=01;35:*.mp4=01;35:*.m4v=01;35:*.mp4v=01;35:*.vob=01;35:*.qt=01;35:*.nuv=01;35:*.wmv=01;35:*.asf=01;35:*.rm=01;35:*.rmvb=01;35:*.flc=01;35:*.avi=01;35:*.fli=01;35:*.flv=01;35:*.gl=01;35:*.dl=01;35:*.xcf=01;35:*.xwd=01;35:*.yuv=01;35:*.cgm=01;35:*.emf=01;35:*.ogv=01;35:*.ogx=01;35:*.aac=00;36:*.au=00;36:*.flac=00;36:*.m4a=00;36:*.mid=00;36:*.midi=00;36:*.mka=00;36:*.mp3=00;36:*.mpc=00;36:*.ogg=00;36:*.ra=00;36:*.wav=00;36:*.oga=00;36:*.opus=00;36:*.spx=00;36:*.xspf=00;36:', 'AMENT_PREFIX_PATH': '/opt/ros/foxy', 'PWD': '/root/DockerFiles/drone_ws/build/tello_camera', 'LC_ALL': 'C.UTF-8', 'PYTHONPATH': '/root/DockerFiles/drone_ws/build/tello_camera/prefix_override:/root/DockerFiles/drone_ws/install/tello_camera/lib/python3.8/site-packages:/opt/ros/foxy/lib/python3.8/site-packages', 'COLCON': '1'}, 'shell': False}
[2.827025] (tello_description) StdoutLine: {'line': b'-- Build files have been written to: /root/DockerFiles/drone_ws/build/tello_description\n'}
[2.864741] (tello_description) CommandEnded: {'returncode': 0}
[2.866461] (tello_description) JobProgress: {'identifier': 'tello_description', 'progress': 'build'}
[2.866538] (tello_description) Command: {'cmd': ['/usr/bin/cmake', '--build', '/root/DockerFiles/drone_ws/build/tello_description', '--', '-j12', '-l12'], 'cwd': '/root/DockerFiles/drone_ws/build/tello_description', 'env': OrderedDict([('HOSTNAME', 'vdani-H410M-H-V2'), ('SHLVL', '1'), ('LD_LIBRARY_PATH', '/usr/lib/x86_64-linux-gnu/gazebo-11/plugins:/opt/ros/foxy/opt/yaml_cpp_vendor/lib:/opt/ros/foxy/opt/rviz_ogre_vendor/lib:/opt/ros/foxy/lib/x86_64-linux-gnu:/opt/ros/foxy/lib'), ('HOME', '/root'), ('OLDPWD', '/root/DockerFiles'), ('ROS_PYTHON_VERSION', '3'), ('ROS_DISTRO', 'foxy'), ('_', '/usr/bin/colcon'), ('ROS_VERSION', '2'), ('TERM', 'xterm'), ('ROS_LOCALHOST_ONLY', '0'), ('QT_X11_NO_MITSHM', '1'), ('PATH', '/opt/ros/foxy/bin:/usr/local/sbin:/usr/local/bin:/usr/sbin:/usr/bin:/sbin:/bin'), ('XDG_RUNTIME_DIR', '/run/user/1000'), ('DISPLAY', ':0'), ('LANG', 'C.UTF-8'), ('RMW_IMPLEMENTATION', 'rmw_fastrtps_cpp'), ('LS_COLORS', 'rs=0:di=01;34:ln=01;36:mh=00:pi=40;33:so=01;35:do=01;35:bd=40;33;01:cd=40;33;01:or=40;31;01:mi=00:su=37;41:sg=30;43:ca=30;41:tw=30;42:ow=34;42:st=37;44:ex=01;32:*.tar=01;31:*.tgz=01;31:*.arc=01;31:*.arj=01;31:*.taz=01;31:*.lha=01;31:*.lz4=01;31:*.lzh=01;31:*.lzma=01;31:*.tlz=01;31:*.txz=01;31:*.tzo=01;31:*.t7z=01;31:*.zip=01;31:*.z=01;31:*.dz=01;31:*.gz=01;31:*.lrz=01;31:*.lz=01;31:*.lzo=01;31:*.xz=01;31:*.zst=01;31:*.tzst=01;31:*.bz2=01;31:*.bz=01;31:*.tbz=01;31:*.tbz2=01;31:*.tz=01;31:*.deb=01;31:*.rpm=01;31:*.jar=01;31:*.war=01;31:*.ear=01;31:*.sar=01;31:*.rar=01;31:*.alz=01;31:*.ace=01;31:*.zoo=01;31:*.cpio=01;31:*.7z=01;31:*.rz=01;31:*.cab=01;31:*.wim=01;31:*.swm=01;31:*.dwm=01;31:*.esd=01;31:*.jpg=01;35:*.jpeg=01;35:*.mjpg=01;35:*.mjpeg=01;35:*.gif=01;35:*.bmp=01;35:*.pbm=01;35:*.pgm=01;35:*.ppm=01;35:*.tga=01;35:*.xbm=01;35:*.xpm=01;35:*.tif=01;35:*.tiff=01;35:*.png=01;35:*.svg=01;35:*.svgz=01;35:*.mng=01;35:*.pcx=01;35:*.mov=01;35:*.mpg=01;35:*.mpeg=01;35:*.m2v=01;35:*.mkv=01;35:*.webm=01;35:*.ogm=01;35:*.mp4=01;35:*.m4v=01;35:*.mp4v=01;35:*.vob=01;35:*.qt=01;35:*.nuv=01;35:*.wmv=01;35:*.asf=01;35:*.rm=01;35:*.rmvb=01;35:*.flc=01;35:*.avi=01;35:*.fli=01;35:*.flv=01;35:*.gl=01;35:*.dl=01;35:*.xcf=01;35:*.xwd=01;35:*.yuv=01;35:*.cgm=01;35:*.emf=01;35:*.ogv=01;35:*.ogx=01;35:*.aac=00;36:*.au=00;36:*.flac=00;36:*.m4a=00;36:*.mid=00;36:*.midi=00;36:*.mka=00;36:*.mp3=00;36:*.mpc=00;36:*.ogg=00;36:*.ra=00;36:*.wav=00;36:*.oga=00;36:*.opus=00;36:*.spx=00;36:*.xspf=00;36:'), ('AMENT_PREFIX_PATH', '/opt/ros/foxy'), ('PWD', '/root/DockerFiles/drone_ws/build/tello_description'), ('LC_ALL', 'C.UTF-8'), ('PYTHONPATH', '/opt/ros/foxy/lib/python3.8/site-packages'), ('COLCON', '1'), ('CMAKE_PREFIX_PATH', '/opt/ros/foxy')]), 'shell': False}
[2.870876] (-) TimerEvent: {}
[2.889259] (tello_controller) Command: {'cmd': ['/usr/bin/python3', 'setup.py', 'egg_info', '--egg-base', '../../build/tello_controller', 'build', '--build-base', '/root/DockerFiles/drone_ws/build/tello_controller/build', 'install', '--record', '/root/DockerFiles/drone_ws/build/tello_controller/install.log', '--single-version-externally-managed'], 'cwd': '/root/DockerFiles/drone_ws/src/tello_controller', 'env': {'HOSTNAME': 'vdani-H410M-H-V2', 'SHLVL': '1', 'LD_LIBRARY_PATH': '/usr/lib/x86_64-linux-gnu/gazebo-11/plugins:/opt/ros/foxy/opt/yaml_cpp_vendor/lib:/opt/ros/foxy/opt/rviz_ogre_vendor/lib:/opt/ros/foxy/lib/x86_64-linux-gnu:/opt/ros/foxy/lib', 'HOME': '/root', 'OLDPWD': '/root/DockerFiles', 'ROS_PYTHON_VERSION': '3', 'ROS_DISTRO': 'foxy', '_': '/usr/bin/colcon', 'ROS_VERSION': '2', 'TERM': 'xterm', 'ROS_LOCALHOST_ONLY': '0', 'QT_X11_NO_MITSHM': '1', 'PATH': '/opt/ros/foxy/bin:/usr/local/sbin:/usr/local/bin:/usr/sbin:/usr/bin:/sbin:/bin', 'XDG_RUNTIME_DIR': '/run/user/1000', 'DISPLAY': ':0', 'LANG': 'C.UTF-8', 'RMW_IMPLEMENTATION': 'rmw_fastrtps_cpp', 'LS_COLORS': 'rs=0:di=01;34:ln=01;36:mh=00:pi=40;33:so=01;35:do=01;35:bd=40;33;01:cd=40;33;01:or=40;31;01:mi=00:su=37;41:sg=30;43:ca=30;41:tw=30;42:ow=34;42:st=37;44:ex=01;32:*.tar=01;31:*.tgz=01;31:*.arc=01;31:*.arj=01;31:*.taz=01;31:*.lha=01;31:*.lz4=01;31:*.lzh=01;31:*.lzma=01;31:*.tlz=01;31:*.txz=01;31:*.tzo=01;31:*.t7z=01;31:*.zip=01;31:*.z=01;31:*.dz=01;31:*.gz=01;31:*.lrz=01;31:*.lz=01;31:*.lzo=01;31:*.xz=01;31:*.zst=01;31:*.tzst=01;31:*.bz2=01;31:*.bz=01;31:*.tbz=01;31:*.tbz2=01;31:*.tz=01;31:*.deb=01;31:*.rpm=01;31:*.jar=01;31:*.war=01;31:*.ear=01;31:*.sar=01;31:*.rar=01;31:*.alz=01;31:*.ace=01;31:*.zoo=01;31:*.cpio=01;31:*.7z=01;31:*.rz=01;31:*.cab=01;31:*.wim=01;31:*.swm=01;31:*.dwm=01;31:*.esd=01;31:*.jpg=01;35:*.jpeg=01;35:*.mjpg=01;35:*.mjpeg=01;35:*.gif=01;35:*.bmp=01;35:*.pbm=01;35:*.pgm=01;35:*.ppm=01;35:*.tga=01;35:*.xbm=01;35:*.xpm=01;35:*.tif=01;35:*.tiff=01;35:*.png=01;35:*.svg=01;35:*.svgz=01;35:*.mng=01;35:*.pcx=01;35:*.mov=01;35:*.mpg=01;35:*.mpeg=01;35:*.m2v=01;35:*.mkv=01;35:*.webm=01;35:*.ogm=01;35:*.mp4=01;35:*.m4v=01;35:*.mp4v=01;35:*.vob=01;35:*.qt=01;35:*.nuv=01;35:*.wmv=01;35:*.asf=01;35:*.rm=01;35:*.rmvb=01;35:*.flc=01;35:*.avi=01;35:*.fli=01;35:*.flv=01;35:*.gl=01;35:*.dl=01;35:*.xcf=01;35:*.xwd=01;35:*.yuv=01;35:*.cgm=01;35:*.emf=01;35:*.ogv=01;35:*.ogx=01;35:*.aac=00;36:*.au=00;36:*.flac=00;36:*.m4a=00;36:*.mid=00;36:*.midi=00;36:*.mka=00;36:*.mp3=00;36:*.mpc=00;36:*.ogg=00;36:*.ra=00;36:*.wav=00;36:*.oga=00;36:*.opus=00;36:*.spx=00;36:*.xspf=00;36:', 'AMENT_PREFIX_PATH': '/opt/ros/foxy', 'PWD': '/root/DockerFiles/drone_ws/build/tello_controller', 'LC_ALL': 'C.UTF-8', 'PYTHONPATH': '/root/DockerFiles/drone_ws/build/tello_controller/prefix_override:/root/DockerFiles/drone_ws/install/tello_controller/lib/python3.8/site-packages:/opt/ros/foxy/lib/python3.8/site-packages', 'COLCON': '1'}, 'shell': False}
[2.934115] (tello_mission) Command: {'cmd': ['/usr/bin/python3', 'setup.py', 'egg_info', '--egg-base', '../../build/tello_mission', 'build', '--build-base', '/root/DockerFiles/drone_ws/build/tello_mission/build', 'install', '--record', '/root/DockerFiles/drone_ws/build/tello_mission/install.log', '--single-version-externally-managed'], 'cwd': '/root/DockerFiles/drone_ws/src/tello_mission', 'env': {'HOSTNAME': 'vdani-H410M-H-V2', 'SHLVL': '1', 'LD_LIBRARY_PATH': '/usr/lib/x86_64-linux-gnu/gazebo-11/plugins:/opt/ros/foxy/opt/yaml_cpp_vendor/lib:/opt/ros/foxy/opt/rviz_ogre_vendor/lib:/opt/ros/foxy/lib/x86_64-linux-gnu:/opt/ros/foxy/lib', 'HOME': '/root', 'OLDPWD': '/root/DockerFiles', 'ROS_PYTHON_VERSION': '3', 'ROS_DISTRO': 'foxy', '_': '/usr/bin/colcon', 'ROS_VERSION': '2', 'TERM': 'xterm', 'ROS_LOCALHOST_ONLY': '0', 'QT_X11_NO_MITSHM': '1', 'PATH': '/opt/ros/foxy/bin:/usr/local/sbin:/usr/local/bin:/usr/sbin:/usr/bin:/sbin:/bin', 'XDG_RUNTIME_DIR': '/run/user/1000', 'DISPLAY': ':0', 'LANG': 'C.UTF-8', 'RMW_IMPLEMENTATION': 'rmw_fastrtps_cpp', 'LS_COLORS': 'rs=0:di=01;34:ln=01;36:mh=00:pi=40;33:so=01;35:do=01;35:bd=40;33;01:cd=40;33;01:or=40;31;01:mi=00:su=37;41:sg=30;43:ca=30;41:tw=30;42:ow=34;42:st=37;44:ex=01;32:*.tar=01;31:*.tgz=01;31:*.arc=01;31:*.arj=01;31:*.taz=01;31:*.lha=01;31:*.lz4=01;31:*.lzh=01;31:*.lzma=01;31:*.tlz=01;31:*.txz=01;31:*.tzo=01;31:*.t7z=01;31:*.zip=01;31:*.z=01;31:*.dz=01;31:*.gz=01;31:*.lrz=01;31:*.lz=01;31:*.lzo=01;31:*.xz=01;31:*.zst=01;31:*.tzst=01;31:*.bz2=01;31:*.bz=01;31:*.tbz=01;31:*.tbz2=01;31:*.tz=01;31:*.deb=01;31:*.rpm=01;31:*.jar=01;31:*.war=01;31:*.ear=01;31:*.sar=01;31:*.rar=01;31:*.alz=01;31:*.ace=01;31:*.zoo=01;31:*.cpio=01;31:*.7z=01;31:*.rz=01;31:*.cab=01;31:*.wim=01;31:*.swm=01;31:*.dwm=01;31:*.esd=01;31:*.jpg=01;35:*.jpeg=01;35:*.mjpg=01;35:*.mjpeg=01;35:*.gif=01;35:*.bmp=01;35:*.pbm=01;35:*.pgm=01;35:*.ppm=01;35:*.tga=01;35:*.xbm=01;35:*.xpm=01;35:*.tif=01;35:*.tiff=01;35:*.png=01;35:*.svg=01;35:*.svgz=01;35:*.mng=01;35:*.pcx=01;35:*.mov=01;35:*.mpg=01;35:*.mpeg=01;35:*.m2v=01;35:*.mkv=01;35:*.webm=01;35:*.ogm=01;35:*.mp4=01;35:*.m4v=01;35:*.mp4v=01;35:*.vob=01;35:*.qt=01;35:*.nuv=01;35:*.wmv=01;35:*.asf=01;35:*.rm=01;35:*.rmvb=01;35:*.flc=01;35:*.avi=01;35:*.fli=01;35:*.flv=01;35:*.gl=01;35:*.dl=01;35:*.xcf=01;35:*.xwd=01;35:*.yuv=01;35:*.cgm=01;35:*.emf=01;35:*.ogv=01;35:*.ogx=01;35:*.aac=00;36:*.au=00;36:*.flac=00;36:*.m4a=00;36:*.mid=00;36:*.midi=00;36:*.mka=00;36:*.mp3=00;36:*.mpc=00;36:*.ogg=00;36:*.ra=00;36:*.wav=00;36:*.oga=00;36:*.opus=00;36:*.spx=00;36:*.xspf=00;36:', 'AMENT_PREFIX_PATH': '/opt/ros/foxy', 'PWD': '/root/DockerFiles/drone_ws/build/tello_mission', 'LC_ALL': 'C.UTF-8', 'PYTHONPATH': '/root/DockerFiles/drone_ws/build/tello_mission/prefix_override:/root/DockerFiles/drone_ws/install/tello_mission/lib/python3.8/site-packages:/opt/ros/foxy/lib/python3.8/site-packages', 'COLCON': '1'}, 'shell': False}
[2.952994] (tello_msgs) StdoutLine: {'line': b'-- Found std_msgs: 2.0.5 (/opt/ros/foxy/share/std_msgs/cmake)\n'}
[2.971903] (-) TimerEvent: {}
[2.975668] (tello_description) StdoutLine: {'line': b'\x1b[35m\x1b[1mScanning dependencies of target generate_urdf_6\x1b[0m\n'}
[3.018163] (tello_description) StdoutLine: {'line': b'[ 11%] \x1b[34m\x1b[1mGenerate /root/DockerFiles/drone_ws/build/tello_description/urdf/tello_6.urdf\x1b[0m\n'}
[3.084612] (-) TimerEvent: {}
[3.117389] (tello_description) StdoutLine: {'line': b'[ 11%] Built target generate_urdf_6\n'}
[3.152171] (tello_description) StdoutLine: {'line': b'\x1b[35m\x1b[1mScanning dependencies of target generate_urdf_2\x1b[0m\n'}
[3.164955] (tello_description) StdoutLine: {'line': b'[ 22%] \x1b[34m\x1b[1mGenerate /root/DockerFiles/drone_ws/build/tello_description/urdf/tello_2.urdf\x1b[0m\n'}
[3.184726] (-) TimerEvent: {}
[3.221196] (ros2_shared) StdoutLine: {'line': b'-- Found rmw_implementation_cmake: 1.0.4 (/opt/ros/foxy/share/rmw_implementation_cmake/cmake)\n'}
[3.235488] (ros2_shared) StdoutLine: {'line': b"-- Using RMW implementation 'rmw_fastrtps_cpp' as default\n"}
[3.238451] (ros2_shared) StdoutLine: {'line': b'-- Looking for pthread.h\n'}
[3.250189] (tello_description) StdoutLine: {'line': b'[ 22%] Built target generate_urdf_2\n'}
[3.285230] (-) TimerEvent: {}
[3.286339] (tello_description) StdoutLine: {'line': b'\x1b[35m\x1b[1mScanning dependencies of target generate_urdf_7\x1b[0m\n'}
[3.308949] (tello_msgs) StdoutLine: {'line': b'-- Found PythonInterp: /usr/bin/python3 (found version "3.8.10") \n'}
[3.309231] (tello_description) StdoutLine: {'line': b'[ 33%] \x1b[34m\x1b[1mGenerate /root/DockerFiles/drone_ws/build/tello_description/urdf/tello_7.urdf\x1b[0m\n'}
[3.316725] (tello_hand_move) StdoutLine: {'line': b'running egg_info\n'}
[3.318736] (tello_hand_move) StdoutLine: {'line': b'creating ../../build/tello_hand_move/tello_hand_move.egg-info\n'}
[3.319869] (tello_hand_move) StdoutLine: {'line': b'writing ../../build/tello_hand_move/tello_hand_move.egg-info/PKG-INFO\n'}
[3.321218] (tello_hand_move) StdoutLine: {'line': b'writing dependency_links to ../../build/tello_hand_move/tello_hand_move.egg-info/dependency_links.txt\n'}
[3.322168] (tello_hand_move) StdoutLine: {'line': b'writing entry points to ../../build/tello_hand_move/tello_hand_move.egg-info/entry_points.txt\n'}
[3.322920] (tello_hand_move) StdoutLine: {'line': b'writing requirements to ../../build/tello_hand_move/tello_hand_move.egg-info/requires.txt\n'}
[3.324084] (tello_hand_move) StdoutLine: {'line': b'writing top-level names to ../../build/tello_hand_move/tello_hand_move.egg-info/top_level.txt\n'}
[3.336898] (tello_hand_move) StdoutLine: {'line': b"writing manifest file '../../build/tello_hand_move/tello_hand_move.egg-info/SOURCES.txt'\n"}
[3.343560] (tello_mission) StdoutLine: {'line': b'running egg_info\n'}
[3.347524] (tello_mission) StdoutLine: {'line': b'creating ../../build/tello_mission/tello_mission.egg-info\n'}
[3.347706] (tello_mission) StdoutLine: {'line': b'writing ../../build/tello_mission/tello_mission.egg-info/PKG-INFO\n'}
[3.347865] (tello_mission) StdoutLine: {'line': b'writing dependency_links to ../../build/tello_mission/tello_mission.egg-info/dependency_links.txt\n'}
[3.348565] (tello_mission) StdoutLine: {'line': b'writing entry points to ../../build/tello_mission/tello_mission.egg-info/entry_points.txt\n'}
[3.349646] (tello_mission) StdoutLine: {'line': b'writing requirements to ../../build/tello_mission/tello_mission.egg-info/requires.txt\n'}
[3.350880] (tello_mission) StdoutLine: {'line': b'writing top-level names to ../../build/tello_mission/tello_mission.egg-info/top_level.txt\n'}
[3.357686] (tello_mission) StdoutLine: {'line': b"writing manifest file '../../build/tello_mission/tello_mission.egg-info/SOURCES.txt'\n"}
[3.385344] (-) TimerEvent: {}
[3.390455] (tello_controller) StdoutLine: {'line': b'running egg_info\n'}
[3.393603] (tello_controller) StdoutLine: {'line': b'creating ../../build/tello_controller/tello_controller.egg-info\n'}
[3.393884] (tello_controller) StdoutLine: {'line': b'writing ../../build/tello_controller/tello_controller.egg-info/PKG-INFO\n'}
[3.393983] (tello_controller) StdoutLine: {'line': b'writing dependency_links to ../../build/tello_controller/tello_controller.egg-info/dependency_links.txt\n'}
[3.396088] (tello_controller) StdoutLine: {'line': b'writing requirements to ../../build/tello_controller/tello_controller.egg-info/requires.txt\n'}
[3.396237] (tello_controller) StdoutLine: {'line': b'writing top-level names to ../../build/tello_controller/tello_controller.egg-info/top_level.txt\n'}
[3.397171] (tello_controller) StdoutLine: {'line': b"writing manifest file '../../build/tello_controller/tello_controller.egg-info/SOURCES.txt'\n"}
[3.404034] (tello_hand_move) StdoutLine: {'line': b"reading manifest file '../../build/tello_hand_move/tello_hand_move.egg-info/SOURCES.txt'\n"}
[3.404316] (tello_description) StdoutLine: {'line': b'[ 33%] Built target generate_urdf_7\n'}
[3.405043] (tello_hand_move) StdoutLine: {'line': b"writing manifest file '../../build/tello_hand_move/tello_hand_move.egg-info/SOURCES.txt'\n"}
[3.405548] (tello_hand_move) StdoutLine: {'line': b'running build\n'}
[3.405668] (tello_hand_move) StdoutLine: {'line': b'running build_py\n'}
[3.405793] (tello_hand_move) StdoutLine: {'line': b'creating /root/DockerFiles/drone_ws/build/tello_hand_move/build\n'}
[3.406569] (tello_hand_move) StdoutLine: {'line': b'creating /root/DockerFiles/drone_ws/build/tello_hand_move/build/lib\n'}
[3.407242] (tello_hand_move) StdoutLine: {'line': b'creating /root/DockerFiles/drone_ws/build/tello_hand_move/build/lib/tello_hand_move\n'}
[3.407378] (tello_hand_move) StdoutLine: {'line': b'copying tello_hand_move/__init__.py -> /root/DockerFiles/drone_ws/build/tello_hand_move/build/lib/tello_hand_move\n'}
[3.407522] (tello_hand_move) StdoutLine: {'line': b'copying tello_hand_move/tello_hand_move.py -> /root/DockerFiles/drone_ws/build/tello_hand_move/build/lib/tello_hand_move\n'}
[3.408043] (tello_hand_move) StdoutLine: {'line': b'running install\n'}
[3.409269] (tello_hand_move) StdoutLine: {'line': b'running install_lib\n'}
[3.410798] (tello_hand_move) StdoutLine: {'line': b'creating /root/DockerFiles/drone_ws/install/tello_hand_move/lib/python3.8/site-packages/tello_hand_move\n'}
[3.411075] (tello_hand_move) StdoutLine: {'line': b'copying /root/DockerFiles/drone_ws/build/tello_hand_move/build/lib/tello_hand_move/__init__.py -> /root/DockerFiles/drone_ws/install/tello_hand_move/lib/python3.8/site-packages/tello_hand_move\n'}
[3.411197] (tello_hand_move) StdoutLine: {'line': b'copying /root/DockerFiles/drone_ws/build/tello_hand_move/build/lib/tello_hand_move/tello_hand_move.py -> /root/DockerFiles/drone_ws/install/tello_hand_move/lib/python3.8/site-packages/tello_hand_move\n'}
[3.411688] (tello_hand_move) StdoutLine: {'line': b'byte-compiling /root/DockerFiles/drone_ws/install/tello_hand_move/lib/python3.8/site-packages/tello_hand_move/__init__.py to __init__.cpython-38.pyc\n'}
[3.413378] (tello_hand_move) StdoutLine: {'line': b'byte-compiling /root/DockerFiles/drone_ws/install/tello_hand_move/lib/python3.8/site-packages/tello_hand_move/tello_hand_move.py to tello_hand_move.cpython-38.pyc\n'}
[3.414294] (tello_hand_move) StdoutLine: {'line': b'running install_egg_info\n'}
[3.418240] (tello_hand_move) StdoutLine: {'line': b'Copying ../../build/tello_hand_move/tello_hand_move.egg-info to /root/DockerFiles/drone_ws/install/tello_hand_move/lib/python3.8/site-packages/tello_hand_move-0.0.2-py3.8.egg-info\n'}
[3.419500] (tello_hand_move) StdoutLine: {'line': b'running install_scripts\n'}
[3.436494] (tello_description) StdoutLine: {'line': b'\x1b[35m\x1b[1mScanning dependencies of target generate_urdf_5\x1b[0m\n'}
[3.436752] (tello_camera) StdoutLine: {'line': b'running egg_info\n'}
[3.437420] (tello_camera) StdoutLine: {'line': b'creating ../../build/tello_camera/tello_camera.egg-info\n'}
[3.438092] (tello_camera) StdoutLine: {'line': b'writing ../../build/tello_camera/tello_camera.egg-info/PKG-INFO\n'}
[3.438296] (tello_camera) StdoutLine: {'line': b'writing dependency_links to ../../build/tello_camera/tello_camera.egg-info/dependency_links.txt\n'}
[3.438568] (tello_camera) StdoutLine: {'line': b'writing entry points to ../../build/tello_camera/tello_camera.egg-info/entry_points.txt\n'}
[3.438673] (tello_camera) StdoutLine: {'line': b'writing requirements to ../../build/tello_camera/tello_camera.egg-info/requires.txt\n'}
[3.438769] (tello_camera) StdoutLine: {'line': b'writing top-level names to ../../build/tello_camera/tello_camera.egg-info/top_level.txt\n'}
[3.447868] (tello_mission) StdoutLine: {'line': b"reading manifest file '../../build/tello_mission/tello_mission.egg-info/SOURCES.txt'\n"}
[3.448110] (tello_camera) StdoutLine: {'line': b"writing manifest file '../../build/tello_camera/tello_camera.egg-info/SOURCES.txt'\n"}
[3.448228] (tello_mission) StdoutLine: {'line': b"writing manifest file '../../build/tello_mission/tello_mission.egg-info/SOURCES.txt'\n"}
[3.448319] (tello_mission) StdoutLine: {'line': b'running build\n'}
[3.448404] (tello_mission) StdoutLine: {'line': b'running build_py\n'}
[3.448490] (tello_mission) StdoutLine: {'line': b'creating /root/DockerFiles/drone_ws/build/tello_mission/build\n'}
[3.448574] (tello_mission) StdoutLine: {'line': b'creating /root/DockerFiles/drone_ws/build/tello_mission/build/lib\n'}
[3.448660] (tello_mission) StdoutLine: {'line': b'creating /root/DockerFiles/drone_ws/build/tello_mission/build/lib/tello_mission\n'}
[3.448742] (tello_mission) StdoutLine: {'line': b'copying tello_mission/tello_mission.py -> /root/DockerFiles/drone_ws/build/tello_mission/build/lib/tello_mission\n'}
[3.448837] (tello_mission) StdoutLine: {'line': b'copying tello_mission/__init__.py -> /root/DockerFiles/drone_ws/build/tello_mission/build/lib/tello_mission\n'}
[3.448937] (tello_mission) StdoutLine: {'line': b'running install\n'}
[3.451881] (tello_mission) StdoutLine: {'line': b'running install_lib\n'}
[3.452099] (tello_mission) StdoutLine: {'line': b'creating /root/DockerFiles/drone_ws/install/tello_mission/lib/python3.8/site-packages/tello_mission\n'}
[3.452187] (tello_mission) StdoutLine: {'line': b'copying /root/DockerFiles/drone_ws/build/tello_mission/build/lib/tello_mission/tello_mission.py -> /root/DockerFiles/drone_ws/install/tello_mission/lib/python3.8/site-packages/tello_mission\n'}
[3.452269] (tello_mission) StdoutLine: {'line': b'copying /root/DockerFiles/drone_ws/build/tello_mission/build/lib/tello_mission/__init__.py -> /root/DockerFiles/drone_ws/install/tello_mission/lib/python3.8/site-packages/tello_mission\n'}
[3.452345] (tello_mission) StdoutLine: {'line': b'byte-compiling /root/DockerFiles/drone_ws/install/tello_mission/lib/python3.8/site-packages/tello_mission/tello_mission.py to tello_mission.cpython-38.pyc\n'}
[3.464275] (tello_mission) StdoutLine: {'line': b'byte-compiling /root/DockerFiles/drone_ws/install/tello_mission/lib/python3.8/site-packages/tello_mission/__init__.py to __init__.cpython-38.pyc\n'}
[3.464560] (tello_mission) StdoutLine: {'line': b'running install_data\n'}
[3.464663] (tello_mission) StdoutLine: {'line': b'creating /root/DockerFiles/drone_ws/install/tello_mission/share/ament_index\n'}
[3.464758] (tello_mission) StdoutLine: {'line': b'creating /root/DockerFiles/drone_ws/install/tello_mission/share/ament_index/resource_index\n'}
[3.464860] (tello_mission) StdoutLine: {'line': b'creating /root/DockerFiles/drone_ws/install/tello_mission/share/ament_index/resource_index/packages\n'}
[3.464947] (tello_mission) StdoutLine: {'line': b'copying resource/tello_mission -> /root/DockerFiles/drone_ws/install/tello_mission/share/ament_index/resource_index/packages\n'}
[3.465037] (tello_mission) StdoutLine: {'line': b'copying package.xml -> /root/DockerFiles/drone_ws/install/tello_mission/share/tello_mission\n'}
[3.465121] (tello_mission) StdoutLine: {'line': b'running install_egg_info\n'}
[3.465207] (tello_mission) StdoutLine: {'line': b'Copying ../../build/tello_mission/tello_mission.egg-info to /root/DockerFiles/drone_ws/install/tello_mission/lib/python3.8/site-packages/tello_mission-0.0.1-py3.8.egg-info\n'}
[3.465797] (tello_mission) StdoutLine: {'line': b'running install_scripts\n'}
[3.465903] (tello_hand_move) StdoutLine: {'line': b'Installing tello_hand_move script to /root/DockerFiles/drone_ws/install/tello_hand_move/lib/tello_hand_move\n'}
[3.465995] (tello_hand_move) StdoutLine: {'line': b"writing list of installed files to '/root/DockerFiles/drone_ws/build/tello_hand_move/install.log'\n"}
[3.466066] (tello_description) StdoutLine: {'line': b'[ 44%] \x1b[34m\x1b[1mGenerate /root/DockerFiles/drone_ws/build/tello_description/urdf/tello_5.urdf\x1b[0m\n'}
[3.472908] (ros2_shared) StdoutLine: {'line': b'-- Looking for pthread.h - found\n'}
[3.474912] (ros2_shared) StdoutLine: {'line': b'-- Performing Test CMAKE_HAVE_LIBC_PTHREAD\n'}
[3.484235] (tello_controller) StdoutLine: {'line': b"reading manifest file '../../build/tello_controller/tello_controller.egg-info/SOURCES.txt'\n"}
[3.485983] (tello_controller) StdoutLine: {'line': b"writing manifest file '../../build/tello_controller/tello_controller.egg-info/SOURCES.txt'\n"}
[3.486507] (-) TimerEvent: {}
[3.486843] (tello_controller) StdoutLine: {'line': b'running build\n'}
[3.489375] (tello_controller) StdoutLine: {'line': b'running build_py\n'}
[3.489507] (tello_controller) StdoutLine: {'line': b'creating /root/DockerFiles/drone_ws/build/tello_controller/build\n'}
[3.489607] (tello_controller) StdoutLine: {'line': b'creating /root/DockerFiles/drone_ws/build/tello_controller/build/lib\n'}
[3.489703] (tello_controller) StdoutLine: {'line': b'creating /root/DockerFiles/drone_ws/build/tello_controller/build/lib/tello_controller\n'}
[3.497194] (tello_controller) StdoutLine: {'line': b'copying tello_controller/tello_controller.py -> /root/DockerFiles/drone_ws/build/tello_controller/build/lib/tello_controller\n'}
[3.498821] (tello_controller) StdoutLine: {'line': b'copying tello_controller/__init__.py -> /root/DockerFiles/drone_ws/build/tello_controller/build/lib/tello_controller\n'}
[3.499020] (tello_controller) StdoutLine: {'line': b'running install\n'}
[3.499241] (tello_controller) StdoutLine: {'line': b'running install_lib\n'}
[3.508148] (tello_controller) StdoutLine: {'line': b'creating /root/DockerFiles/drone_ws/install/tello_controller/lib/python3.8/site-packages/tello_controller\n'}
[3.508434] (tello_controller) StdoutLine: {'line': b'copying /root/DockerFiles/drone_ws/build/tello_controller/build/lib/tello_controller/tello_controller.py -> /root/DockerFiles/drone_ws/install/tello_controller/lib/python3.8/site-packages/tello_controller\n'}
[3.509735] (tello_controller) StdoutLine: {'line': b'copying /root/DockerFiles/drone_ws/build/tello_controller/build/lib/tello_controller/__init__.py -> /root/DockerFiles/drone_ws/install/tello_controller/lib/python3.8/site-packages/tello_controller\n'}
[3.511363] (tello_controller) StdoutLine: {'line': b'byte-compiling /root/DockerFiles/drone_ws/install/tello_controller/lib/python3.8/site-packages/tello_controller/tello_controller.py to tello_controller.cpython-38.pyc\n'}
[3.515995] (tello_mission) StdoutLine: {'line': b'Installing tello_mission script to /root/DockerFiles/drone_ws/install/tello_mission/lib/tello_mission\n'}
[3.516273] (tello_mission) StdoutLine: {'line': b"writing list of installed files to '/root/DockerFiles/drone_ws/build/tello_mission/install.log'\n"}
[3.520916] (tello_controller) StdoutLine: {'line': b'byte-compiling /root/DockerFiles/drone_ws/install/tello_controller/lib/python3.8/site-packages/tello_controller/__init__.py to __init__.cpython-38.pyc\n'}
[3.521189] (tello_controller) StdoutLine: {'line': b'running install_data\n'}
[3.521704] (tello_controller) StdoutLine: {'line': b'creating /root/DockerFiles/drone_ws/install/tello_controller/share/ament_index\n'}
[3.521944] (tello_controller) StdoutLine: {'line': b'creating /root/DockerFiles/drone_ws/install/tello_controller/share/ament_index/resource_index\n'}
[3.522108] (tello_controller) StdoutLine: {'line': b'creating /root/DockerFiles/drone_ws/install/tello_controller/share/ament_index/resource_index/packages\n'}
[3.522246] (tello_controller) StdoutLine: {'line': b'copying resource/tello_controller -> /root/DockerFiles/drone_ws/install/tello_controller/share/ament_index/resource_index/packages\n'}
[3.522335] (tello_controller) StdoutLine: {'line': b'copying package.xml -> /root/DockerFiles/drone_ws/install/tello_controller/share/tello_controller\n'}
[3.522425] (tello_controller) StdoutLine: {'line': b'running install_egg_info\n'}
[3.524277] (tello_controller) StdoutLine: {'line': b'Copying ../../build/tello_controller/tello_controller.egg-info to /root/DockerFiles/drone_ws/install/tello_controller/lib/python3.8/site-packages/tello_controller-0.0.1-py3.8.egg-info\n'}
[3.525277] (tello_controller) StdoutLine: {'line': b'running install_scripts\n'}
[3.550699] (tello_controller) StdoutLine: {'line': b"writing list of installed files to '/root/DockerFiles/drone_ws/build/tello_controller/install.log'\n"}
[3.552732] (tello_description) StdoutLine: {'line': b'[ 44%] Built target generate_urdf_5\n'}
[3.554128] (tello_hand_move) CommandEnded: {'returncode': 0}
[3.571737] (tello_camera) StdoutLine: {'line': b"reading manifest file '../../build/tello_camera/tello_camera.egg-info/SOURCES.txt'\n"}
[3.573684] (tello_description) StdoutLine: {'line': b'\x1b[35m\x1b[1mScanning dependencies of target generate_urdf_4\x1b[0m\n'}
[3.574642] (tello_camera) StdoutLine: {'line': b"writing manifest file '../../build/tello_camera/tello_camera.egg-info/SOURCES.txt'\n"}
[3.574803] (tello_camera) StdoutLine: {'line': b'running build\n'}
[3.574899] (tello_camera) StdoutLine: {'line': b'running build_py\n'}
[3.574981] (tello_camera) StdoutLine: {'line': b'creating /root/DockerFiles/drone_ws/build/tello_camera/build\n'}
[3.575055] (tello_camera) StdoutLine: {'line': b'creating /root/DockerFiles/drone_ws/build/tello_camera/build/lib\n'}
[3.575131] (tello_camera) StdoutLine: {'line': b'creating /root/DockerFiles/drone_ws/build/tello_camera/build/lib/tello_camera\n'}
[3.575230] (tello_camera) StdoutLine: {'line': b'copying tello_camera/tello_camera_hough.py -> /root/DockerFiles/drone_ws/build/tello_camera/build/lib/tello_camera\n'}
[3.575427] (tello_camera) StdoutLine: {'line': b'copying tello_camera/__init__.py -> /root/DockerFiles/drone_ws/build/tello_camera/build/lib/tello_camera\n'}
[3.576714] (tello_camera) StdoutLine: {'line': b'copying tello_camera/tello_camera_contour.py -> /root/DockerFiles/drone_ws/build/tello_camera/build/lib/tello_camera\n'}
[3.576931] (tello_camera) StdoutLine: {'line': b'running install\n'}
[3.582653] (tello_camera) StdoutLine: {'line': b'running install_lib\n'}
[3.598112] (-) TimerEvent: {}
[3.598495] (tello_camera) StdoutLine: {'line': b'creating /root/DockerFiles/drone_ws/install/tello_camera/lib/python3.8/site-packages/tello_camera\n'}
[3.598797] (tello_camera) StdoutLine: {'line': b'copying /root/DockerFiles/drone_ws/build/tello_camera/build/lib/tello_camera/tello_camera_hough.py -> /root/DockerFiles/drone_ws/install/tello_camera/lib/python3.8/site-packages/tello_camera\n'}
[3.598925] (tello_camera) StdoutLine: {'line': b'copying /root/DockerFiles/drone_ws/build/tello_camera/build/lib/tello_camera/__init__.py -> /root/DockerFiles/drone_ws/install/tello_camera/lib/python3.8/site-packages/tello_camera\n'}
[3.601458] (tello_camera) StdoutLine: {'line': b'copying /root/DockerFiles/drone_ws/build/tello_camera/build/lib/tello_camera/tello_camera_contour.py -> /root/DockerFiles/drone_ws/install/tello_camera/lib/python3.8/site-packages/tello_camera\n'}
[3.601715] (tello_camera) StdoutLine: {'line': b'byte-compiling /root/DockerFiles/drone_ws/install/tello_camera/lib/python3.8/site-packages/tello_camera/tello_camera_hough.py to tello_camera_hough.cpython-38.pyc\n'}
[3.601871] (tello_camera) StdoutLine: {'line': b'byte-compiling /root/DockerFiles/drone_ws/install/tello_camera/lib/python3.8/site-packages/tello_camera/__init__.py to __init__.cpython-38.pyc\n'}
[3.601962] (tello_camera) StdoutLine: {'line': b'byte-compiling /root/DockerFiles/drone_ws/install/tello_camera/lib/python3.8/site-packages/tello_camera/tello_camera_contour.py to tello_camera_contour.cpython-38.pyc\n'}
[3.602047] (tello_camera) StdoutLine: {'line': b'running install_data\n'}
[3.602124] (tello_camera) StdoutLine: {'line': b'creating /root/DockerFiles/drone_ws/install/tello_camera/share/ament_index\n'}
[3.602208] (tello_camera) StdoutLine: {'line': b'creating /root/DockerFiles/drone_ws/install/tello_camera/share/ament_index/resource_index\n'}
[3.602291] (tello_camera) StdoutLine: {'line': b'creating /root/DockerFiles/drone_ws/install/tello_camera/share/ament_index/resource_index/packages\n'}
[3.602375] (tello_camera) StdoutLine: {'line': b'copying resource/tello_camera -> /root/DockerFiles/drone_ws/install/tello_camera/share/ament_index/resource_index/packages\n'}
[3.602456] (tello_camera) StdoutLine: {'line': b'copying package.xml -> /root/DockerFiles/drone_ws/install/tello_camera/share/tello_camera\n'}
[3.602546] (tello_camera) StdoutLine: {'line': b'running install_egg_info\n'}
[3.602628] (tello_camera) StdoutLine: {'line': b'Copying ../../build/tello_camera/tello_camera.egg-info to /root/DockerFiles/drone_ws/install/tello_camera/lib/python3.8/site-packages/tello_camera-1.0.0-py3.8.egg-info\n'}
[3.623406] (tello_camera) StdoutLine: {'line': b'running install_scripts\n'}
[3.624025] (tello_description) StdoutLine: {'line': b'[ 55%] \x1b[34m\x1b[1mGenerate /root/DockerFiles/drone_ws/build/tello_description/urdf/tello_4.urdf\x1b[0m\n'}
[3.624326] (ros2_shared) StdoutLine: {'line': b'-- Performing Test CMAKE_HAVE_LIBC_PTHREAD - Failed\n'}
[3.624460] (ros2_shared) StdoutLine: {'line': b'-- Looking for pthread_create in pthreads\n'}
[3.633769] (tello_camera) StdoutLine: {'line': b'Installing tello_camera_contour script to /root/DockerFiles/drone_ws/install/tello_camera/lib/tello_camera\n'}
[3.634211] (tello_camera) StdoutLine: {'line': b'Installing tello_camera_hough script to /root/DockerFiles/drone_ws/install/tello_camera/lib/tello_camera\n'}
[3.634869] (tello_camera) StdoutLine: {'line': b"writing list of installed files to '/root/DockerFiles/drone_ws/build/tello_camera/install.log'\n"}
[3.643706] (tello_hand_move) JobEnded: {'identifier': 'tello_hand_move', 'rc': 0}
[3.659028] (tello_mission) CommandEnded: {'returncode': 0}
[3.698100] (tello_mission) JobEnded: {'identifier': 'tello_mission', 'rc': 0}
[3.704065] (-) TimerEvent: {}
[3.704333] (tello_controller) CommandEnded: {'returncode': 0}
[3.712185] (tello_controller) JobEnded: {'identifier': 'tello_controller', 'rc': 0}
[3.735305] (tello_camera) CommandEnded: {'returncode': 0}
[3.743009] (tello_description) StdoutLine: {'line': b'[ 55%] Built target generate_urdf_4\n'}
[3.754434] (tello_camera) JobEnded: {'identifier': 'tello_camera', 'rc': 0}
[3.769181] (tello_description) StdoutLine: {'line': b'\x1b[35m\x1b[1mScanning dependencies of target generate_urdf_8\x1b[0m\n'}
[3.797835] (tello_msgs) StdoutLine: {'line': b'-- Found ament_cmake_ros: 0.9.2 (/opt/ros/foxy/share/ament_cmake_ros/cmake)\n'}
[3.798334] (tello_description) StdoutLine: {'line': b'[ 66%] \x1b[34m\x1b[1mGenerate /root/DockerFiles/drone_ws/build/tello_description/urdf/tello_8.urdf\x1b[0m\n'}
[3.804159] (-) TimerEvent: {}
[3.824901] (ros2_shared) StdoutLine: {'line': b'-- Looking for pthread_create in pthreads - not found\n'}
[3.825199] (ros2_shared) StdoutLine: {'line': b'-- Looking for pthread_create in pthread\n'}
[3.879718] (tello_description) StdoutLine: {'line': b'[ 66%] Built target generate_urdf_8\n'}
[3.900059] (tello_description) StdoutLine: {'line': b'\x1b[35m\x1b[1mScanning dependencies of target generate_urdf_3\x1b[0m\n'}
[3.904328] (-) TimerEvent: {}
[3.924832] (tello_description) StdoutLine: {'line': b'[ 77%] \x1b[34m\x1b[1mGenerate /root/DockerFiles/drone_ws/build/tello_description/urdf/tello_3.urdf\x1b[0m\n'}
[4.007925] (tello_description) StdoutLine: {'line': b'[ 77%] Built target generate_urdf_3\n'}
[4.008311] (-) TimerEvent: {}
[4.024002] (ros2_shared) StdoutLine: {'line': b'-- Looking for pthread_create in pthread - found\n'}
[4.024367] (ros2_shared) StdoutLine: {'line': b'-- Found Threads: TRUE  \n'}
[4.030821] (tello_description) StdoutLine: {'line': b'\x1b[35m\x1b[1mScanning dependencies of target generate_urdf_1\x1b[0m\n'}
[4.047190] (tello_description) StdoutLine: {'line': b'[ 88%] \x1b[34m\x1b[1mGenerate /root/DockerFiles/drone_ws/build/tello_description/urdf/tello_1.urdf\x1b[0m\n'}
[4.110046] (-) TimerEvent: {}
[4.145643] (tello_description) StdoutLine: {'line': b'[ 88%] Built target generate_urdf_1\n'}
[4.164051] (tello_description) StdoutLine: {'line': b'\x1b[35m\x1b[1mScanning dependencies of target generate_urdf\x1b[0m\n'}
[4.184420] (tello_msgs) StdoutLine: {'line': b'-- Using all available rosidl_typesupport_c: rosidl_typesupport_fastrtps_c;rosidl_typesupport_introspection_c\n'}
[4.211102] (-) TimerEvent: {}
[4.218004] (tello_description) StdoutLine: {'line': b'[100%] \x1b[34m\x1b[1mGenerate /root/DockerFiles/drone_ws/build/tello_description/urdf/tello.urdf\x1b[0m\n'}
[4.305038] (tello_description) StdoutLine: {'line': b'[100%] Built target generate_urdf\n'}
[4.306566] (tello_msgs) StdoutLine: {'line': b'-- Using all available rosidl_typesupport_cpp: rosidl_typesupport_fastrtps_cpp;rosidl_typesupport_introspection_cpp\n'}
[4.311223] (-) TimerEvent: {}
[4.328713] (tello_description) CommandEnded: {'returncode': 0}
[4.353943] (tello_msgs) StdoutLine: {'line': b'-- Found PythonInterp: /usr/bin/python3 (found suitable version "3.8.10", minimum required is "3.5") \n'}
[4.357956] (tello_msgs) StdoutLine: {'line': b'-- Found python_cmake_module: 0.8.1 (/opt/ros/foxy/share/python_cmake_module/cmake)\n'}
[4.405059] (tello_description) JobProgress: {'identifier': 'tello_description', 'progress': 'install'}
[4.411409] (-) TimerEvent: {}
[4.429941] (tello_msgs) StdoutLine: {'line': b'-- Found PythonLibs: /usr/lib/x86_64-linux-gnu/libpython3.8.so (found suitable version "3.8.10", minimum required is "3.5") \n'}
[4.430483] (tello_msgs) StdoutLine: {'line': b'-- Using PYTHON_EXECUTABLE: /usr/bin/python3\n'}
[4.430598] (tello_msgs) StdoutLine: {'line': b'-- Using PYTHON_INCLUDE_DIRS: /usr/include/python3.8\n'}
[4.430683] (tello_msgs) StdoutLine: {'line': b'-- Using PYTHON_LIBRARIES: /usr/lib/x86_64-linux-gnu/libpython3.8.so\n'}
[4.437809] (tello_description) Command: {'cmd': ['/usr/bin/cmake', '--install', '/root/DockerFiles/drone_ws/build/tello_description'], 'cwd': '/root/DockerFiles/drone_ws/build/tello_description', 'env': OrderedDict([('HOSTNAME', 'vdani-H410M-H-V2'), ('SHLVL', '1'), ('LD_LIBRARY_PATH', '/usr/lib/x86_64-linux-gnu/gazebo-11/plugins:/opt/ros/foxy/opt/yaml_cpp_vendor/lib:/opt/ros/foxy/opt/rviz_ogre_vendor/lib:/opt/ros/foxy/lib/x86_64-linux-gnu:/opt/ros/foxy/lib'), ('HOME', '/root'), ('OLDPWD', '/root/DockerFiles'), ('ROS_PYTHON_VERSION', '3'), ('ROS_DISTRO', 'foxy'), ('_', '/usr/bin/colcon'), ('ROS_VERSION', '2'), ('TERM', 'xterm'), ('ROS_LOCALHOST_ONLY', '0'), ('QT_X11_NO_MITSHM', '1'), ('PATH', '/opt/ros/foxy/bin:/usr/local/sbin:/usr/local/bin:/usr/sbin:/usr/bin:/sbin:/bin'), ('XDG_RUNTIME_DIR', '/run/user/1000'), ('DISPLAY', ':0'), ('LANG', 'C.UTF-8'), ('RMW_IMPLEMENTATION', 'rmw_fastrtps_cpp'), ('LS_COLORS', 'rs=0:di=01;34:ln=01;36:mh=00:pi=40;33:so=01;35:do=01;35:bd=40;33;01:cd=40;33;01:or=40;31;01:mi=00:su=37;41:sg=30;43:ca=30;41:tw=30;42:ow=34;42:st=37;44:ex=01;32:*.tar=01;31:*.tgz=01;31:*.arc=01;31:*.arj=01;31:*.taz=01;31:*.lha=01;31:*.lz4=01;31:*.lzh=01;31:*.lzma=01;31:*.tlz=01;31:*.txz=01;31:*.tzo=01;31:*.t7z=01;31:*.zip=01;31:*.z=01;31:*.dz=01;31:*.gz=01;31:*.lrz=01;31:*.lz=01;31:*.lzo=01;31:*.xz=01;31:*.zst=01;31:*.tzst=01;31:*.bz2=01;31:*.bz=01;31:*.tbz=01;31:*.tbz2=01;31:*.tz=01;31:*.deb=01;31:*.rpm=01;31:*.jar=01;31:*.war=01;31:*.ear=01;31:*.sar=01;31:*.rar=01;31:*.alz=01;31:*.ace=01;31:*.zoo=01;31:*.cpio=01;31:*.7z=01;31:*.rz=01;31:*.cab=01;31:*.wim=01;31:*.swm=01;31:*.dwm=01;31:*.esd=01;31:*.jpg=01;35:*.jpeg=01;35:*.mjpg=01;35:*.mjpeg=01;35:*.gif=01;35:*.bmp=01;35:*.pbm=01;35:*.pgm=01;35:*.ppm=01;35:*.tga=01;35:*.xbm=01;35:*.xpm=01;35:*.tif=01;35:*.tiff=01;35:*.png=01;35:*.svg=01;35:*.svgz=01;35:*.mng=01;35:*.pcx=01;35:*.mov=01;35:*.mpg=01;35:*.mpeg=01;35:*.m2v=01;35:*.mkv=01;35:*.webm=01;35:*.ogm=01;35:*.mp4=01;35:*.m4v=01;35:*.mp4v=01;35:*.vob=01;35:*.qt=01;35:*.nuv=01;35:*.wmv=01;35:*.asf=01;35:*.rm=01;35:*.rmvb=01;35:*.flc=01;35:*.avi=01;35:*.fli=01;35:*.flv=01;35:*.gl=01;35:*.dl=01;35:*.xcf=01;35:*.xwd=01;35:*.yuv=01;35:*.cgm=01;35:*.emf=01;35:*.ogv=01;35:*.ogx=01;35:*.aac=00;36:*.au=00;36:*.flac=00;36:*.m4a=00;36:*.mid=00;36:*.midi=00;36:*.mka=00;36:*.mp3=00;36:*.mpc=00;36:*.ogg=00;36:*.ra=00;36:*.wav=00;36:*.oga=00;36:*.opus=00;36:*.spx=00;36:*.xspf=00;36:'), ('AMENT_PREFIX_PATH', '/opt/ros/foxy'), ('PWD', '/root/DockerFiles/drone_ws/build/tello_description'), ('LC_ALL', 'C.UTF-8'), ('PYTHONPATH', '/opt/ros/foxy/lib/python3.8/site-packages'), ('COLCON', '1'), ('CMAKE_PREFIX_PATH', '/opt/ros/foxy')]), 'shell': False}
[4.455933] (tello_description) StdoutLine: {'line': b'-- Install configuration: ""\n'}
[4.456357] (tello_description) StdoutLine: {'line': b'-- Installing: /root/DockerFiles/drone_ws/install/tello_description/share/tello_description/urdf\n'}
[4.456821] (tello_description) StdoutLine: {'line': b'-- Installing: /root/DockerFiles/drone_ws/install/tello_description/share/tello_description/urdf/tello_8.urdf\n'}
[4.457360] (tello_description) StdoutLine: {'line': b'-- Installing: /root/DockerFiles/drone_ws/install/tello_description/share/tello_description/urdf/tello_3.urdf\n'}
[4.457867] (tello_description) StdoutLine: {'line': b'-- Installing: /root/DockerFiles/drone_ws/install/tello_description/share/tello_description/urdf/tello_1.urdf\n'}
[4.458393] (tello_description) StdoutLine: {'line': b'-- Installing: /root/DockerFiles/drone_ws/install/tello_description/share/tello_description/urdf/tello_5.urdf\n'}
[4.458933] (tello_description) StdoutLine: {'line': b'-- Installing: /root/DockerFiles/drone_ws/install/tello_description/share/tello_description/urdf/tello_4.urdf\n'}
[4.459635] (tello_description) StdoutLine: {'line': b'-- Installing: /root/DockerFiles/drone_ws/install/tello_description/share/tello_description/urdf/tello_6.urdf\n'}
[4.459947] (tello_description) StdoutLine: {'line': b'-- Installing: /root/DockerFiles/drone_ws/install/tello_description/share/tello_description/urdf/tello_2.urdf\n'}
[4.460145] (tello_description) StdoutLine: {'line': b'-- Installing: /root/DockerFiles/drone_ws/install/tello_description/share/tello_description/urdf/tello_7.urdf\n'}
[4.460376] (tello_description) StdoutLine: {'line': b'-- Installing: /root/DockerFiles/drone_ws/install/tello_description/share/tello_description/urdf/tello.urdf\n'}
[4.460978] (tello_description) StdoutLine: {'line': b'-- Installing: /root/DockerFiles/drone_ws/install/tello_description/share/ament_index/resource_index/package_run_dependencies/tello_description\n'}
[4.461199] (tello_description) StdoutLine: {'line': b'-- Installing: /root/DockerFiles/drone_ws/install/tello_description/share/ament_index/resource_index/parent_prefix_path/tello_description\n'}
[4.461680] (tello_description) StdoutLine: {'line': b'-- Installing: /root/DockerFiles/drone_ws/install/tello_description/share/tello_description/environment/ament_prefix_path.sh\n'}
[4.461890] (tello_msgs) StdoutLine: {'line': b'-- Found PythonExtra: .so  \n'}
[4.462062] (tello_description) StdoutLine: {'line': b'-- Installing: /root/DockerFiles/drone_ws/install/tello_description/share/tello_description/environment/ament_prefix_path.dsv\n'}
[4.462230] (tello_description) StdoutLine: {'line': b'-- Installing: /root/DockerFiles/drone_ws/install/tello_description/share/tello_description/environment/path.sh\n'}
[4.463392] (tello_description) StdoutLine: {'line': b'-- Installing: /root/DockerFiles/drone_ws/install/tello_description/share/tello_description/environment/path.dsv\n'}
[4.463883] (tello_description) StdoutLine: {'line': b'-- Installing: /root/DockerFiles/drone_ws/install/tello_description/share/tello_description/local_setup.bash\n'}
[4.464161] (tello_description) StdoutLine: {'line': b'-- Installing: /root/DockerFiles/drone_ws/install/tello_description/share/tello_description/local_setup.sh\n'}
[4.464880] (tello_description) StdoutLine: {'line': b'-- Installing: /root/DockerFiles/drone_ws/install/tello_description/share/tello_description/local_setup.zsh\n'}
[4.465019] (tello_description) StdoutLine: {'line': b'-- Installing: /root/DockerFiles/drone_ws/install/tello_description/share/tello_description/local_setup.dsv\n'}
[4.465187] (tello_description) StdoutLine: {'line': b'-- Installing: /root/DockerFiles/drone_ws/install/tello_description/share/tello_description/package.dsv\n'}
[4.465297] (tello_description) StdoutLine: {'line': b'-- Installing: /root/DockerFiles/drone_ws/install/tello_description/share/ament_index/resource_index/packages/tello_description\n'}
[4.465580] (tello_description) StdoutLine: {'line': b'-- Installing: /root/DockerFiles/drone_ws/install/tello_description/share/tello_description/cmake/tello_descriptionConfig.cmake\n'}
[4.465712] (tello_description) StdoutLine: {'line': b'-- Installing: /root/DockerFiles/drone_ws/install/tello_description/share/tello_description/cmake/tello_descriptionConfig-version.cmake\n'}
[4.465859] (tello_description) StdoutLine: {'line': b'-- Installing: /root/DockerFiles/drone_ws/install/tello_description/share/tello_description/package.xml\n'}
[4.476415] (tello_description) CommandEnded: {'returncode': 0}
[4.511582] (-) TimerEvent: {}
[4.563856] (ros2_shared) StdoutLine: {'line': b'-- Configuring done\n'}
[4.583401] (ros2_shared) StdoutLine: {'line': b'-- Generating done\n'}
[4.592244] (ros2_shared) StdoutLine: {'line': b'-- Build files have been written to: /root/DockerFiles/drone_ws/build/ros2_shared\n'}
[4.612003] (tello_msgs) StdoutLine: {'line': b'-- Configuring done\n'}
[4.616534] (-) TimerEvent: {}
[4.623253] (tello_description) JobEnded: {'identifier': 'tello_description', 'rc': 0}
[4.628481] (ros2_shared) CommandEnded: {'returncode': 0}
[4.630172] (ros2_shared) JobProgress: {'identifier': 'ros2_shared', 'progress': 'build'}
[4.630242] (ros2_shared) Command: {'cmd': ['/usr/bin/cmake', '--build', '/root/DockerFiles/drone_ws/build/ros2_shared', '--', '-j12', '-l12'], 'cwd': '/root/DockerFiles/drone_ws/build/ros2_shared', 'env': OrderedDict([('HOSTNAME', 'vdani-H410M-H-V2'), ('SHLVL', '1'), ('LD_LIBRARY_PATH', '/usr/lib/x86_64-linux-gnu/gazebo-11/plugins:/opt/ros/foxy/opt/yaml_cpp_vendor/lib:/opt/ros/foxy/opt/rviz_ogre_vendor/lib:/opt/ros/foxy/lib/x86_64-linux-gnu:/opt/ros/foxy/lib'), ('HOME', '/root'), ('OLDPWD', '/root/DockerFiles'), ('ROS_PYTHON_VERSION', '3'), ('ROS_DISTRO', 'foxy'), ('_', '/usr/bin/colcon'), ('ROS_VERSION', '2'), ('TERM', 'xterm'), ('ROS_LOCALHOST_ONLY', '0'), ('QT_X11_NO_MITSHM', '1'), ('PATH', '/opt/ros/foxy/bin:/usr/local/sbin:/usr/local/bin:/usr/sbin:/usr/bin:/sbin:/bin'), ('XDG_RUNTIME_DIR', '/run/user/1000'), ('DISPLAY', ':0'), ('LANG', 'C.UTF-8'), ('RMW_IMPLEMENTATION', 'rmw_fastrtps_cpp'), ('LS_COLORS', 'rs=0:di=01;34:ln=01;36:mh=00:pi=40;33:so=01;35:do=01;35:bd=40;33;01:cd=40;33;01:or=40;31;01:mi=00:su=37;41:sg=30;43:ca=30;41:tw=30;42:ow=34;42:st=37;44:ex=01;32:*.tar=01;31:*.tgz=01;31:*.arc=01;31:*.arj=01;31:*.taz=01;31:*.lha=01;31:*.lz4=01;31:*.lzh=01;31:*.lzma=01;31:*.tlz=01;31:*.txz=01;31:*.tzo=01;31:*.t7z=01;31:*.zip=01;31:*.z=01;31:*.dz=01;31:*.gz=01;31:*.lrz=01;31:*.lz=01;31:*.lzo=01;31:*.xz=01;31:*.zst=01;31:*.tzst=01;31:*.bz2=01;31:*.bz=01;31:*.tbz=01;31:*.tbz2=01;31:*.tz=01;31:*.deb=01;31:*.rpm=01;31:*.jar=01;31:*.war=01;31:*.ear=01;31:*.sar=01;31:*.rar=01;31:*.alz=01;31:*.ace=01;31:*.zoo=01;31:*.cpio=01;31:*.7z=01;31:*.rz=01;31:*.cab=01;31:*.wim=01;31:*.swm=01;31:*.dwm=01;31:*.esd=01;31:*.jpg=01;35:*.jpeg=01;35:*.mjpg=01;35:*.mjpeg=01;35:*.gif=01;35:*.bmp=01;35:*.pbm=01;35:*.pgm=01;35:*.ppm=01;35:*.tga=01;35:*.xbm=01;35:*.xpm=01;35:*.tif=01;35:*.tiff=01;35:*.png=01;35:*.svg=01;35:*.svgz=01;35:*.mng=01;35:*.pcx=01;35:*.mov=01;35:*.mpg=01;35:*.mpeg=01;35:*.m2v=01;35:*.mkv=01;35:*.webm=01;35:*.ogm=01;35:*.mp4=01;35:*.m4v=01;35:*.mp4v=01;35:*.vob=01;35:*.qt=01;35:*.nuv=01;35:*.wmv=01;35:*.asf=01;35:*.rm=01;35:*.rmvb=01;35:*.flc=01;35:*.avi=01;35:*.fli=01;35:*.flv=01;35:*.gl=01;35:*.dl=01;35:*.xcf=01;35:*.xwd=01;35:*.yuv=01;35:*.cgm=01;35:*.emf=01;35:*.ogv=01;35:*.ogx=01;35:*.aac=00;36:*.au=00;36:*.flac=00;36:*.m4a=00;36:*.mid=00;36:*.midi=00;36:*.mka=00;36:*.mp3=00;36:*.mpc=00;36:*.ogg=00;36:*.ra=00;36:*.wav=00;36:*.oga=00;36:*.opus=00;36:*.spx=00;36:*.xspf=00;36:'), ('AMENT_PREFIX_PATH', '/opt/ros/foxy'), ('PWD', '/root/DockerFiles/drone_ws/build/ros2_shared'), ('LC_ALL', 'C.UTF-8'), ('PYTHONPATH', '/opt/ros/foxy/lib/python3.8/site-packages'), ('COLCON', '1'), ('CMAKE_PREFIX_PATH', '/opt/ros/foxy')]), 'shell': False}
[4.716709] (-) TimerEvent: {}
[4.727073] (tello_msgs) StdoutLine: {'line': b'-- Generating done\n'}
[4.727352] (tello_msgs) StdoutLine: {'line': b'-- Build files have been written to: /root/DockerFiles/drone_ws/build/tello_msgs\n'}
[4.737838] (ros2_shared) CommandEnded: {'returncode': 0}
[4.752936] (tello_msgs) CommandEnded: {'returncode': 0}
[4.753668] (tello_msgs) JobProgress: {'identifier': 'tello_msgs', 'progress': 'build'}
[4.753713] (tello_msgs) Command: {'cmd': ['/usr/bin/cmake', '--build', '/root/DockerFiles/drone_ws/build/tello_msgs', '--', '-j12', '-l12'], 'cwd': '/root/DockerFiles/drone_ws/build/tello_msgs', 'env': OrderedDict([('HOSTNAME', 'vdani-H410M-H-V2'), ('SHLVL', '1'), ('LD_LIBRARY_PATH', '/usr/lib/x86_64-linux-gnu/gazebo-11/plugins:/opt/ros/foxy/opt/yaml_cpp_vendor/lib:/opt/ros/foxy/opt/rviz_ogre_vendor/lib:/opt/ros/foxy/lib/x86_64-linux-gnu:/opt/ros/foxy/lib'), ('HOME', '/root'), ('OLDPWD', '/root/DockerFiles'), ('ROS_PYTHON_VERSION', '3'), ('ROS_DISTRO', 'foxy'), ('_', '/usr/bin/colcon'), ('ROS_VERSION', '2'), ('TERM', 'xterm'), ('ROS_LOCALHOST_ONLY', '0'), ('QT_X11_NO_MITSHM', '1'), ('PATH', '/opt/ros/foxy/bin:/usr/local/sbin:/usr/local/bin:/usr/sbin:/usr/bin:/sbin:/bin'), ('XDG_RUNTIME_DIR', '/run/user/1000'), ('DISPLAY', ':0'), ('LANG', 'C.UTF-8'), ('RMW_IMPLEMENTATION', 'rmw_fastrtps_cpp'), ('LS_COLORS', 'rs=0:di=01;34:ln=01;36:mh=00:pi=40;33:so=01;35:do=01;35:bd=40;33;01:cd=40;33;01:or=40;31;01:mi=00:su=37;41:sg=30;43:ca=30;41:tw=30;42:ow=34;42:st=37;44:ex=01;32:*.tar=01;31:*.tgz=01;31:*.arc=01;31:*.arj=01;31:*.taz=01;31:*.lha=01;31:*.lz4=01;31:*.lzh=01;31:*.lzma=01;31:*.tlz=01;31:*.txz=01;31:*.tzo=01;31:*.t7z=01;31:*.zip=01;31:*.z=01;31:*.dz=01;31:*.gz=01;31:*.lrz=01;31:*.lz=01;31:*.lzo=01;31:*.xz=01;31:*.zst=01;31:*.tzst=01;31:*.bz2=01;31:*.bz=01;31:*.tbz=01;31:*.tbz2=01;31:*.tz=01;31:*.deb=01;31:*.rpm=01;31:*.jar=01;31:*.war=01;31:*.ear=01;31:*.sar=01;31:*.rar=01;31:*.alz=01;31:*.ace=01;31:*.zoo=01;31:*.cpio=01;31:*.7z=01;31:*.rz=01;31:*.cab=01;31:*.wim=01;31:*.swm=01;31:*.dwm=01;31:*.esd=01;31:*.jpg=01;35:*.jpeg=01;35:*.mjpg=01;35:*.mjpeg=01;35:*.gif=01;35:*.bmp=01;35:*.pbm=01;35:*.pgm=01;35:*.ppm=01;35:*.tga=01;35:*.xbm=01;35:*.xpm=01;35:*.tif=01;35:*.tiff=01;35:*.png=01;35:*.svg=01;35:*.svgz=01;35:*.mng=01;35:*.pcx=01;35:*.mov=01;35:*.mpg=01;35:*.mpeg=01;35:*.m2v=01;35:*.mkv=01;35:*.webm=01;35:*.ogm=01;35:*.mp4=01;35:*.m4v=01;35:*.mp4v=01;35:*.vob=01;35:*.qt=01;35:*.nuv=01;35:*.wmv=01;35:*.asf=01;35:*.rm=01;35:*.rmvb=01;35:*.flc=01;35:*.avi=01;35:*.fli=01;35:*.flv=01;35:*.gl=01;35:*.dl=01;35:*.xcf=01;35:*.xwd=01;35:*.yuv=01;35:*.cgm=01;35:*.emf=01;35:*.ogv=01;35:*.ogx=01;35:*.aac=00;36:*.au=00;36:*.flac=00;36:*.m4a=00;36:*.mid=00;36:*.midi=00;36:*.mka=00;36:*.mp3=00;36:*.mpc=00;36:*.ogg=00;36:*.ra=00;36:*.wav=00;36:*.oga=00;36:*.opus=00;36:*.spx=00;36:*.xspf=00;36:'), ('AMENT_PREFIX_PATH', '/opt/ros/foxy'), ('PWD', '/root/DockerFiles/drone_ws/build/tello_msgs'), ('LC_ALL', 'C.UTF-8'), ('PYTHONPATH', '/opt/ros/foxy/lib/python3.8/site-packages'), ('COLCON', '1'), ('CMAKE_PREFIX_PATH', '/opt/ros/foxy')]), 'shell': False}
[4.792075] (ros2_shared) JobProgress: {'identifier': 'ros2_shared', 'progress': 'install'}
[4.792362] (ros2_shared) Command: {'cmd': ['/usr/bin/cmake', '--install', '/root/DockerFiles/drone_ws/build/ros2_shared'], 'cwd': '/root/DockerFiles/drone_ws/build/ros2_shared', 'env': OrderedDict([('HOSTNAME', 'vdani-H410M-H-V2'), ('SHLVL', '1'), ('LD_LIBRARY_PATH', '/usr/lib/x86_64-linux-gnu/gazebo-11/plugins:/opt/ros/foxy/opt/yaml_cpp_vendor/lib:/opt/ros/foxy/opt/rviz_ogre_vendor/lib:/opt/ros/foxy/lib/x86_64-linux-gnu:/opt/ros/foxy/lib'), ('HOME', '/root'), ('OLDPWD', '/root/DockerFiles'), ('ROS_PYTHON_VERSION', '3'), ('ROS_DISTRO', 'foxy'), ('_', '/usr/bin/colcon'), ('ROS_VERSION', '2'), ('TERM', 'xterm'), ('ROS_LOCALHOST_ONLY', '0'), ('QT_X11_NO_MITSHM', '1'), ('PATH', '/opt/ros/foxy/bin:/usr/local/sbin:/usr/local/bin:/usr/sbin:/usr/bin:/sbin:/bin'), ('XDG_RUNTIME_DIR', '/run/user/1000'), ('DISPLAY', ':0'), ('LANG', 'C.UTF-8'), ('RMW_IMPLEMENTATION', 'rmw_fastrtps_cpp'), ('LS_COLORS', 'rs=0:di=01;34:ln=01;36:mh=00:pi=40;33:so=01;35:do=01;35:bd=40;33;01:cd=40;33;01:or=40;31;01:mi=00:su=37;41:sg=30;43:ca=30;41:tw=30;42:ow=34;42:st=37;44:ex=01;32:*.tar=01;31:*.tgz=01;31:*.arc=01;31:*.arj=01;31:*.taz=01;31:*.lha=01;31:*.lz4=01;31:*.lzh=01;31:*.lzma=01;31:*.tlz=01;31:*.txz=01;31:*.tzo=01;31:*.t7z=01;31:*.zip=01;31:*.z=01;31:*.dz=01;31:*.gz=01;31:*.lrz=01;31:*.lz=01;31:*.lzo=01;31:*.xz=01;31:*.zst=01;31:*.tzst=01;31:*.bz2=01;31:*.bz=01;31:*.tbz=01;31:*.tbz2=01;31:*.tz=01;31:*.deb=01;31:*.rpm=01;31:*.jar=01;31:*.war=01;31:*.ear=01;31:*.sar=01;31:*.rar=01;31:*.alz=01;31:*.ace=01;31:*.zoo=01;31:*.cpio=01;31:*.7z=01;31:*.rz=01;31:*.cab=01;31:*.wim=01;31:*.swm=01;31:*.dwm=01;31:*.esd=01;31:*.jpg=01;35:*.jpeg=01;35:*.mjpg=01;35:*.mjpeg=01;35:*.gif=01;35:*.bmp=01;35:*.pbm=01;35:*.pgm=01;35:*.ppm=01;35:*.tga=01;35:*.xbm=01;35:*.xpm=01;35:*.tif=01;35:*.tiff=01;35:*.png=01;35:*.svg=01;35:*.svgz=01;35:*.mng=01;35:*.pcx=01;35:*.mov=01;35:*.mpg=01;35:*.mpeg=01;35:*.m2v=01;35:*.mkv=01;35:*.webm=01;35:*.ogm=01;35:*.mp4=01;35:*.m4v=01;35:*.mp4v=01;35:*.vob=01;35:*.qt=01;35:*.nuv=01;35:*.wmv=01;35:*.asf=01;35:*.rm=01;35:*.rmvb=01;35:*.flc=01;35:*.avi=01;35:*.fli=01;35:*.flv=01;35:*.gl=01;35:*.dl=01;35:*.xcf=01;35:*.xwd=01;35:*.yuv=01;35:*.cgm=01;35:*.emf=01;35:*.ogv=01;35:*.ogx=01;35:*.aac=00;36:*.au=00;36:*.flac=00;36:*.m4a=00;36:*.mid=00;36:*.midi=00;36:*.mka=00;36:*.mp3=00;36:*.mpc=00;36:*.ogg=00;36:*.ra=00;36:*.wav=00;36:*.oga=00;36:*.opus=00;36:*.spx=00;36:*.xspf=00;36:'), ('AMENT_PREFIX_PATH', '/opt/ros/foxy'), ('PWD', '/root/DockerFiles/drone_ws/build/ros2_shared'), ('LC_ALL', 'C.UTF-8'), ('PYTHONPATH', '/opt/ros/foxy/lib/python3.8/site-packages'), ('COLCON', '1'), ('CMAKE_PREFIX_PATH', '/opt/ros/foxy')]), 'shell': False}
[4.816776] (ros2_shared) StdoutLine: {'line': b'-- Install configuration: ""\n'}
[4.818045] (-) TimerEvent: {}
[4.818318] (ros2_shared) StdoutLine: {'line': b'-- Installing: /root/DockerFiles/drone_ws/install/ros2_shared/include\n'}
[4.818551] (ros2_shared) StdoutLine: {'line': b'-- Installing: /root/DockerFiles/drone_ws/install/ros2_shared/include/ros2_shared\n'}
[4.818707] (ros2_shared) StdoutLine: {'line': b'-- Installing: /root/DockerFiles/drone_ws/install/ros2_shared/include/ros2_shared/context_macros.hpp\n'}
[4.818798] (ros2_shared) StdoutLine: {'line': b'-- Installing: /root/DockerFiles/drone_ws/install/ros2_shared/include/ros2_shared/string_printf.hpp\n'}
[4.818888] (ros2_shared) StdoutLine: {'line': b'-- Installing: /root/DockerFiles/drone_ws/install/ros2_shared/include/ros2_shared/param_macros.hpp\n'}
[4.818974] (ros2_shared) StdoutLine: {'line': b'-- Installing: /root/DockerFiles/drone_ws/install/ros2_shared/share/ament_index/resource_index/package_run_dependencies/ros2_shared\n'}
[4.819064] (ros2_shared) StdoutLine: {'line': b'-- Installing: /root/DockerFiles/drone_ws/install/ros2_shared/share/ament_index/resource_index/parent_prefix_path/ros2_shared\n'}
[4.820376] (ros2_shared) StdoutLine: {'line': b'-- Installing: /root/DockerFiles/drone_ws/install/ros2_shared/share/ros2_shared/environment/ament_prefix_path.sh\n'}
[4.820781] (ros2_shared) StdoutLine: {'line': b'-- Installing: /root/DockerFiles/drone_ws/install/ros2_shared/share/ros2_shared/environment/ament_prefix_path.dsv\n'}
[4.824427] (ros2_shared) StdoutLine: {'line': b'-- Installing: /root/DockerFiles/drone_ws/install/ros2_shared/share/ros2_shared/environment/path.sh\n'}
[4.824604] (ros2_shared) StdoutLine: {'line': b'-- Installing: /root/DockerFiles/drone_ws/install/ros2_shared/share/ros2_shared/environment/path.dsv\n'}
[4.824769] (ros2_shared) StdoutLine: {'line': b'-- Installing: /root/DockerFiles/drone_ws/install/ros2_shared/share/ros2_shared/local_setup.bash\n'}
[4.824890] (ros2_shared) StdoutLine: {'line': b'-- Installing: /root/DockerFiles/drone_ws/install/ros2_shared/share/ros2_shared/local_setup.sh\n'}
[4.824953] (ros2_shared) StdoutLine: {'line': b'-- Installing: /root/DockerFiles/drone_ws/install/ros2_shared/share/ros2_shared/local_setup.zsh\n'}
[4.825007] (ros2_shared) StdoutLine: {'line': b'-- Installing: /root/DockerFiles/drone_ws/install/ros2_shared/share/ros2_shared/local_setup.dsv\n'}
[4.825057] (ros2_shared) StdoutLine: {'line': b'-- Installing: /root/DockerFiles/drone_ws/install/ros2_shared/share/ros2_shared/package.dsv\n'}
[4.825107] (ros2_shared) StdoutLine: {'line': b'-- Installing: /root/DockerFiles/drone_ws/install/ros2_shared/share/ament_index/resource_index/packages/ros2_shared\n'}
[4.825162] (ros2_shared) StdoutLine: {'line': b'-- Installing: /root/DockerFiles/drone_ws/install/ros2_shared/share/ros2_shared/cmake/ros2_shared_targetsExport.cmake\n'}
[4.825238] (ros2_shared) StdoutLine: {'line': b'-- Installing: /root/DockerFiles/drone_ws/install/ros2_shared/share/ros2_shared/cmake/ament_cmake_export_targets-extras.cmake\n'}
[4.825317] (ros2_shared) StdoutLine: {'line': b'-- Installing: /root/DockerFiles/drone_ws/install/ros2_shared/share/ros2_shared/cmake/ament_cmake_export_dependencies-extras.cmake\n'}
[4.825400] (ros2_shared) StdoutLine: {'line': b'-- Installing: /root/DockerFiles/drone_ws/install/ros2_shared/share/ros2_shared/cmake/ros2_sharedConfig.cmake\n'}
[4.825539] (ros2_shared) StdoutLine: {'line': b'-- Installing: /root/DockerFiles/drone_ws/install/ros2_shared/share/ros2_shared/cmake/ros2_sharedConfig-version.cmake\n'}
[4.825622] (ros2_shared) StdoutLine: {'line': b'-- Installing: /root/DockerFiles/drone_ws/install/ros2_shared/share/ros2_shared/package.xml\n'}
[4.837961] (ros2_shared) CommandEnded: {'returncode': 0}
[4.873518] (tello_msgs) StdoutLine: {'line': b'\x1b[35m\x1b[1mScanning dependencies of target tello_msgs__cpp\x1b[0m\n'}
[4.920939] (-) TimerEvent: {}
[4.929088] (tello_msgs) StdoutLine: {'line': b'[  2%] \x1b[34m\x1b[1mGenerating C++ code for ROS interfaces\x1b[0m\n'}
[4.988856] (ros2_shared) JobEnded: {'identifier': 'ros2_shared', 'rc': 0}
[5.024417] (-) TimerEvent: {}
[5.124696] (-) TimerEvent: {}
[5.225137] (-) TimerEvent: {}
[5.325562] (-) TimerEvent: {}
[5.426004] (-) TimerEvent: {}
[5.530866] (-) TimerEvent: {}
[5.638880] (-) TimerEvent: {}
[5.745934] (-) TimerEvent: {}
[5.847619] (-) TimerEvent: {}
[5.948021] (-) TimerEvent: {}
[6.049041] (-) TimerEvent: {}
[6.151932] (-) TimerEvent: {}
[6.252305] (tello_msgs) StdoutLine: {'line': b'[  2%] Built target tello_msgs__cpp\n'}
[6.252497] (-) TimerEvent: {}
[6.274996] (tello_msgs) StdoutLine: {'line': b'[  4%] \x1b[34m\x1b[1mGenerating C code for ROS interfaces\x1b[0m\n'}
[6.354081] (-) TimerEvent: {}
[6.454428] (-) TimerEvent: {}
[6.556910] (-) TimerEvent: {}
[6.664862] (-) TimerEvent: {}
[6.765216] (-) TimerEvent: {}
[6.866773] (-) TimerEvent: {}
[6.969650] (-) TimerEvent: {}
[7.069981] (-) TimerEvent: {}
[7.170498] (-) TimerEvent: {}
[7.272689] (-) TimerEvent: {}
[7.375881] (-) TimerEvent: {}
[7.477781] (-) TimerEvent: {}
[7.578390] (-) TimerEvent: {}
[7.603584] (tello_msgs) StdoutLine: {'line': b'\x1b[35m\x1b[1mScanning dependencies of target tello_msgs__rosidl_generator_c\x1b[0m\n'}
[7.675057] (tello_msgs) StdoutLine: {'line': b'[  6%] \x1b[32mBuilding C object CMakeFiles/tello_msgs__rosidl_generator_c.dir/rosidl_generator_c/tello_msgs/msg/detail/flight_data__functions.c.o\x1b[0m\n'}
[7.678904] (-) TimerEvent: {}
[7.780168] (-) TimerEvent: {}
[7.787661] (tello_msgs) StdoutLine: {'line': b'[  8%] \x1b[32mBuilding C object CMakeFiles/tello_msgs__rosidl_generator_c.dir/rosidl_generator_c/tello_msgs/srv/detail/tello_action__functions.c.o\x1b[0m\n'}
[7.879103] (tello_msgs) StdoutLine: {'line': b'[ 10%] \x1b[32mBuilding C object CMakeFiles/tello_msgs__rosidl_generator_c.dir/rosidl_generator_c/tello_msgs/msg/detail/tello_response__functions.c.o\x1b[0m\n'}
[7.881802] (-) TimerEvent: {}
[7.975680] (tello_msgs) StdoutLine: {'line': b'[ 12%] \x1b[32m\x1b[1mLinking C shared library libtello_msgs__rosidl_generator_c.so\x1b[0m\n'}
[7.981871] (-) TimerEvent: {}
[8.051769] (tello_msgs) StdoutLine: {'line': b'[ 12%] Built target tello_msgs__rosidl_generator_c\n'}
[8.072595] (tello_msgs) StdoutLine: {'line': b'[ 14%] \x1b[34m\x1b[1mGenerating C++ introspection for ROS interfaces\x1b[0m\n'}
[8.082912] (-) TimerEvent: {}
[8.183357] (-) TimerEvent: {}
[8.283714] (-) TimerEvent: {}
[8.388926] (-) TimerEvent: {}
[8.491944] (-) TimerEvent: {}
[8.594119] (-) TimerEvent: {}
[8.695025] (-) TimerEvent: {}
[8.797221] (-) TimerEvent: {}
[8.900455] (-) TimerEvent: {}
[9.000855] (-) TimerEvent: {}
[9.101874] (-) TimerEvent: {}
[9.200397] (tello_msgs) StdoutLine: {'line': b'\x1b[35m\x1b[1mScanning dependencies of target tello_msgs__rosidl_typesupport_introspection_cpp\x1b[0m\n'}
[9.203055] (-) TimerEvent: {}
[9.241468] (tello_msgs) StdoutLine: {'line': b'[ 17%] \x1b[32mBuilding CXX object CMakeFiles/tello_msgs__rosidl_typesupport_introspection_cpp.dir/rosidl_typesupport_introspection_cpp/tello_msgs/msg/detail/flight_data__type_support.cpp.o\x1b[0m\n'}
[9.303181] (-) TimerEvent: {}
[9.403914] (-) TimerEvent: {}
[9.505949] (-) TimerEvent: {}
[9.606551] (-) TimerEvent: {}
[9.706938] (-) TimerEvent: {}
[9.763925] (tello_msgs) StdoutLine: {'line': b'[ 19%] \x1b[32mBuilding CXX object CMakeFiles/tello_msgs__rosidl_typesupport_introspection_cpp.dir/rosidl_typesupport_introspection_cpp/tello_msgs/srv/detail/tello_action__type_support.cpp.o\x1b[0m\n'}
[9.807028] (-) TimerEvent: {}
[9.910872] (-) TimerEvent: {}
[10.011232] (-) TimerEvent: {}
[10.112403] (-) TimerEvent: {}
[10.212710] (-) TimerEvent: {}
[10.230363] (tello_msgs) StdoutLine: {'line': b'[ 21%] \x1b[32mBuilding CXX object CMakeFiles/tello_msgs__rosidl_typesupport_introspection_cpp.dir/rosidl_typesupport_introspection_cpp/tello_msgs/msg/detail/tello_response__type_support.cpp.o\x1b[0m\n'}
[10.312896] (-) TimerEvent: {}
[10.413838] (-) TimerEvent: {}
[10.517917] (-) TimerEvent: {}
[10.618515] (-) TimerEvent: {}
[10.643047] (tello_msgs) StdoutLine: {'line': b'[ 23%] \x1b[32m\x1b[1mLinking CXX shared library libtello_msgs__rosidl_typesupport_introspection_cpp.so\x1b[0m\n'}
[10.718611] (-) TimerEvent: {}
[10.770001] (tello_msgs) StdoutLine: {'line': b'[ 23%] Built target tello_msgs__rosidl_typesupport_introspection_cpp\n'}
[10.789474] (tello_msgs) StdoutLine: {'line': b'[ 25%] \x1b[34m\x1b[1mGenerating C type support dispatch for ROS interfaces\x1b[0m\n'}
[10.823896] (-) TimerEvent: {}
[10.924200] (-) TimerEvent: {}
[11.025651] (-) TimerEvent: {}
[11.126000] (-) TimerEvent: {}
[11.226268] (-) TimerEvent: {}
[11.326630] (-) TimerEvent: {}
[11.428966] (-) TimerEvent: {}
[11.529248] (-) TimerEvent: {}
[11.629629] (-) TimerEvent: {}
[11.720891] (tello_msgs) StdoutLine: {'line': b'\x1b[35m\x1b[1mScanning dependencies of target tello_msgs__rosidl_typesupport_c\x1b[0m\n'}
[11.729947] (-) TimerEvent: {}
[11.768880] (tello_msgs) StdoutLine: {'line': b'[ 27%] \x1b[32mBuilding CXX object CMakeFiles/tello_msgs__rosidl_typesupport_c.dir/rosidl_typesupport_c/tello_msgs/msg/flight_data__type_support.cpp.o\x1b[0m\n'}
[11.830151] (-) TimerEvent: {}
[11.834109] (tello_msgs) StdoutLine: {'line': b'[ 29%] \x1b[32mBuilding CXX object CMakeFiles/tello_msgs__rosidl_typesupport_c.dir/rosidl_typesupport_c/tello_msgs/srv/tello_action__type_support.cpp.o\x1b[0m\n'}
[11.899178] (tello_msgs) StdoutLine: {'line': b'[ 31%] \x1b[32mBuilding CXX object CMakeFiles/tello_msgs__rosidl_typesupport_c.dir/rosidl_typesupport_c/tello_msgs/msg/tello_response__type_support.cpp.o\x1b[0m\n'}
[11.937533] (-) TimerEvent: {}
[11.952489] (tello_msgs) StdoutLine: {'line': b'[ 34%] \x1b[32m\x1b[1mLinking CXX shared library libtello_msgs__rosidl_typesupport_c.so\x1b[0m\n'}
[12.024572] (tello_msgs) StdoutLine: {'line': b'[ 34%] Built target tello_msgs__rosidl_typesupport_c\n'}
[12.037932] (-) TimerEvent: {}
[12.045688] (tello_msgs) StdoutLine: {'line': b'[ 36%] \x1b[34m\x1b[1mGenerating C introspection for ROS interfaces\x1b[0m\n'}
[12.138940] (-) TimerEvent: {}
[12.239464] (-) TimerEvent: {}
[12.339761] (-) TimerEvent: {}
[12.443427] (-) TimerEvent: {}
[12.543926] (-) TimerEvent: {}
[12.648592] (-) TimerEvent: {}
[12.748989] (-) TimerEvent: {}
[12.849447] (-) TimerEvent: {}
[12.949873] (-) TimerEvent: {}
[13.055712] (-) TimerEvent: {}
[13.073079] (tello_msgs) StdoutLine: {'line': b'\x1b[35m\x1b[1mScanning dependencies of target tello_msgs__rosidl_typesupport_introspection_c\x1b[0m\n'}
[13.118031] (tello_msgs) StdoutLine: {'line': b'[ 38%] \x1b[32mBuilding C object CMakeFiles/tello_msgs__rosidl_typesupport_introspection_c.dir/rosidl_typesupport_introspection_c/tello_msgs/msg/detail/flight_data__type_support.c.o\x1b[0m\n'}
[13.157105] (-) TimerEvent: {}
[13.184992] (tello_msgs) StdoutLine: {'line': b'[ 40%] \x1b[32mBuilding C object CMakeFiles/tello_msgs__rosidl_typesupport_introspection_c.dir/rosidl_typesupport_introspection_c/tello_msgs/srv/detail/tello_action__type_support.c.o\x1b[0m\n'}
[13.250552] (tello_msgs) StdoutLine: {'line': b'[ 42%] \x1b[32mBuilding C object CMakeFiles/tello_msgs__rosidl_typesupport_introspection_c.dir/rosidl_typesupport_introspection_c/tello_msgs/msg/detail/tello_response__type_support.c.o\x1b[0m\n'}
[13.257235] (-) TimerEvent: {}
[13.316676] (tello_msgs) StdoutLine: {'line': b'[ 44%] \x1b[32m\x1b[1mLinking C shared library libtello_msgs__rosidl_typesupport_introspection_c.so\x1b[0m\n'}
[13.357483] (-) TimerEvent: {}
[13.390623] (tello_msgs) StdoutLine: {'line': b'[ 44%] Built target tello_msgs__rosidl_typesupport_introspection_c\n'}
[13.409905] (tello_msgs) StdoutLine: {'line': b'[ 46%] \x1b[34m\x1b[1mGenerating C++ type support for eProsima Fast-RTPS\x1b[0m\n'}
[13.460906] (-) TimerEvent: {}
[13.563114] (-) TimerEvent: {}
[13.663926] (-) TimerEvent: {}
[13.765097] (-) TimerEvent: {}
[13.866094] (-) TimerEvent: {}
[13.966456] (-) TimerEvent: {}
[14.066924] (-) TimerEvent: {}
[14.174873] (-) TimerEvent: {}
[14.285208] (-) TimerEvent: {}
[14.388693] (-) TimerEvent: {}
[14.489882] (-) TimerEvent: {}
[14.569041] (tello_msgs) StdoutLine: {'line': b'\x1b[35m\x1b[1mScanning dependencies of target tello_msgs__rosidl_typesupport_fastrtps_cpp\x1b[0m\n'}
[14.591335] (-) TimerEvent: {}
[14.624227] (tello_msgs) StdoutLine: {'line': b'[ 48%] \x1b[32mBuilding CXX object CMakeFiles/tello_msgs__rosidl_typesupport_fastrtps_cpp.dir/rosidl_typesupport_fastrtps_cpp/tello_msgs/msg/detail/dds_fastrtps/flight_data__type_support.cpp.o\x1b[0m\n'}
[14.691436] (-) TimerEvent: {}
[14.791942] (-) TimerEvent: {}
[14.895079] (-) TimerEvent: {}
[14.995697] (-) TimerEvent: {}
[15.096280] (-) TimerEvent: {}
[15.197904] (-) TimerEvent: {}
[15.298297] (-) TimerEvent: {}
[15.339586] (tello_msgs) StdoutLine: {'line': b'[ 51%] \x1b[32mBuilding CXX object CMakeFiles/tello_msgs__rosidl_typesupport_fastrtps_cpp.dir/rosidl_typesupport_fastrtps_cpp/tello_msgs/srv/detail/dds_fastrtps/tello_action__type_support.cpp.o\x1b[0m\n'}
[15.398390] (-) TimerEvent: {}
[15.498874] (-) TimerEvent: {}
[15.599300] (-) TimerEvent: {}
[15.699711] (-) TimerEvent: {}
[15.800961] (-) TimerEvent: {}
[15.901405] (-) TimerEvent: {}
[15.997505] (tello_msgs) StdoutLine: {'line': b'[ 53%] \x1b[32mBuilding CXX object CMakeFiles/tello_msgs__rosidl_typesupport_fastrtps_cpp.dir/rosidl_typesupport_fastrtps_cpp/tello_msgs/msg/detail/dds_fastrtps/tello_response__type_support.cpp.o\x1b[0m\n'}
[16.002110] (-) TimerEvent: {}
[16.104809] (-) TimerEvent: {}
[16.212897] (-) TimerEvent: {}
[16.315641] (-) TimerEvent: {}
[16.416068] (-) TimerEvent: {}
[16.516848] (-) TimerEvent: {}
[16.617253] (-) TimerEvent: {}
[16.666805] (tello_msgs) StdoutLine: {'line': b'[ 55%] \x1b[32m\x1b[1mLinking CXX shared library libtello_msgs__rosidl_typesupport_fastrtps_cpp.so\x1b[0m\n'}
[16.717385] (-) TimerEvent: {}
[16.817787] (-) TimerEvent: {}
[16.858075] (tello_msgs) StdoutLine: {'line': b'[ 55%] Built target tello_msgs__rosidl_typesupport_fastrtps_cpp\n'}
[16.884963] (tello_msgs) StdoutLine: {'line': b'[ 57%] \x1b[34m\x1b[1mGenerating C++ type support dispatch for ROS interfaces\x1b[0m\n'}
[16.917922] (-) TimerEvent: {}
[17.018632] (-) TimerEvent: {}
[17.119026] (-) TimerEvent: {}
[17.220542] (-) TimerEvent: {}
[17.321031] (-) TimerEvent: {}
[17.421463] (-) TimerEvent: {}
[17.522013] (-) TimerEvent: {}
[17.622584] (-) TimerEvent: {}
[17.724986] (-) TimerEvent: {}
[17.781938] (tello_msgs) StdoutLine: {'line': b'\x1b[35m\x1b[1mScanning dependencies of target tello_msgs__rosidl_typesupport_cpp\x1b[0m\n'}
[17.808457] (tello_msgs) StdoutLine: {'line': b'[ 59%] \x1b[32mBuilding CXX object CMakeFiles/tello_msgs__rosidl_typesupport_cpp.dir/rosidl_typesupport_cpp/tello_msgs/msg/flight_data__type_support.cpp.o\x1b[0m\n'}
[17.825136] (-) TimerEvent: {}
[17.925872] (-) TimerEvent: {}
[18.027884] (-) TimerEvent: {}
[18.128272] (-) TimerEvent: {}
[18.228677] (-) TimerEvent: {}
[18.240918] (tello_msgs) StdoutLine: {'line': b'[ 61%] \x1b[32mBuilding CXX object CMakeFiles/tello_msgs__rosidl_typesupport_cpp.dir/rosidl_typesupport_cpp/tello_msgs/srv/tello_action__type_support.cpp.o\x1b[0m\n'}
[18.328776] (-) TimerEvent: {}
[18.430193] (-) TimerEvent: {}
[18.530661] (-) TimerEvent: {}
[18.633275] (-) TimerEvent: {}
[18.659487] (tello_msgs) StdoutLine: {'line': b'[ 63%] \x1b[32mBuilding CXX object CMakeFiles/tello_msgs__rosidl_typesupport_cpp.dir/rosidl_typesupport_cpp/tello_msgs/msg/tello_response__type_support.cpp.o\x1b[0m\n'}
[18.734929] (-) TimerEvent: {}
[18.837905] (-) TimerEvent: {}
[18.938305] (-) TimerEvent: {}
[19.038909] (-) TimerEvent: {}
[19.073905] (tello_msgs) StdoutLine: {'line': b'[ 65%] \x1b[32m\x1b[1mLinking CXX shared library libtello_msgs__rosidl_typesupport_cpp.so\x1b[0m\n'}
[19.139036] (-) TimerEvent: {}
[19.156486] (tello_msgs) StdoutLine: {'line': b'[ 65%] Built target tello_msgs__rosidl_typesupport_cpp\n'}
[19.179051] (tello_msgs) StdoutLine: {'line': b'[ 68%] \x1b[34m\x1b[1mGenerating C type support for eProsima Fast-RTPS\x1b[0m\n'}
[19.239191] (-) TimerEvent: {}
[19.339749] (-) TimerEvent: {}
[19.442906] (-) TimerEvent: {}
[19.545856] (-) TimerEvent: {}
[19.648058] (-) TimerEvent: {}
[19.748488] (-) TimerEvent: {}
[19.848905] (-) TimerEvent: {}
[19.950992] (-) TimerEvent: {}
[20.052369] (-) TimerEvent: {}
[20.152779] (-) TimerEvent: {}
[20.259472] (-) TimerEvent: {}
[20.345066] (tello_msgs) StdoutLine: {'line': b'\x1b[35m\x1b[1mScanning dependencies of target tello_msgs__rosidl_typesupport_fastrtps_c\x1b[0m\n'}
[20.359884] (-) TimerEvent: {}
[20.377165] (tello_msgs) StdoutLine: {'line': b'[ 70%] \x1b[32mBuilding CXX object CMakeFiles/tello_msgs__rosidl_typesupport_fastrtps_c.dir/rosidl_typesupport_fastrtps_c/tello_msgs/msg/detail/flight_data__type_support_c.cpp.o\x1b[0m\n'}
[20.460084] (-) TimerEvent: {}
[20.564241] (-) TimerEvent: {}
[20.664586] (-) TimerEvent: {}
[20.768489] (-) TimerEvent: {}
[20.870327] (-) TimerEvent: {}
[20.941931] (tello_msgs) StdoutLine: {'line': b'[ 72%] \x1b[32mBuilding CXX object CMakeFiles/tello_msgs__rosidl_typesupport_fastrtps_c.dir/rosidl_typesupport_fastrtps_c/tello_msgs/srv/detail/tello_action__type_support_c.cpp.o\x1b[0m\n'}
[20.970898] (-) TimerEvent: {}
[21.071315] (-) TimerEvent: {}
[21.173550] (-) TimerEvent: {}
[21.273905] (-) TimerEvent: {}
[21.374329] (-) TimerEvent: {}
[21.475904] (-) TimerEvent: {}
[21.539769] (tello_msgs) StdoutLine: {'line': b'[ 74%] \x1b[32mBuilding CXX object CMakeFiles/tello_msgs__rosidl_typesupport_fastrtps_c.dir/rosidl_typesupport_fastrtps_c/tello_msgs/msg/detail/tello_response__type_support_c.cpp.o\x1b[0m\n'}
[21.580765] (-) TimerEvent: {}
[21.681299] (-) TimerEvent: {}
[21.786254] (-) TimerEvent: {}
[21.886778] (-) TimerEvent: {}
[21.989880] (-) TimerEvent: {}
[22.076005] (tello_msgs) StdoutLine: {'line': b'[ 76%] \x1b[32m\x1b[1mLinking CXX shared library libtello_msgs__rosidl_typesupport_fastrtps_c.so\x1b[0m\n'}
[22.090113] (-) TimerEvent: {}
[22.190603] (-) TimerEvent: {}
[22.288868] (tello_msgs) StdoutLine: {'line': b'[ 76%] Built target tello_msgs__rosidl_typesupport_fastrtps_c\n'}
[22.290747] (-) TimerEvent: {}
[22.309957] (tello_msgs) StdoutLine: {'line': b'\x1b[35m\x1b[1mScanning dependencies of target tello_msgs\x1b[0m\n'}
[22.328342] (tello_msgs) StdoutLine: {'line': b'[ 76%] Built target tello_msgs\n'}
[22.345260] (tello_msgs) StdoutLine: {'line': b'\x1b[35m\x1b[1mScanning dependencies of target tello_msgs__py\x1b[0m\n'}
[22.370192] (tello_msgs) StdoutLine: {'line': b'[ 78%] \x1b[34m\x1b[1mGenerating Python code for ROS interfaces\x1b[0m\n'}
[22.390884] (-) TimerEvent: {}
[22.500864] (-) TimerEvent: {}
[22.602909] (-) TimerEvent: {}
[22.703418] (-) TimerEvent: {}
[22.804036] (-) TimerEvent: {}
[22.910908] (-) TimerEvent: {}
[23.011273] (-) TimerEvent: {}
[23.111675] (-) TimerEvent: {}
[23.212868] (-) TimerEvent: {}
[23.316868] (-) TimerEvent: {}
[23.417233] (-) TimerEvent: {}
[23.518982] (-) TimerEvent: {}
[23.619439] (-) TimerEvent: {}
[23.719854] (-) TimerEvent: {}
[23.820890] (-) TimerEvent: {}
[23.923090] (-) TimerEvent: {}
[24.024629] (-) TimerEvent: {}
[24.125855] (-) TimerEvent: {}
[24.226834] (-) TimerEvent: {}
[24.331439] (-) TimerEvent: {}
[24.431986] (-) TimerEvent: {}
[24.532430] (-) TimerEvent: {}
[24.632795] (-) TimerEvent: {}
[24.676751] (tello_msgs) StdoutLine: {'line': b'[ 78%] Built target tello_msgs__py\n'}
[24.698732] (tello_msgs) StdoutLine: {'line': b'\x1b[35m\x1b[1mScanning dependencies of target tello_msgs__python\x1b[0m\n'}
[24.739955] (-) TimerEvent: {}
[24.831530] (tello_msgs) StdoutLine: {'line': b'[ 80%] \x1b[32mBuilding C object CMakeFiles/tello_msgs__python.dir/rosidl_generator_py/tello_msgs/msg/_flight_data_s.c.o\x1b[0m\n'}
[24.840066] (-) TimerEvent: {}
[24.941097] (-) TimerEvent: {}
[25.043497] (-) TimerEvent: {}
[25.062513] (tello_msgs) StdoutLine: {'line': b'[ 82%] \x1b[32mBuilding C object CMakeFiles/tello_msgs__python.dir/rosidl_generator_py/tello_msgs/srv/_tello_action_s.c.o\x1b[0m\n'}
[25.144571] (-) TimerEvent: {}
[25.228809] (tello_msgs) StdoutLine: {'line': b'[ 85%] \x1b[32mBuilding C object CMakeFiles/tello_msgs__python.dir/rosidl_generator_py/tello_msgs/msg/_tello_response_s.c.o\x1b[0m\n'}
[25.248919] (-) TimerEvent: {}
[25.351863] (-) TimerEvent: {}
[25.437996] (tello_msgs) StdoutLine: {'line': b'[ 87%] \x1b[32m\x1b[1mLinking C shared library rosidl_generator_py/tello_msgs/libtello_msgs__python.so\x1b[0m\n'}
[25.451964] (-) TimerEvent: {}
[25.522471] (tello_msgs) StdoutLine: {'line': b'[ 87%] Built target tello_msgs__python\n'}
[25.554319] (-) TimerEvent: {}
[25.561335] (tello_msgs) StdoutLine: {'line': b'\x1b[35m\x1b[1mScanning dependencies of target tello_msgs__rosidl_typesupport_c__pyext\x1b[0m\n'}
[25.593854] (tello_msgs) StdoutLine: {'line': b'[ 89%] \x1b[32mBuilding C object CMakeFiles/tello_msgs__rosidl_typesupport_c__pyext.dir/rosidl_generator_py/tello_msgs/_tello_msgs_s.ep.rosidl_typesupport_c.c.o\x1b[0m\n'}
[25.655774] (-) TimerEvent: {}
[25.759984] (-) TimerEvent: {}
[25.790995] (tello_msgs) StdoutLine: {'line': b'[ 91%] \x1b[32m\x1b[1mLinking C shared library rosidl_generator_py/tello_msgs/tello_msgs_s__rosidl_typesupport_c.cpython-38-x86_64-linux-gnu.so\x1b[0m\n'}
[25.852596] (tello_msgs) StdoutLine: {'line': b'[ 91%] Built target tello_msgs__rosidl_typesupport_c__pyext\n'}
[25.860114] (-) TimerEvent: {}
[25.870701] (tello_msgs) StdoutLine: {'line': b'\x1b[35m\x1b[1mScanning dependencies of target tello_msgs__rosidl_typesupport_introspection_c__pyext\x1b[0m\n'}
[25.920916] (tello_msgs) StdoutLine: {'line': b'[ 93%] \x1b[32mBuilding C object CMakeFiles/tello_msgs__rosidl_typesupport_introspection_c__pyext.dir/rosidl_generator_py/tello_msgs/_tello_msgs_s.ep.rosidl_typesupport_introspection_c.c.o\x1b[0m\n'}
[25.961062] (-) TimerEvent: {}
[26.062089] (-) TimerEvent: {}
[26.105694] (tello_msgs) StdoutLine: {'line': b'[ 95%] \x1b[32m\x1b[1mLinking C shared library rosidl_generator_py/tello_msgs/tello_msgs_s__rosidl_typesupport_introspection_c.cpython-38-x86_64-linux-gnu.so\x1b[0m\n'}
[26.162215] (-) TimerEvent: {}
[26.194037] (tello_msgs) StdoutLine: {'line': b'[ 95%] Built target tello_msgs__rosidl_typesupport_introspection_c__pyext\n'}
[26.224943] (tello_msgs) StdoutLine: {'line': b'\x1b[35m\x1b[1mScanning dependencies of target tello_msgs__rosidl_typesupport_fastrtps_c__pyext\x1b[0m\n'}
[26.263049] (-) TimerEvent: {}
[26.265904] (tello_msgs) StdoutLine: {'line': b'[ 97%] \x1b[32mBuilding C object CMakeFiles/tello_msgs__rosidl_typesupport_fastrtps_c__pyext.dir/rosidl_generator_py/tello_msgs/_tello_msgs_s.ep.rosidl_typesupport_fastrtps_c.c.o\x1b[0m\n'}
[26.363199] (-) TimerEvent: {}
[26.463691] (-) TimerEvent: {}
[26.463957] (tello_msgs) StdoutLine: {'line': b'[100%] \x1b[32m\x1b[1mLinking CXX shared library rosidl_generator_py/tello_msgs/tello_msgs_s__rosidl_typesupport_fastrtps_c.cpython-38-x86_64-linux-gnu.so\x1b[0m\n'}
[26.563884] (-) TimerEvent: {}
[26.603272] (tello_msgs) StdoutLine: {'line': b'[100%] Built target tello_msgs__rosidl_typesupport_fastrtps_c__pyext\n'}
[26.633257] (tello_msgs) CommandEnded: {'returncode': 0}
[26.668721] (-) TimerEvent: {}
[26.769567] (-) TimerEvent: {}
[26.870292] (tello_msgs) JobProgress: {'identifier': 'tello_msgs', 'progress': 'install'}
[26.870403] (-) TimerEvent: {}
[26.872304] (tello_msgs) Command: {'cmd': ['/usr/bin/cmake', '--install', '/root/DockerFiles/drone_ws/build/tello_msgs'], 'cwd': '/root/DockerFiles/drone_ws/build/tello_msgs', 'env': OrderedDict([('HOSTNAME', 'vdani-H410M-H-V2'), ('SHLVL', '1'), ('LD_LIBRARY_PATH', '/usr/lib/x86_64-linux-gnu/gazebo-11/plugins:/opt/ros/foxy/opt/yaml_cpp_vendor/lib:/opt/ros/foxy/opt/rviz_ogre_vendor/lib:/opt/ros/foxy/lib/x86_64-linux-gnu:/opt/ros/foxy/lib'), ('HOME', '/root'), ('OLDPWD', '/root/DockerFiles'), ('ROS_PYTHON_VERSION', '3'), ('ROS_DISTRO', 'foxy'), ('_', '/usr/bin/colcon'), ('ROS_VERSION', '2'), ('TERM', 'xterm'), ('ROS_LOCALHOST_ONLY', '0'), ('QT_X11_NO_MITSHM', '1'), ('PATH', '/opt/ros/foxy/bin:/usr/local/sbin:/usr/local/bin:/usr/sbin:/usr/bin:/sbin:/bin'), ('XDG_RUNTIME_DIR', '/run/user/1000'), ('DISPLAY', ':0'), ('LANG', 'C.UTF-8'), ('RMW_IMPLEMENTATION', 'rmw_fastrtps_cpp'), ('LS_COLORS', 'rs=0:di=01;34:ln=01;36:mh=00:pi=40;33:so=01;35:do=01;35:bd=40;33;01:cd=40;33;01:or=40;31;01:mi=00:su=37;41:sg=30;43:ca=30;41:tw=30;42:ow=34;42:st=37;44:ex=01;32:*.tar=01;31:*.tgz=01;31:*.arc=01;31:*.arj=01;31:*.taz=01;31:*.lha=01;31:*.lz4=01;31:*.lzh=01;31:*.lzma=01;31:*.tlz=01;31:*.txz=01;31:*.tzo=01;31:*.t7z=01;31:*.zip=01;31:*.z=01;31:*.dz=01;31:*.gz=01;31:*.lrz=01;31:*.lz=01;31:*.lzo=01;31:*.xz=01;31:*.zst=01;31:*.tzst=01;31:*.bz2=01;31:*.bz=01;31:*.tbz=01;31:*.tbz2=01;31:*.tz=01;31:*.deb=01;31:*.rpm=01;31:*.jar=01;31:*.war=01;31:*.ear=01;31:*.sar=01;31:*.rar=01;31:*.alz=01;31:*.ace=01;31:*.zoo=01;31:*.cpio=01;31:*.7z=01;31:*.rz=01;31:*.cab=01;31:*.wim=01;31:*.swm=01;31:*.dwm=01;31:*.esd=01;31:*.jpg=01;35:*.jpeg=01;35:*.mjpg=01;35:*.mjpeg=01;35:*.gif=01;35:*.bmp=01;35:*.pbm=01;35:*.pgm=01;35:*.ppm=01;35:*.tga=01;35:*.xbm=01;35:*.xpm=01;35:*.tif=01;35:*.tiff=01;35:*.png=01;35:*.svg=01;35:*.svgz=01;35:*.mng=01;35:*.pcx=01;35:*.mov=01;35:*.mpg=01;35:*.mpeg=01;35:*.m2v=01;35:*.mkv=01;35:*.webm=01;35:*.ogm=01;35:*.mp4=01;35:*.m4v=01;35:*.mp4v=01;35:*.vob=01;35:*.qt=01;35:*.nuv=01;35:*.wmv=01;35:*.asf=01;35:*.rm=01;35:*.rmvb=01;35:*.flc=01;35:*.avi=01;35:*.fli=01;35:*.flv=01;35:*.gl=01;35:*.dl=01;35:*.xcf=01;35:*.xwd=01;35:*.yuv=01;35:*.cgm=01;35:*.emf=01;35:*.ogv=01;35:*.ogx=01;35:*.aac=00;36:*.au=00;36:*.flac=00;36:*.m4a=00;36:*.mid=00;36:*.midi=00;36:*.mka=00;36:*.mp3=00;36:*.mpc=00;36:*.ogg=00;36:*.ra=00;36:*.wav=00;36:*.oga=00;36:*.opus=00;36:*.spx=00;36:*.xspf=00;36:'), ('AMENT_PREFIX_PATH', '/opt/ros/foxy'), ('PWD', '/root/DockerFiles/drone_ws/build/tello_msgs'), ('LC_ALL', 'C.UTF-8'), ('PYTHONPATH', '/opt/ros/foxy/lib/python3.8/site-packages'), ('COLCON', '1'), ('CMAKE_PREFIX_PATH', '/opt/ros/foxy')]), 'shell': False}
[26.895138] (tello_msgs) StdoutLine: {'line': b'-- Install configuration: ""\n'}
[26.895659] (tello_msgs) StdoutLine: {'line': b'-- Installing: /root/DockerFiles/drone_ws/install/tello_msgs/share/ament_index/resource_index/rosidl_interfaces/tello_msgs\n'}
[26.895879] (tello_msgs) StdoutLine: {'line': b'-- Installing: /root/DockerFiles/drone_ws/install/tello_msgs/include/tello_msgs\n'}
[26.896073] (tello_msgs) StdoutLine: {'line': b'-- Installing: /root/DockerFiles/drone_ws/install/tello_msgs/include/tello_msgs/msg\n'}
[26.896270] (tello_msgs) StdoutLine: {'line': b'-- Installing: /root/DockerFiles/drone_ws/install/tello_msgs/include/tello_msgs/msg/detail\n'}
[26.896418] (tello_msgs) StdoutLine: {'line': b'-- Installing: /root/DockerFiles/drone_ws/install/tello_msgs/include/tello_msgs/msg/detail/flight_data__struct.h\n'}
[26.896546] (tello_msgs) StdoutLine: {'line': b'-- Installing: /root/DockerFiles/drone_ws/install/tello_msgs/include/tello_msgs/msg/detail/tello_response__struct.h\n'}
[26.896693] (tello_msgs) StdoutLine: {'line': b'-- Installing: /root/DockerFiles/drone_ws/install/tello_msgs/include/tello_msgs/msg/detail/flight_data__functions.h\n'}
[26.896840] (tello_msgs) StdoutLine: {'line': b'-- Installing: /root/DockerFiles/drone_ws/install/tello_msgs/include/tello_msgs/msg/detail/flight_data__functions.c\n'}
[26.896943] (tello_msgs) StdoutLine: {'line': b'-- Installing: /root/DockerFiles/drone_ws/install/tello_msgs/include/tello_msgs/msg/detail/tello_response__functions.c\n'}
[26.897066] (tello_msgs) StdoutLine: {'line': b'-- Installing: /root/DockerFiles/drone_ws/install/tello_msgs/include/tello_msgs/msg/detail/flight_data__type_support.h\n'}
[26.897202] (tello_msgs) StdoutLine: {'line': b'-- Installing: /root/DockerFiles/drone_ws/install/tello_msgs/include/tello_msgs/msg/detail/tello_response__functions.h\n'}
[26.897291] (tello_msgs) StdoutLine: {'line': b'-- Installing: /root/DockerFiles/drone_ws/install/tello_msgs/include/tello_msgs/msg/detail/tello_response__type_support.h\n'}
[26.897377] (tello_msgs) StdoutLine: {'line': b'-- Installing: /root/DockerFiles/drone_ws/install/tello_msgs/include/tello_msgs/msg/rosidl_generator_c__visibility_control.h\n'}
[26.897514] (tello_msgs) StdoutLine: {'line': b'-- Installing: /root/DockerFiles/drone_ws/install/tello_msgs/include/tello_msgs/msg/tello_response.h\n'}
[26.897610] (tello_msgs) StdoutLine: {'line': b'-- Installing: /root/DockerFiles/drone_ws/install/tello_msgs/include/tello_msgs/msg/flight_data.h\n'}
[26.897696] (tello_msgs) StdoutLine: {'line': b'-- Installing: /root/DockerFiles/drone_ws/install/tello_msgs/include/tello_msgs/srv\n'}
[26.897772] (tello_msgs) StdoutLine: {'line': b'-- Installing: /root/DockerFiles/drone_ws/install/tello_msgs/include/tello_msgs/srv/detail\n'}
[26.897843] (tello_msgs) StdoutLine: {'line': b'-- Installing: /root/DockerFiles/drone_ws/install/tello_msgs/include/tello_msgs/srv/detail/tello_action__struct.h\n'}
[26.897932] (tello_msgs) StdoutLine: {'line': b'-- Installing: /root/DockerFiles/drone_ws/install/tello_msgs/include/tello_msgs/srv/detail/tello_action__functions.h\n'}
[26.898015] (tello_msgs) StdoutLine: {'line': b'-- Installing: /root/DockerFiles/drone_ws/install/tello_msgs/include/tello_msgs/srv/detail/tello_action__type_support.h\n'}
[26.898095] (tello_msgs) StdoutLine: {'line': b'-- Installing: /root/DockerFiles/drone_ws/install/tello_msgs/include/tello_msgs/srv/detail/tello_action__functions.c\n'}
[26.898171] (tello_msgs) StdoutLine: {'line': b'-- Installing: /root/DockerFiles/drone_ws/install/tello_msgs/include/tello_msgs/srv/tello_action.h\n'}
[26.898253] (tello_msgs) StdoutLine: {'line': b'-- Installing: /root/DockerFiles/drone_ws/install/tello_msgs/share/tello_msgs/environment/library_path.sh\n'}
[26.898382] (tello_msgs) StdoutLine: {'line': b'-- Installing: /root/DockerFiles/drone_ws/install/tello_msgs/share/tello_msgs/environment/library_path.dsv\n'}
[26.898474] (tello_msgs) StdoutLine: {'line': b'-- Installing: /root/DockerFiles/drone_ws/install/tello_msgs/lib/libtello_msgs__rosidl_generator_c.so\n'}
[26.898577] (tello_msgs) StdoutLine: {'line': b'-- Set runtime path of "/root/DockerFiles/drone_ws/install/tello_msgs/lib/libtello_msgs__rosidl_generator_c.so" to ""\n'}
[26.898658] (tello_msgs) StdoutLine: {'line': b'-- Up-to-date: /root/DockerFiles/drone_ws/install/tello_msgs/include/tello_msgs\n'}
[26.898740] (tello_msgs) StdoutLine: {'line': b'-- Up-to-date: /root/DockerFiles/drone_ws/install/tello_msgs/include/tello_msgs/msg\n'}
[26.898804] (tello_msgs) StdoutLine: {'line': b'-- Up-to-date: /root/DockerFiles/drone_ws/install/tello_msgs/include/tello_msgs/msg/detail\n'}
[26.898891] (tello_msgs) StdoutLine: {'line': b'-- Installing: /root/DockerFiles/drone_ws/install/tello_msgs/include/tello_msgs/msg/detail/tello_response__rosidl_typesupport_fastrtps_c.h\n'}
[26.898997] (tello_msgs) StdoutLine: {'line': b'-- Installing: /root/DockerFiles/drone_ws/install/tello_msgs/include/tello_msgs/msg/detail/flight_data__rosidl_typesupport_fastrtps_c.h\n'}
[26.899078] (tello_msgs) StdoutLine: {'line': b'-- Installing: /root/DockerFiles/drone_ws/install/tello_msgs/include/tello_msgs/msg/rosidl_typesupport_fastrtps_c__visibility_control.h\n'}
[26.899134] (tello_msgs) StdoutLine: {'line': b'-- Up-to-date: /root/DockerFiles/drone_ws/install/tello_msgs/include/tello_msgs/srv\n'}
[26.899188] (tello_msgs) StdoutLine: {'line': b'-- Up-to-date: /root/DockerFiles/drone_ws/install/tello_msgs/include/tello_msgs/srv/detail\n'}
[26.899266] (tello_msgs) StdoutLine: {'line': b'-- Installing: /root/DockerFiles/drone_ws/install/tello_msgs/include/tello_msgs/srv/detail/tello_action__rosidl_typesupport_fastrtps_c.h\n'}
[26.899395] (tello_msgs) StdoutLine: {'line': b'-- Installing: /root/DockerFiles/drone_ws/install/tello_msgs/lib/libtello_msgs__rosidl_typesupport_fastrtps_c.so\n'}
[26.903656] (tello_msgs) StdoutLine: {'line': b'-- Set runtime path of "/root/DockerFiles/drone_ws/install/tello_msgs/lib/libtello_msgs__rosidl_typesupport_fastrtps_c.so" to ""\n'}
[26.905981] (tello_msgs) StdoutLine: {'line': b'-- Up-to-date: /root/DockerFiles/drone_ws/install/tello_msgs/include/tello_msgs\n'}
[26.906298] (tello_msgs) StdoutLine: {'line': b'-- Up-to-date: /root/DockerFiles/drone_ws/install/tello_msgs/include/tello_msgs/msg\n'}
[26.906407] (tello_msgs) StdoutLine: {'line': b'-- Up-to-date: /root/DockerFiles/drone_ws/install/tello_msgs/include/tello_msgs/msg/detail\n'}
[26.906489] (tello_msgs) StdoutLine: {'line': b'-- Installing: /root/DockerFiles/drone_ws/install/tello_msgs/include/tello_msgs/msg/detail/flight_data__rosidl_typesupport_fastrtps_cpp.hpp\n'}
[26.906576] (tello_msgs) StdoutLine: {'line': b'-- Installing: /root/DockerFiles/drone_ws/install/tello_msgs/include/tello_msgs/msg/detail/dds_fastrtps\n'}
[26.906657] (tello_msgs) StdoutLine: {'line': b'-- Installing: /root/DockerFiles/drone_ws/install/tello_msgs/include/tello_msgs/msg/detail/tello_response__rosidl_typesupport_fastrtps_cpp.hpp\n'}
[26.906735] (tello_msgs) StdoutLine: {'line': b'-- Installing: /root/DockerFiles/drone_ws/install/tello_msgs/include/tello_msgs/msg/rosidl_typesupport_fastrtps_cpp__visibility_control.h\n'}
[26.906832] (tello_msgs) StdoutLine: {'line': b'-- Up-to-date: /root/DockerFiles/drone_ws/install/tello_msgs/include/tello_msgs/srv\n'}
[26.906922] (tello_msgs) StdoutLine: {'line': b'-- Up-to-date: /root/DockerFiles/drone_ws/install/tello_msgs/include/tello_msgs/srv/detail\n'}
[26.906999] (tello_msgs) StdoutLine: {'line': b'-- Installing: /root/DockerFiles/drone_ws/install/tello_msgs/include/tello_msgs/srv/detail/dds_fastrtps\n'}
[26.907075] (tello_msgs) StdoutLine: {'line': b'-- Installing: /root/DockerFiles/drone_ws/install/tello_msgs/include/tello_msgs/srv/detail/tello_action__rosidl_typesupport_fastrtps_cpp.hpp\n'}
[26.907740] (tello_msgs) StdoutLine: {'line': b'-- Installing: /root/DockerFiles/drone_ws/install/tello_msgs/lib/libtello_msgs__rosidl_typesupport_fastrtps_cpp.so\n'}
[26.907853] (tello_msgs) StdoutLine: {'line': b'-- Set runtime path of "/root/DockerFiles/drone_ws/install/tello_msgs/lib/libtello_msgs__rosidl_typesupport_fastrtps_cpp.so" to ""\n'}
[26.907981] (tello_msgs) StdoutLine: {'line': b'-- Up-to-date: /root/DockerFiles/drone_ws/install/tello_msgs/include/tello_msgs\n'}
[26.908127] (tello_msgs) StdoutLine: {'line': b'-- Up-to-date: /root/DockerFiles/drone_ws/install/tello_msgs/include/tello_msgs/msg\n'}
[26.908320] (tello_msgs) StdoutLine: {'line': b'-- Up-to-date: /root/DockerFiles/drone_ws/install/tello_msgs/include/tello_msgs/msg/detail\n'}
[26.908457] (tello_msgs) StdoutLine: {'line': b'-- Installing: /root/DockerFiles/drone_ws/install/tello_msgs/include/tello_msgs/msg/detail/flight_data__rosidl_typesupport_introspection_c.h\n'}
[26.908572] (tello_msgs) StdoutLine: {'line': b'-- Installing: /root/DockerFiles/drone_ws/install/tello_msgs/include/tello_msgs/msg/detail/tello_response__type_support.c\n'}
[26.908692] (tello_msgs) StdoutLine: {'line': b'-- Installing: /root/DockerFiles/drone_ws/install/tello_msgs/include/tello_msgs/msg/detail/tello_response__rosidl_typesupport_introspection_c.h\n'}
[26.908831] (tello_msgs) StdoutLine: {'line': b'-- Installing: /root/DockerFiles/drone_ws/install/tello_msgs/include/tello_msgs/msg/detail/flight_data__type_support.c\n'}
[26.912910] (tello_msgs) StdoutLine: {'line': b'-- Installing: /root/DockerFiles/drone_ws/install/tello_msgs/include/tello_msgs/msg/rosidl_typesupport_introspection_c__visibility_control.h\n'}
[26.913270] (tello_msgs) StdoutLine: {'line': b'-- Up-to-date: /root/DockerFiles/drone_ws/install/tello_msgs/include/tello_msgs/srv\n'}
[26.915529] (tello_msgs) StdoutLine: {'line': b'-- Up-to-date: /root/DockerFiles/drone_ws/install/tello_msgs/include/tello_msgs/srv/detail\n'}
[26.915971] (tello_msgs) StdoutLine: {'line': b'-- Installing: /root/DockerFiles/drone_ws/install/tello_msgs/include/tello_msgs/srv/detail/tello_action__type_support.c\n'}
[26.916098] (tello_msgs) StdoutLine: {'line': b'-- Installing: /root/DockerFiles/drone_ws/install/tello_msgs/include/tello_msgs/srv/detail/tello_action__rosidl_typesupport_introspection_c.h\n'}
[26.916190] (tello_msgs) StdoutLine: {'line': b'-- Installing: /root/DockerFiles/drone_ws/install/tello_msgs/lib/libtello_msgs__rosidl_typesupport_introspection_c.so\n'}
[26.918076] (tello_msgs) StdoutLine: {'line': b'-- Set runtime path of "/root/DockerFiles/drone_ws/install/tello_msgs/lib/libtello_msgs__rosidl_typesupport_introspection_c.so" to ""\n'}
[26.918417] (tello_msgs) StdoutLine: {'line': b'-- Installing: /root/DockerFiles/drone_ws/install/tello_msgs/lib/libtello_msgs__rosidl_typesupport_c.so\n'}
[26.919675] (tello_msgs) StdoutLine: {'line': b'-- Set runtime path of "/root/DockerFiles/drone_ws/install/tello_msgs/lib/libtello_msgs__rosidl_typesupport_c.so" to ""\n'}
[26.919952] (tello_msgs) StdoutLine: {'line': b'-- Up-to-date: /root/DockerFiles/drone_ws/install/tello_msgs/include/tello_msgs\n'}
[26.920074] (tello_msgs) StdoutLine: {'line': b'-- Up-to-date: /root/DockerFiles/drone_ws/install/tello_msgs/include/tello_msgs/msg\n'}
[26.920168] (tello_msgs) StdoutLine: {'line': b'-- Up-to-date: /root/DockerFiles/drone_ws/install/tello_msgs/include/tello_msgs/msg/detail\n'}
[26.920259] (tello_msgs) StdoutLine: {'line': b'-- Installing: /root/DockerFiles/drone_ws/install/tello_msgs/include/tello_msgs/msg/detail/tello_response__type_support.hpp\n'}
[26.920345] (tello_msgs) StdoutLine: {'line': b'-- Installing: /root/DockerFiles/drone_ws/install/tello_msgs/include/tello_msgs/msg/detail/flight_data__struct.hpp\n'}
[26.920427] (tello_msgs) StdoutLine: {'line': b'-- Installing: /root/DockerFiles/drone_ws/install/tello_msgs/include/tello_msgs/msg/detail/tello_response__struct.hpp\n'}
[26.920584] (tello_msgs) StdoutLine: {'line': b'-- Installing: /root/DockerFiles/drone_ws/install/tello_msgs/include/tello_msgs/msg/detail/tello_response__traits.hpp\n'}
[26.921085] (tello_msgs) StdoutLine: {'line': b'-- Installing: /root/DockerFiles/drone_ws/install/tello_msgs/include/tello_msgs/msg/detail/tello_response__builder.hpp\n'}
[26.921475] (tello_msgs) StdoutLine: {'line': b'-- Installing: /root/DockerFiles/drone_ws/install/tello_msgs/include/tello_msgs/msg/detail/flight_data__type_support.hpp\n'}
[26.921823] (tello_msgs) StdoutLine: {'line': b'-- Installing: /root/DockerFiles/drone_ws/install/tello_msgs/include/tello_msgs/msg/detail/flight_data__traits.hpp\n'}
[26.922162] (tello_msgs) StdoutLine: {'line': b'-- Installing: /root/DockerFiles/drone_ws/install/tello_msgs/include/tello_msgs/msg/detail/flight_data__builder.hpp\n'}
[26.922581] (tello_msgs) StdoutLine: {'line': b'-- Installing: /root/DockerFiles/drone_ws/install/tello_msgs/include/tello_msgs/msg/rosidl_generator_cpp__visibility_control.hpp\n'}
[26.922923] (tello_msgs) StdoutLine: {'line': b'-- Installing: /root/DockerFiles/drone_ws/install/tello_msgs/include/tello_msgs/msg/tello_response.hpp\n'}
[26.923260] (tello_msgs) StdoutLine: {'line': b'-- Installing: /root/DockerFiles/drone_ws/install/tello_msgs/include/tello_msgs/msg/flight_data.hpp\n'}
[26.923821] (tello_msgs) StdoutLine: {'line': b'-- Up-to-date: /root/DockerFiles/drone_ws/install/tello_msgs/include/tello_msgs/srv\n'}
[26.924008] (tello_msgs) StdoutLine: {'line': b'-- Up-to-date: /root/DockerFiles/drone_ws/install/tello_msgs/include/tello_msgs/srv/detail\n'}
[26.924153] (tello_msgs) StdoutLine: {'line': b'-- Installing: /root/DockerFiles/drone_ws/install/tello_msgs/include/tello_msgs/srv/detail/tello_action__struct.hpp\n'}
[26.924279] (tello_msgs) StdoutLine: {'line': b'-- Installing: /root/DockerFiles/drone_ws/install/tello_msgs/include/tello_msgs/srv/detail/tello_action__builder.hpp\n'}
[26.924426] (tello_msgs) StdoutLine: {'line': b'-- Installing: /root/DockerFiles/drone_ws/install/tello_msgs/include/tello_msgs/srv/detail/tello_action__traits.hpp\n'}
[26.924559] (tello_msgs) StdoutLine: {'line': b'-- Installing: /root/DockerFiles/drone_ws/install/tello_msgs/include/tello_msgs/srv/detail/tello_action__type_support.hpp\n'}
[26.924707] (tello_msgs) StdoutLine: {'line': b'-- Installing: /root/DockerFiles/drone_ws/install/tello_msgs/include/tello_msgs/srv/tello_action.hpp\n'}
[26.924865] (tello_msgs) StdoutLine: {'line': b'-- Up-to-date: /root/DockerFiles/drone_ws/install/tello_msgs/include/tello_msgs\n'}
[26.925008] (tello_msgs) StdoutLine: {'line': b'-- Up-to-date: /root/DockerFiles/drone_ws/install/tello_msgs/include/tello_msgs/msg\n'}
[26.925297] (tello_msgs) StdoutLine: {'line': b'-- Up-to-date: /root/DockerFiles/drone_ws/install/tello_msgs/include/tello_msgs/msg/detail\n'}
[26.925467] (tello_msgs) StdoutLine: {'line': b'-- Installing: /root/DockerFiles/drone_ws/install/tello_msgs/include/tello_msgs/msg/detail/flight_data__type_support.cpp\n'}
[26.925621] (tello_msgs) StdoutLine: {'line': b'-- Installing: /root/DockerFiles/drone_ws/install/tello_msgs/include/tello_msgs/msg/detail/tello_response__rosidl_typesupport_introspection_cpp.hpp\n'}
[26.925772] (tello_msgs) StdoutLine: {'line': b'-- Installing: /root/DockerFiles/drone_ws/install/tello_msgs/include/tello_msgs/msg/detail/flight_data__rosidl_typesupport_introspection_cpp.hpp\n'}
[26.925937] (tello_msgs) StdoutLine: {'line': b'-- Installing: /root/DockerFiles/drone_ws/install/tello_msgs/include/tello_msgs/msg/detail/tello_response__type_support.cpp\n'}
[26.926166] (tello_msgs) StdoutLine: {'line': b'-- Up-to-date: /root/DockerFiles/drone_ws/install/tello_msgs/include/tello_msgs/srv\n'}
[26.926329] (tello_msgs) StdoutLine: {'line': b'-- Up-to-date: /root/DockerFiles/drone_ws/install/tello_msgs/include/tello_msgs/srv/detail\n'}
[26.926450] (tello_msgs) StdoutLine: {'line': b'-- Installing: /root/DockerFiles/drone_ws/install/tello_msgs/include/tello_msgs/srv/detail/tello_action__rosidl_typesupport_introspection_cpp.hpp\n'}
[26.926583] (tello_msgs) StdoutLine: {'line': b'-- Installing: /root/DockerFiles/drone_ws/install/tello_msgs/include/tello_msgs/srv/detail/tello_action__type_support.cpp\n'}
[26.926771] (tello_msgs) StdoutLine: {'line': b'-- Installing: /root/DockerFiles/drone_ws/install/tello_msgs/lib/libtello_msgs__rosidl_typesupport_introspection_cpp.so\n'}
[26.930064] (tello_msgs) StdoutLine: {'line': b'-- Set runtime path of "/root/DockerFiles/drone_ws/install/tello_msgs/lib/libtello_msgs__rosidl_typesupport_introspection_cpp.so" to ""\n'}
[26.930255] (tello_msgs) StdoutLine: {'line': b'-- Installing: /root/DockerFiles/drone_ws/install/tello_msgs/lib/libtello_msgs__rosidl_typesupport_cpp.so\n'}
[26.930320] (tello_msgs) StdoutLine: {'line': b'-- Set runtime path of "/root/DockerFiles/drone_ws/install/tello_msgs/lib/libtello_msgs__rosidl_typesupport_cpp.so" to ""\n'}
[26.930376] (tello_msgs) StdoutLine: {'line': b'-- Installing: /root/DockerFiles/drone_ws/install/tello_msgs/share/tello_msgs/environment/pythonpath.sh\n'}
[26.930429] (tello_msgs) StdoutLine: {'line': b'-- Installing: /root/DockerFiles/drone_ws/install/tello_msgs/share/tello_msgs/environment/pythonpath.dsv\n'}
[26.930480] (tello_msgs) StdoutLine: {'line': b'-- Installing: /root/DockerFiles/drone_ws/install/tello_msgs/lib/python3.8/site-packages/tello_msgs/__init__.py\n'}
[26.971617] (-) TimerEvent: {}
[27.002684] (tello_msgs) StdoutLine: {'line': b"Compiling '/root/DockerFiles/drone_ws/install/tello_msgs/lib/python3.8/site-packages/tello_msgs/__init__.py'...\n"}
[27.008889] (tello_msgs) StdoutLine: {'line': b'-- Installing: /root/DockerFiles/drone_ws/install/tello_msgs/lib/python3.8/site-packages/tello_msgs/msg\n'}
[27.010832] (tello_msgs) StdoutLine: {'line': b'-- Installing: /root/DockerFiles/drone_ws/install/tello_msgs/lib/python3.8/site-packages/tello_msgs/msg/_tello_response.py\n'}
[27.011296] (tello_msgs) StdoutLine: {'line': b'-- Installing: /root/DockerFiles/drone_ws/install/tello_msgs/lib/python3.8/site-packages/tello_msgs/msg/__init__.py\n'}
[27.011701] (tello_msgs) StdoutLine: {'line': b'-- Installing: /root/DockerFiles/drone_ws/install/tello_msgs/lib/python3.8/site-packages/tello_msgs/msg/_tello_response_s.c\n'}
[27.011901] (tello_msgs) StdoutLine: {'line': b'-- Installing: /root/DockerFiles/drone_ws/install/tello_msgs/lib/python3.8/site-packages/tello_msgs/msg/_flight_data_s.c\n'}
[27.012006] (tello_msgs) StdoutLine: {'line': b'-- Installing: /root/DockerFiles/drone_ws/install/tello_msgs/lib/python3.8/site-packages/tello_msgs/msg/_flight_data.py\n'}
[27.012088] (tello_msgs) StdoutLine: {'line': b'-- Installing: /root/DockerFiles/drone_ws/install/tello_msgs/lib/python3.8/site-packages/tello_msgs/srv\n'}
[27.012175] (tello_msgs) StdoutLine: {'line': b'-- Installing: /root/DockerFiles/drone_ws/install/tello_msgs/lib/python3.8/site-packages/tello_msgs/srv/__init__.py\n'}
[27.012262] (tello_msgs) StdoutLine: {'line': b'-- Installing: /root/DockerFiles/drone_ws/install/tello_msgs/lib/python3.8/site-packages/tello_msgs/srv/_tello_action.py\n'}
[27.013171] (tello_msgs) StdoutLine: {'line': b'-- Installing: /root/DockerFiles/drone_ws/install/tello_msgs/lib/python3.8/site-packages/tello_msgs/srv/_tello_action_s.c\n'}
[27.014514] (tello_msgs) StdoutLine: {'line': b'-- Installing: /root/DockerFiles/drone_ws/install/tello_msgs/lib/python3.8/site-packages/tello_msgs/tello_msgs_s__rosidl_typesupport_fastrtps_c.cpython-38-x86_64-linux-gnu.so\n'}
[27.016415] (tello_msgs) StdoutLine: {'line': b'-- Set runtime path of "/root/DockerFiles/drone_ws/install/tello_msgs/lib/python3.8/site-packages/tello_msgs/tello_msgs_s__rosidl_typesupport_fastrtps_c.cpython-38-x86_64-linux-gnu.so" to ""\n'}
[27.016756] (tello_msgs) StdoutLine: {'line': b'-- Installing: /root/DockerFiles/drone_ws/install/tello_msgs/lib/python3.8/site-packages/tello_msgs/tello_msgs_s__rosidl_typesupport_introspection_c.cpython-38-x86_64-linux-gnu.so\n'}
[27.018002] (tello_msgs) StdoutLine: {'line': b'-- Set runtime path of "/root/DockerFiles/drone_ws/install/tello_msgs/lib/python3.8/site-packages/tello_msgs/tello_msgs_s__rosidl_typesupport_introspection_c.cpython-38-x86_64-linux-gnu.so" to ""\n'}
[27.018214] (tello_msgs) StdoutLine: {'line': b'-- Installing: /root/DockerFiles/drone_ws/install/tello_msgs/lib/python3.8/site-packages/tello_msgs/tello_msgs_s__rosidl_typesupport_c.cpython-38-x86_64-linux-gnu.so\n'}
[27.018690] (tello_msgs) StdoutLine: {'line': b'-- Set runtime path of "/root/DockerFiles/drone_ws/install/tello_msgs/lib/python3.8/site-packages/tello_msgs/tello_msgs_s__rosidl_typesupport_c.cpython-38-x86_64-linux-gnu.so" to ""\n'}
[27.018833] (tello_msgs) StdoutLine: {'line': b'-- Installing: /root/DockerFiles/drone_ws/install/tello_msgs/lib/libtello_msgs__python.so\n'}
[27.019304] (tello_msgs) StdoutLine: {'line': b'-- Set runtime path of "/root/DockerFiles/drone_ws/install/tello_msgs/lib/libtello_msgs__python.so" to ""\n'}
[27.019451] (tello_msgs) StdoutLine: {'line': b'-- Installing: /root/DockerFiles/drone_ws/install/tello_msgs/share/tello_msgs/msg/FlightData.idl\n'}
[27.019635] (tello_msgs) StdoutLine: {'line': b'-- Installing: /root/DockerFiles/drone_ws/install/tello_msgs/share/tello_msgs/msg/TelloResponse.idl\n'}
[27.019861] (tello_msgs) StdoutLine: {'line': b'-- Installing: /root/DockerFiles/drone_ws/install/tello_msgs/share/tello_msgs/srv/TelloAction.idl\n'}
[27.020045] (tello_msgs) StdoutLine: {'line': b'-- Installing: /root/DockerFiles/drone_ws/install/tello_msgs/share/tello_msgs/msg/FlightData.msg\n'}
[27.020202] (tello_msgs) StdoutLine: {'line': b'-- Installing: /root/DockerFiles/drone_ws/install/tello_msgs/share/tello_msgs/msg/TelloResponse.msg\n'}
[27.020354] (tello_msgs) StdoutLine: {'line': b'-- Installing: /root/DockerFiles/drone_ws/install/tello_msgs/share/tello_msgs/srv/TelloAction.srv\n'}
[27.020698] (tello_msgs) StdoutLine: {'line': b'-- Installing: /root/DockerFiles/drone_ws/install/tello_msgs/share/tello_msgs/srv/TelloAction_Request.msg\n'}
[27.020856] (tello_msgs) StdoutLine: {'line': b'-- Installing: /root/DockerFiles/drone_ws/install/tello_msgs/share/tello_msgs/srv/TelloAction_Response.msg\n'}
[27.021152] (tello_msgs) StdoutLine: {'line': b'-- Installing: /root/DockerFiles/drone_ws/install/tello_msgs/share/ament_index/resource_index/package_run_dependencies/tello_msgs\n'}
[27.021442] (tello_msgs) StdoutLine: {'line': b'-- Installing: /root/DockerFiles/drone_ws/install/tello_msgs/share/ament_index/resource_index/parent_prefix_path/tello_msgs\n'}
[27.021639] (tello_msgs) StdoutLine: {'line': b'-- Installing: /root/DockerFiles/drone_ws/install/tello_msgs/share/tello_msgs/environment/ament_prefix_path.sh\n'}
[27.021849] (tello_msgs) StdoutLine: {'line': b'-- Installing: /root/DockerFiles/drone_ws/install/tello_msgs/share/tello_msgs/environment/ament_prefix_path.dsv\n'}
[27.024445] (tello_msgs) StdoutLine: {'line': b'-- Installing: /root/DockerFiles/drone_ws/install/tello_msgs/share/tello_msgs/environment/path.sh\n'}
[27.025436] (tello_msgs) StdoutLine: {'line': b'-- Installing: /root/DockerFiles/drone_ws/install/tello_msgs/share/tello_msgs/environment/path.dsv\n'}
[27.025821] (tello_msgs) StdoutLine: {'line': b'-- Installing: /root/DockerFiles/drone_ws/install/tello_msgs/share/tello_msgs/local_setup.bash\n'}
[27.025930] (tello_msgs) StdoutLine: {'line': b'-- Installing: /root/DockerFiles/drone_ws/install/tello_msgs/share/tello_msgs/local_setup.sh\n'}
[27.026330] (tello_msgs) StdoutLine: {'line': b'-- Installing: /root/DockerFiles/drone_ws/install/tello_msgs/share/tello_msgs/local_setup.zsh\n'}
[27.026464] (tello_msgs) StdoutLine: {'line': b'-- Installing: /root/DockerFiles/drone_ws/install/tello_msgs/share/tello_msgs/local_setup.dsv\n'}
[27.026579] (tello_msgs) StdoutLine: {'line': b'-- Installing: /root/DockerFiles/drone_ws/install/tello_msgs/share/tello_msgs/package.dsv\n'}
[27.026665] (tello_msgs) StdoutLine: {'line': b'-- Installing: /root/DockerFiles/drone_ws/install/tello_msgs/share/ament_index/resource_index/packages/tello_msgs\n'}
[27.026759] (tello_msgs) StdoutLine: {'line': b'-- Installing: /root/DockerFiles/drone_ws/install/tello_msgs/share/tello_msgs/cmake/tello_msgs__rosidl_generator_cExport.cmake\n'}
[27.026881] (tello_msgs) StdoutLine: {'line': b'-- Installing: /root/DockerFiles/drone_ws/install/tello_msgs/share/tello_msgs/cmake/tello_msgs__rosidl_generator_cExport-noconfig.cmake\n'}
[27.026982] (tello_msgs) StdoutLine: {'line': b'-- Installing: /root/DockerFiles/drone_ws/install/tello_msgs/share/tello_msgs/cmake/tello_msgs__rosidl_typesupport_introspection_cExport.cmake\n'}
[27.027071] (tello_msgs) StdoutLine: {'line': b'-- Installing: /root/DockerFiles/drone_ws/install/tello_msgs/share/tello_msgs/cmake/tello_msgs__rosidl_typesupport_introspection_cExport-noconfig.cmake\n'}
[27.027170] (tello_msgs) StdoutLine: {'line': b'-- Installing: /root/DockerFiles/drone_ws/install/tello_msgs/share/tello_msgs/cmake/tello_msgs__rosidl_typesupport_cExport.cmake\n'}
[27.027256] (tello_msgs) StdoutLine: {'line': b'-- Installing: /root/DockerFiles/drone_ws/install/tello_msgs/share/tello_msgs/cmake/tello_msgs__rosidl_typesupport_cExport-noconfig.cmake\n'}
[27.027351] (tello_msgs) StdoutLine: {'line': b'-- Installing: /root/DockerFiles/drone_ws/install/tello_msgs/share/tello_msgs/cmake/tello_msgs__rosidl_generator_cppExport.cmake\n'}
[27.027430] (tello_msgs) StdoutLine: {'line': b'-- Installing: /root/DockerFiles/drone_ws/install/tello_msgs/share/tello_msgs/cmake/tello_msgs__rosidl_typesupport_introspection_cppExport.cmake\n'}
[27.027514] (tello_msgs) StdoutLine: {'line': b'-- Installing: /root/DockerFiles/drone_ws/install/tello_msgs/share/tello_msgs/cmake/tello_msgs__rosidl_typesupport_introspection_cppExport-noconfig.cmake\n'}
[27.027602] (tello_msgs) StdoutLine: {'line': b'-- Installing: /root/DockerFiles/drone_ws/install/tello_msgs/share/tello_msgs/cmake/tello_msgs__rosidl_typesupport_cppExport.cmake\n'}
[27.027696] (tello_msgs) StdoutLine: {'line': b'-- Installing: /root/DockerFiles/drone_ws/install/tello_msgs/share/tello_msgs/cmake/tello_msgs__rosidl_typesupport_cppExport-noconfig.cmake\n'}
[27.027781] (tello_msgs) StdoutLine: {'line': b'-- Installing: /root/DockerFiles/drone_ws/install/tello_msgs/share/tello_msgs/cmake/rosidl_cmake-extras.cmake\n'}
[27.027877] (tello_msgs) StdoutLine: {'line': b'-- Installing: /root/DockerFiles/drone_ws/install/tello_msgs/share/tello_msgs/cmake/ament_cmake_export_dependencies-extras.cmake\n'}
[27.032745] (tello_msgs) StdoutLine: {'line': b'-- Installing: /root/DockerFiles/drone_ws/install/tello_msgs/share/tello_msgs/cmake/ament_cmake_export_libraries-extras.cmake\n'}
[27.041667] (tello_msgs) StdoutLine: {'line': b'-- Installing: /root/DockerFiles/drone_ws/install/tello_msgs/share/tello_msgs/cmake/ament_cmake_export_targets-extras.cmake\n'}
[27.041856] (tello_msgs) StdoutLine: {'line': b'-- Installing: /root/DockerFiles/drone_ws/install/tello_msgs/share/tello_msgs/cmake/ament_cmake_export_include_directories-extras.cmake\n'}
[27.041980] (tello_msgs) StdoutLine: {'line': b'-- Installing: /root/DockerFiles/drone_ws/install/tello_msgs/share/tello_msgs/cmake/rosidl_cmake_export_typesupport_libraries-extras.cmake\n'}
[27.042072] (tello_msgs) StdoutLine: {'line': b'-- Installing: /root/DockerFiles/drone_ws/install/tello_msgs/share/tello_msgs/cmake/rosidl_cmake_export_typesupport_targets-extras.cmake\n'}
[27.042165] (tello_msgs) StdoutLine: {'line': b'-- Installing: /root/DockerFiles/drone_ws/install/tello_msgs/share/tello_msgs/cmake/tello_msgsConfig.cmake\n'}
[27.042247] (tello_msgs) StdoutLine: {'line': b'-- Installing: /root/DockerFiles/drone_ws/install/tello_msgs/share/tello_msgs/cmake/tello_msgsConfig-version.cmake\n'}
[27.042329] (tello_msgs) StdoutLine: {'line': b'-- Installing: /root/DockerFiles/drone_ws/install/tello_msgs/share/tello_msgs/package.xml\n'}
[27.042415] (tello_msgs) CommandEnded: {'returncode': 0}
[27.074040] (-) TimerEvent: {}
[27.174400] (-) TimerEvent: {}
[27.274870] (-) TimerEvent: {}
[27.327551] (tello_msgs) JobEnded: {'identifier': 'tello_msgs', 'rc': 0}
[27.328405] (tello_driver) JobStarted: {'identifier': 'tello_driver'}
[27.337800] (tello_gazebo) JobStarted: {'identifier': 'tello_gazebo'}
[27.362868] (tello_driver) JobProgress: {'identifier': 'tello_driver', 'progress': 'cmake'}
[27.363162] (tello_driver) Command: {'cmd': ['/usr/bin/cmake', '/root/DockerFiles/drone_ws/src/tello_ros/tello_driver', '-DCMAKE_INSTALL_PREFIX=/root/DockerFiles/drone_ws/install/tello_driver'], 'cwd': '/root/DockerFiles/drone_ws/build/tello_driver', 'env': OrderedDict([('HOSTNAME', 'vdani-H410M-H-V2'), ('SHLVL', '1'), ('LD_LIBRARY_PATH', '/root/DockerFiles/drone_ws/install/tello_msgs/lib:/usr/lib/x86_64-linux-gnu/gazebo-11/plugins:/opt/ros/foxy/opt/yaml_cpp_vendor/lib:/opt/ros/foxy/opt/rviz_ogre_vendor/lib:/opt/ros/foxy/lib/x86_64-linux-gnu:/opt/ros/foxy/lib'), ('HOME', '/root'), ('OLDPWD', '/root/DockerFiles'), ('ROS_PYTHON_VERSION', '3'), ('ROS_DISTRO', 'foxy'), ('_', '/usr/bin/colcon'), ('ROS_VERSION', '2'), ('TERM', 'xterm'), ('ROS_LOCALHOST_ONLY', '0'), ('QT_X11_NO_MITSHM', '1'), ('PATH', '/opt/ros/foxy/bin:/usr/local/sbin:/usr/local/bin:/usr/sbin:/usr/bin:/sbin:/bin'), ('XDG_RUNTIME_DIR', '/run/user/1000'), ('DISPLAY', ':0'), ('LANG', 'C.UTF-8'), ('RMW_IMPLEMENTATION', 'rmw_fastrtps_cpp'), ('LS_COLORS', 'rs=0:di=01;34:ln=01;36:mh=00:pi=40;33:so=01;35:do=01;35:bd=40;33;01:cd=40;33;01:or=40;31;01:mi=00:su=37;41:sg=30;43:ca=30;41:tw=30;42:ow=34;42:st=37;44:ex=01;32:*.tar=01;31:*.tgz=01;31:*.arc=01;31:*.arj=01;31:*.taz=01;31:*.lha=01;31:*.lz4=01;31:*.lzh=01;31:*.lzma=01;31:*.tlz=01;31:*.txz=01;31:*.tzo=01;31:*.t7z=01;31:*.zip=01;31:*.z=01;31:*.dz=01;31:*.gz=01;31:*.lrz=01;31:*.lz=01;31:*.lzo=01;31:*.xz=01;31:*.zst=01;31:*.tzst=01;31:*.bz2=01;31:*.bz=01;31:*.tbz=01;31:*.tbz2=01;31:*.tz=01;31:*.deb=01;31:*.rpm=01;31:*.jar=01;31:*.war=01;31:*.ear=01;31:*.sar=01;31:*.rar=01;31:*.alz=01;31:*.ace=01;31:*.zoo=01;31:*.cpio=01;31:*.7z=01;31:*.rz=01;31:*.cab=01;31:*.wim=01;31:*.swm=01;31:*.dwm=01;31:*.esd=01;31:*.jpg=01;35:*.jpeg=01;35:*.mjpg=01;35:*.mjpeg=01;35:*.gif=01;35:*.bmp=01;35:*.pbm=01;35:*.pgm=01;35:*.ppm=01;35:*.tga=01;35:*.xbm=01;35:*.xpm=01;35:*.tif=01;35:*.tiff=01;35:*.png=01;35:*.svg=01;35:*.svgz=01;35:*.mng=01;35:*.pcx=01;35:*.mov=01;35:*.mpg=01;35:*.mpeg=01;35:*.m2v=01;35:*.mkv=01;35:*.webm=01;35:*.ogm=01;35:*.mp4=01;35:*.m4v=01;35:*.mp4v=01;35:*.vob=01;35:*.qt=01;35:*.nuv=01;35:*.wmv=01;35:*.asf=01;35:*.rm=01;35:*.rmvb=01;35:*.flc=01;35:*.avi=01;35:*.fli=01;35:*.flv=01;35:*.gl=01;35:*.dl=01;35:*.xcf=01;35:*.xwd=01;35:*.yuv=01;35:*.cgm=01;35:*.emf=01;35:*.ogv=01;35:*.ogx=01;35:*.aac=00;36:*.au=00;36:*.flac=00;36:*.m4a=00;36:*.mid=00;36:*.midi=00;36:*.mka=00;36:*.mp3=00;36:*.mpc=00;36:*.ogg=00;36:*.ra=00;36:*.wav=00;36:*.oga=00;36:*.opus=00;36:*.spx=00;36:*.xspf=00;36:'), ('AMENT_PREFIX_PATH', '/root/DockerFiles/drone_ws/install/tello_msgs:/root/DockerFiles/drone_ws/install/ros2_shared:/opt/ros/foxy'), ('PWD', '/root/DockerFiles/drone_ws/build/tello_driver'), ('LC_ALL', 'C.UTF-8'), ('PYTHONPATH', '/root/DockerFiles/drone_ws/install/tello_msgs/lib/python3.8/site-packages:/opt/ros/foxy/lib/python3.8/site-packages'), ('COLCON', '1'), ('CMAKE_PREFIX_PATH', '/root/DockerFiles/drone_ws/install/tello_msgs:/root/DockerFiles/drone_ws/install/ros2_shared:/opt/ros/foxy')]), 'shell': False}
[27.371267] (tello_gazebo) JobProgress: {'identifier': 'tello_gazebo', 'progress': 'cmake'}
[27.371646] (tello_gazebo) Command: {'cmd': ['/usr/bin/cmake', '/root/DockerFiles/drone_ws/src/tello_ros/tello_gazebo', '-DCMAKE_INSTALL_PREFIX=/root/DockerFiles/drone_ws/install/tello_gazebo'], 'cwd': '/root/DockerFiles/drone_ws/build/tello_gazebo', 'env': OrderedDict([('HOSTNAME', 'vdani-H410M-H-V2'), ('SHLVL', '1'), ('LD_LIBRARY_PATH', '/root/DockerFiles/drone_ws/install/tello_msgs/lib:/usr/lib/x86_64-linux-gnu/gazebo-11/plugins:/opt/ros/foxy/opt/yaml_cpp_vendor/lib:/opt/ros/foxy/opt/rviz_ogre_vendor/lib:/opt/ros/foxy/lib/x86_64-linux-gnu:/opt/ros/foxy/lib'), ('HOME', '/root'), ('OLDPWD', '/root/DockerFiles'), ('ROS_PYTHON_VERSION', '3'), ('ROS_DISTRO', 'foxy'), ('_', '/usr/bin/colcon'), ('ROS_VERSION', '2'), ('TERM', 'xterm'), ('ROS_LOCALHOST_ONLY', '0'), ('QT_X11_NO_MITSHM', '1'), ('PATH', '/opt/ros/foxy/bin:/usr/local/sbin:/usr/local/bin:/usr/sbin:/usr/bin:/sbin:/bin'), ('XDG_RUNTIME_DIR', '/run/user/1000'), ('DISPLAY', ':0'), ('LANG', 'C.UTF-8'), ('RMW_IMPLEMENTATION', 'rmw_fastrtps_cpp'), ('LS_COLORS', 'rs=0:di=01;34:ln=01;36:mh=00:pi=40;33:so=01;35:do=01;35:bd=40;33;01:cd=40;33;01:or=40;31;01:mi=00:su=37;41:sg=30;43:ca=30;41:tw=30;42:ow=34;42:st=37;44:ex=01;32:*.tar=01;31:*.tgz=01;31:*.arc=01;31:*.arj=01;31:*.taz=01;31:*.lha=01;31:*.lz4=01;31:*.lzh=01;31:*.lzma=01;31:*.tlz=01;31:*.txz=01;31:*.tzo=01;31:*.t7z=01;31:*.zip=01;31:*.z=01;31:*.dz=01;31:*.gz=01;31:*.lrz=01;31:*.lz=01;31:*.lzo=01;31:*.xz=01;31:*.zst=01;31:*.tzst=01;31:*.bz2=01;31:*.bz=01;31:*.tbz=01;31:*.tbz2=01;31:*.tz=01;31:*.deb=01;31:*.rpm=01;31:*.jar=01;31:*.war=01;31:*.ear=01;31:*.sar=01;31:*.rar=01;31:*.alz=01;31:*.ace=01;31:*.zoo=01;31:*.cpio=01;31:*.7z=01;31:*.rz=01;31:*.cab=01;31:*.wim=01;31:*.swm=01;31:*.dwm=01;31:*.esd=01;31:*.jpg=01;35:*.jpeg=01;35:*.mjpg=01;35:*.mjpeg=01;35:*.gif=01;35:*.bmp=01;35:*.pbm=01;35:*.pgm=01;35:*.ppm=01;35:*.tga=01;35:*.xbm=01;35:*.xpm=01;35:*.tif=01;35:*.tiff=01;35:*.png=01;35:*.svg=01;35:*.svgz=01;35:*.mng=01;35:*.pcx=01;35:*.mov=01;35:*.mpg=01;35:*.mpeg=01;35:*.m2v=01;35:*.mkv=01;35:*.webm=01;35:*.ogm=01;35:*.mp4=01;35:*.m4v=01;35:*.mp4v=01;35:*.vob=01;35:*.qt=01;35:*.nuv=01;35:*.wmv=01;35:*.asf=01;35:*.rm=01;35:*.rmvb=01;35:*.flc=01;35:*.avi=01;35:*.fli=01;35:*.flv=01;35:*.gl=01;35:*.dl=01;35:*.xcf=01;35:*.xwd=01;35:*.yuv=01;35:*.cgm=01;35:*.emf=01;35:*.ogv=01;35:*.ogx=01;35:*.aac=00;36:*.au=00;36:*.flac=00;36:*.m4a=00;36:*.mid=00;36:*.midi=00;36:*.mka=00;36:*.mp3=00;36:*.mpc=00;36:*.ogg=00;36:*.ra=00;36:*.wav=00;36:*.oga=00;36:*.opus=00;36:*.spx=00;36:*.xspf=00;36:'), ('AMENT_PREFIX_PATH', '/root/DockerFiles/drone_ws/install/tello_msgs:/opt/ros/foxy'), ('PWD', '/root/DockerFiles/drone_ws/build/tello_gazebo'), ('LC_ALL', 'C.UTF-8'), ('PYTHONPATH', '/root/DockerFiles/drone_ws/install/tello_msgs/lib/python3.8/site-packages:/opt/ros/foxy/lib/python3.8/site-packages'), ('COLCON', '1'), ('CMAKE_PREFIX_PATH', '/root/DockerFiles/drone_ws/install/tello_msgs:/opt/ros/foxy')]), 'shell': False}
[27.377960] (-) TimerEvent: {}
[27.481983] (-) TimerEvent: {}
[27.484965] (tello_driver) StdoutLine: {'line': b'-- The C compiler identification is GNU 9.4.0\n'}
[27.513670] (tello_gazebo) StdoutLine: {'line': b'-- The C compiler identification is GNU 9.4.0\n'}
[27.582080] (-) TimerEvent: {}
[27.628890] (tello_driver) StdoutLine: {'line': b'-- The CXX compiler identification is GNU 9.4.0\n'}
[27.634989] (tello_driver) StdoutLine: {'line': b'-- Check for working C compiler: /usr/bin/cc\n'}
[27.641752] (tello_gazebo) StdoutLine: {'line': b'-- The CXX compiler identification is GNU 9.4.0\n'}
[27.652249] (tello_gazebo) StdoutLine: {'line': b'-- Check for working C compiler: /usr/bin/cc\n'}
[27.682184] (-) TimerEvent: {}
[27.782547] (-) TimerEvent: {}
[27.817298] (tello_gazebo) StdoutLine: {'line': b'-- Check for working C compiler: /usr/bin/cc -- works\n'}
[27.818562] (tello_gazebo) StdoutLine: {'line': b'-- Detecting C compiler ABI info\n'}
[27.826173] (tello_driver) StdoutLine: {'line': b'-- Check for working C compiler: /usr/bin/cc -- works\n'}
[27.826480] (tello_driver) StdoutLine: {'line': b'-- Detecting C compiler ABI info\n'}
[27.882941] (-) TimerEvent: {}
[27.972196] (tello_driver) StdoutLine: {'line': b'-- Detecting C compiler ABI info - done\n'}
[27.983105] (-) TimerEvent: {}
[27.989342] (tello_gazebo) StdoutLine: {'line': b'-- Detecting C compiler ABI info - done\n'}
[27.990232] (tello_driver) StdoutLine: {'line': b'-- Detecting C compile features\n'}
[27.991892] (tello_driver) StdoutLine: {'line': b'-- Detecting C compile features - done\n'}
[27.994542] (tello_driver) StdoutLine: {'line': b'-- Check for working CXX compiler: /usr/bin/c++\n'}
[28.023986] (tello_gazebo) StdoutLine: {'line': b'-- Detecting C compile features\n'}
[28.024222] (tello_gazebo) StdoutLine: {'line': b'-- Detecting C compile features - done\n'}
[28.024328] (tello_gazebo) StdoutLine: {'line': b'-- Check for working CXX compiler: /usr/bin/c++\n'}
[28.083250] (-) TimerEvent: {}
[28.142506] (tello_driver) StdoutLine: {'line': b'-- Check for working CXX compiler: /usr/bin/c++ -- works\n'}
[28.144139] (tello_driver) StdoutLine: {'line': b'-- Detecting CXX compiler ABI info\n'}
[28.180662] (tello_gazebo) StdoutLine: {'line': b'-- Check for working CXX compiler: /usr/bin/c++ -- works\n'}
[28.187065] (tello_gazebo) StdoutLine: {'line': b'-- Detecting CXX compiler ABI info\n'}
[28.187506] (-) TimerEvent: {}
[28.287922] (-) TimerEvent: {}
[28.312962] (tello_driver) StdoutLine: {'line': b'-- Detecting CXX compiler ABI info - done\n'}
[28.325602] (tello_driver) StdoutLine: {'line': b'-- Detecting CXX compile features\n'}
[28.326462] (tello_driver) StdoutLine: {'line': b'-- Detecting CXX compile features - done\n'}
[28.331948] (tello_driver) StdoutLine: {'line': b'-- Found ament_cmake: 0.9.12 (/opt/ros/foxy/share/ament_cmake/cmake)\n'}
[28.364081] (tello_gazebo) StdoutLine: {'line': b'-- Detecting CXX compiler ABI info - done\n'}
[28.377745] (tello_driver) StdoutLine: {'line': b'-- Found PythonInterp: /usr/bin/python3 (found suitable version "3.8.10", minimum required is "3") \n'}
[28.378077] (tello_driver) StdoutLine: {'line': b'-- Using PYTHON_EXECUTABLE: /usr/bin/python3\n'}
[28.388243] (-) TimerEvent: {}
[28.397963] (tello_gazebo) StdoutLine: {'line': b'-- Detecting CXX compile features\n'}
[28.398906] (tello_gazebo) StdoutLine: {'line': b'-- Detecting CXX compile features - done\n'}
[28.404107] (tello_gazebo) StdoutLine: {'line': b'-- Found ament_cmake: 0.9.12 (/opt/ros/foxy/share/ament_cmake/cmake)\n'}
[28.447097] (tello_gazebo) StdoutLine: {'line': b'-- Found PythonInterp: /usr/bin/python3 (found suitable version "3.8.10", minimum required is "3") \n'}
[28.452924] (tello_gazebo) StdoutLine: {'line': b'-- Using PYTHON_EXECUTABLE: /usr/bin/python3\n'}
[28.488362] (-) TimerEvent: {}
[28.591175] (-) TimerEvent: {}
[28.674881] (tello_driver) StdoutLine: {'line': b'-- Found camera_calibration_parsers: 2.4.0 (/opt/ros/foxy/share/camera_calibration_parsers/cmake)\n'}
[28.691338] (-) TimerEvent: {}
[28.778693] (tello_driver) StdoutLine: {'line': b'-- Using all available rosidl_typesupport_c: rosidl_typesupport_fastrtps_c;rosidl_typesupport_introspection_c\n'}
[28.791423] (-) TimerEvent: {}
[28.798061] (tello_driver) StdoutLine: {'line': b'-- Found rosidl_adapter: 1.3.1 (/opt/ros/foxy/share/rosidl_adapter/cmake)\n'}
[28.812053] (tello_gazebo) StdoutLine: {'line': b'-- Found PkgConfig: /usr/bin/pkg-config (found version "0.29.1") \n'}
[28.823539] (tello_gazebo) StdoutLine: {'line': b"-- Checking for module 'bullet>=2.82'\n"}
[28.867055] (tello_gazebo) StdoutLine: {'line': b'--   Found bullet, version 2.88\n'}
[28.893269] (-) TimerEvent: {}
[28.995909] (-) TimerEvent: {}
[29.014987] (tello_driver) StdoutLine: {'line': b'-- Found OpenSSL: /usr/lib/x86_64-linux-gnu/libcrypto.so (found version "1.1.1f")  \n'}
[29.101507] (-) TimerEvent: {}
[29.108720] (tello_driver) StdoutLine: {'line': b'-- Found FastRTPS: /opt/ros/foxy/include  \n'}
[29.202890] (-) TimerEvent: {}
[29.220325] (tello_gazebo) StdoutLine: {'line': b'-- Found ccd: /usr/include (found suitable version "2.0", minimum required is "2.0") \n'}
[29.252748] (tello_driver) StdoutLine: {'line': b'-- Using all available rosidl_typesupport_cpp: rosidl_typesupport_fastrtps_cpp;rosidl_typesupport_introspection_cpp\n'}
[29.303439] (-) TimerEvent: {}
[29.340886] (tello_driver) StdoutLine: {'line': b'-- Found rmw_implementation_cmake: 1.0.4 (/opt/ros/foxy/share/rmw_implementation_cmake/cmake)\n'}
[29.343267] (tello_driver) StdoutLine: {'line': b"-- Using RMW implementation 'rmw_fastrtps_cpp' as default\n"}
[29.350854] (tello_driver) StdoutLine: {'line': b'-- Looking for pthread.h\n'}
[29.401056] (tello_gazebo) StdoutLine: {'line': b'-- Found fcl: /usr/include (found suitable version "0.5.0", minimum required is "0.3.2") \n'}
[29.405289] (-) TimerEvent: {}
[29.505695] (-) TimerEvent: {}
[29.542745] (tello_gazebo) StdoutLine: {'line': b'-- Found assimp: /usr/include (found version "5.0.0") \n'}
[29.543063] (tello_driver) StdoutLine: {'line': b'-- Looking for pthread.h - found\n'}
[29.543533] (tello_driver) StdoutLine: {'line': b'-- Performing Test CMAKE_HAVE_LIBC_PTHREAD\n'}
[29.607324] (-) TimerEvent: {}
[29.608520] (tello_gazebo) StdoutLine: {'line': b'-- Found DART: /usr/include (Required is at least version "6.6") found components: dart \n'}
[29.707537] (-) TimerEvent: {}
[29.732646] (tello_driver) StdoutLine: {'line': b'-- Performing Test CMAKE_HAVE_LIBC_PTHREAD - Failed\n'}
[29.735609] (tello_driver) StdoutLine: {'line': b'-- Looking for pthread_create in pthreads\n'}
[29.807952] (-) TimerEvent: {}
[29.846020] (tello_driver) StdoutLine: {'line': b'-- Looking for pthread_create in pthreads - not found\n'}
[29.848086] (tello_driver) StdoutLine: {'line': b'-- Looking for pthread_create in pthread\n'}
[29.926889] (-) TimerEvent: {}
[30.029195] (-) TimerEvent: {}
[30.085117] (tello_driver) StdoutLine: {'line': b'-- Looking for pthread_create in pthread - found\n'}
[30.085338] (tello_driver) StdoutLine: {'line': b'-- Found Threads: TRUE  \n'}
[30.133622] (-) TimerEvent: {}
[30.234037] (-) TimerEvent: {}
[30.341904] (-) TimerEvent: {}
[30.375809] (tello_gazebo) StdoutLine: {'line': b'-- Found Boost: /usr/lib/x86_64-linux-gnu/cmake/Boost-1.71.0/BoostConfig.cmake (found suitable version "1.71.0", minimum required is "1.40.0") found components: thread system filesystem program_options regex iostreams date_time \n'}
[30.437364] (tello_gazebo) StdoutLine: {'line': b'-- Found Protobuf: /usr/lib/x86_64-linux-gnu/libprotobuf.so;-lpthread (found version "3.6.1") \n'}
[30.444277] (-) TimerEvent: {}
[30.450132] (tello_gazebo) StdoutLine: {'line': b'-- Looking for ignition-math6 -- found version 6.13.0\n'}
[30.464315] (tello_gazebo) StdoutLine: {'line': b'-- Searching for dependencies of ignition-math6\n'}
[30.469657] (tello_gazebo) StdoutLine: {'line': b'-- Looking for OGRE...\n'}
[30.479153] (tello_gazebo) StdoutLine: {'line': b'-- OGRE_PREFIX_WATCH changed.\n'}
[30.490929] (tello_gazebo) StdoutLine: {'line': b"-- Checking for module 'OGRE'\n"}
[30.541580] (tello_gazebo) StdoutLine: {'line': b'--   Found OGRE, version 1.9.0\n'}
[30.544429] (-) TimerEvent: {}
[30.639609] (tello_driver) StdoutLine: {'line': b"-- Setting yaml-cpp_DIR to: '/opt/ros/foxy/share/yaml_cpp_vendor/cmake/../../../opt/yaml_cpp_vendor/lib/cmake/yaml-cpp'\n"}
[30.644916] (-) TimerEvent: {}
[30.645373] (tello_gazebo) StdoutLine: {'line': b'-- Found Ogre Ghadamon (1.9.0)\n'}
[30.651212] (tello_driver) StdoutLine: {'line': b'-- Found class_loader: 2.0.3 (/opt/ros/foxy/share/class_loader/cmake)\n'}
[30.661297] (tello_gazebo) StdoutLine: {'line': b'-- Found OGRE: optimized;/usr/lib/x86_64-linux-gnu/libOgreMain.so;debug;/usr/lib/x86_64-linux-gnu/libOgreMain.so\n'}
[30.669916] (tello_driver) StdoutLine: {'line': b'-- Found cv_bridge: 3.0.7 (/opt/ros/foxy/share/cv_bridge/cmake)\n'}
[30.679378] (tello_gazebo) StdoutLine: {'line': b'-- Looking for OGRE_Paging...\n'}
[30.695136] (tello_gazebo) StdoutLine: {'line': b'-- Found OGRE_Paging: optimized;/usr/lib/x86_64-linux-gnu/libOgrePaging.so;debug;/usr/lib/x86_64-linux-gnu/libOgrePaging.so\n'}
[30.695479] (tello_gazebo) StdoutLine: {'line': b'-- Looking for OGRE_Terrain...\n'}
[30.710707] (tello_gazebo) StdoutLine: {'line': b'-- Found OGRE_Terrain: optimized;/usr/lib/x86_64-linux-gnu/libOgreTerrain.so;debug;/usr/lib/x86_64-linux-gnu/libOgreTerrain.so\n'}
[30.711716] (tello_gazebo) StdoutLine: {'line': b'-- Looking for OGRE_Property...\n'}
[30.721058] (tello_gazebo) StdoutLine: {'line': b'-- Found OGRE_Property: optimized;/usr/lib/x86_64-linux-gnu/libOgreProperty.so;debug;/usr/lib/x86_64-linux-gnu/libOgreProperty.so\n'}
[30.721464] (tello_gazebo) StdoutLine: {'line': b'-- Looking for OGRE_RTShaderSystem...\n'}
[30.724664] (tello_driver) StdoutLine: {'line': b'-- Found OpenCV: /usr (found version "4.2.0") \n'}
[30.728884] (tello_driver) StdoutLine: {'line': b'-- Found rclcpp_components: 2.4.3 (/opt/ros/foxy/share/rclcpp_components/cmake)\n'}
[30.732255] (tello_gazebo) StdoutLine: {'line': b'-- Found OGRE_RTShaderSystem: optimized;/usr/lib/x86_64-linux-gnu/libOgreRTShaderSystem.so;debug;/usr/lib/x86_64-linux-gnu/libOgreRTShaderSystem.so\n'}
[30.732665] (tello_gazebo) StdoutLine: {'line': b'-- Looking for OGRE_Volume...\n'}
[30.745230] (tello_gazebo) StdoutLine: {'line': b'-- Found OGRE_Volume: optimized;/usr/lib/x86_64-linux-gnu/libOgreVolume.so;debug;/usr/lib/x86_64-linux-gnu/libOgreVolume.so\n'}
[30.745537] (-) TimerEvent: {}
[30.746255] (tello_gazebo) StdoutLine: {'line': b'-- Looking for OGRE_Overlay...\n'}
[30.753656] (tello_gazebo) StdoutLine: {'line': b'-- Found OGRE_Overlay: optimized;/usr/lib/x86_64-linux-gnu/libOgreOverlay.so;debug;/usr/lib/x86_64-linux-gnu/libOgreOverlay.so\n'}
[30.846710] (-) TimerEvent: {}
[30.876908] (tello_driver) StdoutLine: {'line': b'-- Found ros2_shared: 0.1.0 (/root/DockerFiles/drone_ws/install/ros2_shared/share/ros2_shared/cmake)\n'}
[30.886143] (tello_driver) StdoutLine: {'line': b'-- Found tello_msgs: 0.1.0 (/root/DockerFiles/drone_ws/install/tello_msgs/share/tello_msgs/cmake)\n'}
[30.947157] (-) TimerEvent: {}
[31.050396] (-) TimerEvent: {}
[31.069902] (tello_gazebo) StdoutLine: {'line': b'-- Looking for ignition-math6 -- found version 6.13.0\n'}
[31.076010] (tello_gazebo) StdoutLine: {'line': b'-- Looking for ignition-transport8 -- found version 8.3.0\n'}
[31.076289] (tello_gazebo) StdoutLine: {'line': b'-- Searching for dependencies of ignition-transport8\n'}
[31.112487] (tello_gazebo) StdoutLine: {'line': b'-- Found Protobuf: /usr/lib/x86_64-linux-gnu/libprotobuf.so;-lpthread (found suitable version "3.6.1", minimum required is "3") \n'}
[31.134858] (tello_gazebo) StdoutLine: {'line': b'-- Config-file not installed for ZeroMQ -- checking for pkg-config\n'}
[31.146319] (tello_gazebo) StdoutLine: {'line': b"-- Checking for module 'libzmq >= 4'\n"}
[31.154668] (-) TimerEvent: {}
[31.228822] (tello_driver) StdoutLine: {'line': b'-- Configuring done\n'}
[31.255031] (tello_gazebo) StdoutLine: {'line': b'--   Found libzmq , version 4.3.2\n'}
[31.255344] (-) TimerEvent: {}
[31.355882] (-) TimerEvent: {}
[31.390190] (tello_driver) StdoutLine: {'line': b'-- Generating done\n'}
[31.390579] (tello_driver) StdoutLine: {'line': b'-- Build files have been written to: /root/DockerFiles/drone_ws/build/tello_driver\n'}
[31.400652] (tello_gazebo) StdoutLine: {'line': b'-- Found ZeroMQ: TRUE (Required is at least version "4") \n'}
[31.411035] (tello_gazebo) StdoutLine: {'line': b"-- Checking for module 'uuid'\n"}
[31.417373] (tello_driver) CommandEnded: {'returncode': 0}
[31.418751] (tello_driver) JobProgress: {'identifier': 'tello_driver', 'progress': 'build'}
[31.418820] (tello_driver) Command: {'cmd': ['/usr/bin/cmake', '--build', '/root/DockerFiles/drone_ws/build/tello_driver', '--', '-j12', '-l12'], 'cwd': '/root/DockerFiles/drone_ws/build/tello_driver', 'env': OrderedDict([('HOSTNAME', 'vdani-H410M-H-V2'), ('SHLVL', '1'), ('LD_LIBRARY_PATH', '/root/DockerFiles/drone_ws/install/tello_msgs/lib:/usr/lib/x86_64-linux-gnu/gazebo-11/plugins:/opt/ros/foxy/opt/yaml_cpp_vendor/lib:/opt/ros/foxy/opt/rviz_ogre_vendor/lib:/opt/ros/foxy/lib/x86_64-linux-gnu:/opt/ros/foxy/lib'), ('HOME', '/root'), ('OLDPWD', '/root/DockerFiles'), ('ROS_PYTHON_VERSION', '3'), ('ROS_DISTRO', 'foxy'), ('_', '/usr/bin/colcon'), ('ROS_VERSION', '2'), ('TERM', 'xterm'), ('ROS_LOCALHOST_ONLY', '0'), ('QT_X11_NO_MITSHM', '1'), ('PATH', '/opt/ros/foxy/bin:/usr/local/sbin:/usr/local/bin:/usr/sbin:/usr/bin:/sbin:/bin'), ('XDG_RUNTIME_DIR', '/run/user/1000'), ('DISPLAY', ':0'), ('LANG', 'C.UTF-8'), ('RMW_IMPLEMENTATION', 'rmw_fastrtps_cpp'), ('LS_COLORS', 'rs=0:di=01;34:ln=01;36:mh=00:pi=40;33:so=01;35:do=01;35:bd=40;33;01:cd=40;33;01:or=40;31;01:mi=00:su=37;41:sg=30;43:ca=30;41:tw=30;42:ow=34;42:st=37;44:ex=01;32:*.tar=01;31:*.tgz=01;31:*.arc=01;31:*.arj=01;31:*.taz=01;31:*.lha=01;31:*.lz4=01;31:*.lzh=01;31:*.lzma=01;31:*.tlz=01;31:*.txz=01;31:*.tzo=01;31:*.t7z=01;31:*.zip=01;31:*.z=01;31:*.dz=01;31:*.gz=01;31:*.lrz=01;31:*.lz=01;31:*.lzo=01;31:*.xz=01;31:*.zst=01;31:*.tzst=01;31:*.bz2=01;31:*.bz=01;31:*.tbz=01;31:*.tbz2=01;31:*.tz=01;31:*.deb=01;31:*.rpm=01;31:*.jar=01;31:*.war=01;31:*.ear=01;31:*.sar=01;31:*.rar=01;31:*.alz=01;31:*.ace=01;31:*.zoo=01;31:*.cpio=01;31:*.7z=01;31:*.rz=01;31:*.cab=01;31:*.wim=01;31:*.swm=01;31:*.dwm=01;31:*.esd=01;31:*.jpg=01;35:*.jpeg=01;35:*.mjpg=01;35:*.mjpeg=01;35:*.gif=01;35:*.bmp=01;35:*.pbm=01;35:*.pgm=01;35:*.ppm=01;35:*.tga=01;35:*.xbm=01;35:*.xpm=01;35:*.tif=01;35:*.tiff=01;35:*.png=01;35:*.svg=01;35:*.svgz=01;35:*.mng=01;35:*.pcx=01;35:*.mov=01;35:*.mpg=01;35:*.mpeg=01;35:*.m2v=01;35:*.mkv=01;35:*.webm=01;35:*.ogm=01;35:*.mp4=01;35:*.m4v=01;35:*.mp4v=01;35:*.vob=01;35:*.qt=01;35:*.nuv=01;35:*.wmv=01;35:*.asf=01;35:*.rm=01;35:*.rmvb=01;35:*.flc=01;35:*.avi=01;35:*.fli=01;35:*.flv=01;35:*.gl=01;35:*.dl=01;35:*.xcf=01;35:*.xwd=01;35:*.yuv=01;35:*.cgm=01;35:*.emf=01;35:*.ogv=01;35:*.ogx=01;35:*.aac=00;36:*.au=00;36:*.flac=00;36:*.m4a=00;36:*.mid=00;36:*.midi=00;36:*.mka=00;36:*.mp3=00;36:*.mpc=00;36:*.ogg=00;36:*.ra=00;36:*.wav=00;36:*.oga=00;36:*.opus=00;36:*.spx=00;36:*.xspf=00;36:'), ('AMENT_PREFIX_PATH', '/root/DockerFiles/drone_ws/install/tello_msgs:/root/DockerFiles/drone_ws/install/ros2_shared:/opt/ros/foxy'), ('PWD', '/root/DockerFiles/drone_ws/build/tello_driver'), ('LC_ALL', 'C.UTF-8'), ('PYTHONPATH', '/root/DockerFiles/drone_ws/install/tello_msgs/lib/python3.8/site-packages:/opt/ros/foxy/lib/python3.8/site-packages'), ('COLCON', '1'), ('CMAKE_PREFIX_PATH', '/root/DockerFiles/drone_ws/install/tello_msgs:/root/DockerFiles/drone_ws/install/ros2_shared:/opt/ros/foxy')]), 'shell': False}
[31.443096] (tello_gazebo) StdoutLine: {'line': b'--   Found uuid, version 2.34.0\n'}
[31.456047] (-) TimerEvent: {}
[31.505909] (tello_driver) StdoutLine: {'line': b'\x1b[35m\x1b[1mScanning dependencies of target tello_joy_main\x1b[0m\n'}
[31.556404] (-) TimerEvent: {}
[31.611082] (tello_gazebo) StdoutLine: {'line': b'-- Found UUID: TRUE  \n'}
[31.614413] (tello_gazebo) StdoutLine: {'line': b'-- Looking for ignition-msgs5 -- found version 5.10.0\n'}
[31.614909] (tello_gazebo) StdoutLine: {'line': b'-- Searching for dependencies of ignition-msgs5\n'}
[31.650725] (tello_gazebo) StdoutLine: {'line': b'-- Looking for ignition-math6 -- found version 6.13.0\n'}
[31.656557] (-) TimerEvent: {}
[31.659801] (tello_gazebo) StdoutLine: {'line': b"-- Checking for module 'tinyxml2'\n"}
[31.707548] (tello_gazebo) StdoutLine: {'line': b'--   Found tinyxml2, version 6.2.0\n'}
[31.757845] (-) TimerEvent: {}
[31.819874] (tello_driver) StdoutLine: {'line': b'[  4%] \x1b[32mBuilding CXX object CMakeFiles/tello_joy_main.dir/src/tello_joy_main.cpp.o\x1b[0m\n'}
[31.831865] (tello_gazebo) StdoutLine: {'line': b'-- Looking for ignition-msgs5 -- found version 5.10.0\n'}
[31.838140] (tello_gazebo) StdoutLine: {'line': b'-- Looking for ignition-common3 -- found version 3.14.2\n'}
[31.839961] (tello_gazebo) StdoutLine: {'line': b'-- Searching for dependencies of ignition-common3\n'}
[31.840890] (tello_gazebo) StdoutLine: {'line': b'-- Looking for dlfcn.h - found\n'}
[31.849003] (tello_gazebo) StdoutLine: {'line': b'-- Looking for libdl - found\n'}
[31.849310] (tello_gazebo) StdoutLine: {'line': b'-- Found DL: TRUE  \n'}
[31.857963] (-) TimerEvent: {}
[31.881378] (tello_gazebo) StdoutLine: {'line': b'-- Searching for <ignition-common3> component [graphics]\n'}
[31.884818] (tello_gazebo) StdoutLine: {'line': b'-- Looking for ignition-common3-graphics -- found version 3.14.2\n'}
[31.885141] (tello_gazebo) StdoutLine: {'line': b'-- Searching for dependencies of ignition-common3-graphics\n'}
[31.885283] (tello_gazebo) StdoutLine: {'line': b'-- Looking for ignition-math6 -- found version 6.13.0\n'}
[31.908266] (tello_gazebo) StdoutLine: {'line': b'-- Looking for ignition-fuel_tools4 -- found version 4.6.0\n'}
[31.908876] (tello_gazebo) StdoutLine: {'line': b'-- Searching for dependencies of ignition-fuel_tools4\n'}
[31.958875] (-) TimerEvent: {}
[32.059210] (-) TimerEvent: {}
[32.128738] (tello_gazebo) StdoutLine: {'line': b'-- Found CURL: /usr/lib/x86_64-linux-gnu/libcurl.so (found version "7.68.0")  \n'}
[32.149946] (tello_gazebo) StdoutLine: {'line': b"-- Checking for module 'jsoncpp'\n"}
[32.159320] (-) TimerEvent: {}
[32.182350] (tello_gazebo) StdoutLine: {'line': b'--   Found jsoncpp, version 1.7.4\n'}
[32.261179] (-) TimerEvent: {}
[32.304256] (tello_gazebo) StdoutLine: {'line': b'-- Found JSONCPP: TRUE  \n'}
[32.315922] (tello_gazebo) StdoutLine: {'line': b"-- Checking for module 'libzip'\n"}
[32.361307] (-) TimerEvent: {}
[32.365755] (tello_gazebo) StdoutLine: {'line': b'--   Found libzip, version 1.5.1\n'}
[32.464384] (-) TimerEvent: {}
[32.466781] (tello_gazebo) StdoutLine: {'line': b'-- Found ZIP: TRUE  \n'}
[32.467258] (tello_gazebo) StdoutLine: {'line': b'-- Looking for ignition-common3 -- found version 3.14.2\n'}
[32.468685] (tello_gazebo) StdoutLine: {'line': b'-- Looking for ignition-math6 -- found version 6.13.0\n'}
[32.468963] (tello_gazebo) StdoutLine: {'line': b'-- Looking for ignition-msgs5 -- found version 5.10.0\n'}
[32.475071] (tello_gazebo) StdoutLine: {'line': b'-- Found gazebo_dev: 3.5.3 (/opt/ros/foxy/share/gazebo_dev/cmake)\n'}
[32.479029] (tello_gazebo) StdoutLine: {'line': b'-- Gazebo version: 11.11\n'}
[32.480305] (tello_gazebo) StdoutLine: {'line': b'-- Found gazebo_ros: 3.5.3 (/opt/ros/foxy/share/gazebo_ros/cmake)\n'}
[32.556626] (tello_gazebo) StdoutLine: {'line': b'-- Using all available rosidl_typesupport_c: rosidl_typesupport_fastrtps_c;rosidl_typesupport_introspection_c\n'}
[32.564528] (-) TimerEvent: {}
[32.568356] (tello_gazebo) StdoutLine: {'line': b'-- Found rosidl_adapter: 1.3.1 (/opt/ros/foxy/share/rosidl_adapter/cmake)\n'}
[32.664673] (-) TimerEvent: {}
[32.753020] (tello_gazebo) StdoutLine: {'line': b'-- Found OpenSSL: /usr/lib/x86_64-linux-gnu/libcrypto.so (found version "1.1.1f")  \n'}
[32.764843] (-) TimerEvent: {}
[32.812239] (tello_gazebo) StdoutLine: {'line': b'-- Found FastRTPS: /opt/ros/foxy/include  \n'}
[32.864986] (-) TimerEvent: {}
[32.965519] (-) TimerEvent: {}
[32.977632] (tello_gazebo) StdoutLine: {'line': b'-- Using all available rosidl_typesupport_cpp: rosidl_typesupport_fastrtps_cpp;rosidl_typesupport_introspection_cpp\n'}
[33.066949] (-) TimerEvent: {}
[33.090161] (tello_gazebo) StdoutLine: {'line': b'-- Found rmw_implementation_cmake: 1.0.4 (/opt/ros/foxy/share/rmw_implementation_cmake/cmake)\n'}
[33.096979] (tello_gazebo) StdoutLine: {'line': b"-- Using RMW implementation 'rmw_fastrtps_cpp' as default\n"}
[33.097238] (tello_gazebo) StdoutLine: {'line': b'-- Found Threads: TRUE  \n'}
[33.167335] (-) TimerEvent: {}
[33.268272] (-) TimerEvent: {}
[33.368635] (-) TimerEvent: {}
[33.404090] (tello_gazebo) StdoutLine: {'line': b'-- Found geometry_msgs: 2.0.5 (/opt/ros/foxy/share/geometry_msgs/cmake)\n'}
[33.463169] (tello_gazebo) StdoutLine: {'line': b'-- Found sensor_msgs: 2.0.5 (/opt/ros/foxy/share/sensor_msgs/cmake)\n'}
[33.468782] (-) TimerEvent: {}
[33.569212] (-) TimerEvent: {}
[33.580939] (tello_gazebo) StdoutLine: {'line': b'-- Found tello_msgs: 0.1.0 (/root/DockerFiles/drone_ws/install/tello_msgs/share/tello_msgs/cmake)\n'}
[33.670899] (-) TimerEvent: {}
[33.771248] (-) TimerEvent: {}
[33.808918] (tello_gazebo) StdoutLine: {'line': b'-- Configuring done\n'}
[33.868363] (tello_gazebo) StdoutLine: {'line': b'-- Generating done\n'}
[33.869045] (tello_gazebo) StdoutLine: {'line': b'-- Build files have been written to: /root/DockerFiles/drone_ws/build/tello_gazebo\n'}
[33.873916] (-) TimerEvent: {}
[33.895544] (tello_gazebo) CommandEnded: {'returncode': 0}
[33.897001] (tello_gazebo) JobProgress: {'identifier': 'tello_gazebo', 'progress': 'build'}
[33.898156] (tello_gazebo) Command: {'cmd': ['/usr/bin/cmake', '--build', '/root/DockerFiles/drone_ws/build/tello_gazebo', '--', '-j12', '-l12'], 'cwd': '/root/DockerFiles/drone_ws/build/tello_gazebo', 'env': OrderedDict([('HOSTNAME', 'vdani-H410M-H-V2'), ('SHLVL', '1'), ('LD_LIBRARY_PATH', '/root/DockerFiles/drone_ws/install/tello_msgs/lib:/usr/lib/x86_64-linux-gnu/gazebo-11/plugins:/opt/ros/foxy/opt/yaml_cpp_vendor/lib:/opt/ros/foxy/opt/rviz_ogre_vendor/lib:/opt/ros/foxy/lib/x86_64-linux-gnu:/opt/ros/foxy/lib'), ('HOME', '/root'), ('OLDPWD', '/root/DockerFiles'), ('ROS_PYTHON_VERSION', '3'), ('ROS_DISTRO', 'foxy'), ('_', '/usr/bin/colcon'), ('ROS_VERSION', '2'), ('TERM', 'xterm'), ('ROS_LOCALHOST_ONLY', '0'), ('QT_X11_NO_MITSHM', '1'), ('PATH', '/opt/ros/foxy/bin:/usr/local/sbin:/usr/local/bin:/usr/sbin:/usr/bin:/sbin:/bin'), ('XDG_RUNTIME_DIR', '/run/user/1000'), ('DISPLAY', ':0'), ('LANG', 'C.UTF-8'), ('RMW_IMPLEMENTATION', 'rmw_fastrtps_cpp'), ('LS_COLORS', 'rs=0:di=01;34:ln=01;36:mh=00:pi=40;33:so=01;35:do=01;35:bd=40;33;01:cd=40;33;01:or=40;31;01:mi=00:su=37;41:sg=30;43:ca=30;41:tw=30;42:ow=34;42:st=37;44:ex=01;32:*.tar=01;31:*.tgz=01;31:*.arc=01;31:*.arj=01;31:*.taz=01;31:*.lha=01;31:*.lz4=01;31:*.lzh=01;31:*.lzma=01;31:*.tlz=01;31:*.txz=01;31:*.tzo=01;31:*.t7z=01;31:*.zip=01;31:*.z=01;31:*.dz=01;31:*.gz=01;31:*.lrz=01;31:*.lz=01;31:*.lzo=01;31:*.xz=01;31:*.zst=01;31:*.tzst=01;31:*.bz2=01;31:*.bz=01;31:*.tbz=01;31:*.tbz2=01;31:*.tz=01;31:*.deb=01;31:*.rpm=01;31:*.jar=01;31:*.war=01;31:*.ear=01;31:*.sar=01;31:*.rar=01;31:*.alz=01;31:*.ace=01;31:*.zoo=01;31:*.cpio=01;31:*.7z=01;31:*.rz=01;31:*.cab=01;31:*.wim=01;31:*.swm=01;31:*.dwm=01;31:*.esd=01;31:*.jpg=01;35:*.jpeg=01;35:*.mjpg=01;35:*.mjpeg=01;35:*.gif=01;35:*.bmp=01;35:*.pbm=01;35:*.pgm=01;35:*.ppm=01;35:*.tga=01;35:*.xbm=01;35:*.xpm=01;35:*.tif=01;35:*.tiff=01;35:*.png=01;35:*.svg=01;35:*.svgz=01;35:*.mng=01;35:*.pcx=01;35:*.mov=01;35:*.mpg=01;35:*.mpeg=01;35:*.m2v=01;35:*.mkv=01;35:*.webm=01;35:*.ogm=01;35:*.mp4=01;35:*.m4v=01;35:*.mp4v=01;35:*.vob=01;35:*.qt=01;35:*.nuv=01;35:*.wmv=01;35:*.asf=01;35:*.rm=01;35:*.rmvb=01;35:*.flc=01;35:*.avi=01;35:*.fli=01;35:*.flv=01;35:*.gl=01;35:*.dl=01;35:*.xcf=01;35:*.xwd=01;35:*.yuv=01;35:*.cgm=01;35:*.emf=01;35:*.ogv=01;35:*.ogx=01;35:*.aac=00;36:*.au=00;36:*.flac=00;36:*.m4a=00;36:*.mid=00;36:*.midi=00;36:*.mka=00;36:*.mp3=00;36:*.mpc=00;36:*.ogg=00;36:*.ra=00;36:*.wav=00;36:*.oga=00;36:*.opus=00;36:*.spx=00;36:*.xspf=00;36:'), ('AMENT_PREFIX_PATH', '/root/DockerFiles/drone_ws/install/tello_msgs:/opt/ros/foxy'), ('PWD', '/root/DockerFiles/drone_ws/build/tello_gazebo'), ('LC_ALL', 'C.UTF-8'), ('PYTHONPATH', '/root/DockerFiles/drone_ws/install/tello_msgs/lib/python3.8/site-packages:/opt/ros/foxy/lib/python3.8/site-packages'), ('COLCON', '1'), ('CMAKE_PREFIX_PATH', '/root/DockerFiles/drone_ws/install/tello_msgs:/opt/ros/foxy')]), 'shell': False}
[33.975652] (-) TimerEvent: {}
[33.996037] (tello_gazebo) StdoutLine: {'line': b'\x1b[35m\x1b[1mScanning dependencies of target TelloPlugin\x1b[0m\n'}
[34.075793] (-) TimerEvent: {}
[34.179774] (-) TimerEvent: {}
[34.280477] (-) TimerEvent: {}
[34.385784] (-) TimerEvent: {}
[34.486437] (-) TimerEvent: {}
[34.554790] (tello_gazebo) StdoutLine: {'line': b'[ 50%] \x1b[32mBuilding CXX object CMakeFiles/TelloPlugin.dir/src/tello_plugin.cpp.o\x1b[0m\n'}
[34.586550] (-) TimerEvent: {}
[34.688774] (-) TimerEvent: {}
[34.790878] (-) TimerEvent: {}
[34.891226] (-) TimerEvent: {}
[34.923181] (tello_driver) StdoutLine: {'line': b'[  9%] \x1b[32mBuilding CXX object CMakeFiles/tello_joy_main.dir/src/tello_joy_node.cpp.o\x1b[0m\n'}
[34.991600] (-) TimerEvent: {}
[35.092571] (-) TimerEvent: {}
[35.195931] (-) TimerEvent: {}
[35.298492] (-) TimerEvent: {}
[35.399099] (-) TimerEvent: {}
[35.499790] (-) TimerEvent: {}
[35.601955] (-) TimerEvent: {}
[35.703920] (-) TimerEvent: {}
[35.806968] (-) TimerEvent: {}
[35.908895] (-) TimerEvent: {}
[36.009345] (-) TimerEvent: {}
[36.109937] (-) TimerEvent: {}
[36.212257] (-) TimerEvent: {}
[36.314458] (-) TimerEvent: {}
[36.416149] (-) TimerEvent: {}
[36.516886] (-) TimerEvent: {}
[36.620978] (-) TimerEvent: {}
[36.721607] (-) TimerEvent: {}
[36.824822] (-) TimerEvent: {}
[36.925243] (-) TimerEvent: {}
[37.029591] (-) TimerEvent: {}
[37.130954] (-) TimerEvent: {}
[37.234873] (-) TimerEvent: {}
[37.335203] (-) TimerEvent: {}
[37.436910] (-) TimerEvent: {}
[37.537850] (-) TimerEvent: {}
[37.638281] (-) TimerEvent: {}
[37.738908] (-) TimerEvent: {}
[37.840532] (-) TimerEvent: {}
[37.940854] (-) TimerEvent: {}
[38.043053] (-) TimerEvent: {}
[38.144412] (-) TimerEvent: {}
[38.246871] (-) TimerEvent: {}
[38.347424] (-) TimerEvent: {}
[38.447879] (-) TimerEvent: {}
[38.549352] (-) TimerEvent: {}
[38.650028] (-) TimerEvent: {}
[38.750930] (-) TimerEvent: {}
[38.851481] (-) TimerEvent: {}
[38.954332] (-) TimerEvent: {}
[39.054764] (-) TimerEvent: {}
[39.155498] (-) TimerEvent: {}
[39.255904] (-) TimerEvent: {}
[39.358909] (-) TimerEvent: {}
[39.464014] (-) TimerEvent: {}
[39.566543] (-) TimerEvent: {}
[39.671920] (-) TimerEvent: {}
[39.772359] (-) TimerEvent: {}
[39.873085] (-) TimerEvent: {}
[39.975413] (-) TimerEvent: {}
[40.075782] (-) TimerEvent: {}
[40.176660] (-) TimerEvent: {}
[40.277052] (-) TimerEvent: {}
[40.379448] (-) TimerEvent: {}
[40.484879] (-) TimerEvent: {}
[40.585533] (-) TimerEvent: {}
[40.692728] (-) TimerEvent: {}
[40.793984] (-) TimerEvent: {}
[40.896904] (-) TimerEvent: {}
[41.003869] (-) TimerEvent: {}
[41.104625] (-) TimerEvent: {}
[41.205467] (-) TimerEvent: {}
[41.305885] (-) TimerEvent: {}
[41.408882] (-) TimerEvent: {}
[41.511091] (-) TimerEvent: {}
[41.612880] (-) TimerEvent: {}
[41.718890] (-) TimerEvent: {}
[41.819302] (-) TimerEvent: {}
[41.921199] (-) TimerEvent: {}
[42.021614] (-) TimerEvent: {}
[42.122224] (-) TimerEvent: {}
[42.222761] (-) TimerEvent: {}
[42.323981] (-) TimerEvent: {}
[42.424894] (-) TimerEvent: {}
[42.525941] (-) TimerEvent: {}
[42.628203] (-) TimerEvent: {}
[42.728677] (-) TimerEvent: {}
[42.831324] (-) TimerEvent: {}
[42.931659] (-) TimerEvent: {}
[43.032915] (-) TimerEvent: {}
[43.135451] (-) TimerEvent: {}
[43.236063] (-) TimerEvent: {}
[43.338000] (-) TimerEvent: {}
[43.442156] (-) TimerEvent: {}
[43.543615] (-) TimerEvent: {}
[43.648885] (-) TimerEvent: {}
[43.749262] (-) TimerEvent: {}
[43.849875] (-) TimerEvent: {}
[43.950236] (-) TimerEvent: {}
[44.052930] (-) TimerEvent: {}
[44.153479] (-) TimerEvent: {}
[44.256726] (-) TimerEvent: {}
[44.358310] (-) TimerEvent: {}
[44.458670] (-) TimerEvent: {}
[44.565881] (-) TimerEvent: {}
[44.666188] (-) TimerEvent: {}
[44.766474] (-) TimerEvent: {}
[44.866791] (-) TimerEvent: {}
[44.967135] (-) TimerEvent: {}
[45.067947] (-) TimerEvent: {}
[45.169879] (-) TimerEvent: {}
[45.255659] (tello_driver) StdoutLine: {'line': b'[ 13%] \x1b[32m\x1b[1mLinking CXX executable tello_joy_main\x1b[0m\n'}
[45.269991] (-) TimerEvent: {}
[45.370282] (-) TimerEvent: {}
[45.470850] (-) TimerEvent: {}
[45.571237] (-) TimerEvent: {}
[45.673782] (-) TimerEvent: {}
[45.774874] (-) TimerEvent: {}
[45.876426] (-) TimerEvent: {}
[45.977550] (-) TimerEvent: {}
[45.979482] (tello_driver) StdoutLine: {'line': b'[ 13%] Built target tello_joy_main\n'}
[45.994737] (tello_driver) StdoutLine: {'line': b'\x1b[35m\x1b[1mScanning dependencies of target tello_joy_node\x1b[0m\n'}
[46.057335] (tello_driver) StdoutLine: {'line': b'[ 18%] \x1b[32mBuilding CXX object CMakeFiles/tello_joy_node.dir/src/tello_joy_node.cpp.o\x1b[0m\n'}
[46.082964] (-) TimerEvent: {}
[46.183301] (-) TimerEvent: {}
[46.283659] (-) TimerEvent: {}
[46.384192] (-) TimerEvent: {}
[46.488041] (-) TimerEvent: {}
[46.589328] (-) TimerEvent: {}
[46.689615] (-) TimerEvent: {}
[46.789996] (-) TimerEvent: {}
[46.891437] (-) TimerEvent: {}
[46.992915] (-) TimerEvent: {}
[47.093506] (-) TimerEvent: {}
[47.196555] (-) TimerEvent: {}
[47.297042] (-) TimerEvent: {}
[47.399887] (-) TimerEvent: {}
[47.500189] (-) TimerEvent: {}
[47.600885] (-) TimerEvent: {}
[47.701316] (-) TimerEvent: {}
[47.807912] (-) TimerEvent: {}
[47.911314] (-) TimerEvent: {}
[48.016300] (-) TimerEvent: {}
[48.116612] (-) TimerEvent: {}
[48.217128] (-) TimerEvent: {}
[48.317589] (-) TimerEvent: {}
[48.418368] (-) TimerEvent: {}
[48.518775] (-) TimerEvent: {}
[48.619214] (-) TimerEvent: {}
[48.719671] (-) TimerEvent: {}
[48.820921] (-) TimerEvent: {}
[48.921764] (-) TimerEvent: {}
[49.023905] (-) TimerEvent: {}
[49.125418] (-) TimerEvent: {}
[49.225947] (-) TimerEvent: {}
[49.328437] (-) TimerEvent: {}
[49.432762] (-) TimerEvent: {}
[49.533511] (-) TimerEvent: {}
[49.636880] (-) TimerEvent: {}
[49.737246] (-) TimerEvent: {}
[49.837902] (-) TimerEvent: {}
[49.941325] (-) TimerEvent: {}
[50.041730] (-) TimerEvent: {}
[50.142525] (-) TimerEvent: {}
[50.243689] (-) TimerEvent: {}
[50.344213] (-) TimerEvent: {}
[50.445739] (-) TimerEvent: {}
[50.546120] (-) TimerEvent: {}
[50.646525] (-) TimerEvent: {}
[50.746888] (-) TimerEvent: {}
[50.849940] (-) TimerEvent: {}
[50.951781] (-) TimerEvent: {}
[51.055482] (-) TimerEvent: {}
[51.158878] (-) TimerEvent: {}
[51.259283] (-) TimerEvent: {}
[51.359680] (-) TimerEvent: {}
[51.460041] (-) TimerEvent: {}
[51.560424] (-) TimerEvent: {}
[51.660872] (-) TimerEvent: {}
[51.762002] (-) TimerEvent: {}
[51.864272] (-) TimerEvent: {}
[51.964624] (-) TimerEvent: {}
[52.064961] (-) TimerEvent: {}
[52.165270] (-) TimerEvent: {}
[52.265642] (-) TimerEvent: {}
[52.366066] (-) TimerEvent: {}
[52.467274] (-) TimerEvent: {}
[52.569057] (-) TimerEvent: {}
[52.669833] (-) TimerEvent: {}
[52.772492] (-) TimerEvent: {}
[52.872928] (-) TimerEvent: {}
[52.973385] (-) TimerEvent: {}
[53.074079] (-) TimerEvent: {}
[53.174664] (-) TimerEvent: {}
[53.275122] (-) TimerEvent: {}
[53.375479] (-) TimerEvent: {}
[53.475994] (-) TimerEvent: {}
[53.577508] (-) TimerEvent: {}
[53.679325] (-) TimerEvent: {}
[53.779808] (-) TimerEvent: {}
[53.880981] (-) TimerEvent: {}
[53.981869] (-) TimerEvent: {}
[54.082882] (-) TimerEvent: {}
[54.183386] (-) TimerEvent: {}
[54.284149] (-) TimerEvent: {}
[54.384584] (-) TimerEvent: {}
[54.487879] (-) TimerEvent: {}
[54.591069] (-) TimerEvent: {}
[54.691526] (-) TimerEvent: {}
[54.797580] (-) TimerEvent: {}
[54.898018] (-) TimerEvent: {}
[54.998432] (-) TimerEvent: {}
[55.099922] (-) TimerEvent: {}
[55.200454] (-) TimerEvent: {}
[55.300856] (-) TimerEvent: {}
[55.405864] (-) TimerEvent: {}
[55.506429] (-) TimerEvent: {}
[55.606796] (-) TimerEvent: {}
[55.613428] (tello_driver) StdoutLine: {'line': b'[ 22%] \x1b[32m\x1b[1mLinking CXX shared library libtello_joy_node.so\x1b[0m\n'}
[55.710568] (-) TimerEvent: {}
[55.811121] (-) TimerEvent: {}
[55.911879] (-) TimerEvent: {}
[56.016542] (-) TimerEvent: {}
[56.124917] (-) TimerEvent: {}
[56.227879] (-) TimerEvent: {}
[56.328511] (-) TimerEvent: {}
[56.405450] (tello_driver) StdoutLine: {'line': b'[ 22%] Built target tello_joy_node\n'}
[56.431809] (tello_driver) StdoutLine: {'line': b'\x1b[35m\x1b[1mScanning dependencies of target tello_emulator\x1b[0m\n'}
[56.432038] (-) TimerEvent: {}
[56.453997] (tello_driver) StdoutLine: {'line': b'[ 27%] \x1b[32mBuilding CXX object CMakeFiles/tello_emulator.dir/src/tello_emulator.cpp.o\x1b[0m\n'}
[56.532896] (-) TimerEvent: {}
[56.633306] (-) TimerEvent: {}
[56.733758] (-) TimerEvent: {}
[56.834465] (-) TimerEvent: {}
[56.937871] (-) TimerEvent: {}
[57.038255] (-) TimerEvent: {}
[57.140030] (-) TimerEvent: {}
[57.241743] (-) TimerEvent: {}
[57.345895] (-) TimerEvent: {}
[57.446224] (-) TimerEvent: {}
[57.546684] (-) TimerEvent: {}
[57.646991] (-) TimerEvent: {}
[57.747441] (-) TimerEvent: {}
[57.847999] (-) TimerEvent: {}
[57.951867] (-) TimerEvent: {}
[58.052869] (-) TimerEvent: {}
[58.153487] (-) TimerEvent: {}
[58.256962] (-) TimerEvent: {}
[58.357228] (-) TimerEvent: {}
[58.457496] (-) TimerEvent: {}
[58.557849] (-) TimerEvent: {}
[58.636057] (tello_driver) StdoutLine: {'line': b'[ 31%] \x1b[32m\x1b[1mLinking CXX executable tello_emulator\x1b[0m\n'}
[58.657913] (-) TimerEvent: {}
[58.759095] (-) TimerEvent: {}
[58.819934] (tello_driver) StdoutLine: {'line': b'[ 31%] Built target tello_emulator\n'}
[58.843283] (tello_driver) StdoutLine: {'line': b'\x1b[35m\x1b[1mScanning dependencies of target tello_driver_main\x1b[0m\n'}
[58.862095] (-) TimerEvent: {}
[58.962458] (-) TimerEvent: {}
[59.062914] (-) TimerEvent: {}
[59.135973] (tello_driver) StdoutLine: {'line': b'[ 36%] \x1b[32mBuilding CXX object CMakeFiles/tello_driver_main.dir/src/tello_driver_main.cpp.o\x1b[0m\n'}
[59.163021] (-) TimerEvent: {}
[59.268872] (-) TimerEvent: {}
[59.370715] (-) TimerEvent: {}
[59.471152] (-) TimerEvent: {}
[59.572206] (-) TimerEvent: {}
[59.681899] (-) TimerEvent: {}
[59.790880] (-) TimerEvent: {}
[59.892871] (-) TimerEvent: {}
[59.995871] (-) TimerEvent: {}
[60.096239] (-) TimerEvent: {}
[60.196674] (-) TimerEvent: {}
[60.299023] (-) TimerEvent: {}
[60.401629] (-) TimerEvent: {}
[60.502056] (-) TimerEvent: {}
[60.602598] (-) TimerEvent: {}
[60.703564] (-) TimerEvent: {}
[60.804020] (-) TimerEvent: {}
[60.904614] (-) TimerEvent: {}
[61.008164] (-) TimerEvent: {}
[61.108555] (-) TimerEvent: {}
[61.209239] (-) TimerEvent: {}
[61.309888] (-) TimerEvent: {}
[61.413021] (-) TimerEvent: {}
[61.513504] (-) TimerEvent: {}
[61.614000] (-) TimerEvent: {}
[61.714469] (-) TimerEvent: {}
[61.815148] (-) TimerEvent: {}
[61.916048] (-) TimerEvent: {}
[62.016518] (-) TimerEvent: {}
[62.118962] (-) TimerEvent: {}
[62.219551] (-) TimerEvent: {}
[62.233800] (tello_gazebo) StdoutLine: {'line': b'[100%] \x1b[32m\x1b[1mLinking CXX shared library libTelloPlugin.so\x1b[0m\n'}
[62.322093] (-) TimerEvent: {}
[62.422492] (-) TimerEvent: {}
[62.522938] (-) TimerEvent: {}
[62.624874] (-) TimerEvent: {}
[62.725259] (-) TimerEvent: {}
[62.825655] (-) TimerEvent: {}
[62.926168] (-) TimerEvent: {}
[63.026918] (-) TimerEvent: {}
[63.127252] (-) TimerEvent: {}
[63.228062] (-) TimerEvent: {}
[63.329122] (-) TimerEvent: {}
[63.431098] (-) TimerEvent: {}
[63.545917] (-) TimerEvent: {}
[63.646901] (-) TimerEvent: {}
[63.747493] (-) TimerEvent: {}
[63.848355] (-) TimerEvent: {}
[63.890712] (tello_driver) StdoutLine: {'line': b'[ 40%] \x1b[32mBuilding CXX object CMakeFiles/tello_driver_main.dir/h264decoder/h264decoder.cpp.o\x1b[0m\n'}
[63.948476] (-) TimerEvent: {}
[63.962990] (tello_gazebo) StdoutLine: {'line': b'[100%] Built target TelloPlugin\n'}
[64.004898] (tello_gazebo) CommandEnded: {'returncode': 0}
[64.048912] (-) TimerEvent: {}
[64.071545] (tello_gazebo) JobProgress: {'identifier': 'tello_gazebo', 'progress': 'install'}
[64.073973] (tello_gazebo) Command: {'cmd': ['/usr/bin/cmake', '--install', '/root/DockerFiles/drone_ws/build/tello_gazebo'], 'cwd': '/root/DockerFiles/drone_ws/build/tello_gazebo', 'env': OrderedDict([('HOSTNAME', 'vdani-H410M-H-V2'), ('SHLVL', '1'), ('LD_LIBRARY_PATH', '/root/DockerFiles/drone_ws/install/tello_msgs/lib:/usr/lib/x86_64-linux-gnu/gazebo-11/plugins:/opt/ros/foxy/opt/yaml_cpp_vendor/lib:/opt/ros/foxy/opt/rviz_ogre_vendor/lib:/opt/ros/foxy/lib/x86_64-linux-gnu:/opt/ros/foxy/lib'), ('HOME', '/root'), ('OLDPWD', '/root/DockerFiles'), ('ROS_PYTHON_VERSION', '3'), ('ROS_DISTRO', 'foxy'), ('_', '/usr/bin/colcon'), ('ROS_VERSION', '2'), ('TERM', 'xterm'), ('ROS_LOCALHOST_ONLY', '0'), ('QT_X11_NO_MITSHM', '1'), ('PATH', '/opt/ros/foxy/bin:/usr/local/sbin:/usr/local/bin:/usr/sbin:/usr/bin:/sbin:/bin'), ('XDG_RUNTIME_DIR', '/run/user/1000'), ('DISPLAY', ':0'), ('LANG', 'C.UTF-8'), ('RMW_IMPLEMENTATION', 'rmw_fastrtps_cpp'), ('LS_COLORS', 'rs=0:di=01;34:ln=01;36:mh=00:pi=40;33:so=01;35:do=01;35:bd=40;33;01:cd=40;33;01:or=40;31;01:mi=00:su=37;41:sg=30;43:ca=30;41:tw=30;42:ow=34;42:st=37;44:ex=01;32:*.tar=01;31:*.tgz=01;31:*.arc=01;31:*.arj=01;31:*.taz=01;31:*.lha=01;31:*.lz4=01;31:*.lzh=01;31:*.lzma=01;31:*.tlz=01;31:*.txz=01;31:*.tzo=01;31:*.t7z=01;31:*.zip=01;31:*.z=01;31:*.dz=01;31:*.gz=01;31:*.lrz=01;31:*.lz=01;31:*.lzo=01;31:*.xz=01;31:*.zst=01;31:*.tzst=01;31:*.bz2=01;31:*.bz=01;31:*.tbz=01;31:*.tbz2=01;31:*.tz=01;31:*.deb=01;31:*.rpm=01;31:*.jar=01;31:*.war=01;31:*.ear=01;31:*.sar=01;31:*.rar=01;31:*.alz=01;31:*.ace=01;31:*.zoo=01;31:*.cpio=01;31:*.7z=01;31:*.rz=01;31:*.cab=01;31:*.wim=01;31:*.swm=01;31:*.dwm=01;31:*.esd=01;31:*.jpg=01;35:*.jpeg=01;35:*.mjpg=01;35:*.mjpeg=01;35:*.gif=01;35:*.bmp=01;35:*.pbm=01;35:*.pgm=01;35:*.ppm=01;35:*.tga=01;35:*.xbm=01;35:*.xpm=01;35:*.tif=01;35:*.tiff=01;35:*.png=01;35:*.svg=01;35:*.svgz=01;35:*.mng=01;35:*.pcx=01;35:*.mov=01;35:*.mpg=01;35:*.mpeg=01;35:*.m2v=01;35:*.mkv=01;35:*.webm=01;35:*.ogm=01;35:*.mp4=01;35:*.m4v=01;35:*.mp4v=01;35:*.vob=01;35:*.qt=01;35:*.nuv=01;35:*.wmv=01;35:*.asf=01;35:*.rm=01;35:*.rmvb=01;35:*.flc=01;35:*.avi=01;35:*.fli=01;35:*.flv=01;35:*.gl=01;35:*.dl=01;35:*.xcf=01;35:*.xwd=01;35:*.yuv=01;35:*.cgm=01;35:*.emf=01;35:*.ogv=01;35:*.ogx=01;35:*.aac=00;36:*.au=00;36:*.flac=00;36:*.m4a=00;36:*.mid=00;36:*.midi=00;36:*.mka=00;36:*.mp3=00;36:*.mpc=00;36:*.ogg=00;36:*.ra=00;36:*.wav=00;36:*.oga=00;36:*.opus=00;36:*.spx=00;36:*.xspf=00;36:'), ('AMENT_PREFIX_PATH', '/root/DockerFiles/drone_ws/install/tello_msgs:/opt/ros/foxy'), ('PWD', '/root/DockerFiles/drone_ws/build/tello_gazebo'), ('LC_ALL', 'C.UTF-8'), ('PYTHONPATH', '/root/DockerFiles/drone_ws/install/tello_msgs/lib/python3.8/site-packages:/opt/ros/foxy/lib/python3.8/site-packages'), ('COLCON', '1'), ('CMAKE_PREFIX_PATH', '/root/DockerFiles/drone_ws/install/tello_msgs:/opt/ros/foxy')]), 'shell': False}
[64.096933] (tello_gazebo) StdoutLine: {'line': b'-- Install configuration: ""\n'}
[64.097292] (tello_gazebo) StdoutLine: {'line': b'-- Installing: /root/DockerFiles/drone_ws/install/tello_gazebo/lib/libTelloPlugin.so\n'}
[64.149036] (-) TimerEvent: {}
[64.154073] (tello_gazebo) StdoutLine: {'line': b'-- Set runtime path of "/root/DockerFiles/drone_ws/install/tello_gazebo/lib/libTelloPlugin.so" to ""\n'}
[64.155506] (tello_gazebo) StdoutLine: {'line': b'-- Installing: /root/DockerFiles/drone_ws/install/tello_gazebo/share/tello_gazebo/models\n'}
[64.155775] (tello_gazebo) StdoutLine: {'line': b'-- Installing: /root/DockerFiles/drone_ws/install/tello_gazebo/share/tello_gazebo/models/marker_5\n'}
[64.157873] (tello_gazebo) StdoutLine: {'line': b'-- Installing: /root/DockerFiles/drone_ws/install/tello_gazebo/share/tello_gazebo/models/marker_5/materials\n'}
[64.158116] (tello_gazebo) StdoutLine: {'line': b'-- Installing: /root/DockerFiles/drone_ws/install/tello_gazebo/share/tello_gazebo/models/marker_5/materials/textures\n'}
[64.158989] (tello_gazebo) StdoutLine: {'line': b'-- Installing: /root/DockerFiles/drone_ws/install/tello_gazebo/share/tello_gazebo/models/marker_5/materials/textures/aruco_mark_5.svg\n'}
[64.160591] (tello_gazebo) StdoutLine: {'line': b'-- Installing: /root/DockerFiles/drone_ws/install/tello_gazebo/share/tello_gazebo/models/marker_5/materials/textures/aruco_mark_5.png\n'}
[64.163871] (tello_gazebo) StdoutLine: {'line': b'-- Installing: /root/DockerFiles/drone_ws/install/tello_gazebo/share/tello_gazebo/models/marker_5/materials/scripts\n'}
[64.164103] (tello_gazebo) StdoutLine: {'line': b'-- Installing: /root/DockerFiles/drone_ws/install/tello_gazebo/share/tello_gazebo/models/marker_5/materials/scripts/marker_5.material\n'}
[64.164204] (tello_gazebo) StdoutLine: {'line': b'-- Installing: /root/DockerFiles/drone_ws/install/tello_gazebo/share/tello_gazebo/models/marker_5/model.config\n'}
[64.166319] (tello_gazebo) StdoutLine: {'line': b'-- Installing: /root/DockerFiles/drone_ws/install/tello_gazebo/share/tello_gazebo/models/marker_5/model.sdf\n'}
[64.167006] (tello_gazebo) StdoutLine: {'line': b'-- Installing: /root/DockerFiles/drone_ws/install/tello_gazebo/share/tello_gazebo/models/marker_4\n'}
[64.167119] (tello_gazebo) StdoutLine: {'line': b'-- Installing: /root/DockerFiles/drone_ws/install/tello_gazebo/share/tello_gazebo/models/marker_4/materials\n'}
[64.167212] (tello_gazebo) StdoutLine: {'line': b'-- Installing: /root/DockerFiles/drone_ws/install/tello_gazebo/share/tello_gazebo/models/marker_4/materials/textures\n'}
[64.167300] (tello_gazebo) StdoutLine: {'line': b'-- Installing: /root/DockerFiles/drone_ws/install/tello_gazebo/share/tello_gazebo/models/marker_4/materials/textures/aruco_mark_4.png\n'}
[64.167391] (tello_gazebo) StdoutLine: {'line': b'-- Installing: /root/DockerFiles/drone_ws/install/tello_gazebo/share/tello_gazebo/models/marker_4/materials/textures/aruco_mark_4.svg\n'}
[64.167480] (tello_gazebo) StdoutLine: {'line': b'-- Installing: /root/DockerFiles/drone_ws/install/tello_gazebo/share/tello_gazebo/models/marker_4/materials/scripts\n'}
[64.167567] (tello_gazebo) StdoutLine: {'line': b'-- Installing: /root/DockerFiles/drone_ws/install/tello_gazebo/share/tello_gazebo/models/marker_4/materials/scripts/marker_4.material\n'}
[64.168885] (tello_gazebo) StdoutLine: {'line': b'-- Installing: /root/DockerFiles/drone_ws/install/tello_gazebo/share/tello_gazebo/models/marker_4/model.config\n'}
[64.169035] (tello_gazebo) StdoutLine: {'line': b'-- Installing: /root/DockerFiles/drone_ws/install/tello_gazebo/share/tello_gazebo/models/marker_4/model.sdf\n'}
[64.169131] (tello_gazebo) StdoutLine: {'line': b'-- Installing: /root/DockerFiles/drone_ws/install/tello_gazebo/share/tello_gazebo/models/marker_0\n'}
[64.169211] (tello_gazebo) StdoutLine: {'line': b'-- Installing: /root/DockerFiles/drone_ws/install/tello_gazebo/share/tello_gazebo/models/marker_0/materials\n'}
[64.169294] (tello_gazebo) StdoutLine: {'line': b'-- Installing: /root/DockerFiles/drone_ws/install/tello_gazebo/share/tello_gazebo/models/marker_0/materials/textures\n'}
[64.169373] (tello_gazebo) StdoutLine: {'line': b'-- Installing: /root/DockerFiles/drone_ws/install/tello_gazebo/share/tello_gazebo/models/marker_0/materials/textures/aruco_mark_0.png\n'}
[64.169451] (tello_gazebo) StdoutLine: {'line': b'-- Installing: /root/DockerFiles/drone_ws/install/tello_gazebo/share/tello_gazebo/models/marker_0/materials/textures/aruco_mark_0.svg\n'}
[64.169529] (tello_gazebo) StdoutLine: {'line': b'-- Installing: /root/DockerFiles/drone_ws/install/tello_gazebo/share/tello_gazebo/models/marker_0/materials/scripts\n'}
[64.169604] (tello_gazebo) StdoutLine: {'line': b'-- Installing: /root/DockerFiles/drone_ws/install/tello_gazebo/share/tello_gazebo/models/marker_0/materials/scripts/marker_0.material\n'}
[64.169680] (tello_gazebo) StdoutLine: {'line': b'-- Installing: /root/DockerFiles/drone_ws/install/tello_gazebo/share/tello_gazebo/models/marker_0/model.config\n'}
[64.169757] (tello_gazebo) StdoutLine: {'line': b'-- Installing: /root/DockerFiles/drone_ws/install/tello_gazebo/share/tello_gazebo/models/marker_0/model.sdf\n'}
[64.173953] (tello_gazebo) StdoutLine: {'line': b'-- Installing: /root/DockerFiles/drone_ws/install/tello_gazebo/share/tello_gazebo/models/marker_2\n'}
[64.174155] (tello_gazebo) StdoutLine: {'line': b'-- Installing: /root/DockerFiles/drone_ws/install/tello_gazebo/share/tello_gazebo/models/marker_2/materials\n'}
[64.174213] (tello_gazebo) StdoutLine: {'line': b'-- Installing: /root/DockerFiles/drone_ws/install/tello_gazebo/share/tello_gazebo/models/marker_2/materials/textures\n'}
[64.174264] (tello_gazebo) StdoutLine: {'line': b'-- Installing: /root/DockerFiles/drone_ws/install/tello_gazebo/share/tello_gazebo/models/marker_2/materials/textures/aruco_mark_2.png\n'}
[64.174314] (tello_gazebo) StdoutLine: {'line': b'-- Installing: /root/DockerFiles/drone_ws/install/tello_gazebo/share/tello_gazebo/models/marker_2/materials/textures/aruco_mark_2.svg\n'}
[64.174545] (tello_gazebo) StdoutLine: {'line': b'-- Installing: /root/DockerFiles/drone_ws/install/tello_gazebo/share/tello_gazebo/models/marker_2/materials/scripts\n'}
[64.174649] (tello_gazebo) StdoutLine: {'line': b'-- Installing: /root/DockerFiles/drone_ws/install/tello_gazebo/share/tello_gazebo/models/marker_2/materials/scripts/marker_2.material\n'}
[64.175091] (tello_gazebo) StdoutLine: {'line': b'-- Installing: /root/DockerFiles/drone_ws/install/tello_gazebo/share/tello_gazebo/models/marker_2/model.config\n'}
[64.175967] (tello_gazebo) StdoutLine: {'line': b'-- Installing: /root/DockerFiles/drone_ws/install/tello_gazebo/share/tello_gazebo/models/marker_2/model.sdf\n'}
[64.176854] (tello_gazebo) StdoutLine: {'line': b'-- Installing: /root/DockerFiles/drone_ws/install/tello_gazebo/share/tello_gazebo/models/marker_1\n'}
[64.177052] (tello_gazebo) StdoutLine: {'line': b'-- Installing: /root/DockerFiles/drone_ws/install/tello_gazebo/share/tello_gazebo/models/marker_1/materials\n'}
[64.177147] (tello_gazebo) StdoutLine: {'line': b'-- Installing: /root/DockerFiles/drone_ws/install/tello_gazebo/share/tello_gazebo/models/marker_1/materials/textures\n'}
[64.177238] (tello_gazebo) StdoutLine: {'line': b'-- Installing: /root/DockerFiles/drone_ws/install/tello_gazebo/share/tello_gazebo/models/marker_1/materials/textures/aruco_mark_1.svg\n'}
[64.179268] (tello_gazebo) StdoutLine: {'line': b'-- Installing: /root/DockerFiles/drone_ws/install/tello_gazebo/share/tello_gazebo/models/marker_1/materials/textures/aruco_mark_1.png\n'}
[64.179634] (tello_gazebo) StdoutLine: {'line': b'-- Installing: /root/DockerFiles/drone_ws/install/tello_gazebo/share/tello_gazebo/models/marker_1/materials/scripts\n'}
[64.182203] (tello_gazebo) StdoutLine: {'line': b'-- Installing: /root/DockerFiles/drone_ws/install/tello_gazebo/share/tello_gazebo/models/marker_1/materials/scripts/marker_1.material\n'}
[64.182436] (tello_gazebo) StdoutLine: {'line': b'-- Installing: /root/DockerFiles/drone_ws/install/tello_gazebo/share/tello_gazebo/models/marker_1/model.config\n'}
[64.182540] (tello_gazebo) StdoutLine: {'line': b'-- Installing: /root/DockerFiles/drone_ws/install/tello_gazebo/share/tello_gazebo/models/marker_1/model.sdf\n'}
[64.182623] (tello_gazebo) StdoutLine: {'line': b'-- Installing: /root/DockerFiles/drone_ws/install/tello_gazebo/share/tello_gazebo/models/marker_7\n'}
[64.182702] (tello_gazebo) StdoutLine: {'line': b'-- Installing: /root/DockerFiles/drone_ws/install/tello_gazebo/share/tello_gazebo/models/marker_7/materials\n'}
[64.182779] (tello_gazebo) StdoutLine: {'line': b'-- Installing: /root/DockerFiles/drone_ws/install/tello_gazebo/share/tello_gazebo/models/marker_7/materials/textures\n'}
[64.185132] (tello_gazebo) StdoutLine: {'line': b'-- Installing: /root/DockerFiles/drone_ws/install/tello_gazebo/share/tello_gazebo/models/marker_7/materials/textures/aruco_mark_7.svg\n'}
[64.185276] (tello_gazebo) StdoutLine: {'line': b'-- Installing: /root/DockerFiles/drone_ws/install/tello_gazebo/share/tello_gazebo/models/marker_7/materials/textures/aruco_mark_7.png\n'}
[64.185374] (tello_gazebo) StdoutLine: {'line': b'-- Installing: /root/DockerFiles/drone_ws/install/tello_gazebo/share/tello_gazebo/models/marker_7/materials/scripts\n'}
[64.185461] (tello_gazebo) StdoutLine: {'line': b'-- Installing: /root/DockerFiles/drone_ws/install/tello_gazebo/share/tello_gazebo/models/marker_7/materials/scripts/marker_7.material\n'}
[64.185538] (tello_gazebo) StdoutLine: {'line': b'-- Installing: /root/DockerFiles/drone_ws/install/tello_gazebo/share/tello_gazebo/models/marker_7/model.config\n'}
[64.185615] (tello_gazebo) StdoutLine: {'line': b'-- Installing: /root/DockerFiles/drone_ws/install/tello_gazebo/share/tello_gazebo/models/marker_7/model.sdf\n'}
[64.185691] (tello_gazebo) StdoutLine: {'line': b'-- Installing: /root/DockerFiles/drone_ws/install/tello_gazebo/share/tello_gazebo/models/marker_6\n'}
[64.185767] (tello_gazebo) StdoutLine: {'line': b'-- Installing: /root/DockerFiles/drone_ws/install/tello_gazebo/share/tello_gazebo/models/marker_6/materials\n'}
[64.185853] (tello_gazebo) StdoutLine: {'line': b'-- Installing: /root/DockerFiles/drone_ws/install/tello_gazebo/share/tello_gazebo/models/marker_6/materials/textures\n'}
[64.185934] (tello_gazebo) StdoutLine: {'line': b'-- Installing: /root/DockerFiles/drone_ws/install/tello_gazebo/share/tello_gazebo/models/marker_6/materials/textures/aruco_mark_6.png\n'}
[64.186008] (tello_gazebo) StdoutLine: {'line': b'-- Installing: /root/DockerFiles/drone_ws/install/tello_gazebo/share/tello_gazebo/models/marker_6/materials/textures/aruco_mark_6.svg\n'}
[64.186081] (tello_gazebo) StdoutLine: {'line': b'-- Installing: /root/DockerFiles/drone_ws/install/tello_gazebo/share/tello_gazebo/models/marker_6/materials/scripts\n'}
[64.186156] (tello_gazebo) StdoutLine: {'line': b'-- Installing: /root/DockerFiles/drone_ws/install/tello_gazebo/share/tello_gazebo/models/marker_6/materials/scripts/marker_6.material\n'}
[64.189061] (tello_gazebo) StdoutLine: {'line': b'-- Installing: /root/DockerFiles/drone_ws/install/tello_gazebo/share/tello_gazebo/models/marker_6/model.config\n'}
[64.189319] (tello_gazebo) StdoutLine: {'line': b'-- Installing: /root/DockerFiles/drone_ws/install/tello_gazebo/share/tello_gazebo/models/marker_6/model.sdf\n'}
[64.189419] (tello_gazebo) StdoutLine: {'line': b'-- Installing: /root/DockerFiles/drone_ws/install/tello_gazebo/share/tello_gazebo/models/marker_3\n'}
[64.189506] (tello_gazebo) StdoutLine: {'line': b'-- Installing: /root/DockerFiles/drone_ws/install/tello_gazebo/share/tello_gazebo/models/marker_3/materials\n'}
[64.189592] (tello_gazebo) StdoutLine: {'line': b'-- Installing: /root/DockerFiles/drone_ws/install/tello_gazebo/share/tello_gazebo/models/marker_3/materials/textures\n'}
[64.189688] (tello_gazebo) StdoutLine: {'line': b'-- Installing: /root/DockerFiles/drone_ws/install/tello_gazebo/share/tello_gazebo/models/marker_3/materials/textures/aruco_mark_3.png\n'}
[64.190523] (tello_gazebo) StdoutLine: {'line': b'-- Installing: /root/DockerFiles/drone_ws/install/tello_gazebo/share/tello_gazebo/models/marker_3/materials/textures/aruco_mark_3.svg\n'}
[64.190863] (tello_gazebo) StdoutLine: {'line': b'-- Installing: /root/DockerFiles/drone_ws/install/tello_gazebo/share/tello_gazebo/models/marker_3/materials/scripts\n'}
[64.191028] (tello_gazebo) StdoutLine: {'line': b'-- Installing: /root/DockerFiles/drone_ws/install/tello_gazebo/share/tello_gazebo/models/marker_3/materials/scripts/marker_3.material\n'}
[64.191326] (tello_gazebo) StdoutLine: {'line': b'-- Installing: /root/DockerFiles/drone_ws/install/tello_gazebo/share/tello_gazebo/models/marker_3/model.config\n'}
[64.191672] (tello_gazebo) StdoutLine: {'line': b'-- Installing: /root/DockerFiles/drone_ws/install/tello_gazebo/share/tello_gazebo/models/marker_3/model.sdf\n'}
[64.191998] (tello_gazebo) StdoutLine: {'line': b'-- Installing: /root/DockerFiles/drone_ws/install/tello_gazebo/share/tello_gazebo/worlds\n'}
[64.192155] (tello_gazebo) StdoutLine: {'line': b'-- Installing: /root/DockerFiles/drone_ws/install/tello_gazebo/share/tello_gazebo/worlds/f2_map.yaml\n'}
[64.192467] (tello_gazebo) StdoutLine: {'line': b'-- Installing: /root/DockerFiles/drone_ws/install/tello_gazebo/share/tello_gazebo/worlds/build_world.py\n'}
[64.192616] (tello_gazebo) StdoutLine: {'line': b'-- Installing: /root/DockerFiles/drone_ws/install/tello_gazebo/share/tello_gazebo/worlds/fiducial.world\n'}
[64.192955] (tello_gazebo) StdoutLine: {'line': b'-- Installing: /root/DockerFiles/drone_ws/install/tello_gazebo/share/tello_gazebo/worlds/simple.world\n'}
[64.193304] (tello_gazebo) StdoutLine: {'line': b'-- Installing: /root/DockerFiles/drone_ws/install/tello_gazebo/share/tello_gazebo/worlds/fiducial_map.yaml\n'}
[64.193611] (tello_gazebo) StdoutLine: {'line': b'-- Installing: /root/DockerFiles/drone_ws/install/tello_gazebo/share/tello_gazebo/worlds/f2.world\n'}
[64.193944] (tello_gazebo) StdoutLine: {'line': b'-- Installing: /root/DockerFiles/drone_ws/install/tello_gazebo/share/tello_gazebo/launch\n'}
[64.194765] (tello_gazebo) StdoutLine: {'line': b'-- Installing: /root/DockerFiles/drone_ws/install/tello_gazebo/share/tello_gazebo/launch/vlam_launch.py\n'}
[64.194946] (tello_gazebo) StdoutLine: {'line': b'-- Installing: /root/DockerFiles/drone_ws/install/tello_gazebo/share/tello_gazebo/launch/simple_launch.py\n'}
[64.195163] (tello_gazebo) StdoutLine: {'line': b'-- Installing: /root/DockerFiles/drone_ws/install/tello_gazebo/lib/tello_gazebo/inject_entity.py\n'}
[64.195455] (tello_gazebo) StdoutLine: {'line': b'-- Installing: /root/DockerFiles/drone_ws/install/tello_gazebo/share/ament_index/resource_index/package_run_dependencies/tello_gazebo\n'}
[64.195704] (tello_gazebo) StdoutLine: {'line': b'-- Installing: /root/DockerFiles/drone_ws/install/tello_gazebo/share/ament_index/resource_index/parent_prefix_path/tello_gazebo\n'}
[64.196584] (tello_gazebo) StdoutLine: {'line': b'-- Installing: /root/DockerFiles/drone_ws/install/tello_gazebo/share/tello_gazebo/environment/ament_prefix_path.sh\n'}
[64.198053] (tello_gazebo) StdoutLine: {'line': b'-- Installing: /root/DockerFiles/drone_ws/install/tello_gazebo/share/tello_gazebo/environment/ament_prefix_path.dsv\n'}
[64.199110] (tello_gazebo) StdoutLine: {'line': b'-- Installing: /root/DockerFiles/drone_ws/install/tello_gazebo/share/tello_gazebo/environment/path.sh\n'}
[64.199321] (tello_gazebo) StdoutLine: {'line': b'-- Installing: /root/DockerFiles/drone_ws/install/tello_gazebo/share/tello_gazebo/environment/path.dsv\n'}
[64.199480] (tello_gazebo) StdoutLine: {'line': b'-- Installing: /root/DockerFiles/drone_ws/install/tello_gazebo/share/tello_gazebo/local_setup.bash\n'}
[64.199671] (tello_gazebo) StdoutLine: {'line': b'-- Installing: /root/DockerFiles/drone_ws/install/tello_gazebo/share/tello_gazebo/local_setup.sh\n'}
[64.201940] (tello_gazebo) StdoutLine: {'line': b'-- Installing: /root/DockerFiles/drone_ws/install/tello_gazebo/share/tello_gazebo/local_setup.zsh\n'}
[64.202259] (tello_gazebo) StdoutLine: {'line': b'-- Installing: /root/DockerFiles/drone_ws/install/tello_gazebo/share/tello_gazebo/local_setup.dsv\n'}
[64.202435] (tello_gazebo) StdoutLine: {'line': b'-- Installing: /root/DockerFiles/drone_ws/install/tello_gazebo/share/tello_gazebo/package.dsv\n'}
[64.202678] (tello_gazebo) StdoutLine: {'line': b'-- Installing: /root/DockerFiles/drone_ws/install/tello_gazebo/share/ament_index/resource_index/packages/tello_gazebo\n'}
[64.203086] (tello_gazebo) StdoutLine: {'line': b'-- Installing: /root/DockerFiles/drone_ws/install/tello_gazebo/share/tello_gazebo/cmake/tello_gazeboConfig.cmake\n'}
[64.203209] (tello_gazebo) StdoutLine: {'line': b'-- Installing: /root/DockerFiles/drone_ws/install/tello_gazebo/share/tello_gazebo/cmake/tello_gazeboConfig-version.cmake\n'}
[64.203296] (tello_gazebo) StdoutLine: {'line': b'-- Installing: /root/DockerFiles/drone_ws/install/tello_gazebo/share/tello_gazebo/package.xml\n'}
[64.209119] (tello_gazebo) CommandEnded: {'returncode': 0}
[64.249262] (-) TimerEvent: {}
[64.284127] (tello_driver) StdoutLine: {'line': b'[ 45%] \x1b[32mBuilding CXX object CMakeFiles/tello_driver_main.dir/src/video_socket.cpp.o\x1b[0m\n'}
[64.315790] (tello_gazebo) JobEnded: {'identifier': 'tello_gazebo', 'rc': 0}
[64.354871] (-) TimerEvent: {}
[64.455270] (-) TimerEvent: {}
[64.555734] (-) TimerEvent: {}
[64.657433] (-) TimerEvent: {}
[64.758142] (-) TimerEvent: {}
[64.858690] (-) TimerEvent: {}
[64.959224] (-) TimerEvent: {}
[65.059631] (-) TimerEvent: {}
[65.160491] (-) TimerEvent: {}
[65.261067] (-) TimerEvent: {}
[65.362105] (-) TimerEvent: {}
[65.462935] (-) TimerEvent: {}
[65.563405] (-) TimerEvent: {}
[65.663684] (-) TimerEvent: {}
[65.765872] (-) TimerEvent: {}
[65.866291] (-) TimerEvent: {}
[65.968449] (-) TimerEvent: {}
[66.068833] (-) TimerEvent: {}
[66.169878] (-) TimerEvent: {}
[66.271423] (-) TimerEvent: {}
[66.371720] (-) TimerEvent: {}
[66.472101] (-) TimerEvent: {}
[66.573151] (-) TimerEvent: {}
[66.675918] (-) TimerEvent: {}
[66.776427] (-) TimerEvent: {}
[66.876889] (-) TimerEvent: {}
[66.977377] (-) TimerEvent: {}
[67.081684] (-) TimerEvent: {}
[67.181956] (-) TimerEvent: {}
[67.282308] (-) TimerEvent: {}
[67.385031] (-) TimerEvent: {}
[67.485660] (-) TimerEvent: {}
[67.594939] (-) TimerEvent: {}
[67.695403] (-) TimerEvent: {}
[67.795925] (-) TimerEvent: {}
[67.896486] (-) TimerEvent: {}
[67.997058] (-) TimerEvent: {}
[68.100778] (-) TimerEvent: {}
[68.201109] (-) TimerEvent: {}
[68.301574] (-) TimerEvent: {}
[68.401926] (-) TimerEvent: {}
[68.502212] (-) TimerEvent: {}
[68.602499] (-) TimerEvent: {}
[68.704869] (-) TimerEvent: {}
[68.805234] (-) TimerEvent: {}
[68.905749] (-) TimerEvent: {}
[69.006187] (-) TimerEvent: {}
[69.106532] (-) TimerEvent: {}
[69.209896] (-) TimerEvent: {}
[69.282944] (tello_driver) StdoutLine: {'line': b'[ 50%] \x1b[32mBuilding CXX object CMakeFiles/tello_driver_main.dir/src/state_socket.cpp.o\x1b[0m\n'}
[69.310072] (-) TimerEvent: {}
[69.410631] (-) TimerEvent: {}
[69.511895] (-) TimerEvent: {}
[69.616869] (-) TimerEvent: {}
[69.717451] (-) TimerEvent: {}
[69.817851] (-) TimerEvent: {}
[69.919379] (-) TimerEvent: {}
[70.019929] (-) TimerEvent: {}
[70.120481] (-) TimerEvent: {}
[70.223002] (-) TimerEvent: {}
[70.323327] (-) TimerEvent: {}
[70.423886] (-) TimerEvent: {}
[70.524167] (-) TimerEvent: {}
[70.625912] (-) TimerEvent: {}
[70.730949] (-) TimerEvent: {}
[70.831877] (-) TimerEvent: {}
[70.933664] (-) TimerEvent: {}
[71.034222] (-) TimerEvent: {}
[71.135190] (-) TimerEvent: {}
[71.237295] (-) TimerEvent: {}
[71.338534] (-) TimerEvent: {}
[71.439382] (-) TimerEvent: {}
[71.540138] (-) TimerEvent: {}
[71.640928] (-) TimerEvent: {}
[71.742690] (-) TimerEvent: {}
[71.843026] (-) TimerEvent: {}
[71.948768] (-) TimerEvent: {}
[72.049101] (-) TimerEvent: {}
[72.149568] (-) TimerEvent: {}
[72.249955] (-) TimerEvent: {}
[72.355235] (-) TimerEvent: {}
[72.457875] (-) TimerEvent: {}
[72.558623] (-) TimerEvent: {}
[72.658965] (-) TimerEvent: {}
[72.759510] (-) TimerEvent: {}
[72.860908] (-) TimerEvent: {}
[72.961760] (-) TimerEvent: {}
[73.069896] (-) TimerEvent: {}
[73.170297] (-) TimerEvent: {}
[73.270839] (-) TimerEvent: {}
[73.371359] (-) TimerEvent: {}
[73.471710] (-) TimerEvent: {}
[73.572145] (-) TimerEvent: {}
[73.672527] (-) TimerEvent: {}
[73.773702] (-) TimerEvent: {}
[73.878928] (-) TimerEvent: {}
[73.979475] (-) TimerEvent: {}
[74.080017] (-) TimerEvent: {}
[74.180341] (-) TimerEvent: {}
[74.281310] (-) TimerEvent: {}
[74.383869] (-) TimerEvent: {}
[74.484171] (-) TimerEvent: {}
[74.584551] (-) TimerEvent: {}
[74.685438] (-) TimerEvent: {}
[74.786496] (-) TimerEvent: {}
[74.887156] (-) TimerEvent: {}
[74.987796] (-) TimerEvent: {}
[75.088357] (-) TimerEvent: {}
[75.188650] (-) TimerEvent: {}
[75.288986] (-) TimerEvent: {}
[75.392409] (-) TimerEvent: {}
[75.492836] (-) TimerEvent: {}
[75.593356] (-) TimerEvent: {}
[75.693731] (-) TimerEvent: {}
[75.794234] (-) TimerEvent: {}
[75.894590] (-) TimerEvent: {}
[75.995382] (-) TimerEvent: {}
[76.096333] (-) TimerEvent: {}
[76.197897] (-) TimerEvent: {}
[76.298735] (-) TimerEvent: {}
[76.399339] (-) TimerEvent: {}
[76.499864] (-) TimerEvent: {}
[76.600393] (-) TimerEvent: {}
[76.703654] (-) TimerEvent: {}
[76.804086] (-) TimerEvent: {}
[76.904402] (-) TimerEvent: {}
[77.004713] (-) TimerEvent: {}
[77.026916] (tello_driver) StdoutLine: {'line': b'[ 54%] \x1b[32mBuilding CXX object CMakeFiles/tello_driver_main.dir/src/command_socket.cpp.o\x1b[0m\n'}
[77.105682] (-) TimerEvent: {}
[77.206971] (-) TimerEvent: {}
[77.309938] (-) TimerEvent: {}
[77.410483] (-) TimerEvent: {}
[77.510852] (-) TimerEvent: {}
[77.611488] (-) TimerEvent: {}
[77.714893] (-) TimerEvent: {}
[77.815259] (-) TimerEvent: {}
[77.917024] (-) TimerEvent: {}
[78.017567] (-) TimerEvent: {}
[78.117874] (-) TimerEvent: {}
[78.218794] (-) TimerEvent: {}
[78.319448] (-) TimerEvent: {}
[78.419911] (-) TimerEvent: {}
[78.520454] (-) TimerEvent: {}
[78.620934] (-) TimerEvent: {}
[78.721515] (-) TimerEvent: {}
[78.822506] (-) TimerEvent: {}
[78.923623] (-) TimerEvent: {}
[79.025128] (-) TimerEvent: {}
[79.126668] (-) TimerEvent: {}
[79.229879] (-) TimerEvent: {}
[79.332565] (-) TimerEvent: {}
[79.433089] (-) TimerEvent: {}
[79.534874] (-) TimerEvent: {}
[79.635176] (-) TimerEvent: {}
[79.735555] (-) TimerEvent: {}
[79.838097] (-) TimerEvent: {}
[79.939131] (-) TimerEvent: {}
[80.039441] (-) TimerEvent: {}
[80.139906] (-) TimerEvent: {}
[80.241859] (-) TimerEvent: {}
[80.342343] (-) TimerEvent: {}
[80.446886] (-) TimerEvent: {}
[80.547221] (-) TimerEvent: {}
[80.647583] (-) TimerEvent: {}
[80.748876] (-) TimerEvent: {}
[80.851079] (-) TimerEvent: {}
[80.951658] (-) TimerEvent: {}
[81.052320] (-) TimerEvent: {}
[81.154022] (-) TimerEvent: {}
[81.254322] (-) TimerEvent: {}
[81.354665] (-) TimerEvent: {}
[81.456081] (-) TimerEvent: {}
[81.560300] (-) TimerEvent: {}
[81.660603] (-) TimerEvent: {}
[81.760903] (-) TimerEvent: {}
[81.861402] (-) TimerEvent: {}
[81.961909] (-) TimerEvent: {}
[82.025360] (tello_driver) StdoutLine: {'line': b'[ 59%] \x1b[32mBuilding CXX object CMakeFiles/tello_driver_main.dir/src/tello_socket.cpp.o\x1b[0m\n'}
[82.061997] (-) TimerEvent: {}
[82.162909] (-) TimerEvent: {}
[82.265092] (-) TimerEvent: {}
[82.366125] (-) TimerEvent: {}
[82.473727] (-) TimerEvent: {}
[82.574117] (-) TimerEvent: {}
[82.676943] (-) TimerEvent: {}
[82.777592] (-) TimerEvent: {}
[82.878295] (-) TimerEvent: {}
[82.978918] (-) TimerEvent: {}
[83.079880] (-) TimerEvent: {}
[83.180285] (-) TimerEvent: {}
[83.280892] (-) TimerEvent: {}
[83.383889] (-) TimerEvent: {}
[83.484246] (-) TimerEvent: {}
[83.584617] (-) TimerEvent: {}
[83.685185] (-) TimerEvent: {}
[83.785881] (-) TimerEvent: {}
[83.887907] (-) TimerEvent: {}
[83.988965] (-) TimerEvent: {}
[84.089528] (-) TimerEvent: {}
[84.193550] (-) TimerEvent: {}
[84.294548] (-) TimerEvent: {}
[84.395013] (-) TimerEvent: {}
[84.495604] (-) TimerEvent: {}
[84.596252] (-) TimerEvent: {}
[84.697705] (-) TimerEvent: {}
[84.798005] (-) TimerEvent: {}
[84.898354] (-) TimerEvent: {}
[84.998702] (-) TimerEvent: {}
[85.103124] (-) TimerEvent: {}
[85.203477] (-) TimerEvent: {}
[85.303773] (-) TimerEvent: {}
[85.404272] (-) TimerEvent: {}
[85.504775] (-) TimerEvent: {}
[85.605166] (-) TimerEvent: {}
[85.706155] (-) TimerEvent: {}
[85.806822] (-) TimerEvent: {}
[85.907131] (-) TimerEvent: {}
[86.007919] (-) TimerEvent: {}
[86.108296] (-) TimerEvent: {}
[86.211106] (-) TimerEvent: {}
[86.313922] (-) TimerEvent: {}
[86.415915] (-) TimerEvent: {}
[86.516218] (-) TimerEvent: {}
[86.550304] (tello_driver) StdoutLine: {'line': b'[ 63%] \x1b[32mBuilding CXX object CMakeFiles/tello_driver_main.dir/src/tello_driver_node.cpp.o\x1b[0m\n'}
[86.616743] (-) TimerEvent: {}
[86.719949] (-) TimerEvent: {}
[86.820263] (-) TimerEvent: {}
[86.920622] (-) TimerEvent: {}
[87.021721] (-) TimerEvent: {}
[87.122119] (-) TimerEvent: {}
[87.224141] (-) TimerEvent: {}
[87.324440] (-) TimerEvent: {}
[87.424904] (-) TimerEvent: {}
[87.528713] (-) TimerEvent: {}
[87.629332] (-) TimerEvent: {}
[87.733984] (-) TimerEvent: {}
[87.834575] (-) TimerEvent: {}
[87.934963] (-) TimerEvent: {}
[88.037018] (-) TimerEvent: {}
[88.138009] (-) TimerEvent: {}
[88.239683] (-) TimerEvent: {}
[88.340584] (-) TimerEvent: {}
[88.441367] (-) TimerEvent: {}
[88.541718] (-) TimerEvent: {}
[88.642188] (-) TimerEvent: {}
[88.744626] (-) TimerEvent: {}
[88.848926] (-) TimerEvent: {}
[88.949979] (-) TimerEvent: {}
[89.050875] (-) TimerEvent: {}
[89.153074] (-) TimerEvent: {}
[89.256300] (-) TimerEvent: {}
[89.356714] (-) TimerEvent: {}
[89.459930] (-) TimerEvent: {}
[89.560691] (-) TimerEvent: {}
[89.661513] (-) TimerEvent: {}
[89.765632] (-) TimerEvent: {}
[89.866181] (-) TimerEvent: {}
[89.968094] (-) TimerEvent: {}
[90.068595] (-) TimerEvent: {}
[90.169039] (-) TimerEvent: {}
[90.270352] (-) TimerEvent: {}
[90.370874] (-) TimerEvent: {}
[90.473026] (-) TimerEvent: {}
[90.573555] (-) TimerEvent: {}
[90.675879] (-) TimerEvent: {}
[90.776234] (-) TimerEvent: {}
[90.877098] (-) TimerEvent: {}
[90.983302] (-) TimerEvent: {}
[91.083659] (-) TimerEvent: {}
[91.184471] (-) TimerEvent: {}
[91.285966] (-) TimerEvent: {}
[91.387926] (-) TimerEvent: {}
[91.488770] (-) TimerEvent: {}
[91.597135] (-) TimerEvent: {}
[91.697608] (-) TimerEvent: {}
[91.800468] (-) TimerEvent: {}
[91.904112] (-) TimerEvent: {}
[92.004840] (-) TimerEvent: {}
[92.105205] (-) TimerEvent: {}
[92.205896] (-) TimerEvent: {}
[92.311251] (-) TimerEvent: {}
[92.413916] (-) TimerEvent: {}
[92.514407] (-) TimerEvent: {}
[92.615138] (-) TimerEvent: {}
[92.715853] (-) TimerEvent: {}
[92.823886] (-) TimerEvent: {}
[92.924404] (-) TimerEvent: {}
[93.024905] (-) TimerEvent: {}
[93.125537] (-) TimerEvent: {}
[93.225903] (-) TimerEvent: {}
[93.328200] (-) TimerEvent: {}
[93.428789] (-) TimerEvent: {}
[93.529932] (-) TimerEvent: {}
[93.631903] (-) TimerEvent: {}
[93.732385] (-) TimerEvent: {}
[93.832915] (-) TimerEvent: {}
[93.935863] (-) TimerEvent: {}
[94.036293] (-) TimerEvent: {}
[94.136911] (-) TimerEvent: {}
[94.237858] (-) TimerEvent: {}
[94.339340] (-) TimerEvent: {}
[94.450266] (-) TimerEvent: {}
[94.550719] (-) TimerEvent: {}
[94.652062] (-) TimerEvent: {}
[94.755797] (-) TimerEvent: {}
[94.856449] (-) TimerEvent: {}
[94.959700] (-) TimerEvent: {}
[95.060169] (-) TimerEvent: {}
[95.160603] (-) TimerEvent: {}
[95.263071] (-) TimerEvent: {}
[95.368922] (-) TimerEvent: {}
[95.479439] (-) TimerEvent: {}
[95.579878] (-) TimerEvent: {}
[95.680410] (-) TimerEvent: {}
[95.780886] (-) TimerEvent: {}
[95.898892] (-) TimerEvent: {}
[95.999891] (-) TimerEvent: {}
[96.101876] (-) TimerEvent: {}
[96.204282] (-) TimerEvent: {}
[96.306580] (-) TimerEvent: {}
[96.407991] (-) TimerEvent: {}
[96.508648] (-) TimerEvent: {}
[96.609022] (-) TimerEvent: {}
[96.711911] (-) TimerEvent: {}
[96.817869] (-) TimerEvent: {}
[96.918329] (-) TimerEvent: {}
[97.022885] (-) TimerEvent: {}
[97.123231] (-) TimerEvent: {}
[97.227009] (-) TimerEvent: {}
[97.327487] (-) TimerEvent: {}
[97.427885] (-) TimerEvent: {}
[97.528450] (-) TimerEvent: {}
[97.628957] (-) TimerEvent: {}
[97.735926] (-) TimerEvent: {}
[97.836900] (-) TimerEvent: {}
[97.939917] (-) TimerEvent: {}
[98.040947] (-) TimerEvent: {}
[98.141876] (-) TimerEvent: {}
[98.243575] (-) TimerEvent: {}
[98.345325] (-) TimerEvent: {}
[98.445986] (-) TimerEvent: {}
[98.546455] (-) TimerEvent: {}
[98.646940] (-) TimerEvent: {}
[98.750530] (-) TimerEvent: {}
[98.850869] (-) TimerEvent: {}
[98.951294] (-) TimerEvent: {}
[99.052869] (-) TimerEvent: {}
[99.154284] (-) TimerEvent: {}
[99.254826] (-) TimerEvent: {}
[99.355341] (-) TimerEvent: {}
[99.456684] (-) TimerEvent: {}
[99.559454] (-) TimerEvent: {}
[99.659829] (-) TimerEvent: {}
[99.762440] (-) TimerEvent: {}
[99.863867] (-) TimerEvent: {}
[99.964224] (-) TimerEvent: {}
[100.065922] (-) TimerEvent: {}
[100.166497] (-) TimerEvent: {}
[100.269976] (-) TimerEvent: {}
[100.370317] (-) TimerEvent: {}
[100.470752] (-) TimerEvent: {}
[100.571212] (-) TimerEvent: {}
[100.671876] (-) TimerEvent: {}
[100.773108] (-) TimerEvent: {}
[100.873653] (-) TimerEvent: {}
[100.975700] (-) TimerEvent: {}
[100.985281] (tello_driver) StdoutLine: {'line': b'[ 68%] \x1b[32m\x1b[1mLinking CXX executable tello_driver_main\x1b[0m\n'}
[101.081887] (-) TimerEvent: {}
[101.184908] (-) TimerEvent: {}
[101.285501] (-) TimerEvent: {}
[101.386277] (-) TimerEvent: {}
[101.487284] (-) TimerEvent: {}
[101.587831] (-) TimerEvent: {}
[101.688357] (-) TimerEvent: {}
[101.791545] (-) TimerEvent: {}
[101.892683] (-) TimerEvent: {}
[101.993448] (-) TimerEvent: {}
[102.094063] (-) TimerEvent: {}
[102.194737] (-) TimerEvent: {}
[102.296083] (-) TimerEvent: {}
[102.397318] (-) TimerEvent: {}
[102.497630] (-) TimerEvent: {}
[102.598404] (-) TimerEvent: {}
[102.699867] (-) TimerEvent: {}
[102.803246] (-) TimerEvent: {}
[102.903903] (-) TimerEvent: {}
[103.004302] (-) TimerEvent: {}
[103.104866] (-) TimerEvent: {}
[103.205994] (-) TimerEvent: {}
[103.309108] (-) TimerEvent: {}
[103.409890] (-) TimerEvent: {}
[103.510292] (-) TimerEvent: {}
[103.610596] (-) TimerEvent: {}
[103.673540] (tello_driver) StdoutLine: {'line': b'[ 68%] Built target tello_driver_main\n'}
[103.696937] (tello_driver) StdoutLine: {'line': b'\x1b[35m\x1b[1mScanning dependencies of target tello_driver_node\x1b[0m\n'}
[103.711397] (-) TimerEvent: {}
[103.811867] (-) TimerEvent: {}
[103.838076] (tello_driver) StdoutLine: {'line': b'[ 72%] \x1b[32mBuilding CXX object CMakeFiles/tello_driver_node.dir/src/tello_driver_node.cpp.o\x1b[0m\n'}
[103.915870] (-) TimerEvent: {}
[104.016245] (-) TimerEvent: {}
[104.116780] (-) TimerEvent: {}
[104.217197] (-) TimerEvent: {}
[104.318253] (-) TimerEvent: {}
[104.423943] (-) TimerEvent: {}
[104.527385] (-) TimerEvent: {}
[104.630977] (-) TimerEvent: {}
[104.733933] (-) TimerEvent: {}
[104.834751] (-) TimerEvent: {}
[104.935509] (-) TimerEvent: {}
[105.036104] (-) TimerEvent: {}
[105.138125] (-) TimerEvent: {}
[105.238937] (-) TimerEvent: {}
[105.340443] (-) TimerEvent: {}
[105.441374] (-) TimerEvent: {}
[105.542299] (-) TimerEvent: {}
[105.646165] (-) TimerEvent: {}
[105.747905] (-) TimerEvent: {}
[105.853872] (-) TimerEvent: {}
[105.954215] (-) TimerEvent: {}
[106.054676] (-) TimerEvent: {}
[106.159329] (-) TimerEvent: {}
[106.259776] (-) TimerEvent: {}
[106.360577] (-) TimerEvent: {}
[106.462362] (-) TimerEvent: {}
[106.563055] (-) TimerEvent: {}
[106.663996] (-) TimerEvent: {}
[106.765329] (-) TimerEvent: {}
[106.865618] (-) TimerEvent: {}
[106.967864] (-) TimerEvent: {}
[107.068245] (-) TimerEvent: {}
[107.170911] (-) TimerEvent: {}
[107.277901] (-) TimerEvent: {}
[107.378930] (-) TimerEvent: {}
[107.479798] (-) TimerEvent: {}
[107.580878] (-) TimerEvent: {}
[107.681518] (-) TimerEvent: {}
[107.781988] (-) TimerEvent: {}
[107.882566] (-) TimerEvent: {}
[107.984688] (-) TimerEvent: {}
[108.086282] (-) TimerEvent: {}
[108.187282] (-) TimerEvent: {}
[108.291039] (-) TimerEvent: {}
[108.391468] (-) TimerEvent: {}
[108.492111] (-) TimerEvent: {}
[108.594919] (-) TimerEvent: {}
[108.695399] (-) TimerEvent: {}
[108.795751] (-) TimerEvent: {}
[108.899868] (-) TimerEvent: {}
[109.002023] (-) TimerEvent: {}
[109.107479] (-) TimerEvent: {}
[109.207833] (-) TimerEvent: {}
[109.308421] (-) TimerEvent: {}
[109.411490] (-) TimerEvent: {}
[109.514229] (-) TimerEvent: {}
[109.614875] (-) TimerEvent: {}
[109.715277] (-) TimerEvent: {}
[109.819863] (-) TimerEvent: {}
[109.920945] (-) TimerEvent: {}
[110.024802] (-) TimerEvent: {}
[110.125364] (-) TimerEvent: {}
[110.225737] (-) TimerEvent: {}
[110.328928] (-) TimerEvent: {}
[110.431919] (-) TimerEvent: {}
[110.532696] (-) TimerEvent: {}
[110.634959] (-) TimerEvent: {}
[110.735455] (-) TimerEvent: {}
[110.837616] (-) TimerEvent: {}
[110.939392] (-) TimerEvent: {}
[111.040100] (-) TimerEvent: {}
[111.141193] (-) TimerEvent: {}
[111.243158] (-) TimerEvent: {}
[111.343634] (-) TimerEvent: {}
[111.444015] (-) TimerEvent: {}
[111.544282] (-) TimerEvent: {}
[111.646755] (-) TimerEvent: {}
[111.747081] (-) TimerEvent: {}
[111.847403] (-) TimerEvent: {}
[111.947860] (-) TimerEvent: {}
[112.049675] (-) TimerEvent: {}
[112.150059] (-) TimerEvent: {}
[112.251057] (-) TimerEvent: {}
[112.351737] (-) TimerEvent: {}
[112.453041] (-) TimerEvent: {}
[112.554983] (-) TimerEvent: {}
[112.657882] (-) TimerEvent: {}
[112.759066] (-) TimerEvent: {}
[112.861971] (-) TimerEvent: {}
[112.962370] (-) TimerEvent: {}
[113.062927] (-) TimerEvent: {}
[113.164934] (-) TimerEvent: {}
[113.265730] (-) TimerEvent: {}
[113.366073] (-) TimerEvent: {}
[113.467499] (-) TimerEvent: {}
[113.567807] (-) TimerEvent: {}
[113.668937] (-) TimerEvent: {}
[113.769307] (-) TimerEvent: {}
[113.872468] (-) TimerEvent: {}
[113.973587] (-) TimerEvent: {}
[114.073865] (-) TimerEvent: {}
[114.174183] (-) TimerEvent: {}
[114.274919] (-) TimerEvent: {}
[114.378075] (-) TimerEvent: {}
[114.478531] (-) TimerEvent: {}
[114.579870] (-) TimerEvent: {}
[114.680183] (-) TimerEvent: {}
[114.780486] (-) TimerEvent: {}
[114.880758] (-) TimerEvent: {}
[114.982891] (-) TimerEvent: {}
[115.083274] (-) TimerEvent: {}
[115.185441] (-) TimerEvent: {}
[115.285891] (-) TimerEvent: {}
[115.386231] (-) TimerEvent: {}
[115.487098] (-) TimerEvent: {}
[115.587484] (-) TimerEvent: {}
[115.688114] (-) TimerEvent: {}
[115.789450] (-) TimerEvent: {}
[115.890686] (-) TimerEvent: {}
[115.991155] (-) TimerEvent: {}
[116.094602] (-) TimerEvent: {}
[116.195145] (-) TimerEvent: {}
[116.295669] (-) TimerEvent: {}
[116.402868] (-) TimerEvent: {}
[116.503220] (-) TimerEvent: {}
[116.603733] (-) TimerEvent: {}
[116.704361] (-) TimerEvent: {}
[116.805011] (-) TimerEvent: {}
[116.905418] (-) TimerEvent: {}
[117.012606] (-) TimerEvent: {}
[117.057049] (tello_driver) StdoutLine: {'line': b'[ 77%] \x1b[32mBuilding CXX object CMakeFiles/tello_driver_node.dir/h264decoder/h264decoder.cpp.o\x1b[0m\n'}
[117.112706] (-) TimerEvent: {}
[117.213125] (-) TimerEvent: {}
[117.313893] (-) TimerEvent: {}
[117.400955] (tello_driver) StdoutLine: {'line': b'[ 81%] \x1b[32mBuilding CXX object CMakeFiles/tello_driver_node.dir/src/video_socket.cpp.o\x1b[0m\n'}
[117.414044] (-) TimerEvent: {}
[117.515497] (-) TimerEvent: {}
[117.617971] (-) TimerEvent: {}
[117.718604] (-) TimerEvent: {}
[117.823870] (-) TimerEvent: {}
[117.924422] (-) TimerEvent: {}
[118.025297] (-) TimerEvent: {}
[118.126761] (-) TimerEvent: {}
[118.227294] (-) TimerEvent: {}
[118.327784] (-) TimerEvent: {}
[118.428329] (-) TimerEvent: {}
[118.530341] (-) TimerEvent: {}
[118.630656] (-) TimerEvent: {}
[118.731869] (-) TimerEvent: {}
[118.832156] (-) TimerEvent: {}
[118.932447] (-) TimerEvent: {}
[119.032823] (-) TimerEvent: {}
[119.133132] (-) TimerEvent: {}
[119.233897] (-) TimerEvent: {}
[119.334874] (-) TimerEvent: {}
[119.435346] (-) TimerEvent: {}
[119.535626] (-) TimerEvent: {}
[119.638875] (-) TimerEvent: {}
[119.739236] (-) TimerEvent: {}
[119.839788] (-) TimerEvent: {}
[119.940496] (-) TimerEvent: {}
[120.041052] (-) TimerEvent: {}
[120.143559] (-) TimerEvent: {}
[120.244618] (-) TimerEvent: {}
[120.345286] (-) TimerEvent: {}
[120.445740] (-) TimerEvent: {}
[120.548074] (-) TimerEvent: {}
[120.648414] (-) TimerEvent: {}
[120.748925] (-) TimerEvent: {}
[120.849437] (-) TimerEvent: {}
[120.952241] (-) TimerEvent: {}
[121.052946] (-) TimerEvent: {}
[121.153561] (-) TimerEvent: {}
[121.256894] (-) TimerEvent: {}
[121.357235] (-) TimerEvent: {}
[121.457650] (-) TimerEvent: {}
[121.559044] (-) TimerEvent: {}
[121.659353] (-) TimerEvent: {}
[121.761356] (-) TimerEvent: {}
[121.862880] (-) TimerEvent: {}
[121.963276] (-) TimerEvent: {}
[122.063943] (-) TimerEvent: {}
[122.164876] (-) TimerEvent: {}
[122.265253] (-) TimerEvent: {}
[122.367873] (-) TimerEvent: {}
[122.468161] (-) TimerEvent: {}
[122.511226] (tello_driver) StdoutLine: {'line': b'[ 86%] \x1b[32mBuilding CXX object CMakeFiles/tello_driver_node.dir/src/state_socket.cpp.o\x1b[0m\n'}
[122.570875] (-) TimerEvent: {}
[122.671171] (-) TimerEvent: {}
[122.771470] (-) TimerEvent: {}
[122.871828] (-) TimerEvent: {}
[122.972114] (-) TimerEvent: {}
[123.072408] (-) TimerEvent: {}
[123.173395] (-) TimerEvent: {}
[123.273711] (-) TimerEvent: {}
[123.377092] (-) TimerEvent: {}
[123.477727] (-) TimerEvent: {}
[123.578323] (-) TimerEvent: {}
[123.678879] (-) TimerEvent: {}
[123.780883] (-) TimerEvent: {}
[123.881494] (-) TimerEvent: {}
[123.982579] (-) TimerEvent: {}
[124.083288] (-) TimerEvent: {}
[124.187067] (-) TimerEvent: {}
[124.287431] (-) TimerEvent: {}
[124.387866] (-) TimerEvent: {}
[124.488313] (-) TimerEvent: {}
[124.588694] (-) TimerEvent: {}
[124.689067] (-) TimerEvent: {}
[124.792868] (-) TimerEvent: {}
[124.893275] (-) TimerEvent: {}
[124.993797] (-) TimerEvent: {}
[125.094483] (-) TimerEvent: {}
[125.195789] (-) TimerEvent: {}
[125.297017] (-) TimerEvent: {}
[125.397469] (-) TimerEvent: {}
[125.497890] (-) TimerEvent: {}
[125.598699] (-) TimerEvent: {}
[125.699708] (-) TimerEvent: {}
[125.800471] (-) TimerEvent: {}
[125.904243] (-) TimerEvent: {}
[126.004635] (-) TimerEvent: {}
[126.107187] (-) TimerEvent: {}
[126.207604] (-) TimerEvent: {}
[126.308210] (-) TimerEvent: {}
[126.409196] (-) TimerEvent: {}
[126.509585] (-) TimerEvent: {}
[126.609981] (-) TimerEvent: {}
[126.710311] (-) TimerEvent: {}
[126.810618] (-) TimerEvent: {}
[126.911012] (-) TimerEvent: {}
[127.013972] (-) TimerEvent: {}
[127.114364] (-) TimerEvent: {}
[127.215929] (-) TimerEvent: {}
[127.316218] (-) TimerEvent: {}
[127.416503] (-) TimerEvent: {}
[127.517488] (-) TimerEvent: {}
[127.618512] (-) TimerEvent: {}
[127.719198] (-) TimerEvent: {}
[127.820343] (-) TimerEvent: {}
[127.921388] (-) TimerEvent: {}
[128.022947] (-) TimerEvent: {}
[128.123339] (-) TimerEvent: {}
[128.223726] (-) TimerEvent: {}
[128.324303] (-) TimerEvent: {}
[128.424606] (-) TimerEvent: {}
[128.525049] (-) TimerEvent: {}
[128.625970] (-) TimerEvent: {}
[128.730336] (-) TimerEvent: {}
[128.833153] (-) TimerEvent: {}
[128.933517] (-) TimerEvent: {}
[129.036009] (-) TimerEvent: {}
[129.136875] (-) TimerEvent: {}
[129.237296] (-) TimerEvent: {}
[129.342892] (-) TimerEvent: {}
[129.443409] (-) TimerEvent: {}
[129.544012] (-) TimerEvent: {}
[129.644588] (-) TimerEvent: {}
[129.745341] (-) TimerEvent: {}
[129.845871] (-) TimerEvent: {}
[129.948196] (-) TimerEvent: {}
[130.048877] (-) TimerEvent: {}
[130.149938] (-) TimerEvent: {}
[130.250526] (-) TimerEvent: {}
[130.353121] (-) TimerEvent: {}
[130.361800] (tello_driver) StdoutLine: {'line': b'[ 90%] \x1b[32mBuilding CXX object CMakeFiles/tello_driver_node.dir/src/command_socket.cpp.o\x1b[0m\n'}
[130.453281] (-) TimerEvent: {}
[130.554299] (-) TimerEvent: {}
[130.654606] (-) TimerEvent: {}
[130.754898] (-) TimerEvent: {}
[130.855376] (-) TimerEvent: {}
[130.962423] (-) TimerEvent: {}
[131.062726] (-) TimerEvent: {}
[131.163042] (-) TimerEvent: {}
[131.263403] (-) TimerEvent: {}
[131.363924] (-) TimerEvent: {}
[131.465062] (-) TimerEvent: {}
[131.567053] (-) TimerEvent: {}
[131.669888] (-) TimerEvent: {}
[131.774137] (-) TimerEvent: {}
[131.874624] (-) TimerEvent: {}
[131.974921] (-) TimerEvent: {}
[132.075456] (-) TimerEvent: {}
[132.176195] (-) TimerEvent: {}
[132.276978] (-) TimerEvent: {}
[132.377389] (-) TimerEvent: {}
[132.480626] (-) TimerEvent: {}
[132.581291] (-) TimerEvent: {}
[132.682305] (-) TimerEvent: {}
[132.782636] (-) TimerEvent: {}
[132.883704] (-) TimerEvent: {}
[132.984902] (-) TimerEvent: {}
[133.085918] (-) TimerEvent: {}
[133.186328] (-) TimerEvent: {}
[133.286685] (-) TimerEvent: {}
[133.387012] (-) TimerEvent: {}
[133.488952] (-) TimerEvent: {}
[133.589666] (-) TimerEvent: {}
[133.689976] (-) TimerEvent: {}
[133.792248] (-) TimerEvent: {}
[133.894278] (-) TimerEvent: {}
[133.994572] (-) TimerEvent: {}
[134.094961] (-) TimerEvent: {}
[134.195299] (-) TimerEvent: {}
[134.295604] (-) TimerEvent: {}
[134.397803] (-) TimerEvent: {}
[134.498236] (-) TimerEvent: {}
[134.601303] (-) TimerEvent: {}
[134.701775] (-) TimerEvent: {}
[134.802398] (-) TimerEvent: {}
[134.904717] (-) TimerEvent: {}
[135.006694] (-) TimerEvent: {}
[135.107056] (-) TimerEvent: {}
[135.207653] (-) TimerEvent: {}
[135.251676] (tello_driver) StdoutLine: {'line': b'[ 95%] \x1b[32mBuilding CXX object CMakeFiles/tello_driver_node.dir/src/tello_socket.cpp.o\x1b[0m\n'}
[135.307740] (-) TimerEvent: {}
[135.408039] (-) TimerEvent: {}
[135.508474] (-) TimerEvent: {}
[135.609749] (-) TimerEvent: {}
[135.712694] (-) TimerEvent: {}
[135.814258] (-) TimerEvent: {}
[135.914562] (-) TimerEvent: {}
[136.017001] (-) TimerEvent: {}
[136.117301] (-) TimerEvent: {}
[136.220177] (-) TimerEvent: {}
[136.320569] (-) TimerEvent: {}
[136.425940] (-) TimerEvent: {}
[136.529262] (-) TimerEvent: {}
[136.632010] (-) TimerEvent: {}
[136.732385] (-) TimerEvent: {}
[136.834488] (-) TimerEvent: {}
[136.934956] (-) TimerEvent: {}
[137.036321] (-) TimerEvent: {}
[137.136698] (-) TimerEvent: {}
[137.241878] (-) TimerEvent: {}
[137.342599] (-) TimerEvent: {}
[137.443166] (-) TimerEvent: {}
[137.543776] (-) TimerEvent: {}
[137.644322] (-) TimerEvent: {}
[137.749876] (-) TimerEvent: {}
[137.850195] (-) TimerEvent: {}
[137.950628] (-) TimerEvent: {}
[138.051163] (-) TimerEvent: {}
[138.151719] (-) TimerEvent: {}
[138.252238] (-) TimerEvent: {}
[138.355601] (-) TimerEvent: {}
[138.456345] (-) TimerEvent: {}
[138.556867] (-) TimerEvent: {}
[138.658523] (-) TimerEvent: {}
[138.758819] (-) TimerEvent: {}
[138.861843] (-) TimerEvent: {}
[138.962243] (-) TimerEvent: {}
[139.062560] (-) TimerEvent: {}
[139.162911] (-) TimerEvent: {}
[139.263327] (-) TimerEvent: {}
[139.363930] (-) TimerEvent: {}
[139.465030] (-) TimerEvent: {}
[139.571264] (-) TimerEvent: {}
[139.671555] (-) TimerEvent: {}
[139.772034] (-) TimerEvent: {}
[139.777387] (tello_driver) StdoutLine: {'line': b'[100%] \x1b[32m\x1b[1mLinking CXX shared library libtello_driver_node.so\x1b[0m\n'}
[139.872134] (-) TimerEvent: {}
[139.973533] (-) TimerEvent: {}
[140.074239] (-) TimerEvent: {}
[140.174657] (-) TimerEvent: {}
[140.277935] (-) TimerEvent: {}
[140.378304] (-) TimerEvent: {}
[140.478726] (-) TimerEvent: {}
[140.579892] (-) TimerEvent: {}
[140.682921] (-) TimerEvent: {}
[140.784200] (-) TimerEvent: {}
[140.884570] (-) TimerEvent: {}
[140.984908] (-) TimerEvent: {}
[141.085409] (-) TimerEvent: {}
[141.186170] (-) TimerEvent: {}
[141.286538] (-) TimerEvent: {}
[141.386848] (-) TimerEvent: {}
[141.395939] (tello_driver) StdoutLine: {'line': b'[100%] Built target tello_driver_node\n'}
[141.411609] (tello_driver) CommandEnded: {'returncode': 0}
[141.486947] (-) TimerEvent: {}
[141.490993] (tello_driver) JobProgress: {'identifier': 'tello_driver', 'progress': 'install'}
[141.492480] (tello_driver) Command: {'cmd': ['/usr/bin/cmake', '--install', '/root/DockerFiles/drone_ws/build/tello_driver'], 'cwd': '/root/DockerFiles/drone_ws/build/tello_driver', 'env': OrderedDict([('HOSTNAME', 'vdani-H410M-H-V2'), ('SHLVL', '1'), ('LD_LIBRARY_PATH', '/root/DockerFiles/drone_ws/install/tello_msgs/lib:/usr/lib/x86_64-linux-gnu/gazebo-11/plugins:/opt/ros/foxy/opt/yaml_cpp_vendor/lib:/opt/ros/foxy/opt/rviz_ogre_vendor/lib:/opt/ros/foxy/lib/x86_64-linux-gnu:/opt/ros/foxy/lib'), ('HOME', '/root'), ('OLDPWD', '/root/DockerFiles'), ('ROS_PYTHON_VERSION', '3'), ('ROS_DISTRO', 'foxy'), ('_', '/usr/bin/colcon'), ('ROS_VERSION', '2'), ('TERM', 'xterm'), ('ROS_LOCALHOST_ONLY', '0'), ('QT_X11_NO_MITSHM', '1'), ('PATH', '/opt/ros/foxy/bin:/usr/local/sbin:/usr/local/bin:/usr/sbin:/usr/bin:/sbin:/bin'), ('XDG_RUNTIME_DIR', '/run/user/1000'), ('DISPLAY', ':0'), ('LANG', 'C.UTF-8'), ('RMW_IMPLEMENTATION', 'rmw_fastrtps_cpp'), ('LS_COLORS', 'rs=0:di=01;34:ln=01;36:mh=00:pi=40;33:so=01;35:do=01;35:bd=40;33;01:cd=40;33;01:or=40;31;01:mi=00:su=37;41:sg=30;43:ca=30;41:tw=30;42:ow=34;42:st=37;44:ex=01;32:*.tar=01;31:*.tgz=01;31:*.arc=01;31:*.arj=01;31:*.taz=01;31:*.lha=01;31:*.lz4=01;31:*.lzh=01;31:*.lzma=01;31:*.tlz=01;31:*.txz=01;31:*.tzo=01;31:*.t7z=01;31:*.zip=01;31:*.z=01;31:*.dz=01;31:*.gz=01;31:*.lrz=01;31:*.lz=01;31:*.lzo=01;31:*.xz=01;31:*.zst=01;31:*.tzst=01;31:*.bz2=01;31:*.bz=01;31:*.tbz=01;31:*.tbz2=01;31:*.tz=01;31:*.deb=01;31:*.rpm=01;31:*.jar=01;31:*.war=01;31:*.ear=01;31:*.sar=01;31:*.rar=01;31:*.alz=01;31:*.ace=01;31:*.zoo=01;31:*.cpio=01;31:*.7z=01;31:*.rz=01;31:*.cab=01;31:*.wim=01;31:*.swm=01;31:*.dwm=01;31:*.esd=01;31:*.jpg=01;35:*.jpeg=01;35:*.mjpg=01;35:*.mjpeg=01;35:*.gif=01;35:*.bmp=01;35:*.pbm=01;35:*.pgm=01;35:*.ppm=01;35:*.tga=01;35:*.xbm=01;35:*.xpm=01;35:*.tif=01;35:*.tiff=01;35:*.png=01;35:*.svg=01;35:*.svgz=01;35:*.mng=01;35:*.pcx=01;35:*.mov=01;35:*.mpg=01;35:*.mpeg=01;35:*.m2v=01;35:*.mkv=01;35:*.webm=01;35:*.ogm=01;35:*.mp4=01;35:*.m4v=01;35:*.mp4v=01;35:*.vob=01;35:*.qt=01;35:*.nuv=01;35:*.wmv=01;35:*.asf=01;35:*.rm=01;35:*.rmvb=01;35:*.flc=01;35:*.avi=01;35:*.fli=01;35:*.flv=01;35:*.gl=01;35:*.dl=01;35:*.xcf=01;35:*.xwd=01;35:*.yuv=01;35:*.cgm=01;35:*.emf=01;35:*.ogv=01;35:*.ogx=01;35:*.aac=00;36:*.au=00;36:*.flac=00;36:*.m4a=00;36:*.mid=00;36:*.midi=00;36:*.mka=00;36:*.mp3=00;36:*.mpc=00;36:*.ogg=00;36:*.ra=00;36:*.wav=00;36:*.oga=00;36:*.opus=00;36:*.spx=00;36:*.xspf=00;36:'), ('AMENT_PREFIX_PATH', '/root/DockerFiles/drone_ws/install/tello_msgs:/root/DockerFiles/drone_ws/install/ros2_shared:/opt/ros/foxy'), ('PWD', '/root/DockerFiles/drone_ws/build/tello_driver'), ('LC_ALL', 'C.UTF-8'), ('PYTHONPATH', '/root/DockerFiles/drone_ws/install/tello_msgs/lib/python3.8/site-packages:/opt/ros/foxy/lib/python3.8/site-packages'), ('COLCON', '1'), ('CMAKE_PREFIX_PATH', '/root/DockerFiles/drone_ws/install/tello_msgs:/root/DockerFiles/drone_ws/install/ros2_shared:/opt/ros/foxy')]), 'shell': False}
[141.510039] (tello_driver) StdoutLine: {'line': b'-- Install configuration: ""\n'}
[141.510435] (tello_driver) StdoutLine: {'line': b'-- Installing: /root/DockerFiles/drone_ws/install/tello_driver/share/tello_driver/environment/library_path.sh\n'}
[141.510586] (tello_driver) StdoutLine: {'line': b'-- Installing: /root/DockerFiles/drone_ws/install/tello_driver/share/tello_driver/environment/library_path.dsv\n'}
[141.510688] (tello_driver) StdoutLine: {'line': b'-- Installing: /root/DockerFiles/drone_ws/install/tello_driver/lib/libtello_driver_node.so\n'}
[141.517830] (tello_driver) StdoutLine: {'line': b'-- Set runtime path of "/root/DockerFiles/drone_ws/install/tello_driver/lib/libtello_driver_node.so" to ""\n'}
[141.518223] (tello_driver) StdoutLine: {'line': b'-- Installing: /root/DockerFiles/drone_ws/install/tello_driver/lib/libtello_joy_node.so\n'}
[141.525332] (tello_driver) StdoutLine: {'line': b'-- Set runtime path of "/root/DockerFiles/drone_ws/install/tello_driver/lib/libtello_joy_node.so" to ""\n'}
[141.525666] (tello_driver) StdoutLine: {'line': b'-- Installing: /root/DockerFiles/drone_ws/install/tello_driver/lib/tello_driver/tello_driver_main\n'}
[141.530402] (tello_driver) StdoutLine: {'line': b'-- Set runtime path of "/root/DockerFiles/drone_ws/install/tello_driver/lib/tello_driver/tello_driver_main" to ""\n'}
[141.531232] (tello_driver) StdoutLine: {'line': b'-- Installing: /root/DockerFiles/drone_ws/install/tello_driver/lib/tello_driver/tello_joy_main\n'}
[141.534445] (tello_driver) StdoutLine: {'line': b'-- Set runtime path of "/root/DockerFiles/drone_ws/install/tello_driver/lib/tello_driver/tello_joy_main" to ""\n'}
[141.535194] (tello_driver) StdoutLine: {'line': b'-- Installing: /root/DockerFiles/drone_ws/install/tello_driver/lib/tello_driver/tello_emulator\n'}
[141.535912] (tello_driver) StdoutLine: {'line': b'-- Installing: /root/DockerFiles/drone_ws/install/tello_driver/share/tello_driver/cfg\n'}
[141.539907] (tello_driver) StdoutLine: {'line': b'-- Installing: /root/DockerFiles/drone_ws/install/tello_driver/share/tello_driver/cfg/camera_info.yaml\n'}
[141.543099] (tello_driver) StdoutLine: {'line': b'-- Installing: /root/DockerFiles/drone_ws/install/tello_driver/share/tello_driver/launch\n'}
[141.543312] (tello_driver) StdoutLine: {'line': b'-- Installing: /root/DockerFiles/drone_ws/install/tello_driver/share/tello_driver/launch/teleop_launch.py\n'}
[141.543418] (tello_driver) StdoutLine: {'line': b'-- Installing: /root/DockerFiles/drone_ws/install/tello_driver/share/tello_driver/launch/emulators_launch.py\n'}
[141.543500] (tello_driver) StdoutLine: {'line': b'-- Installing: /root/DockerFiles/drone_ws/install/tello_driver/share/tello_driver/launch/emulator_launch.py\n'}
[141.543579] (tello_driver) StdoutLine: {'line': b'-- Installing: /root/DockerFiles/drone_ws/install/tello_driver/share/ament_index/resource_index/package_run_dependencies/tello_driver\n'}
[141.543657] (tello_driver) StdoutLine: {'line': b'-- Installing: /root/DockerFiles/drone_ws/install/tello_driver/share/ament_index/resource_index/parent_prefix_path/tello_driver\n'}
[141.543734] (tello_driver) StdoutLine: {'line': b'-- Installing: /root/DockerFiles/drone_ws/install/tello_driver/share/tello_driver/environment/ament_prefix_path.sh\n'}
[141.543829] (tello_driver) StdoutLine: {'line': b'-- Installing: /root/DockerFiles/drone_ws/install/tello_driver/share/tello_driver/environment/ament_prefix_path.dsv\n'}
[141.543919] (tello_driver) StdoutLine: {'line': b'-- Installing: /root/DockerFiles/drone_ws/install/tello_driver/share/tello_driver/environment/path.sh\n'}
[141.543998] (tello_driver) StdoutLine: {'line': b'-- Installing: /root/DockerFiles/drone_ws/install/tello_driver/share/tello_driver/environment/path.dsv\n'}
[141.544089] (tello_driver) StdoutLine: {'line': b'-- Installing: /root/DockerFiles/drone_ws/install/tello_driver/share/tello_driver/local_setup.bash\n'}
[141.544176] (tello_driver) StdoutLine: {'line': b'-- Installing: /root/DockerFiles/drone_ws/install/tello_driver/share/tello_driver/local_setup.sh\n'}
[141.544626] (tello_driver) StdoutLine: {'line': b'-- Installing: /root/DockerFiles/drone_ws/install/tello_driver/share/tello_driver/local_setup.zsh\n'}
[141.544782] (tello_driver) StdoutLine: {'line': b'-- Installing: /root/DockerFiles/drone_ws/install/tello_driver/share/tello_driver/local_setup.dsv\n'}
[141.545164] (tello_driver) StdoutLine: {'line': b'-- Installing: /root/DockerFiles/drone_ws/install/tello_driver/share/tello_driver/package.dsv\n'}
[141.545593] (tello_driver) StdoutLine: {'line': b'-- Installing: /root/DockerFiles/drone_ws/install/tello_driver/share/ament_index/resource_index/packages/tello_driver\n'}
[141.550708] (tello_driver) StdoutLine: {'line': b'-- Installing: /root/DockerFiles/drone_ws/install/tello_driver/share/ament_index/resource_index/rclcpp_components/tello_driver\n'}
[141.551037] (tello_driver) StdoutLine: {'line': b'-- Installing: /root/DockerFiles/drone_ws/install/tello_driver/share/tello_driver/cmake/tello_driverConfig.cmake\n'}
[141.551129] (tello_driver) StdoutLine: {'line': b'-- Installing: /root/DockerFiles/drone_ws/install/tello_driver/share/tello_driver/cmake/tello_driverConfig-version.cmake\n'}
[141.551185] (tello_driver) StdoutLine: {'line': b'-- Installing: /root/DockerFiles/drone_ws/install/tello_driver/share/tello_driver/package.xml\n'}
[141.552198] (tello_driver) CommandEnded: {'returncode': 0}
[141.587987] (-) TimerEvent: {}
[141.688985] (-) TimerEvent: {}
[141.693904] (tello_driver) JobEnded: {'identifier': 'tello_driver', 'rc': 0}
[141.696516] (-) EventReactorShutdown: {}
