[0.000000] (-) TimerEvent: {}
[0.000469] (ros2_shared) JobQueued: {'identifier': 'ros2_shared', 'dependencies': OrderedDict()}
[0.000645] (tello_camera) JobQueued: {'identifier': 'tello_camera', 'dependencies': OrderedDict()}
[0.000867] (tello_controller) JobQueued: {'identifier': 'tello_controller', 'dependencies': OrderedDict()}
[0.000928] (tello_description) JobQueued: {'identifier': 'tello_description', 'dependencies': OrderedDict()}
[0.000955] (tello_hand_move) JobQueued: {'identifier': 'tello_hand_move', 'dependencies': OrderedDict()}
[0.000982] (tello_mission) JobQueued: {'identifier': 'tello_mission', 'dependencies': OrderedDict()}
[0.001016] (tello_msgs) JobQueued: {'identifier': 'tello_msgs', 'dependencies': OrderedDict()}
[0.001051] (tello_driver) JobQueued: {'identifier': 'tello_driver', 'dependencies': OrderedDict([('ros2_shared', '/root/DockerFiles/drone_ws/install/ros2_shared'), ('tello_msgs', '/root/DockerFiles/drone_ws/install/tello_msgs')])}
[0.001094] (tello_gazebo) JobQueued: {'identifier': 'tello_gazebo', 'dependencies': OrderedDict([('tello_msgs', '/root/DockerFiles/drone_ws/install/tello_msgs')])}
[0.002235] (tello_msgs) JobStarted: {'identifier': 'tello_msgs'}
[0.012070] (ros2_shared) JobStarted: {'identifier': 'ros2_shared'}
[0.019130] (tello_camera) JobStarted: {'identifier': 'tello_camera'}
[0.028767] (tello_controller) JobStarted: {'identifier': 'tello_controller'}
[0.039107] (tello_description) JobStarted: {'identifier': 'tello_description'}
[0.048580] (tello_hand_move) JobStarted: {'identifier': 'tello_hand_move'}
[0.058612] (tello_mission) JobStarted: {'identifier': 'tello_mission'}
[0.070426] (tello_msgs) JobProgress: {'identifier': 'tello_msgs', 'progress': 'cmake'}
[0.071100] (tello_msgs) JobProgress: {'identifier': 'tello_msgs', 'progress': 'build'}
[0.071643] (tello_msgs) Command: {'cmd': ['/usr/bin/cmake', '--build', '/root/DockerFiles/drone_ws/build/tello_msgs', '--', '-j12', '-l12'], 'cwd': '/root/DockerFiles/drone_ws/build/tello_msgs', 'env': OrderedDict([('HOSTNAME', 'vdani-H410M-H-V2'), ('SHLVL', '1'), ('LD_LIBRARY_PATH', '/usr/lib/x86_64-linux-gnu/gazebo-11/plugins:/opt/ros/foxy/opt/yaml_cpp_vendor/lib:/opt/ros/foxy/opt/rviz_ogre_vendor/lib:/opt/ros/foxy/lib/x86_64-linux-gnu:/opt/ros/foxy/lib'), ('HOME', '/root'), ('OLDPWD', '/root/DockerFiles/drone_ws/src'), ('ROS_PYTHON_VERSION', '3'), ('ROS_DISTRO', 'foxy'), ('_', '/usr/bin/colcon'), ('ROS_VERSION', '2'), ('TERM', 'xterm'), ('ROS_LOCALHOST_ONLY', '0'), ('QT_X11_NO_MITSHM', '1'), ('PATH', '/opt/ros/foxy/bin:/usr/local/sbin:/usr/local/bin:/usr/sbin:/usr/bin:/sbin:/bin'), ('XDG_RUNTIME_DIR', '/run/user/1000'), ('DISPLAY', ':0'), ('LANG', 'C.UTF-8'), ('RMW_IMPLEMENTATION', 'rmw_fastrtps_cpp'), ('LS_COLORS', 'rs=0:di=01;34:ln=01;36:mh=00:pi=40;33:so=01;35:do=01;35:bd=40;33;01:cd=40;33;01:or=40;31;01:mi=00:su=37;41:sg=30;43:ca=30;41:tw=30;42:ow=34;42:st=37;44:ex=01;32:*.tar=01;31:*.tgz=01;31:*.arc=01;31:*.arj=01;31:*.taz=01;31:*.lha=01;31:*.lz4=01;31:*.lzh=01;31:*.lzma=01;31:*.tlz=01;31:*.txz=01;31:*.tzo=01;31:*.t7z=01;31:*.zip=01;31:*.z=01;31:*.dz=01;31:*.gz=01;31:*.lrz=01;31:*.lz=01;31:*.lzo=01;31:*.xz=01;31:*.zst=01;31:*.tzst=01;31:*.bz2=01;31:*.bz=01;31:*.tbz=01;31:*.tbz2=01;31:*.tz=01;31:*.deb=01;31:*.rpm=01;31:*.jar=01;31:*.war=01;31:*.ear=01;31:*.sar=01;31:*.rar=01;31:*.alz=01;31:*.ace=01;31:*.zoo=01;31:*.cpio=01;31:*.7z=01;31:*.rz=01;31:*.cab=01;31:*.wim=01;31:*.swm=01;31:*.dwm=01;31:*.esd=01;31:*.jpg=01;35:*.jpeg=01;35:*.mjpg=01;35:*.mjpeg=01;35:*.gif=01;35:*.bmp=01;35:*.pbm=01;35:*.pgm=01;35:*.ppm=01;35:*.tga=01;35:*.xbm=01;35:*.xpm=01;35:*.tif=01;35:*.tiff=01;35:*.png=01;35:*.svg=01;35:*.svgz=01;35:*.mng=01;35:*.pcx=01;35:*.mov=01;35:*.mpg=01;35:*.mpeg=01;35:*.m2v=01;35:*.mkv=01;35:*.webm=01;35:*.ogm=01;35:*.mp4=01;35:*.m4v=01;35:*.mp4v=01;35:*.vob=01;35:*.qt=01;35:*.nuv=01;35:*.wmv=01;35:*.asf=01;35:*.rm=01;35:*.rmvb=01;35:*.flc=01;35:*.avi=01;35:*.fli=01;35:*.flv=01;35:*.gl=01;35:*.dl=01;35:*.xcf=01;35:*.xwd=01;35:*.yuv=01;35:*.cgm=01;35:*.emf=01;35:*.ogv=01;35:*.ogx=01;35:*.aac=00;36:*.au=00;36:*.flac=00;36:*.m4a=00;36:*.mid=00;36:*.midi=00;36:*.mka=00;36:*.mp3=00;36:*.mpc=00;36:*.ogg=00;36:*.ra=00;36:*.wav=00;36:*.oga=00;36:*.opus=00;36:*.spx=00;36:*.xspf=00;36:'), ('AMENT_PREFIX_PATH', '/opt/ros/foxy'), ('PWD', '/root/DockerFiles/drone_ws/build/tello_msgs'), ('LC_ALL', 'C.UTF-8'), ('PYTHONPATH', '/opt/ros/foxy/lib/python3.8/site-packages'), ('NVIDIA_VISIBLE_DEVICES', 'all'), ('COLCON', '1'), ('CMAKE_PREFIX_PATH', '/opt/ros/foxy')]), 'shell': False}
[0.075682] (ros2_shared) JobProgress: {'identifier': 'ros2_shared', 'progress': 'cmake'}
[0.076240] (ros2_shared) JobProgress: {'identifier': 'ros2_shared', 'progress': 'build'}
[0.076427] (ros2_shared) Command: {'cmd': ['/usr/bin/cmake', '--build', '/root/DockerFiles/drone_ws/build/ros2_shared', '--', '-j12', '-l12'], 'cwd': '/root/DockerFiles/drone_ws/build/ros2_shared', 'env': OrderedDict([('HOSTNAME', 'vdani-H410M-H-V2'), ('SHLVL', '1'), ('LD_LIBRARY_PATH', '/usr/lib/x86_64-linux-gnu/gazebo-11/plugins:/opt/ros/foxy/opt/yaml_cpp_vendor/lib:/opt/ros/foxy/opt/rviz_ogre_vendor/lib:/opt/ros/foxy/lib/x86_64-linux-gnu:/opt/ros/foxy/lib'), ('HOME', '/root'), ('OLDPWD', '/root/DockerFiles/drone_ws/src'), ('ROS_PYTHON_VERSION', '3'), ('ROS_DISTRO', 'foxy'), ('_', '/usr/bin/colcon'), ('ROS_VERSION', '2'), ('TERM', 'xterm'), ('ROS_LOCALHOST_ONLY', '0'), ('QT_X11_NO_MITSHM', '1'), ('PATH', '/opt/ros/foxy/bin:/usr/local/sbin:/usr/local/bin:/usr/sbin:/usr/bin:/sbin:/bin'), ('XDG_RUNTIME_DIR', '/run/user/1000'), ('DISPLAY', ':0'), ('LANG', 'C.UTF-8'), ('RMW_IMPLEMENTATION', 'rmw_fastrtps_cpp'), ('LS_COLORS', 'rs=0:di=01;34:ln=01;36:mh=00:pi=40;33:so=01;35:do=01;35:bd=40;33;01:cd=40;33;01:or=40;31;01:mi=00:su=37;41:sg=30;43:ca=30;41:tw=30;42:ow=34;42:st=37;44:ex=01;32:*.tar=01;31:*.tgz=01;31:*.arc=01;31:*.arj=01;31:*.taz=01;31:*.lha=01;31:*.lz4=01;31:*.lzh=01;31:*.lzma=01;31:*.tlz=01;31:*.txz=01;31:*.tzo=01;31:*.t7z=01;31:*.zip=01;31:*.z=01;31:*.dz=01;31:*.gz=01;31:*.lrz=01;31:*.lz=01;31:*.lzo=01;31:*.xz=01;31:*.zst=01;31:*.tzst=01;31:*.bz2=01;31:*.bz=01;31:*.tbz=01;31:*.tbz2=01;31:*.tz=01;31:*.deb=01;31:*.rpm=01;31:*.jar=01;31:*.war=01;31:*.ear=01;31:*.sar=01;31:*.rar=01;31:*.alz=01;31:*.ace=01;31:*.zoo=01;31:*.cpio=01;31:*.7z=01;31:*.rz=01;31:*.cab=01;31:*.wim=01;31:*.swm=01;31:*.dwm=01;31:*.esd=01;31:*.jpg=01;35:*.jpeg=01;35:*.mjpg=01;35:*.mjpeg=01;35:*.gif=01;35:*.bmp=01;35:*.pbm=01;35:*.pgm=01;35:*.ppm=01;35:*.tga=01;35:*.xbm=01;35:*.xpm=01;35:*.tif=01;35:*.tiff=01;35:*.png=01;35:*.svg=01;35:*.svgz=01;35:*.mng=01;35:*.pcx=01;35:*.mov=01;35:*.mpg=01;35:*.mpeg=01;35:*.m2v=01;35:*.mkv=01;35:*.webm=01;35:*.ogm=01;35:*.mp4=01;35:*.m4v=01;35:*.mp4v=01;35:*.vob=01;35:*.qt=01;35:*.nuv=01;35:*.wmv=01;35:*.asf=01;35:*.rm=01;35:*.rmvb=01;35:*.flc=01;35:*.avi=01;35:*.fli=01;35:*.flv=01;35:*.gl=01;35:*.dl=01;35:*.xcf=01;35:*.xwd=01;35:*.yuv=01;35:*.cgm=01;35:*.emf=01;35:*.ogv=01;35:*.ogx=01;35:*.aac=00;36:*.au=00;36:*.flac=00;36:*.m4a=00;36:*.mid=00;36:*.midi=00;36:*.mka=00;36:*.mp3=00;36:*.mpc=00;36:*.ogg=00;36:*.ra=00;36:*.wav=00;36:*.oga=00;36:*.opus=00;36:*.spx=00;36:*.xspf=00;36:'), ('AMENT_PREFIX_PATH', '/opt/ros/foxy'), ('PWD', '/root/DockerFiles/drone_ws/build/ros2_shared'), ('LC_ALL', 'C.UTF-8'), ('PYTHONPATH', '/opt/ros/foxy/lib/python3.8/site-packages'), ('NVIDIA_VISIBLE_DEVICES', 'all'), ('COLCON', '1'), ('CMAKE_PREFIX_PATH', '/opt/ros/foxy')]), 'shell': False}
[0.099782] (-) TimerEvent: {}
[0.200155] (-) TimerEvent: {}
[0.300506] (-) TimerEvent: {}
[0.400854] (-) TimerEvent: {}
[0.478007] (tello_description) JobProgress: {'identifier': 'tello_description', 'progress': 'cmake'}
[0.478579] (tello_description) JobProgress: {'identifier': 'tello_description', 'progress': 'build'}
[0.478766] (tello_description) Command: {'cmd': ['/usr/bin/cmake', '--build', '/root/DockerFiles/drone_ws/build/tello_description', '--', '-j12', '-l12'], 'cwd': '/root/DockerFiles/drone_ws/build/tello_description', 'env': OrderedDict([('HOSTNAME', 'vdani-H410M-H-V2'), ('SHLVL', '1'), ('LD_LIBRARY_PATH', '/usr/lib/x86_64-linux-gnu/gazebo-11/plugins:/opt/ros/foxy/opt/yaml_cpp_vendor/lib:/opt/ros/foxy/opt/rviz_ogre_vendor/lib:/opt/ros/foxy/lib/x86_64-linux-gnu:/opt/ros/foxy/lib'), ('HOME', '/root'), ('OLDPWD', '/root/DockerFiles/drone_ws/src'), ('ROS_PYTHON_VERSION', '3'), ('ROS_DISTRO', 'foxy'), ('_', '/usr/bin/colcon'), ('ROS_VERSION', '2'), ('TERM', 'xterm'), ('ROS_LOCALHOST_ONLY', '0'), ('QT_X11_NO_MITSHM', '1'), ('PATH', '/opt/ros/foxy/bin:/usr/local/sbin:/usr/local/bin:/usr/sbin:/usr/bin:/sbin:/bin'), ('XDG_RUNTIME_DIR', '/run/user/1000'), ('DISPLAY', ':0'), ('LANG', 'C.UTF-8'), ('RMW_IMPLEMENTATION', 'rmw_fastrtps_cpp'), ('LS_COLORS', 'rs=0:di=01;34:ln=01;36:mh=00:pi=40;33:so=01;35:do=01;35:bd=40;33;01:cd=40;33;01:or=40;31;01:mi=00:su=37;41:sg=30;43:ca=30;41:tw=30;42:ow=34;42:st=37;44:ex=01;32:*.tar=01;31:*.tgz=01;31:*.arc=01;31:*.arj=01;31:*.taz=01;31:*.lha=01;31:*.lz4=01;31:*.lzh=01;31:*.lzma=01;31:*.tlz=01;31:*.txz=01;31:*.tzo=01;31:*.t7z=01;31:*.zip=01;31:*.z=01;31:*.dz=01;31:*.gz=01;31:*.lrz=01;31:*.lz=01;31:*.lzo=01;31:*.xz=01;31:*.zst=01;31:*.tzst=01;31:*.bz2=01;31:*.bz=01;31:*.tbz=01;31:*.tbz2=01;31:*.tz=01;31:*.deb=01;31:*.rpm=01;31:*.jar=01;31:*.war=01;31:*.ear=01;31:*.sar=01;31:*.rar=01;31:*.alz=01;31:*.ace=01;31:*.zoo=01;31:*.cpio=01;31:*.7z=01;31:*.rz=01;31:*.cab=01;31:*.wim=01;31:*.swm=01;31:*.dwm=01;31:*.esd=01;31:*.jpg=01;35:*.jpeg=01;35:*.mjpg=01;35:*.mjpeg=01;35:*.gif=01;35:*.bmp=01;35:*.pbm=01;35:*.pgm=01;35:*.ppm=01;35:*.tga=01;35:*.xbm=01;35:*.xpm=01;35:*.tif=01;35:*.tiff=01;35:*.png=01;35:*.svg=01;35:*.svgz=01;35:*.mng=01;35:*.pcx=01;35:*.mov=01;35:*.mpg=01;35:*.mpeg=01;35:*.m2v=01;35:*.mkv=01;35:*.webm=01;35:*.ogm=01;35:*.mp4=01;35:*.m4v=01;35:*.mp4v=01;35:*.vob=01;35:*.qt=01;35:*.nuv=01;35:*.wmv=01;35:*.asf=01;35:*.rm=01;35:*.rmvb=01;35:*.flc=01;35:*.avi=01;35:*.fli=01;35:*.flv=01;35:*.gl=01;35:*.dl=01;35:*.xcf=01;35:*.xwd=01;35:*.yuv=01;35:*.cgm=01;35:*.emf=01;35:*.ogv=01;35:*.ogx=01;35:*.aac=00;36:*.au=00;36:*.flac=00;36:*.m4a=00;36:*.mid=00;36:*.midi=00;36:*.mka=00;36:*.mp3=00;36:*.mpc=00;36:*.ogg=00;36:*.ra=00;36:*.wav=00;36:*.oga=00;36:*.opus=00;36:*.spx=00;36:*.xspf=00;36:'), ('AMENT_PREFIX_PATH', '/opt/ros/foxy'), ('PWD', '/root/DockerFiles/drone_ws/build/tello_description'), ('LC_ALL', 'C.UTF-8'), ('PYTHONPATH', '/opt/ros/foxy/lib/python3.8/site-packages'), ('NVIDIA_VISIBLE_DEVICES', 'all'), ('COLCON', '1'), ('CMAKE_PREFIX_PATH', '/opt/ros/foxy')]), 'shell': False}
[0.500994] (-) TimerEvent: {}
[0.601369] (-) TimerEvent: {}
[0.701777] (-) TimerEvent: {}
[0.802090] (-) TimerEvent: {}
[0.874298] (tello_msgs) StdoutLine: {'line': b'[  2%] Built target tello_msgs__cpp\n'}
[0.875048] (tello_msgs) StdoutLine: {'line': b'[ 12%] Built target tello_msgs__rosidl_generator_c\n'}
[0.875312] (tello_msgs) StdoutLine: {'line': b'[ 31%] Built target tello_msgs__rosidl_typesupport_introspection_cpp\n'}
[0.875702] (tello_msgs) StdoutLine: {'line': b'[ 34%] Built target tello_msgs__rosidl_typesupport_cpp\n'}
[0.876062] (tello_msgs) StdoutLine: {'line': b'[ 44%] Built target tello_msgs__rosidl_typesupport_c\n'}
[0.876245] (tello_msgs) StdoutLine: {'line': b'[ 55%] Built target tello_msgs__rosidl_typesupport_fastrtps_cpp\n'}
[0.876339] (tello_msgs) StdoutLine: {'line': b'[ 65%] Built target tello_msgs__rosidl_typesupport_introspection_c\n'}
[0.876613] (tello_msgs) StdoutLine: {'line': b'[ 76%] Built target tello_msgs__rosidl_typesupport_fastrtps_c\n'}
[0.877964] (tello_msgs) StdoutLine: {'line': b'[ 76%] Built target tello_msgs\n'}
[0.878044] (tello_msgs) StdoutLine: {'line': b'[ 78%] Built target tello_msgs__py\n'}
[0.878529] (tello_msgs) StdoutLine: {'line': b'[ 87%] Built target tello_msgs__python\n'}
[0.878652] (tello_msgs) StdoutLine: {'line': b'[ 95%] Built target tello_msgs__rosidl_typesupport_c__pyext\n'}
[0.878937] (tello_msgs) StdoutLine: {'line': b'[ 95%] Built target tello_msgs__rosidl_typesupport_introspection_c__pyext\n'}
[0.880009] (tello_msgs) StdoutLine: {'line': b'[100%] Built target tello_msgs__rosidl_typesupport_fastrtps_c__pyext\n'}
[0.880333] (tello_description) StdoutLine: {'line': b'[ 33%] Built target generate_urdf\n'}
[0.880735] (tello_description) StdoutLine: {'line': b'[ 33%] Built target generate_urdf_6\n'}
[0.881863] (tello_description) StdoutLine: {'line': b'[ 33%] Built target generate_urdf_1\n'}
[0.882134] (tello_description) StdoutLine: {'line': b'[ 44%] Built target generate_urdf_4\n'}
[0.882679] (tello_description) StdoutLine: {'line': b'[ 55%] Built target generate_urdf_7\n'}
[0.883235] (tello_description) StdoutLine: {'line': b'[ 77%] Built target generate_urdf_2\n'}
[0.883426] (tello_description) StdoutLine: {'line': b'[ 77%] Built target generate_urdf_8\n'}
[0.883714] (tello_description) StdoutLine: {'line': b'[ 88%] Built target generate_urdf_5\n'}
[0.883860] (tello_description) StdoutLine: {'line': b'[100%] Built target generate_urdf_3\n'}
[0.883988] (tello_msgs) CommandEnded: {'returncode': 0}
[0.884659] (ros2_shared) CommandEnded: {'returncode': 0}
[0.884993] (tello_description) CommandEnded: {'returncode': 0}
[0.902599] (-) TimerEvent: {}
[0.904450] (ros2_shared) JobProgress: {'identifier': 'ros2_shared', 'progress': 'install'}
[0.917203] (ros2_shared) Command: {'cmd': ['/usr/bin/cmake', '--install', '/root/DockerFiles/drone_ws/build/ros2_shared'], 'cwd': '/root/DockerFiles/drone_ws/build/ros2_shared', 'env': OrderedDict([('HOSTNAME', 'vdani-H410M-H-V2'), ('SHLVL', '1'), ('LD_LIBRARY_PATH', '/usr/lib/x86_64-linux-gnu/gazebo-11/plugins:/opt/ros/foxy/opt/yaml_cpp_vendor/lib:/opt/ros/foxy/opt/rviz_ogre_vendor/lib:/opt/ros/foxy/lib/x86_64-linux-gnu:/opt/ros/foxy/lib'), ('HOME', '/root'), ('OLDPWD', '/root/DockerFiles/drone_ws/src'), ('ROS_PYTHON_VERSION', '3'), ('ROS_DISTRO', 'foxy'), ('_', '/usr/bin/colcon'), ('ROS_VERSION', '2'), ('TERM', 'xterm'), ('ROS_LOCALHOST_ONLY', '0'), ('QT_X11_NO_MITSHM', '1'), ('PATH', '/opt/ros/foxy/bin:/usr/local/sbin:/usr/local/bin:/usr/sbin:/usr/bin:/sbin:/bin'), ('XDG_RUNTIME_DIR', '/run/user/1000'), ('DISPLAY', ':0'), ('LANG', 'C.UTF-8'), ('RMW_IMPLEMENTATION', 'rmw_fastrtps_cpp'), ('LS_COLORS', 'rs=0:di=01;34:ln=01;36:mh=00:pi=40;33:so=01;35:do=01;35:bd=40;33;01:cd=40;33;01:or=40;31;01:mi=00:su=37;41:sg=30;43:ca=30;41:tw=30;42:ow=34;42:st=37;44:ex=01;32:*.tar=01;31:*.tgz=01;31:*.arc=01;31:*.arj=01;31:*.taz=01;31:*.lha=01;31:*.lz4=01;31:*.lzh=01;31:*.lzma=01;31:*.tlz=01;31:*.txz=01;31:*.tzo=01;31:*.t7z=01;31:*.zip=01;31:*.z=01;31:*.dz=01;31:*.gz=01;31:*.lrz=01;31:*.lz=01;31:*.lzo=01;31:*.xz=01;31:*.zst=01;31:*.tzst=01;31:*.bz2=01;31:*.bz=01;31:*.tbz=01;31:*.tbz2=01;31:*.tz=01;31:*.deb=01;31:*.rpm=01;31:*.jar=01;31:*.war=01;31:*.ear=01;31:*.sar=01;31:*.rar=01;31:*.alz=01;31:*.ace=01;31:*.zoo=01;31:*.cpio=01;31:*.7z=01;31:*.rz=01;31:*.cab=01;31:*.wim=01;31:*.swm=01;31:*.dwm=01;31:*.esd=01;31:*.jpg=01;35:*.jpeg=01;35:*.mjpg=01;35:*.mjpeg=01;35:*.gif=01;35:*.bmp=01;35:*.pbm=01;35:*.pgm=01;35:*.ppm=01;35:*.tga=01;35:*.xbm=01;35:*.xpm=01;35:*.tif=01;35:*.tiff=01;35:*.png=01;35:*.svg=01;35:*.svgz=01;35:*.mng=01;35:*.pcx=01;35:*.mov=01;35:*.mpg=01;35:*.mpeg=01;35:*.m2v=01;35:*.mkv=01;35:*.webm=01;35:*.ogm=01;35:*.mp4=01;35:*.m4v=01;35:*.mp4v=01;35:*.vob=01;35:*.qt=01;35:*.nuv=01;35:*.wmv=01;35:*.asf=01;35:*.rm=01;35:*.rmvb=01;35:*.flc=01;35:*.avi=01;35:*.fli=01;35:*.flv=01;35:*.gl=01;35:*.dl=01;35:*.xcf=01;35:*.xwd=01;35:*.yuv=01;35:*.cgm=01;35:*.emf=01;35:*.ogv=01;35:*.ogx=01;35:*.aac=00;36:*.au=00;36:*.flac=00;36:*.m4a=00;36:*.mid=00;36:*.midi=00;36:*.mka=00;36:*.mp3=00;36:*.mpc=00;36:*.ogg=00;36:*.ra=00;36:*.wav=00;36:*.oga=00;36:*.opus=00;36:*.spx=00;36:*.xspf=00;36:'), ('AMENT_PREFIX_PATH', '/opt/ros/foxy'), ('PWD', '/root/DockerFiles/drone_ws/build/ros2_shared'), ('LC_ALL', 'C.UTF-8'), ('PYTHONPATH', '/opt/ros/foxy/lib/python3.8/site-packages'), ('NVIDIA_VISIBLE_DEVICES', 'all'), ('COLCON', '1'), ('CMAKE_PREFIX_PATH', '/opt/ros/foxy')]), 'shell': False}
[0.920429] (tello_description) JobProgress: {'identifier': 'tello_description', 'progress': 'install'}
[0.920762] (tello_description) Command: {'cmd': ['/usr/bin/cmake', '--install', '/root/DockerFiles/drone_ws/build/tello_description'], 'cwd': '/root/DockerFiles/drone_ws/build/tello_description', 'env': OrderedDict([('HOSTNAME', 'vdani-H410M-H-V2'), ('SHLVL', '1'), ('LD_LIBRARY_PATH', '/usr/lib/x86_64-linux-gnu/gazebo-11/plugins:/opt/ros/foxy/opt/yaml_cpp_vendor/lib:/opt/ros/foxy/opt/rviz_ogre_vendor/lib:/opt/ros/foxy/lib/x86_64-linux-gnu:/opt/ros/foxy/lib'), ('HOME', '/root'), ('OLDPWD', '/root/DockerFiles/drone_ws/src'), ('ROS_PYTHON_VERSION', '3'), ('ROS_DISTRO', 'foxy'), ('_', '/usr/bin/colcon'), ('ROS_VERSION', '2'), ('TERM', 'xterm'), ('ROS_LOCALHOST_ONLY', '0'), ('QT_X11_NO_MITSHM', '1'), ('PATH', '/opt/ros/foxy/bin:/usr/local/sbin:/usr/local/bin:/usr/sbin:/usr/bin:/sbin:/bin'), ('XDG_RUNTIME_DIR', '/run/user/1000'), ('DISPLAY', ':0'), ('LANG', 'C.UTF-8'), ('RMW_IMPLEMENTATION', 'rmw_fastrtps_cpp'), ('LS_COLORS', 'rs=0:di=01;34:ln=01;36:mh=00:pi=40;33:so=01;35:do=01;35:bd=40;33;01:cd=40;33;01:or=40;31;01:mi=00:su=37;41:sg=30;43:ca=30;41:tw=30;42:ow=34;42:st=37;44:ex=01;32:*.tar=01;31:*.tgz=01;31:*.arc=01;31:*.arj=01;31:*.taz=01;31:*.lha=01;31:*.lz4=01;31:*.lzh=01;31:*.lzma=01;31:*.tlz=01;31:*.txz=01;31:*.tzo=01;31:*.t7z=01;31:*.zip=01;31:*.z=01;31:*.dz=01;31:*.gz=01;31:*.lrz=01;31:*.lz=01;31:*.lzo=01;31:*.xz=01;31:*.zst=01;31:*.tzst=01;31:*.bz2=01;31:*.bz=01;31:*.tbz=01;31:*.tbz2=01;31:*.tz=01;31:*.deb=01;31:*.rpm=01;31:*.jar=01;31:*.war=01;31:*.ear=01;31:*.sar=01;31:*.rar=01;31:*.alz=01;31:*.ace=01;31:*.zoo=01;31:*.cpio=01;31:*.7z=01;31:*.rz=01;31:*.cab=01;31:*.wim=01;31:*.swm=01;31:*.dwm=01;31:*.esd=01;31:*.jpg=01;35:*.jpeg=01;35:*.mjpg=01;35:*.mjpeg=01;35:*.gif=01;35:*.bmp=01;35:*.pbm=01;35:*.pgm=01;35:*.ppm=01;35:*.tga=01;35:*.xbm=01;35:*.xpm=01;35:*.tif=01;35:*.tiff=01;35:*.png=01;35:*.svg=01;35:*.svgz=01;35:*.mng=01;35:*.pcx=01;35:*.mov=01;35:*.mpg=01;35:*.mpeg=01;35:*.m2v=01;35:*.mkv=01;35:*.webm=01;35:*.ogm=01;35:*.mp4=01;35:*.m4v=01;35:*.mp4v=01;35:*.vob=01;35:*.qt=01;35:*.nuv=01;35:*.wmv=01;35:*.asf=01;35:*.rm=01;35:*.rmvb=01;35:*.flc=01;35:*.avi=01;35:*.fli=01;35:*.flv=01;35:*.gl=01;35:*.dl=01;35:*.xcf=01;35:*.xwd=01;35:*.yuv=01;35:*.cgm=01;35:*.emf=01;35:*.ogv=01;35:*.ogx=01;35:*.aac=00;36:*.au=00;36:*.flac=00;36:*.m4a=00;36:*.mid=00;36:*.midi=00;36:*.mka=00;36:*.mp3=00;36:*.mpc=00;36:*.ogg=00;36:*.ra=00;36:*.wav=00;36:*.oga=00;36:*.opus=00;36:*.spx=00;36:*.xspf=00;36:'), ('AMENT_PREFIX_PATH', '/opt/ros/foxy'), ('PWD', '/root/DockerFiles/drone_ws/build/tello_description'), ('LC_ALL', 'C.UTF-8'), ('PYTHONPATH', '/opt/ros/foxy/lib/python3.8/site-packages'), ('NVIDIA_VISIBLE_DEVICES', 'all'), ('COLCON', '1'), ('CMAKE_PREFIX_PATH', '/opt/ros/foxy')]), 'shell': False}
[0.928382] (ros2_shared) StdoutLine: {'line': b'-- Install configuration: ""\n'}
[0.928815] (ros2_shared) StdoutLine: {'line': b'-- Up-to-date: /root/DockerFiles/drone_ws/install/ros2_shared/include\n'}
[0.929003] (ros2_shared) StdoutLine: {'line': b'-- Up-to-date: /root/DockerFiles/drone_ws/install/ros2_shared/include/ros2_shared\n'}
[0.929319] (ros2_shared) StdoutLine: {'line': b'-- Up-to-date: /root/DockerFiles/drone_ws/install/ros2_shared/include/ros2_shared/context_macros.hpp\n'}
[0.929494] (ros2_shared) StdoutLine: {'line': b'-- Up-to-date: /root/DockerFiles/drone_ws/install/ros2_shared/include/ros2_shared/string_printf.hpp\n'}
[0.929624] (ros2_shared) StdoutLine: {'line': b'-- Up-to-date: /root/DockerFiles/drone_ws/install/ros2_shared/include/ros2_shared/param_macros.hpp\n'}
[0.929738] (ros2_shared) StdoutLine: {'line': b'-- Up-to-date: /root/DockerFiles/drone_ws/install/ros2_shared/share/ament_index/resource_index/package_run_dependencies/ros2_shared\n'}
[0.929964] (ros2_shared) StdoutLine: {'line': b'-- Up-to-date: /root/DockerFiles/drone_ws/install/ros2_shared/share/ament_index/resource_index/parent_prefix_path/ros2_shared\n'}
[0.930078] (ros2_shared) StdoutLine: {'line': b'-- Up-to-date: /root/DockerFiles/drone_ws/install/ros2_shared/share/ros2_shared/environment/ament_prefix_path.sh\n'}
[0.930188] (ros2_shared) StdoutLine: {'line': b'-- Up-to-date: /root/DockerFiles/drone_ws/install/ros2_shared/share/ros2_shared/environment/ament_prefix_path.dsv\n'}
[0.930296] (ros2_shared) StdoutLine: {'line': b'-- Up-to-date: /root/DockerFiles/drone_ws/install/ros2_shared/share/ros2_shared/environment/path.sh\n'}
[0.930408] (ros2_shared) StdoutLine: {'line': b'-- Up-to-date: /root/DockerFiles/drone_ws/install/ros2_shared/share/ros2_shared/environment/path.dsv\n'}
[0.930726] (ros2_shared) StdoutLine: {'line': b'-- Up-to-date: /root/DockerFiles/drone_ws/install/ros2_shared/share/ros2_shared/local_setup.bash\n'}
[0.930852] (ros2_shared) StdoutLine: {'line': b'-- Up-to-date: /root/DockerFiles/drone_ws/install/ros2_shared/share/ros2_shared/local_setup.sh\n'}
[0.930964] (ros2_shared) StdoutLine: {'line': b'-- Up-to-date: /root/DockerFiles/drone_ws/install/ros2_shared/share/ros2_shared/local_setup.zsh\n'}
[0.931067] (ros2_shared) StdoutLine: {'line': b'-- Up-to-date: /root/DockerFiles/drone_ws/install/ros2_shared/share/ros2_shared/local_setup.dsv\n'}
[0.931300] (ros2_shared) StdoutLine: {'line': b'-- Installing: /root/DockerFiles/drone_ws/install/ros2_shared/share/ros2_shared/package.dsv\n'}
[0.931424] (ros2_shared) StdoutLine: {'line': b'-- Up-to-date: /root/DockerFiles/drone_ws/install/ros2_shared/share/ament_index/resource_index/packages/ros2_shared\n'}
[0.931788] (ros2_shared) StdoutLine: {'line': b'-- Up-to-date: /root/DockerFiles/drone_ws/install/ros2_shared/share/ros2_shared/cmake/ros2_shared_targetsExport.cmake\n'}
[0.932622] (ros2_shared) StdoutLine: {'line': b'-- Up-to-date: /root/DockerFiles/drone_ws/install/ros2_shared/share/ros2_shared/cmake/ament_cmake_export_targets-extras.cmake\n'}
[0.933283] (ros2_shared) StdoutLine: {'line': b'-- Up-to-date: /root/DockerFiles/drone_ws/install/ros2_shared/share/ros2_shared/cmake/ament_cmake_export_dependencies-extras.cmake\n'}
[0.934866] (ros2_shared) StdoutLine: {'line': b'-- Up-to-date: /root/DockerFiles/drone_ws/install/ros2_shared/share/ros2_shared/cmake/ros2_sharedConfig.cmake\n'}
[0.935099] (ros2_shared) StdoutLine: {'line': b'-- Up-to-date: /root/DockerFiles/drone_ws/install/ros2_shared/share/ros2_shared/cmake/ros2_sharedConfig-version.cmake\n'}
[0.935209] (ros2_shared) StdoutLine: {'line': b'-- Up-to-date: /root/DockerFiles/drone_ws/install/ros2_shared/share/ros2_shared/package.xml\n'}
[0.935373] (ros2_shared) CommandEnded: {'returncode': 0}
[0.935788] (tello_description) StdoutLine: {'line': b'-- Install configuration: ""\n'}
[0.936084] (tello_description) StdoutLine: {'line': b'-- Up-to-date: /root/DockerFiles/drone_ws/install/tello_description/share/tello_description/urdf\n'}
[0.936187] (tello_description) StdoutLine: {'line': b'-- Up-to-date: /root/DockerFiles/drone_ws/install/tello_description/share/tello_description/urdf/tello_8.urdf\n'}
[0.936253] (tello_description) StdoutLine: {'line': b'-- Up-to-date: /root/DockerFiles/drone_ws/install/tello_description/share/tello_description/urdf/tello_3.urdf\n'}
[0.936315] (tello_description) StdoutLine: {'line': b'-- Up-to-date: /root/DockerFiles/drone_ws/install/tello_description/share/tello_description/urdf/tello_1.urdf\n'}
[0.936404] (tello_description) StdoutLine: {'line': b'-- Up-to-date: /root/DockerFiles/drone_ws/install/tello_description/share/tello_description/urdf/tello_5.urdf\n'}
[0.936465] (tello_description) StdoutLine: {'line': b'-- Up-to-date: /root/DockerFiles/drone_ws/install/tello_description/share/tello_description/urdf/tello_4.urdf\n'}
[0.936596] (tello_description) StdoutLine: {'line': b'-- Up-to-date: /root/DockerFiles/drone_ws/install/tello_description/share/tello_description/urdf/tello_6.urdf\n'}
[0.936677] (tello_description) StdoutLine: {'line': b'-- Up-to-date: /root/DockerFiles/drone_ws/install/tello_description/share/tello_description/urdf/tello_2.urdf\n'}
[0.936738] (tello_description) StdoutLine: {'line': b'-- Up-to-date: /root/DockerFiles/drone_ws/install/tello_description/share/tello_description/urdf/tello_7.urdf\n'}
[0.936950] (tello_description) StdoutLine: {'line': b'-- Up-to-date: /root/DockerFiles/drone_ws/install/tello_description/share/tello_description/urdf/tello.urdf\n'}
[0.937156] (tello_description) StdoutLine: {'line': b'-- Up-to-date: /root/DockerFiles/drone_ws/install/tello_description/share/ament_index/resource_index/package_run_dependencies/tello_description\n'}
[0.937306] (tello_description) StdoutLine: {'line': b'-- Up-to-date: /root/DockerFiles/drone_ws/install/tello_description/share/ament_index/resource_index/parent_prefix_path/tello_description\n'}
[0.938132] (tello_description) StdoutLine: {'line': b'-- Up-to-date: /root/DockerFiles/drone_ws/install/tello_description/share/tello_description/environment/ament_prefix_path.sh\n'}
[0.938394] (tello_description) StdoutLine: {'line': b'-- Up-to-date: /root/DockerFiles/drone_ws/install/tello_description/share/tello_description/environment/ament_prefix_path.dsv\n'}
[0.938604] (tello_description) StdoutLine: {'line': b'-- Up-to-date: /root/DockerFiles/drone_ws/install/tello_description/share/tello_description/environment/path.sh\n'}
[0.938757] (tello_description) StdoutLine: {'line': b'-- Up-to-date: /root/DockerFiles/drone_ws/install/tello_description/share/tello_description/environment/path.dsv\n'}
[0.938942] (tello_description) StdoutLine: {'line': b'-- Up-to-date: /root/DockerFiles/drone_ws/install/tello_description/share/tello_description/local_setup.bash\n'}
[0.939093] (tello_description) StdoutLine: {'line': b'-- Up-to-date: /root/DockerFiles/drone_ws/install/tello_description/share/tello_description/local_setup.sh\n'}
[0.939217] (tello_description) StdoutLine: {'line': b'-- Up-to-date: /root/DockerFiles/drone_ws/install/tello_description/share/tello_description/local_setup.zsh\n'}
[0.939342] (tello_description) StdoutLine: {'line': b'-- Up-to-date: /root/DockerFiles/drone_ws/install/tello_description/share/tello_description/local_setup.dsv\n'}
[0.939465] (tello_description) StdoutLine: {'line': b'-- Installing: /root/DockerFiles/drone_ws/install/tello_description/share/tello_description/package.dsv\n'}
[0.939650] (tello_description) StdoutLine: {'line': b'-- Up-to-date: /root/DockerFiles/drone_ws/install/tello_description/share/ament_index/resource_index/packages/tello_description\n'}
[0.939759] (tello_description) StdoutLine: {'line': b'-- Up-to-date: /root/DockerFiles/drone_ws/install/tello_description/share/tello_description/cmake/tello_descriptionConfig.cmake\n'}
[0.939872] (tello_description) StdoutLine: {'line': b'-- Up-to-date: /root/DockerFiles/drone_ws/install/tello_description/share/tello_description/cmake/tello_descriptionConfig-version.cmake\n'}
[0.939969] (tello_description) StdoutLine: {'line': b'-- Up-to-date: /root/DockerFiles/drone_ws/install/tello_description/share/tello_description/package.xml\n'}
[0.962922] (tello_msgs) JobProgress: {'identifier': 'tello_msgs', 'progress': 'install'}
[0.963474] (tello_msgs) Command: {'cmd': ['/usr/bin/cmake', '--install', '/root/DockerFiles/drone_ws/build/tello_msgs'], 'cwd': '/root/DockerFiles/drone_ws/build/tello_msgs', 'env': OrderedDict([('HOSTNAME', 'vdani-H410M-H-V2'), ('SHLVL', '1'), ('LD_LIBRARY_PATH', '/usr/lib/x86_64-linux-gnu/gazebo-11/plugins:/opt/ros/foxy/opt/yaml_cpp_vendor/lib:/opt/ros/foxy/opt/rviz_ogre_vendor/lib:/opt/ros/foxy/lib/x86_64-linux-gnu:/opt/ros/foxy/lib'), ('HOME', '/root'), ('OLDPWD', '/root/DockerFiles/drone_ws/src'), ('ROS_PYTHON_VERSION', '3'), ('ROS_DISTRO', 'foxy'), ('_', '/usr/bin/colcon'), ('ROS_VERSION', '2'), ('TERM', 'xterm'), ('ROS_LOCALHOST_ONLY', '0'), ('QT_X11_NO_MITSHM', '1'), ('PATH', '/opt/ros/foxy/bin:/usr/local/sbin:/usr/local/bin:/usr/sbin:/usr/bin:/sbin:/bin'), ('XDG_RUNTIME_DIR', '/run/user/1000'), ('DISPLAY', ':0'), ('LANG', 'C.UTF-8'), ('RMW_IMPLEMENTATION', 'rmw_fastrtps_cpp'), ('LS_COLORS', 'rs=0:di=01;34:ln=01;36:mh=00:pi=40;33:so=01;35:do=01;35:bd=40;33;01:cd=40;33;01:or=40;31;01:mi=00:su=37;41:sg=30;43:ca=30;41:tw=30;42:ow=34;42:st=37;44:ex=01;32:*.tar=01;31:*.tgz=01;31:*.arc=01;31:*.arj=01;31:*.taz=01;31:*.lha=01;31:*.lz4=01;31:*.lzh=01;31:*.lzma=01;31:*.tlz=01;31:*.txz=01;31:*.tzo=01;31:*.t7z=01;31:*.zip=01;31:*.z=01;31:*.dz=01;31:*.gz=01;31:*.lrz=01;31:*.lz=01;31:*.lzo=01;31:*.xz=01;31:*.zst=01;31:*.tzst=01;31:*.bz2=01;31:*.bz=01;31:*.tbz=01;31:*.tbz2=01;31:*.tz=01;31:*.deb=01;31:*.rpm=01;31:*.jar=01;31:*.war=01;31:*.ear=01;31:*.sar=01;31:*.rar=01;31:*.alz=01;31:*.ace=01;31:*.zoo=01;31:*.cpio=01;31:*.7z=01;31:*.rz=01;31:*.cab=01;31:*.wim=01;31:*.swm=01;31:*.dwm=01;31:*.esd=01;31:*.jpg=01;35:*.jpeg=01;35:*.mjpg=01;35:*.mjpeg=01;35:*.gif=01;35:*.bmp=01;35:*.pbm=01;35:*.pgm=01;35:*.ppm=01;35:*.tga=01;35:*.xbm=01;35:*.xpm=01;35:*.tif=01;35:*.tiff=01;35:*.png=01;35:*.svg=01;35:*.svgz=01;35:*.mng=01;35:*.pcx=01;35:*.mov=01;35:*.mpg=01;35:*.mpeg=01;35:*.m2v=01;35:*.mkv=01;35:*.webm=01;35:*.ogm=01;35:*.mp4=01;35:*.m4v=01;35:*.mp4v=01;35:*.vob=01;35:*.qt=01;35:*.nuv=01;35:*.wmv=01;35:*.asf=01;35:*.rm=01;35:*.rmvb=01;35:*.flc=01;35:*.avi=01;35:*.fli=01;35:*.flv=01;35:*.gl=01;35:*.dl=01;35:*.xcf=01;35:*.xwd=01;35:*.yuv=01;35:*.cgm=01;35:*.emf=01;35:*.ogv=01;35:*.ogx=01;35:*.aac=00;36:*.au=00;36:*.flac=00;36:*.m4a=00;36:*.mid=00;36:*.midi=00;36:*.mka=00;36:*.mp3=00;36:*.mpc=00;36:*.ogg=00;36:*.ra=00;36:*.wav=00;36:*.oga=00;36:*.opus=00;36:*.spx=00;36:*.xspf=00;36:'), ('AMENT_PREFIX_PATH', '/opt/ros/foxy'), ('PWD', '/root/DockerFiles/drone_ws/build/tello_msgs'), ('LC_ALL', 'C.UTF-8'), ('PYTHONPATH', '/opt/ros/foxy/lib/python3.8/site-packages'), ('NVIDIA_VISIBLE_DEVICES', 'all'), ('COLCON', '1'), ('CMAKE_PREFIX_PATH', '/opt/ros/foxy')]), 'shell': False}
[0.970680] (tello_description) CommandEnded: {'returncode': 0}
[0.978485] (tello_msgs) StdoutLine: {'line': b'-- Install configuration: ""\n'}
[0.978796] (tello_msgs) StdoutLine: {'line': b'-- Up-to-date: /root/DockerFiles/drone_ws/install/tello_msgs/share/ament_index/resource_index/rosidl_interfaces/tello_msgs\n'}
[0.979174] (tello_msgs) StdoutLine: {'line': b'-- Up-to-date: /root/DockerFiles/drone_ws/install/tello_msgs/include/tello_msgs\n'}
[0.979874] (tello_msgs) StdoutLine: {'line': b'-- Up-to-date: /root/DockerFiles/drone_ws/install/tello_msgs/include/tello_msgs/msg\n'}
[0.980025] (tello_msgs) StdoutLine: {'line': b'-- Up-to-date: /root/DockerFiles/drone_ws/install/tello_msgs/include/tello_msgs/msg/detail\n'}
[0.981024] (tello_msgs) StdoutLine: {'line': b'-- Up-to-date: /root/DockerFiles/drone_ws/install/tello_msgs/include/tello_msgs/msg/detail/flight_data__struct.h\n'}
[0.981238] (tello_msgs) StdoutLine: {'line': b'-- Up-to-date: /root/DockerFiles/drone_ws/install/tello_msgs/include/tello_msgs/msg/detail/tello_response__struct.h\n'}
[0.981361] (tello_msgs) StdoutLine: {'line': b'-- Up-to-date: /root/DockerFiles/drone_ws/install/tello_msgs/include/tello_msgs/msg/detail/flight_data__functions.h\n'}
[0.981734] (tello_msgs) StdoutLine: {'line': b'-- Up-to-date: /root/DockerFiles/drone_ws/install/tello_msgs/include/tello_msgs/msg/detail/flight_data__functions.c\n'}
[0.981872] (tello_msgs) StdoutLine: {'line': b'-- Up-to-date: /root/DockerFiles/drone_ws/install/tello_msgs/include/tello_msgs/msg/detail/tello_response__functions.c\n'}
[0.982063] (tello_msgs) StdoutLine: {'line': b'-- Up-to-date: /root/DockerFiles/drone_ws/install/tello_msgs/include/tello_msgs/msg/detail/flight_data__type_support.h\n'}
[0.982288] (tello_msgs) StdoutLine: {'line': b'-- Up-to-date: /root/DockerFiles/drone_ws/install/tello_msgs/include/tello_msgs/msg/detail/tello_response__functions.h\n'}
[0.982478] (tello_msgs) StdoutLine: {'line': b'-- Up-to-date: /root/DockerFiles/drone_ws/install/tello_msgs/include/tello_msgs/msg/detail/tello_response__type_support.h\n'}
[0.982920] (tello_msgs) StdoutLine: {'line': b'-- Up-to-date: /root/DockerFiles/drone_ws/install/tello_msgs/include/tello_msgs/msg/rosidl_generator_c__visibility_control.h\n'}
[0.983137] (tello_msgs) StdoutLine: {'line': b'-- Up-to-date: /root/DockerFiles/drone_ws/install/tello_msgs/include/tello_msgs/msg/tello_response.h\n'}
[0.983380] (tello_msgs) StdoutLine: {'line': b'-- Up-to-date: /root/DockerFiles/drone_ws/install/tello_msgs/include/tello_msgs/msg/flight_data.h\n'}
[0.983889] (tello_msgs) StdoutLine: {'line': b'-- Up-to-date: /root/DockerFiles/drone_ws/install/tello_msgs/include/tello_msgs/srv\n'}
[0.986483] (tello_msgs) StdoutLine: {'line': b'-- Up-to-date: /root/DockerFiles/drone_ws/install/tello_msgs/include/tello_msgs/srv/detail\n'}
[0.986756] (tello_msgs) StdoutLine: {'line': b'-- Up-to-date: /root/DockerFiles/drone_ws/install/tello_msgs/include/tello_msgs/srv/detail/tello_action__struct.h\n'}
[0.987089] (tello_msgs) StdoutLine: {'line': b'-- Up-to-date: /root/DockerFiles/drone_ws/install/tello_msgs/include/tello_msgs/srv/detail/tello_action__functions.h\n'}
[0.987229] (tello_msgs) StdoutLine: {'line': b'-- Up-to-date: /root/DockerFiles/drone_ws/install/tello_msgs/include/tello_msgs/srv/detail/tello_action__type_support.h\n'}
[0.988404] (tello_msgs) StdoutLine: {'line': b'-- Up-to-date: /root/DockerFiles/drone_ws/install/tello_msgs/include/tello_msgs/srv/detail/tello_action__functions.c\n'}
[0.995833] (tello_msgs) StdoutLine: {'line': b'-- Up-to-date: /root/DockerFiles/drone_ws/install/tello_msgs/include/tello_msgs/srv/tello_action.h\n'}
[0.996002] (tello_msgs) StdoutLine: {'line': b'-- Up-to-date: /root/DockerFiles/drone_ws/install/tello_msgs/share/tello_msgs/environment/library_path.sh\n'}
[0.996135] (tello_msgs) StdoutLine: {'line': b'-- Up-to-date: /root/DockerFiles/drone_ws/install/tello_msgs/share/tello_msgs/environment/library_path.dsv\n'}
[0.996278] (tello_msgs) StdoutLine: {'line': b'-- Up-to-date: /root/DockerFiles/drone_ws/install/tello_msgs/lib/libtello_msgs__rosidl_generator_c.so\n'}
[0.996410] (tello_msgs) StdoutLine: {'line': b'-- Up-to-date: /root/DockerFiles/drone_ws/install/tello_msgs/include/tello_msgs\n'}
[0.996522] (tello_msgs) StdoutLine: {'line': b'-- Up-to-date: /root/DockerFiles/drone_ws/install/tello_msgs/include/tello_msgs/msg\n'}
[0.997116] (tello_msgs) StdoutLine: {'line': b'-- Up-to-date: /root/DockerFiles/drone_ws/install/tello_msgs/include/tello_msgs/msg/detail\n'}
[0.997255] (tello_msgs) StdoutLine: {'line': b'-- Up-to-date: /root/DockerFiles/drone_ws/install/tello_msgs/include/tello_msgs/msg/detail/tello_response__rosidl_typesupport_fastrtps_c.h\n'}
[0.997390] (tello_msgs) StdoutLine: {'line': b'-- Up-to-date: /root/DockerFiles/drone_ws/install/tello_msgs/include/tello_msgs/msg/detail/flight_data__rosidl_typesupport_fastrtps_c.h\n'}
[0.997496] (tello_msgs) StdoutLine: {'line': b'-- Up-to-date: /root/DockerFiles/drone_ws/install/tello_msgs/include/tello_msgs/msg/rosidl_typesupport_fastrtps_c__visibility_control.h\n'}
[1.002275] (tello_msgs) StdoutLine: {'line': b'-- Up-to-date: /root/DockerFiles/drone_ws/install/tello_msgs/include/tello_msgs/srv\n'}
[1.002998] (-) TimerEvent: {}
[1.003597] (tello_msgs) StdoutLine: {'line': b'-- Up-to-date: /root/DockerFiles/drone_ws/install/tello_msgs/include/tello_msgs/srv/detail\n'}
[1.003747] (tello_msgs) StdoutLine: {'line': b'-- Up-to-date: /root/DockerFiles/drone_ws/install/tello_msgs/include/tello_msgs/srv/detail/tello_action__rosidl_typesupport_fastrtps_c.h\n'}
[1.007683] (tello_msgs) StdoutLine: {'line': b'-- Up-to-date: /root/DockerFiles/drone_ws/install/tello_msgs/lib/libtello_msgs__rosidl_typesupport_fastrtps_c.so\n'}
[1.008234] (tello_msgs) StdoutLine: {'line': b'-- Up-to-date: /root/DockerFiles/drone_ws/install/tello_msgs/include/tello_msgs\n'}
[1.008398] (tello_msgs) StdoutLine: {'line': b'-- Up-to-date: /root/DockerFiles/drone_ws/install/tello_msgs/include/tello_msgs/msg\n'}
[1.008504] (tello_msgs) StdoutLine: {'line': b'-- Up-to-date: /root/DockerFiles/drone_ws/install/tello_msgs/include/tello_msgs/msg/detail\n'}
[1.008599] (tello_msgs) StdoutLine: {'line': b'-- Up-to-date: /root/DockerFiles/drone_ws/install/tello_msgs/include/tello_msgs/msg/detail/flight_data__rosidl_typesupport_fastrtps_cpp.hpp\n'}
[1.008695] (tello_msgs) StdoutLine: {'line': b'-- Up-to-date: /root/DockerFiles/drone_ws/install/tello_msgs/include/tello_msgs/msg/detail/dds_fastrtps\n'}
[1.008788] (tello_msgs) StdoutLine: {'line': b'-- Up-to-date: /root/DockerFiles/drone_ws/install/tello_msgs/include/tello_msgs/msg/detail/tello_response__rosidl_typesupport_fastrtps_cpp.hpp\n'}
[1.008947] (tello_msgs) StdoutLine: {'line': b'-- Up-to-date: /root/DockerFiles/drone_ws/install/tello_msgs/include/tello_msgs/msg/rosidl_typesupport_fastrtps_cpp__visibility_control.h\n'}
[1.009165] (tello_msgs) StdoutLine: {'line': b'-- Up-to-date: /root/DockerFiles/drone_ws/install/tello_msgs/include/tello_msgs/srv\n'}
[1.009388] (tello_msgs) StdoutLine: {'line': b'-- Up-to-date: /root/DockerFiles/drone_ws/install/tello_msgs/include/tello_msgs/srv/detail\n'}
[1.009853] (tello_msgs) StdoutLine: {'line': b'-- Up-to-date: /root/DockerFiles/drone_ws/install/tello_msgs/include/tello_msgs/srv/detail/dds_fastrtps\n'}
[1.009994] (tello_msgs) StdoutLine: {'line': b'-- Up-to-date: /root/DockerFiles/drone_ws/install/tello_msgs/include/tello_msgs/srv/detail/tello_action__rosidl_typesupport_fastrtps_cpp.hpp\n'}
[1.010134] (tello_msgs) StdoutLine: {'line': b'-- Up-to-date: /root/DockerFiles/drone_ws/install/tello_msgs/lib/libtello_msgs__rosidl_typesupport_fastrtps_cpp.so\n'}
[1.010460] (tello_msgs) StdoutLine: {'line': b'-- Up-to-date: /root/DockerFiles/drone_ws/install/tello_msgs/include/tello_msgs\n'}
[1.010620] (tello_msgs) StdoutLine: {'line': b'-- Up-to-date: /root/DockerFiles/drone_ws/install/tello_msgs/include/tello_msgs/msg\n'}
[1.010990] (tello_msgs) StdoutLine: {'line': b'-- Up-to-date: /root/DockerFiles/drone_ws/install/tello_msgs/include/tello_msgs/msg/detail\n'}
[1.011165] (tello_msgs) StdoutLine: {'line': b'-- Up-to-date: /root/DockerFiles/drone_ws/install/tello_msgs/include/tello_msgs/msg/detail/flight_data__rosidl_typesupport_introspection_c.h\n'}
[1.011324] (tello_msgs) StdoutLine: {'line': b'-- Up-to-date: /root/DockerFiles/drone_ws/install/tello_msgs/include/tello_msgs/msg/detail/tello_response__type_support.c\n'}
[1.011627] (tello_msgs) StdoutLine: {'line': b'-- Up-to-date: /root/DockerFiles/drone_ws/install/tello_msgs/include/tello_msgs/msg/detail/tello_response__rosidl_typesupport_introspection_c.h\n'}
[1.011778] (tello_msgs) StdoutLine: {'line': b'-- Up-to-date: /root/DockerFiles/drone_ws/install/tello_msgs/include/tello_msgs/msg/detail/flight_data__type_support.c\n'}
[1.012115] (tello_msgs) StdoutLine: {'line': b'-- Up-to-date: /root/DockerFiles/drone_ws/install/tello_msgs/include/tello_msgs/msg/rosidl_typesupport_introspection_c__visibility_control.h\n'}
[1.012267] (tello_msgs) StdoutLine: {'line': b'-- Up-to-date: /root/DockerFiles/drone_ws/install/tello_msgs/include/tello_msgs/srv\n'}
[1.012426] (tello_msgs) StdoutLine: {'line': b'-- Up-to-date: /root/DockerFiles/drone_ws/install/tello_msgs/include/tello_msgs/srv/detail\n'}
[1.013283] (tello_msgs) StdoutLine: {'line': b'-- Up-to-date: /root/DockerFiles/drone_ws/install/tello_msgs/include/tello_msgs/srv/detail/tello_action__type_support.c\n'}
[1.013468] (tello_msgs) StdoutLine: {'line': b'-- Up-to-date: /root/DockerFiles/drone_ws/install/tello_msgs/include/tello_msgs/srv/detail/tello_action__rosidl_typesupport_introspection_c.h\n'}
[1.015968] (tello_msgs) StdoutLine: {'line': b'-- Up-to-date: /root/DockerFiles/drone_ws/install/tello_msgs/lib/libtello_msgs__rosidl_typesupport_introspection_c.so\n'}
[1.016091] (tello_msgs) StdoutLine: {'line': b'-- Up-to-date: /root/DockerFiles/drone_ws/install/tello_msgs/lib/libtello_msgs__rosidl_typesupport_c.so\n'}
[1.016192] (tello_msgs) StdoutLine: {'line': b'-- Up-to-date: /root/DockerFiles/drone_ws/install/tello_msgs/include/tello_msgs\n'}
[1.016290] (tello_msgs) StdoutLine: {'line': b'-- Up-to-date: /root/DockerFiles/drone_ws/install/tello_msgs/include/tello_msgs/msg\n'}
[1.016387] (tello_msgs) StdoutLine: {'line': b'-- Up-to-date: /root/DockerFiles/drone_ws/install/tello_msgs/include/tello_msgs/msg/detail\n'}
[1.016484] (tello_msgs) StdoutLine: {'line': b'-- Up-to-date: /root/DockerFiles/drone_ws/install/tello_msgs/include/tello_msgs/msg/detail/tello_response__type_support.hpp\n'}
[1.016580] (tello_msgs) StdoutLine: {'line': b'-- Up-to-date: /root/DockerFiles/drone_ws/install/tello_msgs/include/tello_msgs/msg/detail/flight_data__struct.hpp\n'}
[1.016834] (tello_msgs) StdoutLine: {'line': b'-- Up-to-date: /root/DockerFiles/drone_ws/install/tello_msgs/include/tello_msgs/msg/detail/tello_response__struct.hpp\n'}
[1.016934] (tello_msgs) StdoutLine: {'line': b'-- Up-to-date: /root/DockerFiles/drone_ws/install/tello_msgs/include/tello_msgs/msg/detail/tello_response__traits.hpp\n'}
[1.017048] (tello_msgs) StdoutLine: {'line': b'-- Up-to-date: /root/DockerFiles/drone_ws/install/tello_msgs/include/tello_msgs/msg/detail/tello_response__builder.hpp\n'}
[1.017149] (tello_msgs) StdoutLine: {'line': b'-- Up-to-date: /root/DockerFiles/drone_ws/install/tello_msgs/include/tello_msgs/msg/detail/flight_data__type_support.hpp\n'}
[1.017243] (tello_msgs) StdoutLine: {'line': b'-- Up-to-date: /root/DockerFiles/drone_ws/install/tello_msgs/include/tello_msgs/msg/detail/flight_data__traits.hpp\n'}
[1.017431] (tello_msgs) StdoutLine: {'line': b'-- Up-to-date: /root/DockerFiles/drone_ws/install/tello_msgs/include/tello_msgs/msg/detail/flight_data__builder.hpp\n'}
[1.017527] (tello_msgs) StdoutLine: {'line': b'-- Up-to-date: /root/DockerFiles/drone_ws/install/tello_msgs/include/tello_msgs/msg/rosidl_generator_cpp__visibility_control.hpp\n'}
[1.017618] (tello_msgs) StdoutLine: {'line': b'-- Up-to-date: /root/DockerFiles/drone_ws/install/tello_msgs/include/tello_msgs/msg/tello_response.hpp\n'}
[1.017712] (tello_msgs) StdoutLine: {'line': b'-- Up-to-date: /root/DockerFiles/drone_ws/install/tello_msgs/include/tello_msgs/msg/flight_data.hpp\n'}
[1.017804] (tello_msgs) StdoutLine: {'line': b'-- Up-to-date: /root/DockerFiles/drone_ws/install/tello_msgs/include/tello_msgs/srv\n'}
[1.017908] (tello_msgs) StdoutLine: {'line': b'-- Up-to-date: /root/DockerFiles/drone_ws/install/tello_msgs/include/tello_msgs/srv/detail\n'}
[1.018002] (tello_msgs) StdoutLine: {'line': b'-- Up-to-date: /root/DockerFiles/drone_ws/install/tello_msgs/include/tello_msgs/srv/detail/tello_action__struct.hpp\n'}
[1.018095] (tello_msgs) StdoutLine: {'line': b'-- Up-to-date: /root/DockerFiles/drone_ws/install/tello_msgs/include/tello_msgs/srv/detail/tello_action__builder.hpp\n'}
[1.018192] (tello_msgs) StdoutLine: {'line': b'-- Up-to-date: /root/DockerFiles/drone_ws/install/tello_msgs/include/tello_msgs/srv/detail/tello_action__traits.hpp\n'}
[1.018285] (tello_msgs) StdoutLine: {'line': b'-- Up-to-date: /root/DockerFiles/drone_ws/install/tello_msgs/include/tello_msgs/srv/detail/tello_action__type_support.hpp\n'}
[1.018374] (tello_msgs) StdoutLine: {'line': b'-- Up-to-date: /root/DockerFiles/drone_ws/install/tello_msgs/include/tello_msgs/srv/tello_action.hpp\n'}
[1.018471] (tello_msgs) StdoutLine: {'line': b'-- Up-to-date: /root/DockerFiles/drone_ws/install/tello_msgs/include/tello_msgs\n'}
[1.018730] (tello_msgs) StdoutLine: {'line': b'-- Up-to-date: /root/DockerFiles/drone_ws/install/tello_msgs/include/tello_msgs/msg\n'}
[1.018839] (tello_msgs) StdoutLine: {'line': b'-- Up-to-date: /root/DockerFiles/drone_ws/install/tello_msgs/include/tello_msgs/msg/detail\n'}
[1.018937] (tello_msgs) StdoutLine: {'line': b'-- Up-to-date: /root/DockerFiles/drone_ws/install/tello_msgs/include/tello_msgs/msg/detail/flight_data__type_support.cpp\n'}
[1.019021] (tello_msgs) StdoutLine: {'line': b'-- Up-to-date: /root/DockerFiles/drone_ws/install/tello_msgs/include/tello_msgs/msg/detail/tello_response__rosidl_typesupport_introspection_cpp.hpp\n'}
[1.019103] (tello_msgs) StdoutLine: {'line': b'-- Up-to-date: /root/DockerFiles/drone_ws/install/tello_msgs/include/tello_msgs/msg/detail/flight_data__rosidl_typesupport_introspection_cpp.hpp\n'}
[1.019184] (tello_msgs) StdoutLine: {'line': b'-- Up-to-date: /root/DockerFiles/drone_ws/install/tello_msgs/include/tello_msgs/msg/detail/tello_response__type_support.cpp\n'}
[1.019350] (tello_msgs) StdoutLine: {'line': b'-- Up-to-date: /root/DockerFiles/drone_ws/install/tello_msgs/include/tello_msgs/srv\n'}
[1.019435] (tello_msgs) StdoutLine: {'line': b'-- Up-to-date: /root/DockerFiles/drone_ws/install/tello_msgs/include/tello_msgs/srv/detail\n'}
[1.019515] (tello_msgs) StdoutLine: {'line': b'-- Up-to-date: /root/DockerFiles/drone_ws/install/tello_msgs/include/tello_msgs/srv/detail/tello_action__rosidl_typesupport_introspection_cpp.hpp\n'}
[1.019602] (tello_msgs) StdoutLine: {'line': b'-- Up-to-date: /root/DockerFiles/drone_ws/install/tello_msgs/include/tello_msgs/srv/detail/tello_action__type_support.cpp\n'}
[1.019681] (tello_msgs) StdoutLine: {'line': b'-- Up-to-date: /root/DockerFiles/drone_ws/install/tello_msgs/lib/libtello_msgs__rosidl_typesupport_introspection_cpp.so\n'}
[1.019760] (tello_msgs) StdoutLine: {'line': b'-- Up-to-date: /root/DockerFiles/drone_ws/install/tello_msgs/lib/libtello_msgs__rosidl_typesupport_cpp.so\n'}
[1.019867] (tello_msgs) StdoutLine: {'line': b'-- Up-to-date: /root/DockerFiles/drone_ws/install/tello_msgs/share/tello_msgs/environment/pythonpath.sh\n'}
[1.019950] (tello_msgs) StdoutLine: {'line': b'-- Up-to-date: /root/DockerFiles/drone_ws/install/tello_msgs/share/tello_msgs/environment/pythonpath.dsv\n'}
[1.020029] (tello_msgs) StdoutLine: {'line': b'-- Up-to-date: /root/DockerFiles/drone_ws/install/tello_msgs/lib/python3.8/site-packages/tello_msgs/__init__.py\n'}
[1.020115] (ros2_shared) JobEnded: {'identifier': 'ros2_shared', 'rc': 0}
[1.024423] (tello_msgs) StdoutLine: {'line': b'-- Up-to-date: /root/DockerFiles/drone_ws/install/tello_msgs/lib/python3.8/site-packages/tello_msgs/msg\n'}
[1.028179] (tello_msgs) StdoutLine: {'line': b'-- Up-to-date: /root/DockerFiles/drone_ws/install/tello_msgs/lib/python3.8/site-packages/tello_msgs/msg/_tello_response.py\n'}
[1.028557] (tello_msgs) StdoutLine: {'line': b'-- Up-to-date: /root/DockerFiles/drone_ws/install/tello_msgs/lib/python3.8/site-packages/tello_msgs/msg/__init__.py\n'}
[1.028737] (tello_msgs) StdoutLine: {'line': b'-- Up-to-date: /root/DockerFiles/drone_ws/install/tello_msgs/lib/python3.8/site-packages/tello_msgs/msg/_tello_response_s.c\n'}
[1.028863] (tello_msgs) StdoutLine: {'line': b'-- Up-to-date: /root/DockerFiles/drone_ws/install/tello_msgs/lib/python3.8/site-packages/tello_msgs/msg/_flight_data_s.c\n'}
[1.028965] (tello_msgs) StdoutLine: {'line': b'-- Up-to-date: /root/DockerFiles/drone_ws/install/tello_msgs/lib/python3.8/site-packages/tello_msgs/msg/_flight_data.py\n'}
[1.029075] (tello_msgs) StdoutLine: {'line': b'-- Up-to-date: /root/DockerFiles/drone_ws/install/tello_msgs/lib/python3.8/site-packages/tello_msgs/srv\n'}
[1.029264] (tello_msgs) StdoutLine: {'line': b'-- Up-to-date: /root/DockerFiles/drone_ws/install/tello_msgs/lib/python3.8/site-packages/tello_msgs/srv/__init__.py\n'}
[1.029396] (tello_msgs) StdoutLine: {'line': b'-- Up-to-date: /root/DockerFiles/drone_ws/install/tello_msgs/lib/python3.8/site-packages/tello_msgs/srv/_tello_action.py\n'}
[1.029550] (tello_msgs) StdoutLine: {'line': b'-- Up-to-date: /root/DockerFiles/drone_ws/install/tello_msgs/lib/python3.8/site-packages/tello_msgs/srv/_tello_action_s.c\n'}
[1.029694] (tello_msgs) StdoutLine: {'line': b'-- Up-to-date: /root/DockerFiles/drone_ws/install/tello_msgs/lib/python3.8/site-packages/tello_msgs/tello_msgs_s__rosidl_typesupport_fastrtps_c.cpython-38-x86_64-linux-gnu.so\n'}
[1.029816] (tello_msgs) StdoutLine: {'line': b'-- Up-to-date: /root/DockerFiles/drone_ws/install/tello_msgs/lib/python3.8/site-packages/tello_msgs/tello_msgs_s__rosidl_typesupport_introspection_c.cpython-38-x86_64-linux-gnu.so\n'}
[1.029988] (tello_msgs) StdoutLine: {'line': b'-- Up-to-date: /root/DockerFiles/drone_ws/install/tello_msgs/lib/python3.8/site-packages/tello_msgs/tello_msgs_s__rosidl_typesupport_c.cpython-38-x86_64-linux-gnu.so\n'}
[1.030160] (tello_msgs) StdoutLine: {'line': b'-- Up-to-date: /root/DockerFiles/drone_ws/install/tello_msgs/lib/libtello_msgs__python.so\n'}
[1.030274] (tello_msgs) StdoutLine: {'line': b'-- Up-to-date: /root/DockerFiles/drone_ws/install/tello_msgs/share/tello_msgs/msg/FlightData.idl\n'}
[1.030543] (tello_msgs) StdoutLine: {'line': b'-- Up-to-date: /root/DockerFiles/drone_ws/install/tello_msgs/share/tello_msgs/msg/TelloResponse.idl\n'}
[1.030705] (tello_msgs) StdoutLine: {'line': b'-- Up-to-date: /root/DockerFiles/drone_ws/install/tello_msgs/share/tello_msgs/srv/TelloAction.idl\n'}
[1.030931] (tello_msgs) StdoutLine: {'line': b'-- Up-to-date: /root/DockerFiles/drone_ws/install/tello_msgs/share/tello_msgs/msg/FlightData.msg\n'}
[1.031087] (tello_msgs) StdoutLine: {'line': b'-- Up-to-date: /root/DockerFiles/drone_ws/install/tello_msgs/share/tello_msgs/msg/TelloResponse.msg\n'}
[1.031247] (tello_msgs) StdoutLine: {'line': b'-- Up-to-date: /root/DockerFiles/drone_ws/install/tello_msgs/share/tello_msgs/srv/TelloAction.srv\n'}
[1.031382] (tello_msgs) StdoutLine: {'line': b'-- Up-to-date: /root/DockerFiles/drone_ws/install/tello_msgs/share/tello_msgs/srv/TelloAction_Request.msg\n'}
[1.031536] (tello_msgs) StdoutLine: {'line': b'-- Up-to-date: /root/DockerFiles/drone_ws/install/tello_msgs/share/tello_msgs/srv/TelloAction_Response.msg\n'}
[1.031678] (tello_msgs) StdoutLine: {'line': b'-- Up-to-date: /root/DockerFiles/drone_ws/install/tello_msgs/share/ament_index/resource_index/package_run_dependencies/tello_msgs\n'}
[1.031842] (tello_msgs) StdoutLine: {'line': b'-- Up-to-date: /root/DockerFiles/drone_ws/install/tello_msgs/share/ament_index/resource_index/parent_prefix_path/tello_msgs\n'}
[1.031985] (tello_msgs) StdoutLine: {'line': b'-- Up-to-date: /root/DockerFiles/drone_ws/install/tello_msgs/share/tello_msgs/environment/ament_prefix_path.sh\n'}
[1.032132] (tello_msgs) StdoutLine: {'line': b'-- Up-to-date: /root/DockerFiles/drone_ws/install/tello_msgs/share/tello_msgs/environment/ament_prefix_path.dsv\n'}
[1.032299] (tello_msgs) StdoutLine: {'line': b'-- Up-to-date: /root/DockerFiles/drone_ws/install/tello_msgs/share/tello_msgs/environment/path.sh\n'}
[1.033725] (tello_msgs) StdoutLine: {'line': b'-- Up-to-date: /root/DockerFiles/drone_ws/install/tello_msgs/share/tello_msgs/environment/path.dsv\n'}
[1.033983] (tello_msgs) StdoutLine: {'line': b'-- Up-to-date: /root/DockerFiles/drone_ws/install/tello_msgs/share/tello_msgs/local_setup.bash\n'}
[1.034286] (tello_msgs) StdoutLine: {'line': b'-- Up-to-date: /root/DockerFiles/drone_ws/install/tello_msgs/share/tello_msgs/local_setup.sh\n'}
[1.034471] (tello_msgs) StdoutLine: {'line': b'-- Up-to-date: /root/DockerFiles/drone_ws/install/tello_msgs/share/tello_msgs/local_setup.zsh\n'}
[1.034765] (tello_msgs) StdoutLine: {'line': b'-- Up-to-date: /root/DockerFiles/drone_ws/install/tello_msgs/share/tello_msgs/local_setup.dsv\n'}
[1.034922] (tello_msgs) StdoutLine: {'line': b'-- Installing: /root/DockerFiles/drone_ws/install/tello_msgs/share/tello_msgs/package.dsv\n'}
[1.035176] (tello_msgs) StdoutLine: {'line': b'-- Up-to-date: /root/DockerFiles/drone_ws/install/tello_msgs/share/ament_index/resource_index/packages/tello_msgs\n'}
[1.035340] (tello_msgs) StdoutLine: {'line': b'-- Up-to-date: /root/DockerFiles/drone_ws/install/tello_msgs/share/tello_msgs/cmake/tello_msgs__rosidl_generator_cExport.cmake\n'}
[1.035454] (tello_msgs) StdoutLine: {'line': b'-- Up-to-date: /root/DockerFiles/drone_ws/install/tello_msgs/share/tello_msgs/cmake/tello_msgs__rosidl_generator_cExport-noconfig.cmake\n'}
[1.035611] (tello_msgs) StdoutLine: {'line': b'-- Up-to-date: /root/DockerFiles/drone_ws/install/tello_msgs/share/tello_msgs/cmake/tello_msgs__rosidl_typesupport_introspection_cExport.cmake\n'}
[1.035899] (tello_msgs) StdoutLine: {'line': b'-- Up-to-date: /root/DockerFiles/drone_ws/install/tello_msgs/share/tello_msgs/cmake/tello_msgs__rosidl_typesupport_introspection_cExport-noconfig.cmake\n'}
[1.037074] (tello_msgs) StdoutLine: {'line': b'-- Up-to-date: /root/DockerFiles/drone_ws/install/tello_msgs/share/tello_msgs/cmake/tello_msgs__rosidl_typesupport_cExport.cmake\n'}
[1.038621] (tello_msgs) StdoutLine: {'line': b'-- Up-to-date: /root/DockerFiles/drone_ws/install/tello_msgs/share/tello_msgs/cmake/tello_msgs__rosidl_typesupport_cExport-noconfig.cmake\n'}
[1.039124] (tello_msgs) StdoutLine: {'line': b'-- Up-to-date: /root/DockerFiles/drone_ws/install/tello_msgs/share/tello_msgs/cmake/tello_msgs__rosidl_generator_cppExport.cmake\n'}
[1.039329] (tello_msgs) StdoutLine: {'line': b'-- Up-to-date: /root/DockerFiles/drone_ws/install/tello_msgs/share/tello_msgs/cmake/tello_msgs__rosidl_typesupport_introspection_cppExport.cmake\n'}
[1.039690] (tello_msgs) StdoutLine: {'line': b'-- Up-to-date: /root/DockerFiles/drone_ws/install/tello_msgs/share/tello_msgs/cmake/tello_msgs__rosidl_typesupport_introspection_cppExport-noconfig.cmake\n'}
[1.040287] (tello_msgs) StdoutLine: {'line': b'-- Up-to-date: /root/DockerFiles/drone_ws/install/tello_msgs/share/tello_msgs/cmake/tello_msgs__rosidl_typesupport_cppExport.cmake\n'}
[1.040518] (tello_msgs) StdoutLine: {'line': b'-- Up-to-date: /root/DockerFiles/drone_ws/install/tello_msgs/share/tello_msgs/cmake/tello_msgs__rosidl_typesupport_cppExport-noconfig.cmake\n'}
[1.040680] (tello_msgs) StdoutLine: {'line': b'-- Up-to-date: /root/DockerFiles/drone_ws/install/tello_msgs/share/tello_msgs/cmake/rosidl_cmake-extras.cmake\n'}
[1.040765] (tello_msgs) StdoutLine: {'line': b'-- Up-to-date: /root/DockerFiles/drone_ws/install/tello_msgs/share/tello_msgs/cmake/ament_cmake_export_dependencies-extras.cmake\n'}
[1.040875] (tello_msgs) StdoutLine: {'line': b'-- Up-to-date: /root/DockerFiles/drone_ws/install/tello_msgs/share/tello_msgs/cmake/ament_cmake_export_libraries-extras.cmake\n'}
[1.040953] (tello_msgs) StdoutLine: {'line': b'-- Up-to-date: /root/DockerFiles/drone_ws/install/tello_msgs/share/tello_msgs/cmake/ament_cmake_export_targets-extras.cmake\n'}
[1.041032] (tello_msgs) StdoutLine: {'line': b'-- Up-to-date: /root/DockerFiles/drone_ws/install/tello_msgs/share/tello_msgs/cmake/ament_cmake_export_include_directories-extras.cmake\n'}
[1.041100] (tello_msgs) StdoutLine: {'line': b'-- Up-to-date: /root/DockerFiles/drone_ws/install/tello_msgs/share/tello_msgs/cmake/rosidl_cmake_export_typesupport_libraries-extras.cmake\n'}
[1.041170] (tello_msgs) StdoutLine: {'line': b'-- Up-to-date: /root/DockerFiles/drone_ws/install/tello_msgs/share/tello_msgs/cmake/rosidl_cmake_export_typesupport_targets-extras.cmake\n'}
[1.041243] (tello_msgs) StdoutLine: {'line': b'-- Up-to-date: /root/DockerFiles/drone_ws/install/tello_msgs/share/tello_msgs/cmake/tello_msgsConfig.cmake\n'}
[1.041318] (tello_msgs) StdoutLine: {'line': b'-- Up-to-date: /root/DockerFiles/drone_ws/install/tello_msgs/share/tello_msgs/cmake/tello_msgsConfig-version.cmake\n'}
[1.041378] (tello_msgs) StdoutLine: {'line': b'-- Up-to-date: /root/DockerFiles/drone_ws/install/tello_msgs/share/tello_msgs/package.xml\n'}
[1.043265] (tello_description) JobEnded: {'identifier': 'tello_description', 'rc': 0}
[1.047168] (tello_msgs) CommandEnded: {'returncode': 0}
[1.103128] (-) TimerEvent: {}
[1.180540] (tello_msgs) JobEnded: {'identifier': 'tello_msgs', 'rc': 0}
[1.184009] (tello_driver) JobStarted: {'identifier': 'tello_driver'}
[1.189409] (tello_gazebo) JobStarted: {'identifier': 'tello_gazebo'}
[1.200135] (tello_driver) JobProgress: {'identifier': 'tello_driver', 'progress': 'cmake'}
[1.200895] (tello_driver) JobProgress: {'identifier': 'tello_driver', 'progress': 'build'}
[1.201227] (tello_driver) Command: {'cmd': ['/usr/bin/cmake', '--build', '/root/DockerFiles/drone_ws/build/tello_driver', '--', '-j12', '-l12'], 'cwd': '/root/DockerFiles/drone_ws/build/tello_driver', 'env': OrderedDict([('HOSTNAME', 'vdani-H410M-H-V2'), ('SHLVL', '1'), ('LD_LIBRARY_PATH', '/root/DockerFiles/drone_ws/install/tello_msgs/lib:/usr/lib/x86_64-linux-gnu/gazebo-11/plugins:/opt/ros/foxy/opt/yaml_cpp_vendor/lib:/opt/ros/foxy/opt/rviz_ogre_vendor/lib:/opt/ros/foxy/lib/x86_64-linux-gnu:/opt/ros/foxy/lib'), ('HOME', '/root'), ('OLDPWD', '/root/DockerFiles/drone_ws/src'), ('ROS_PYTHON_VERSION', '3'), ('ROS_DISTRO', 'foxy'), ('_', '/usr/bin/colcon'), ('ROS_VERSION', '2'), ('TERM', 'xterm'), ('ROS_LOCALHOST_ONLY', '0'), ('QT_X11_NO_MITSHM', '1'), ('PATH', '/opt/ros/foxy/bin:/usr/local/sbin:/usr/local/bin:/usr/sbin:/usr/bin:/sbin:/bin'), ('XDG_RUNTIME_DIR', '/run/user/1000'), ('DISPLAY', ':0'), ('LANG', 'C.UTF-8'), ('RMW_IMPLEMENTATION', 'rmw_fastrtps_cpp'), ('LS_COLORS', 'rs=0:di=01;34:ln=01;36:mh=00:pi=40;33:so=01;35:do=01;35:bd=40;33;01:cd=40;33;01:or=40;31;01:mi=00:su=37;41:sg=30;43:ca=30;41:tw=30;42:ow=34;42:st=37;44:ex=01;32:*.tar=01;31:*.tgz=01;31:*.arc=01;31:*.arj=01;31:*.taz=01;31:*.lha=01;31:*.lz4=01;31:*.lzh=01;31:*.lzma=01;31:*.tlz=01;31:*.txz=01;31:*.tzo=01;31:*.t7z=01;31:*.zip=01;31:*.z=01;31:*.dz=01;31:*.gz=01;31:*.lrz=01;31:*.lz=01;31:*.lzo=01;31:*.xz=01;31:*.zst=01;31:*.tzst=01;31:*.bz2=01;31:*.bz=01;31:*.tbz=01;31:*.tbz2=01;31:*.tz=01;31:*.deb=01;31:*.rpm=01;31:*.jar=01;31:*.war=01;31:*.ear=01;31:*.sar=01;31:*.rar=01;31:*.alz=01;31:*.ace=01;31:*.zoo=01;31:*.cpio=01;31:*.7z=01;31:*.rz=01;31:*.cab=01;31:*.wim=01;31:*.swm=01;31:*.dwm=01;31:*.esd=01;31:*.jpg=01;35:*.jpeg=01;35:*.mjpg=01;35:*.mjpeg=01;35:*.gif=01;35:*.bmp=01;35:*.pbm=01;35:*.pgm=01;35:*.ppm=01;35:*.tga=01;35:*.xbm=01;35:*.xpm=01;35:*.tif=01;35:*.tiff=01;35:*.png=01;35:*.svg=01;35:*.svgz=01;35:*.mng=01;35:*.pcx=01;35:*.mov=01;35:*.mpg=01;35:*.mpeg=01;35:*.m2v=01;35:*.mkv=01;35:*.webm=01;35:*.ogm=01;35:*.mp4=01;35:*.m4v=01;35:*.mp4v=01;35:*.vob=01;35:*.qt=01;35:*.nuv=01;35:*.wmv=01;35:*.asf=01;35:*.rm=01;35:*.rmvb=01;35:*.flc=01;35:*.avi=01;35:*.fli=01;35:*.flv=01;35:*.gl=01;35:*.dl=01;35:*.xcf=01;35:*.xwd=01;35:*.yuv=01;35:*.cgm=01;35:*.emf=01;35:*.ogv=01;35:*.ogx=01;35:*.aac=00;36:*.au=00;36:*.flac=00;36:*.m4a=00;36:*.mid=00;36:*.midi=00;36:*.mka=00;36:*.mp3=00;36:*.mpc=00;36:*.ogg=00;36:*.ra=00;36:*.wav=00;36:*.oga=00;36:*.opus=00;36:*.spx=00;36:*.xspf=00;36:'), ('AMENT_PREFIX_PATH', '/root/DockerFiles/drone_ws/install/tello_msgs:/root/DockerFiles/drone_ws/install/ros2_shared:/opt/ros/foxy'), ('PWD', '/root/DockerFiles/drone_ws/build/tello_driver'), ('LC_ALL', 'C.UTF-8'), ('PYTHONPATH', '/root/DockerFiles/drone_ws/install/tello_msgs/lib/python3.8/site-packages:/opt/ros/foxy/lib/python3.8/site-packages'), ('NVIDIA_VISIBLE_DEVICES', 'all'), ('COLCON', '1'), ('CMAKE_PREFIX_PATH', '/root/DockerFiles/drone_ws/install/tello_msgs:/root/DockerFiles/drone_ws/install/ros2_shared:/opt/ros/foxy')]), 'shell': False}
[1.204823] (-) TimerEvent: {}
[1.206776] (tello_gazebo) JobProgress: {'identifier': 'tello_gazebo', 'progress': 'cmake'}
[1.207994] (tello_gazebo) JobProgress: {'identifier': 'tello_gazebo', 'progress': 'build'}
[1.208580] (tello_gazebo) Command: {'cmd': ['/usr/bin/cmake', '--build', '/root/DockerFiles/drone_ws/build/tello_gazebo', '--', '-j12', '-l12'], 'cwd': '/root/DockerFiles/drone_ws/build/tello_gazebo', 'env': OrderedDict([('HOSTNAME', 'vdani-H410M-H-V2'), ('SHLVL', '1'), ('LD_LIBRARY_PATH', '/root/DockerFiles/drone_ws/install/tello_msgs/lib:/usr/lib/x86_64-linux-gnu/gazebo-11/plugins:/opt/ros/foxy/opt/yaml_cpp_vendor/lib:/opt/ros/foxy/opt/rviz_ogre_vendor/lib:/opt/ros/foxy/lib/x86_64-linux-gnu:/opt/ros/foxy/lib'), ('HOME', '/root'), ('OLDPWD', '/root/DockerFiles/drone_ws/src'), ('ROS_PYTHON_VERSION', '3'), ('ROS_DISTRO', 'foxy'), ('_', '/usr/bin/colcon'), ('ROS_VERSION', '2'), ('TERM', 'xterm'), ('ROS_LOCALHOST_ONLY', '0'), ('QT_X11_NO_MITSHM', '1'), ('PATH', '/opt/ros/foxy/bin:/usr/local/sbin:/usr/local/bin:/usr/sbin:/usr/bin:/sbin:/bin'), ('XDG_RUNTIME_DIR', '/run/user/1000'), ('DISPLAY', ':0'), ('LANG', 'C.UTF-8'), ('RMW_IMPLEMENTATION', 'rmw_fastrtps_cpp'), ('LS_COLORS', 'rs=0:di=01;34:ln=01;36:mh=00:pi=40;33:so=01;35:do=01;35:bd=40;33;01:cd=40;33;01:or=40;31;01:mi=00:su=37;41:sg=30;43:ca=30;41:tw=30;42:ow=34;42:st=37;44:ex=01;32:*.tar=01;31:*.tgz=01;31:*.arc=01;31:*.arj=01;31:*.taz=01;31:*.lha=01;31:*.lz4=01;31:*.lzh=01;31:*.lzma=01;31:*.tlz=01;31:*.txz=01;31:*.tzo=01;31:*.t7z=01;31:*.zip=01;31:*.z=01;31:*.dz=01;31:*.gz=01;31:*.lrz=01;31:*.lz=01;31:*.lzo=01;31:*.xz=01;31:*.zst=01;31:*.tzst=01;31:*.bz2=01;31:*.bz=01;31:*.tbz=01;31:*.tbz2=01;31:*.tz=01;31:*.deb=01;31:*.rpm=01;31:*.jar=01;31:*.war=01;31:*.ear=01;31:*.sar=01;31:*.rar=01;31:*.alz=01;31:*.ace=01;31:*.zoo=01;31:*.cpio=01;31:*.7z=01;31:*.rz=01;31:*.cab=01;31:*.wim=01;31:*.swm=01;31:*.dwm=01;31:*.esd=01;31:*.jpg=01;35:*.jpeg=01;35:*.mjpg=01;35:*.mjpeg=01;35:*.gif=01;35:*.bmp=01;35:*.pbm=01;35:*.pgm=01;35:*.ppm=01;35:*.tga=01;35:*.xbm=01;35:*.xpm=01;35:*.tif=01;35:*.tiff=01;35:*.png=01;35:*.svg=01;35:*.svgz=01;35:*.mng=01;35:*.pcx=01;35:*.mov=01;35:*.mpg=01;35:*.mpeg=01;35:*.m2v=01;35:*.mkv=01;35:*.webm=01;35:*.ogm=01;35:*.mp4=01;35:*.m4v=01;35:*.mp4v=01;35:*.vob=01;35:*.qt=01;35:*.nuv=01;35:*.wmv=01;35:*.asf=01;35:*.rm=01;35:*.rmvb=01;35:*.flc=01;35:*.avi=01;35:*.fli=01;35:*.flv=01;35:*.gl=01;35:*.dl=01;35:*.xcf=01;35:*.xwd=01;35:*.yuv=01;35:*.cgm=01;35:*.emf=01;35:*.ogv=01;35:*.ogx=01;35:*.aac=00;36:*.au=00;36:*.flac=00;36:*.m4a=00;36:*.mid=00;36:*.midi=00;36:*.mka=00;36:*.mp3=00;36:*.mpc=00;36:*.ogg=00;36:*.ra=00;36:*.wav=00;36:*.oga=00;36:*.opus=00;36:*.spx=00;36:*.xspf=00;36:'), ('AMENT_PREFIX_PATH', '/root/DockerFiles/drone_ws/install/tello_msgs:/opt/ros/foxy'), ('PWD', '/root/DockerFiles/drone_ws/build/tello_gazebo'), ('LC_ALL', 'C.UTF-8'), ('PYTHONPATH', '/root/DockerFiles/drone_ws/install/tello_msgs/lib/python3.8/site-packages:/opt/ros/foxy/lib/python3.8/site-packages'), ('NVIDIA_VISIBLE_DEVICES', 'all'), ('COLCON', '1'), ('CMAKE_PREFIX_PATH', '/root/DockerFiles/drone_ws/install/tello_msgs:/opt/ros/foxy')]), 'shell': False}
[1.261237] (tello_driver) StdoutLine: {'line': b'[  9%] Built target tello_emulator\n'}
[1.287938] (tello_driver) StdoutLine: {'line': b'[ 27%] Built target tello_joy_node\n'}
[1.288179] (tello_driver) StdoutLine: {'line': b'[ 31%] Built target tello_joy_main\n'}
[1.304912] (-) TimerEvent: {}
[1.306929] (tello_driver) StdoutLine: {'line': b'[ 95%] Built target tello_driver_node\n'}
[1.307148] (tello_driver) StdoutLine: {'line': b'[100%] Built target tello_driver_main\n'}
[1.318290] (tello_hand_move) Command: {'cmd': ['/usr/bin/python3', 'setup.py', 'egg_info', '--egg-base', '../../build/tello_hand_move', 'build', '--build-base', '/root/DockerFiles/drone_ws/build/tello_hand_move/build', 'install', '--record', '/root/DockerFiles/drone_ws/build/tello_hand_move/install.log', '--single-version-externally-managed'], 'cwd': '/root/DockerFiles/drone_ws/src/tello_hand_move', 'env': {'HOSTNAME': 'vdani-H410M-H-V2', 'SHLVL': '1', 'LD_LIBRARY_PATH': '/usr/lib/x86_64-linux-gnu/gazebo-11/plugins:/opt/ros/foxy/opt/yaml_cpp_vendor/lib:/opt/ros/foxy/opt/rviz_ogre_vendor/lib:/opt/ros/foxy/lib/x86_64-linux-gnu:/opt/ros/foxy/lib', 'HOME': '/root', 'OLDPWD': '/root/DockerFiles/drone_ws/src', 'ROS_PYTHON_VERSION': '3', 'ROS_DISTRO': 'foxy', '_': '/usr/bin/colcon', 'ROS_VERSION': '2', 'TERM': 'xterm', 'ROS_LOCALHOST_ONLY': '0', 'QT_X11_NO_MITSHM': '1', 'PATH': '/opt/ros/foxy/bin:/usr/local/sbin:/usr/local/bin:/usr/sbin:/usr/bin:/sbin:/bin', 'XDG_RUNTIME_DIR': '/run/user/1000', 'DISPLAY': ':0', 'LANG': 'C.UTF-8', 'RMW_IMPLEMENTATION': 'rmw_fastrtps_cpp', 'LS_COLORS': 'rs=0:di=01;34:ln=01;36:mh=00:pi=40;33:so=01;35:do=01;35:bd=40;33;01:cd=40;33;01:or=40;31;01:mi=00:su=37;41:sg=30;43:ca=30;41:tw=30;42:ow=34;42:st=37;44:ex=01;32:*.tar=01;31:*.tgz=01;31:*.arc=01;31:*.arj=01;31:*.taz=01;31:*.lha=01;31:*.lz4=01;31:*.lzh=01;31:*.lzma=01;31:*.tlz=01;31:*.txz=01;31:*.tzo=01;31:*.t7z=01;31:*.zip=01;31:*.z=01;31:*.dz=01;31:*.gz=01;31:*.lrz=01;31:*.lz=01;31:*.lzo=01;31:*.xz=01;31:*.zst=01;31:*.tzst=01;31:*.bz2=01;31:*.bz=01;31:*.tbz=01;31:*.tbz2=01;31:*.tz=01;31:*.deb=01;31:*.rpm=01;31:*.jar=01;31:*.war=01;31:*.ear=01;31:*.sar=01;31:*.rar=01;31:*.alz=01;31:*.ace=01;31:*.zoo=01;31:*.cpio=01;31:*.7z=01;31:*.rz=01;31:*.cab=01;31:*.wim=01;31:*.swm=01;31:*.dwm=01;31:*.esd=01;31:*.jpg=01;35:*.jpeg=01;35:*.mjpg=01;35:*.mjpeg=01;35:*.gif=01;35:*.bmp=01;35:*.pbm=01;35:*.pgm=01;35:*.ppm=01;35:*.tga=01;35:*.xbm=01;35:*.xpm=01;35:*.tif=01;35:*.tiff=01;35:*.png=01;35:*.svg=01;35:*.svgz=01;35:*.mng=01;35:*.pcx=01;35:*.mov=01;35:*.mpg=01;35:*.mpeg=01;35:*.m2v=01;35:*.mkv=01;35:*.webm=01;35:*.ogm=01;35:*.mp4=01;35:*.m4v=01;35:*.mp4v=01;35:*.vob=01;35:*.qt=01;35:*.nuv=01;35:*.wmv=01;35:*.asf=01;35:*.rm=01;35:*.rmvb=01;35:*.flc=01;35:*.avi=01;35:*.fli=01;35:*.flv=01;35:*.gl=01;35:*.dl=01;35:*.xcf=01;35:*.xwd=01;35:*.yuv=01;35:*.cgm=01;35:*.emf=01;35:*.ogv=01;35:*.ogx=01;35:*.aac=00;36:*.au=00;36:*.flac=00;36:*.m4a=00;36:*.mid=00;36:*.midi=00;36:*.mka=00;36:*.mp3=00;36:*.mpc=00;36:*.ogg=00;36:*.ra=00;36:*.wav=00;36:*.oga=00;36:*.opus=00;36:*.spx=00;36:*.xspf=00;36:', 'AMENT_PREFIX_PATH': '/opt/ros/foxy', 'PWD': '/root/DockerFiles/drone_ws/build/tello_hand_move', 'LC_ALL': 'C.UTF-8', 'PYTHONPATH': '/root/DockerFiles/drone_ws/build/tello_hand_move/prefix_override:/root/DockerFiles/drone_ws/install/tello_hand_move/lib/python3.8/site-packages:/opt/ros/foxy/lib/python3.8/site-packages', 'NVIDIA_VISIBLE_DEVICES': 'all', 'COLCON': '1'}, 'shell': False}
[1.323633] (tello_driver) CommandEnded: {'returncode': 0}
[1.327322] (tello_gazebo) StdoutLine: {'line': b'[100%] Built target TelloPlugin\n'}
[1.329421] (tello_mission) Command: {'cmd': ['/usr/bin/python3', 'setup.py', 'egg_info', '--egg-base', '../../build/tello_mission', 'build', '--build-base', '/root/DockerFiles/drone_ws/build/tello_mission/build', 'install', '--record', '/root/DockerFiles/drone_ws/build/tello_mission/install.log', '--single-version-externally-managed'], 'cwd': '/root/DockerFiles/drone_ws/src/tello_mission', 'env': {'HOSTNAME': 'vdani-H410M-H-V2', 'SHLVL': '1', 'LD_LIBRARY_PATH': '/usr/lib/x86_64-linux-gnu/gazebo-11/plugins:/opt/ros/foxy/opt/yaml_cpp_vendor/lib:/opt/ros/foxy/opt/rviz_ogre_vendor/lib:/opt/ros/foxy/lib/x86_64-linux-gnu:/opt/ros/foxy/lib', 'HOME': '/root', 'OLDPWD': '/root/DockerFiles/drone_ws/src', 'ROS_PYTHON_VERSION': '3', 'ROS_DISTRO': 'foxy', '_': '/usr/bin/colcon', 'ROS_VERSION': '2', 'TERM': 'xterm', 'ROS_LOCALHOST_ONLY': '0', 'QT_X11_NO_MITSHM': '1', 'PATH': '/opt/ros/foxy/bin:/usr/local/sbin:/usr/local/bin:/usr/sbin:/usr/bin:/sbin:/bin', 'XDG_RUNTIME_DIR': '/run/user/1000', 'DISPLAY': ':0', 'LANG': 'C.UTF-8', 'RMW_IMPLEMENTATION': 'rmw_fastrtps_cpp', 'LS_COLORS': 'rs=0:di=01;34:ln=01;36:mh=00:pi=40;33:so=01;35:do=01;35:bd=40;33;01:cd=40;33;01:or=40;31;01:mi=00:su=37;41:sg=30;43:ca=30;41:tw=30;42:ow=34;42:st=37;44:ex=01;32:*.tar=01;31:*.tgz=01;31:*.arc=01;31:*.arj=01;31:*.taz=01;31:*.lha=01;31:*.lz4=01;31:*.lzh=01;31:*.lzma=01;31:*.tlz=01;31:*.txz=01;31:*.tzo=01;31:*.t7z=01;31:*.zip=01;31:*.z=01;31:*.dz=01;31:*.gz=01;31:*.lrz=01;31:*.lz=01;31:*.lzo=01;31:*.xz=01;31:*.zst=01;31:*.tzst=01;31:*.bz2=01;31:*.bz=01;31:*.tbz=01;31:*.tbz2=01;31:*.tz=01;31:*.deb=01;31:*.rpm=01;31:*.jar=01;31:*.war=01;31:*.ear=01;31:*.sar=01;31:*.rar=01;31:*.alz=01;31:*.ace=01;31:*.zoo=01;31:*.cpio=01;31:*.7z=01;31:*.rz=01;31:*.cab=01;31:*.wim=01;31:*.swm=01;31:*.dwm=01;31:*.esd=01;31:*.jpg=01;35:*.jpeg=01;35:*.mjpg=01;35:*.mjpeg=01;35:*.gif=01;35:*.bmp=01;35:*.pbm=01;35:*.pgm=01;35:*.ppm=01;35:*.tga=01;35:*.xbm=01;35:*.xpm=01;35:*.tif=01;35:*.tiff=01;35:*.png=01;35:*.svg=01;35:*.svgz=01;35:*.mng=01;35:*.pcx=01;35:*.mov=01;35:*.mpg=01;35:*.mpeg=01;35:*.m2v=01;35:*.mkv=01;35:*.webm=01;35:*.ogm=01;35:*.mp4=01;35:*.m4v=01;35:*.mp4v=01;35:*.vob=01;35:*.qt=01;35:*.nuv=01;35:*.wmv=01;35:*.asf=01;35:*.rm=01;35:*.rmvb=01;35:*.flc=01;35:*.avi=01;35:*.fli=01;35:*.flv=01;35:*.gl=01;35:*.dl=01;35:*.xcf=01;35:*.xwd=01;35:*.yuv=01;35:*.cgm=01;35:*.emf=01;35:*.ogv=01;35:*.ogx=01;35:*.aac=00;36:*.au=00;36:*.flac=00;36:*.m4a=00;36:*.mid=00;36:*.midi=00;36:*.mka=00;36:*.mp3=00;36:*.mpc=00;36:*.ogg=00;36:*.ra=00;36:*.wav=00;36:*.oga=00;36:*.opus=00;36:*.spx=00;36:*.xspf=00;36:', 'AMENT_PREFIX_PATH': '/opt/ros/foxy', 'PWD': '/root/DockerFiles/drone_ws/build/tello_mission', 'LC_ALL': 'C.UTF-8', 'PYTHONPATH': '/root/DockerFiles/drone_ws/build/tello_mission/prefix_override:/root/DockerFiles/drone_ws/install/tello_mission/lib/python3.8/site-packages:/opt/ros/foxy/lib/python3.8/site-packages', 'NVIDIA_VISIBLE_DEVICES': 'all', 'COLCON': '1'}, 'shell': False}
[1.339815] (tello_gazebo) CommandEnded: {'returncode': 0}
[1.361835] (tello_camera) Command: {'cmd': ['/usr/bin/python3', 'setup.py', 'egg_info', '--egg-base', '../../build/tello_camera', 'build', '--build-base', '/root/DockerFiles/drone_ws/build/tello_camera/build', 'install', '--record', '/root/DockerFiles/drone_ws/build/tello_camera/install.log', '--single-version-externally-managed'], 'cwd': '/root/DockerFiles/drone_ws/src/tello_camera', 'env': {'HOSTNAME': 'vdani-H410M-H-V2', 'SHLVL': '1', 'LD_LIBRARY_PATH': '/usr/lib/x86_64-linux-gnu/gazebo-11/plugins:/opt/ros/foxy/opt/yaml_cpp_vendor/lib:/opt/ros/foxy/opt/rviz_ogre_vendor/lib:/opt/ros/foxy/lib/x86_64-linux-gnu:/opt/ros/foxy/lib', 'HOME': '/root', 'OLDPWD': '/root/DockerFiles/drone_ws/src', 'ROS_PYTHON_VERSION': '3', 'ROS_DISTRO': 'foxy', '_': '/usr/bin/colcon', 'ROS_VERSION': '2', 'TERM': 'xterm', 'ROS_LOCALHOST_ONLY': '0', 'QT_X11_NO_MITSHM': '1', 'PATH': '/opt/ros/foxy/bin:/usr/local/sbin:/usr/local/bin:/usr/sbin:/usr/bin:/sbin:/bin', 'XDG_RUNTIME_DIR': '/run/user/1000', 'DISPLAY': ':0', 'LANG': 'C.UTF-8', 'RMW_IMPLEMENTATION': 'rmw_fastrtps_cpp', 'LS_COLORS': 'rs=0:di=01;34:ln=01;36:mh=00:pi=40;33:so=01;35:do=01;35:bd=40;33;01:cd=40;33;01:or=40;31;01:mi=00:su=37;41:sg=30;43:ca=30;41:tw=30;42:ow=34;42:st=37;44:ex=01;32:*.tar=01;31:*.tgz=01;31:*.arc=01;31:*.arj=01;31:*.taz=01;31:*.lha=01;31:*.lz4=01;31:*.lzh=01;31:*.lzma=01;31:*.tlz=01;31:*.txz=01;31:*.tzo=01;31:*.t7z=01;31:*.zip=01;31:*.z=01;31:*.dz=01;31:*.gz=01;31:*.lrz=01;31:*.lz=01;31:*.lzo=01;31:*.xz=01;31:*.zst=01;31:*.tzst=01;31:*.bz2=01;31:*.bz=01;31:*.tbz=01;31:*.tbz2=01;31:*.tz=01;31:*.deb=01;31:*.rpm=01;31:*.jar=01;31:*.war=01;31:*.ear=01;31:*.sar=01;31:*.rar=01;31:*.alz=01;31:*.ace=01;31:*.zoo=01;31:*.cpio=01;31:*.7z=01;31:*.rz=01;31:*.cab=01;31:*.wim=01;31:*.swm=01;31:*.dwm=01;31:*.esd=01;31:*.jpg=01;35:*.jpeg=01;35:*.mjpg=01;35:*.mjpeg=01;35:*.gif=01;35:*.bmp=01;35:*.pbm=01;35:*.pgm=01;35:*.ppm=01;35:*.tga=01;35:*.xbm=01;35:*.xpm=01;35:*.tif=01;35:*.tiff=01;35:*.png=01;35:*.svg=01;35:*.svgz=01;35:*.mng=01;35:*.pcx=01;35:*.mov=01;35:*.mpg=01;35:*.mpeg=01;35:*.m2v=01;35:*.mkv=01;35:*.webm=01;35:*.ogm=01;35:*.mp4=01;35:*.m4v=01;35:*.mp4v=01;35:*.vob=01;35:*.qt=01;35:*.nuv=01;35:*.wmv=01;35:*.asf=01;35:*.rm=01;35:*.rmvb=01;35:*.flc=01;35:*.avi=01;35:*.fli=01;35:*.flv=01;35:*.gl=01;35:*.dl=01;35:*.xcf=01;35:*.xwd=01;35:*.yuv=01;35:*.cgm=01;35:*.emf=01;35:*.ogv=01;35:*.ogx=01;35:*.aac=00;36:*.au=00;36:*.flac=00;36:*.m4a=00;36:*.mid=00;36:*.midi=00;36:*.mka=00;36:*.mp3=00;36:*.mpc=00;36:*.ogg=00;36:*.ra=00;36:*.wav=00;36:*.oga=00;36:*.opus=00;36:*.spx=00;36:*.xspf=00;36:', 'AMENT_PREFIX_PATH': '/opt/ros/foxy', 'PWD': '/root/DockerFiles/drone_ws/build/tello_camera', 'LC_ALL': 'C.UTF-8', 'PYTHONPATH': '/root/DockerFiles/drone_ws/build/tello_camera/prefix_override:/root/DockerFiles/drone_ws/install/tello_camera/lib/python3.8/site-packages:/opt/ros/foxy/lib/python3.8/site-packages', 'NVIDIA_VISIBLE_DEVICES': 'all', 'COLCON': '1'}, 'shell': False}
[1.368355] (tello_driver) JobProgress: {'identifier': 'tello_driver', 'progress': 'install'}
[1.369113] (tello_driver) Command: {'cmd': ['/usr/bin/cmake', '--install', '/root/DockerFiles/drone_ws/build/tello_driver'], 'cwd': '/root/DockerFiles/drone_ws/build/tello_driver', 'env': OrderedDict([('HOSTNAME', 'vdani-H410M-H-V2'), ('SHLVL', '1'), ('LD_LIBRARY_PATH', '/root/DockerFiles/drone_ws/install/tello_msgs/lib:/usr/lib/x86_64-linux-gnu/gazebo-11/plugins:/opt/ros/foxy/opt/yaml_cpp_vendor/lib:/opt/ros/foxy/opt/rviz_ogre_vendor/lib:/opt/ros/foxy/lib/x86_64-linux-gnu:/opt/ros/foxy/lib'), ('HOME', '/root'), ('OLDPWD', '/root/DockerFiles/drone_ws/src'), ('ROS_PYTHON_VERSION', '3'), ('ROS_DISTRO', 'foxy'), ('_', '/usr/bin/colcon'), ('ROS_VERSION', '2'), ('TERM', 'xterm'), ('ROS_LOCALHOST_ONLY', '0'), ('QT_X11_NO_MITSHM', '1'), ('PATH', '/opt/ros/foxy/bin:/usr/local/sbin:/usr/local/bin:/usr/sbin:/usr/bin:/sbin:/bin'), ('XDG_RUNTIME_DIR', '/run/user/1000'), ('DISPLAY', ':0'), ('LANG', 'C.UTF-8'), ('RMW_IMPLEMENTATION', 'rmw_fastrtps_cpp'), ('LS_COLORS', 'rs=0:di=01;34:ln=01;36:mh=00:pi=40;33:so=01;35:do=01;35:bd=40;33;01:cd=40;33;01:or=40;31;01:mi=00:su=37;41:sg=30;43:ca=30;41:tw=30;42:ow=34;42:st=37;44:ex=01;32:*.tar=01;31:*.tgz=01;31:*.arc=01;31:*.arj=01;31:*.taz=01;31:*.lha=01;31:*.lz4=01;31:*.lzh=01;31:*.lzma=01;31:*.tlz=01;31:*.txz=01;31:*.tzo=01;31:*.t7z=01;31:*.zip=01;31:*.z=01;31:*.dz=01;31:*.gz=01;31:*.lrz=01;31:*.lz=01;31:*.lzo=01;31:*.xz=01;31:*.zst=01;31:*.tzst=01;31:*.bz2=01;31:*.bz=01;31:*.tbz=01;31:*.tbz2=01;31:*.tz=01;31:*.deb=01;31:*.rpm=01;31:*.jar=01;31:*.war=01;31:*.ear=01;31:*.sar=01;31:*.rar=01;31:*.alz=01;31:*.ace=01;31:*.zoo=01;31:*.cpio=01;31:*.7z=01;31:*.rz=01;31:*.cab=01;31:*.wim=01;31:*.swm=01;31:*.dwm=01;31:*.esd=01;31:*.jpg=01;35:*.jpeg=01;35:*.mjpg=01;35:*.mjpeg=01;35:*.gif=01;35:*.bmp=01;35:*.pbm=01;35:*.pgm=01;35:*.ppm=01;35:*.tga=01;35:*.xbm=01;35:*.xpm=01;35:*.tif=01;35:*.tiff=01;35:*.png=01;35:*.svg=01;35:*.svgz=01;35:*.mng=01;35:*.pcx=01;35:*.mov=01;35:*.mpg=01;35:*.mpeg=01;35:*.m2v=01;35:*.mkv=01;35:*.webm=01;35:*.ogm=01;35:*.mp4=01;35:*.m4v=01;35:*.mp4v=01;35:*.vob=01;35:*.qt=01;35:*.nuv=01;35:*.wmv=01;35:*.asf=01;35:*.rm=01;35:*.rmvb=01;35:*.flc=01;35:*.avi=01;35:*.fli=01;35:*.flv=01;35:*.gl=01;35:*.dl=01;35:*.xcf=01;35:*.xwd=01;35:*.yuv=01;35:*.cgm=01;35:*.emf=01;35:*.ogv=01;35:*.ogx=01;35:*.aac=00;36:*.au=00;36:*.flac=00;36:*.m4a=00;36:*.mid=00;36:*.midi=00;36:*.mka=00;36:*.mp3=00;36:*.mpc=00;36:*.ogg=00;36:*.ra=00;36:*.wav=00;36:*.oga=00;36:*.opus=00;36:*.spx=00;36:*.xspf=00;36:'), ('AMENT_PREFIX_PATH', '/root/DockerFiles/drone_ws/install/tello_msgs:/root/DockerFiles/drone_ws/install/ros2_shared:/opt/ros/foxy'), ('PWD', '/root/DockerFiles/drone_ws/build/tello_driver'), ('LC_ALL', 'C.UTF-8'), ('PYTHONPATH', '/root/DockerFiles/drone_ws/install/tello_msgs/lib/python3.8/site-packages:/opt/ros/foxy/lib/python3.8/site-packages'), ('NVIDIA_VISIBLE_DEVICES', 'all'), ('COLCON', '1'), ('CMAKE_PREFIX_PATH', '/root/DockerFiles/drone_ws/install/tello_msgs:/root/DockerFiles/drone_ws/install/ros2_shared:/opt/ros/foxy')]), 'shell': False}
[1.372255] (tello_gazebo) JobProgress: {'identifier': 'tello_gazebo', 'progress': 'install'}
[1.372702] (tello_gazebo) Command: {'cmd': ['/usr/bin/cmake', '--install', '/root/DockerFiles/drone_ws/build/tello_gazebo'], 'cwd': '/root/DockerFiles/drone_ws/build/tello_gazebo', 'env': OrderedDict([('HOSTNAME', 'vdani-H410M-H-V2'), ('SHLVL', '1'), ('LD_LIBRARY_PATH', '/root/DockerFiles/drone_ws/install/tello_msgs/lib:/usr/lib/x86_64-linux-gnu/gazebo-11/plugins:/opt/ros/foxy/opt/yaml_cpp_vendor/lib:/opt/ros/foxy/opt/rviz_ogre_vendor/lib:/opt/ros/foxy/lib/x86_64-linux-gnu:/opt/ros/foxy/lib'), ('HOME', '/root'), ('OLDPWD', '/root/DockerFiles/drone_ws/src'), ('ROS_PYTHON_VERSION', '3'), ('ROS_DISTRO', 'foxy'), ('_', '/usr/bin/colcon'), ('ROS_VERSION', '2'), ('TERM', 'xterm'), ('ROS_LOCALHOST_ONLY', '0'), ('QT_X11_NO_MITSHM', '1'), ('PATH', '/opt/ros/foxy/bin:/usr/local/sbin:/usr/local/bin:/usr/sbin:/usr/bin:/sbin:/bin'), ('XDG_RUNTIME_DIR', '/run/user/1000'), ('DISPLAY', ':0'), ('LANG', 'C.UTF-8'), ('RMW_IMPLEMENTATION', 'rmw_fastrtps_cpp'), ('LS_COLORS', 'rs=0:di=01;34:ln=01;36:mh=00:pi=40;33:so=01;35:do=01;35:bd=40;33;01:cd=40;33;01:or=40;31;01:mi=00:su=37;41:sg=30;43:ca=30;41:tw=30;42:ow=34;42:st=37;44:ex=01;32:*.tar=01;31:*.tgz=01;31:*.arc=01;31:*.arj=01;31:*.taz=01;31:*.lha=01;31:*.lz4=01;31:*.lzh=01;31:*.lzma=01;31:*.tlz=01;31:*.txz=01;31:*.tzo=01;31:*.t7z=01;31:*.zip=01;31:*.z=01;31:*.dz=01;31:*.gz=01;31:*.lrz=01;31:*.lz=01;31:*.lzo=01;31:*.xz=01;31:*.zst=01;31:*.tzst=01;31:*.bz2=01;31:*.bz=01;31:*.tbz=01;31:*.tbz2=01;31:*.tz=01;31:*.deb=01;31:*.rpm=01;31:*.jar=01;31:*.war=01;31:*.ear=01;31:*.sar=01;31:*.rar=01;31:*.alz=01;31:*.ace=01;31:*.zoo=01;31:*.cpio=01;31:*.7z=01;31:*.rz=01;31:*.cab=01;31:*.wim=01;31:*.swm=01;31:*.dwm=01;31:*.esd=01;31:*.jpg=01;35:*.jpeg=01;35:*.mjpg=01;35:*.mjpeg=01;35:*.gif=01;35:*.bmp=01;35:*.pbm=01;35:*.pgm=01;35:*.ppm=01;35:*.tga=01;35:*.xbm=01;35:*.xpm=01;35:*.tif=01;35:*.tiff=01;35:*.png=01;35:*.svg=01;35:*.svgz=01;35:*.mng=01;35:*.pcx=01;35:*.mov=01;35:*.mpg=01;35:*.mpeg=01;35:*.m2v=01;35:*.mkv=01;35:*.webm=01;35:*.ogm=01;35:*.mp4=01;35:*.m4v=01;35:*.mp4v=01;35:*.vob=01;35:*.qt=01;35:*.nuv=01;35:*.wmv=01;35:*.asf=01;35:*.rm=01;35:*.rmvb=01;35:*.flc=01;35:*.avi=01;35:*.fli=01;35:*.flv=01;35:*.gl=01;35:*.dl=01;35:*.xcf=01;35:*.xwd=01;35:*.yuv=01;35:*.cgm=01;35:*.emf=01;35:*.ogv=01;35:*.ogx=01;35:*.aac=00;36:*.au=00;36:*.flac=00;36:*.m4a=00;36:*.mid=00;36:*.midi=00;36:*.mka=00;36:*.mp3=00;36:*.mpc=00;36:*.ogg=00;36:*.ra=00;36:*.wav=00;36:*.oga=00;36:*.opus=00;36:*.spx=00;36:*.xspf=00;36:'), ('AMENT_PREFIX_PATH', '/root/DockerFiles/drone_ws/install/tello_msgs:/opt/ros/foxy'), ('PWD', '/root/DockerFiles/drone_ws/build/tello_gazebo'), ('LC_ALL', 'C.UTF-8'), ('PYTHONPATH', '/root/DockerFiles/drone_ws/install/tello_msgs/lib/python3.8/site-packages:/opt/ros/foxy/lib/python3.8/site-packages'), ('NVIDIA_VISIBLE_DEVICES', 'all'), ('COLCON', '1'), ('CMAKE_PREFIX_PATH', '/root/DockerFiles/drone_ws/install/tello_msgs:/opt/ros/foxy')]), 'shell': False}
[1.379263] (tello_controller) Command: {'cmd': ['/usr/bin/python3', 'setup.py', 'egg_info', '--egg-base', '../../build/tello_controller', 'build', '--build-base', '/root/DockerFiles/drone_ws/build/tello_controller/build', 'install', '--record', '/root/DockerFiles/drone_ws/build/tello_controller/install.log', '--single-version-externally-managed'], 'cwd': '/root/DockerFiles/drone_ws/src/tello_controller', 'env': {'HOSTNAME': 'vdani-H410M-H-V2', 'SHLVL': '1', 'LD_LIBRARY_PATH': '/usr/lib/x86_64-linux-gnu/gazebo-11/plugins:/opt/ros/foxy/opt/yaml_cpp_vendor/lib:/opt/ros/foxy/opt/rviz_ogre_vendor/lib:/opt/ros/foxy/lib/x86_64-linux-gnu:/opt/ros/foxy/lib', 'HOME': '/root', 'OLDPWD': '/root/DockerFiles/drone_ws/src', 'ROS_PYTHON_VERSION': '3', 'ROS_DISTRO': 'foxy', '_': '/usr/bin/colcon', 'ROS_VERSION': '2', 'TERM': 'xterm', 'ROS_LOCALHOST_ONLY': '0', 'QT_X11_NO_MITSHM': '1', 'PATH': '/opt/ros/foxy/bin:/usr/local/sbin:/usr/local/bin:/usr/sbin:/usr/bin:/sbin:/bin', 'XDG_RUNTIME_DIR': '/run/user/1000', 'DISPLAY': ':0', 'LANG': 'C.UTF-8', 'RMW_IMPLEMENTATION': 'rmw_fastrtps_cpp', 'LS_COLORS': 'rs=0:di=01;34:ln=01;36:mh=00:pi=40;33:so=01;35:do=01;35:bd=40;33;01:cd=40;33;01:or=40;31;01:mi=00:su=37;41:sg=30;43:ca=30;41:tw=30;42:ow=34;42:st=37;44:ex=01;32:*.tar=01;31:*.tgz=01;31:*.arc=01;31:*.arj=01;31:*.taz=01;31:*.lha=01;31:*.lz4=01;31:*.lzh=01;31:*.lzma=01;31:*.tlz=01;31:*.txz=01;31:*.tzo=01;31:*.t7z=01;31:*.zip=01;31:*.z=01;31:*.dz=01;31:*.gz=01;31:*.lrz=01;31:*.lz=01;31:*.lzo=01;31:*.xz=01;31:*.zst=01;31:*.tzst=01;31:*.bz2=01;31:*.bz=01;31:*.tbz=01;31:*.tbz2=01;31:*.tz=01;31:*.deb=01;31:*.rpm=01;31:*.jar=01;31:*.war=01;31:*.ear=01;31:*.sar=01;31:*.rar=01;31:*.alz=01;31:*.ace=01;31:*.zoo=01;31:*.cpio=01;31:*.7z=01;31:*.rz=01;31:*.cab=01;31:*.wim=01;31:*.swm=01;31:*.dwm=01;31:*.esd=01;31:*.jpg=01;35:*.jpeg=01;35:*.mjpg=01;35:*.mjpeg=01;35:*.gif=01;35:*.bmp=01;35:*.pbm=01;35:*.pgm=01;35:*.ppm=01;35:*.tga=01;35:*.xbm=01;35:*.xpm=01;35:*.tif=01;35:*.tiff=01;35:*.png=01;35:*.svg=01;35:*.svgz=01;35:*.mng=01;35:*.pcx=01;35:*.mov=01;35:*.mpg=01;35:*.mpeg=01;35:*.m2v=01;35:*.mkv=01;35:*.webm=01;35:*.ogm=01;35:*.mp4=01;35:*.m4v=01;35:*.mp4v=01;35:*.vob=01;35:*.qt=01;35:*.nuv=01;35:*.wmv=01;35:*.asf=01;35:*.rm=01;35:*.rmvb=01;35:*.flc=01;35:*.avi=01;35:*.fli=01;35:*.flv=01;35:*.gl=01;35:*.dl=01;35:*.xcf=01;35:*.xwd=01;35:*.yuv=01;35:*.cgm=01;35:*.emf=01;35:*.ogv=01;35:*.ogx=01;35:*.aac=00;36:*.au=00;36:*.flac=00;36:*.m4a=00;36:*.mid=00;36:*.midi=00;36:*.mka=00;36:*.mp3=00;36:*.mpc=00;36:*.ogg=00;36:*.ra=00;36:*.wav=00;36:*.oga=00;36:*.opus=00;36:*.spx=00;36:*.xspf=00;36:', 'AMENT_PREFIX_PATH': '/opt/ros/foxy', 'PWD': '/root/DockerFiles/drone_ws/build/tello_controller', 'LC_ALL': 'C.UTF-8', 'PYTHONPATH': '/root/DockerFiles/drone_ws/build/tello_controller/prefix_override:/root/DockerFiles/drone_ws/install/tello_controller/lib/python3.8/site-packages:/opt/ros/foxy/lib/python3.8/site-packages', 'NVIDIA_VISIBLE_DEVICES': 'all', 'COLCON': '1'}, 'shell': False}
[1.383339] (tello_driver) StdoutLine: {'line': b'-- Install configuration: ""\n'}
[1.383910] (tello_driver) StdoutLine: {'line': b'-- Up-to-date: /root/DockerFiles/drone_ws/install/tello_driver/share/tello_driver/environment/library_path.sh\n'}
[1.384098] (tello_driver) StdoutLine: {'line': b'-- Up-to-date: /root/DockerFiles/drone_ws/install/tello_driver/share/tello_driver/environment/library_path.dsv\n'}
[1.384204] (tello_driver) StdoutLine: {'line': b'-- Up-to-date: /root/DockerFiles/drone_ws/install/tello_driver/lib/libtello_driver_node.so\n'}
[1.384298] (tello_driver) StdoutLine: {'line': b'-- Up-to-date: /root/DockerFiles/drone_ws/install/tello_driver/lib/libtello_joy_node.so\n'}
[1.384389] (tello_driver) StdoutLine: {'line': b'-- Up-to-date: /root/DockerFiles/drone_ws/install/tello_driver/lib/tello_driver/tello_driver_main\n'}
[1.384480] (tello_driver) StdoutLine: {'line': b'-- Up-to-date: /root/DockerFiles/drone_ws/install/tello_driver/lib/tello_driver/tello_joy_main\n'}
[1.384567] (tello_driver) StdoutLine: {'line': b'-- Up-to-date: /root/DockerFiles/drone_ws/install/tello_driver/lib/tello_driver/tello_emulator\n'}
[1.384654] (tello_driver) StdoutLine: {'line': b'-- Up-to-date: /root/DockerFiles/drone_ws/install/tello_driver/share/tello_driver/cfg\n'}
[1.384747] (tello_driver) StdoutLine: {'line': b'-- Up-to-date: /root/DockerFiles/drone_ws/install/tello_driver/share/tello_driver/cfg/camera_info.yaml\n'}
[1.386867] (tello_driver) StdoutLine: {'line': b'-- Up-to-date: /root/DockerFiles/drone_ws/install/tello_driver/share/tello_driver/launch\n'}
[1.388157] (tello_driver) StdoutLine: {'line': b'-- Up-to-date: /root/DockerFiles/drone_ws/install/tello_driver/share/tello_driver/launch/teleop_launch.py\n'}
[1.392683] (tello_driver) StdoutLine: {'line': b'-- Up-to-date: /root/DockerFiles/drone_ws/install/tello_driver/share/tello_driver/launch/emulators_launch.py\n'}
[1.392928] (tello_driver) StdoutLine: {'line': b'-- Up-to-date: /root/DockerFiles/drone_ws/install/tello_driver/share/tello_driver/launch/emulator_launch.py\n'}
[1.393934] (tello_driver) StdoutLine: {'line': b'-- Up-to-date: /root/DockerFiles/drone_ws/install/tello_driver/share/ament_index/resource_index/package_run_dependencies/tello_driver\n'}
[1.394113] (tello_driver) StdoutLine: {'line': b'-- Up-to-date: /root/DockerFiles/drone_ws/install/tello_driver/share/ament_index/resource_index/parent_prefix_path/tello_driver\n'}
[1.394196] (tello_driver) StdoutLine: {'line': b'-- Up-to-date: /root/DockerFiles/drone_ws/install/tello_driver/share/tello_driver/environment/ament_prefix_path.sh\n'}
[1.394258] (tello_driver) StdoutLine: {'line': b'-- Up-to-date: /root/DockerFiles/drone_ws/install/tello_driver/share/tello_driver/environment/ament_prefix_path.dsv\n'}
[1.394316] (tello_driver) StdoutLine: {'line': b'-- Up-to-date: /root/DockerFiles/drone_ws/install/tello_driver/share/tello_driver/environment/path.sh\n'}
[1.394379] (tello_driver) StdoutLine: {'line': b'-- Up-to-date: /root/DockerFiles/drone_ws/install/tello_driver/share/tello_driver/environment/path.dsv\n'}
[1.394434] (tello_driver) StdoutLine: {'line': b'-- Up-to-date: /root/DockerFiles/drone_ws/install/tello_driver/share/tello_driver/local_setup.bash\n'}
[1.394489] (tello_driver) StdoutLine: {'line': b'-- Up-to-date: /root/DockerFiles/drone_ws/install/tello_driver/share/tello_driver/local_setup.sh\n'}
[1.394543] (tello_driver) StdoutLine: {'line': b'-- Up-to-date: /root/DockerFiles/drone_ws/install/tello_driver/share/tello_driver/local_setup.zsh\n'}
[1.394597] (tello_driver) StdoutLine: {'line': b'-- Up-to-date: /root/DockerFiles/drone_ws/install/tello_driver/share/tello_driver/local_setup.dsv\n'}
[1.394650] (tello_driver) StdoutLine: {'line': b'-- Installing: /root/DockerFiles/drone_ws/install/tello_driver/share/tello_driver/package.dsv\n'}
[1.394705] (tello_driver) StdoutLine: {'line': b'-- Up-to-date: /root/DockerFiles/drone_ws/install/tello_driver/share/ament_index/resource_index/packages/tello_driver\n'}
[1.394758] (tello_driver) StdoutLine: {'line': b'-- Up-to-date: /root/DockerFiles/drone_ws/install/tello_driver/share/ament_index/resource_index/rclcpp_components/tello_driver\n'}
[1.394817] (tello_driver) StdoutLine: {'line': b'-- Up-to-date: /root/DockerFiles/drone_ws/install/tello_driver/share/tello_driver/cmake/tello_driverConfig.cmake\n'}
[1.394957] (tello_driver) StdoutLine: {'line': b'-- Up-to-date: /root/DockerFiles/drone_ws/install/tello_driver/share/tello_driver/cmake/tello_driverConfig-version.cmake\n'}
[1.395053] (tello_driver) StdoutLine: {'line': b'-- Up-to-date: /root/DockerFiles/drone_ws/install/tello_driver/share/tello_driver/package.xml\n'}
[1.395131] (tello_gazebo) StdoutLine: {'line': b'-- Install configuration: ""\n'}
[1.395242] (tello_gazebo) StdoutLine: {'line': b'-- Up-to-date: /root/DockerFiles/drone_ws/install/tello_gazebo/lib/libTelloPlugin.so\n'}
[1.395318] (tello_gazebo) StdoutLine: {'line': b'-- Up-to-date: /root/DockerFiles/drone_ws/install/tello_gazebo/share/tello_gazebo/models\n'}
[1.395409] (tello_gazebo) StdoutLine: {'line': b'-- Up-to-date: /root/DockerFiles/drone_ws/install/tello_gazebo/share/tello_gazebo/models/marker_5\n'}
[1.395485] (tello_gazebo) StdoutLine: {'line': b'-- Up-to-date: /root/DockerFiles/drone_ws/install/tello_gazebo/share/tello_gazebo/models/marker_5/materials\n'}
[1.395558] (tello_gazebo) StdoutLine: {'line': b'-- Up-to-date: /root/DockerFiles/drone_ws/install/tello_gazebo/share/tello_gazebo/models/marker_5/materials/textures\n'}
[1.395643] (tello_gazebo) StdoutLine: {'line': b'-- Up-to-date: /root/DockerFiles/drone_ws/install/tello_gazebo/share/tello_gazebo/models/marker_5/materials/textures/aruco_mark_5.svg\n'}
[1.395716] (tello_gazebo) StdoutLine: {'line': b'-- Up-to-date: /root/DockerFiles/drone_ws/install/tello_gazebo/share/tello_gazebo/models/marker_5/materials/textures/aruco_mark_5.png\n'}
[1.395787] (tello_gazebo) StdoutLine: {'line': b'-- Up-to-date: /root/DockerFiles/drone_ws/install/tello_gazebo/share/tello_gazebo/models/marker_5/materials/scripts\n'}
[1.395965] (tello_gazebo) StdoutLine: {'line': b'-- Up-to-date: /root/DockerFiles/drone_ws/install/tello_gazebo/share/tello_gazebo/models/marker_5/materials/scripts/marker_5.material\n'}
[1.397535] (tello_gazebo) StdoutLine: {'line': b'-- Up-to-date: /root/DockerFiles/drone_ws/install/tello_gazebo/share/tello_gazebo/models/marker_5/model.config\n'}
[1.397661] (tello_gazebo) StdoutLine: {'line': b'-- Up-to-date: /root/DockerFiles/drone_ws/install/tello_gazebo/share/tello_gazebo/models/marker_5/model.sdf\n'}
[1.397742] (tello_gazebo) StdoutLine: {'line': b'-- Up-to-date: /root/DockerFiles/drone_ws/install/tello_gazebo/share/tello_gazebo/models/marker_4\n'}
[1.397830] (tello_gazebo) StdoutLine: {'line': b'-- Up-to-date: /root/DockerFiles/drone_ws/install/tello_gazebo/share/tello_gazebo/models/marker_4/materials\n'}
[1.398109] (tello_gazebo) StdoutLine: {'line': b'-- Up-to-date: /root/DockerFiles/drone_ws/install/tello_gazebo/share/tello_gazebo/models/marker_4/materials/textures\n'}
[1.398231] (tello_gazebo) StdoutLine: {'line': b'-- Up-to-date: /root/DockerFiles/drone_ws/install/tello_gazebo/share/tello_gazebo/models/marker_4/materials/textures/aruco_mark_4.png\n'}
[1.398311] (tello_gazebo) StdoutLine: {'line': b'-- Up-to-date: /root/DockerFiles/drone_ws/install/tello_gazebo/share/tello_gazebo/models/marker_4/materials/textures/aruco_mark_4.svg\n'}
[1.398387] (tello_gazebo) StdoutLine: {'line': b'-- Up-to-date: /root/DockerFiles/drone_ws/install/tello_gazebo/share/tello_gazebo/models/marker_4/materials/scripts\n'}
[1.398461] (tello_gazebo) StdoutLine: {'line': b'-- Up-to-date: /root/DockerFiles/drone_ws/install/tello_gazebo/share/tello_gazebo/models/marker_4/materials/scripts/marker_4.material\n'}
[1.398621] (tello_gazebo) StdoutLine: {'line': b'-- Up-to-date: /root/DockerFiles/drone_ws/install/tello_gazebo/share/tello_gazebo/models/marker_4/model.config\n'}
[1.398866] (tello_gazebo) StdoutLine: {'line': b'-- Up-to-date: /root/DockerFiles/drone_ws/install/tello_gazebo/share/tello_gazebo/models/marker_4/model.sdf\n'}
[1.399094] (tello_gazebo) StdoutLine: {'line': b'-- Up-to-date: /root/DockerFiles/drone_ws/install/tello_gazebo/share/tello_gazebo/models/marker_0\n'}
[1.399313] (tello_gazebo) StdoutLine: {'line': b'-- Up-to-date: /root/DockerFiles/drone_ws/install/tello_gazebo/share/tello_gazebo/models/marker_0/materials\n'}
[1.399471] (tello_gazebo) StdoutLine: {'line': b'-- Up-to-date: /root/DockerFiles/drone_ws/install/tello_gazebo/share/tello_gazebo/models/marker_0/materials/textures\n'}
[1.399707] (tello_gazebo) StdoutLine: {'line': b'-- Up-to-date: /root/DockerFiles/drone_ws/install/tello_gazebo/share/tello_gazebo/models/marker_0/materials/textures/aruco_mark_0.png\n'}
[1.400045] (tello_gazebo) StdoutLine: {'line': b'-- Up-to-date: /root/DockerFiles/drone_ws/install/tello_gazebo/share/tello_gazebo/models/marker_0/materials/textures/aruco_mark_0.svg\n'}
[1.400210] (tello_gazebo) StdoutLine: {'line': b'-- Up-to-date: /root/DockerFiles/drone_ws/install/tello_gazebo/share/tello_gazebo/models/marker_0/materials/scripts\n'}
[1.400362] (tello_driver) CommandEnded: {'returncode': 0}
[1.400862] (tello_gazebo) StdoutLine: {'line': b'-- Up-to-date: /root/DockerFiles/drone_ws/install/tello_gazebo/share/tello_gazebo/models/marker_0/materials/scripts/marker_0.material\n'}
[1.401106] (tello_gazebo) StdoutLine: {'line': b'-- Up-to-date: /root/DockerFiles/drone_ws/install/tello_gazebo/share/tello_gazebo/models/marker_0/model.config\n'}
[1.402626] (tello_gazebo) StdoutLine: {'line': b'-- Up-to-date: /root/DockerFiles/drone_ws/install/tello_gazebo/share/tello_gazebo/models/marker_0/model.sdf\n'}
[1.402899] (tello_gazebo) StdoutLine: {'line': b'-- Up-to-date: /root/DockerFiles/drone_ws/install/tello_gazebo/share/tello_gazebo/models/marker_2\n'}
[1.403053] (tello_gazebo) StdoutLine: {'line': b'-- Up-to-date: /root/DockerFiles/drone_ws/install/tello_gazebo/share/tello_gazebo/models/marker_2/materials\n'}
[1.403321] (tello_gazebo) StdoutLine: {'line': b'-- Up-to-date: /root/DockerFiles/drone_ws/install/tello_gazebo/share/tello_gazebo/models/marker_2/materials/textures\n'}
[1.403556] (tello_gazebo) StdoutLine: {'line': b'-- Up-to-date: /root/DockerFiles/drone_ws/install/tello_gazebo/share/tello_gazebo/models/marker_2/materials/textures/aruco_mark_2.png\n'}
[1.403713] (tello_gazebo) StdoutLine: {'line': b'-- Up-to-date: /root/DockerFiles/drone_ws/install/tello_gazebo/share/tello_gazebo/models/marker_2/materials/textures/aruco_mark_2.svg\n'}
[1.403862] (tello_gazebo) StdoutLine: {'line': b'-- Up-to-date: /root/DockerFiles/drone_ws/install/tello_gazebo/share/tello_gazebo/models/marker_2/materials/scripts\n'}
[1.404123] (tello_gazebo) StdoutLine: {'line': b'-- Up-to-date: /root/DockerFiles/drone_ws/install/tello_gazebo/share/tello_gazebo/models/marker_2/materials/scripts/marker_2.material\n'}
[1.404420] (tello_gazebo) StdoutLine: {'line': b'-- Up-to-date: /root/DockerFiles/drone_ws/install/tello_gazebo/share/tello_gazebo/models/marker_2/model.config\n'}
[1.404565] (tello_gazebo) StdoutLine: {'line': b'-- Up-to-date: /root/DockerFiles/drone_ws/install/tello_gazebo/share/tello_gazebo/models/marker_2/model.sdf\n'}
[1.404789] (tello_gazebo) StdoutLine: {'line': b'-- Up-to-date: /root/DockerFiles/drone_ws/install/tello_gazebo/share/tello_gazebo/models/marker_1\n'}
[1.406831] (-) TimerEvent: {}
[1.407270] (tello_gazebo) StdoutLine: {'line': b'-- Up-to-date: /root/DockerFiles/drone_ws/install/tello_gazebo/share/tello_gazebo/models/marker_1/materials\n'}
[1.407449] (tello_gazebo) StdoutLine: {'line': b'-- Up-to-date: /root/DockerFiles/drone_ws/install/tello_gazebo/share/tello_gazebo/models/marker_1/materials/textures\n'}
[1.407609] (tello_gazebo) StdoutLine: {'line': b'-- Up-to-date: /root/DockerFiles/drone_ws/install/tello_gazebo/share/tello_gazebo/models/marker_1/materials/textures/aruco_mark_1.svg\n'}
[1.407923] (tello_gazebo) StdoutLine: {'line': b'-- Up-to-date: /root/DockerFiles/drone_ws/install/tello_gazebo/share/tello_gazebo/models/marker_1/materials/textures/aruco_mark_1.png\n'}
[1.408247] (tello_gazebo) StdoutLine: {'line': b'-- Up-to-date: /root/DockerFiles/drone_ws/install/tello_gazebo/share/tello_gazebo/models/marker_1/materials/scripts\n'}
[1.408412] (tello_gazebo) StdoutLine: {'line': b'-- Up-to-date: /root/DockerFiles/drone_ws/install/tello_gazebo/share/tello_gazebo/models/marker_1/materials/scripts/marker_1.material\n'}
[1.408657] (tello_gazebo) StdoutLine: {'line': b'-- Up-to-date: /root/DockerFiles/drone_ws/install/tello_gazebo/share/tello_gazebo/models/marker_1/model.config\n'}
[1.408971] (tello_gazebo) StdoutLine: {'line': b'-- Up-to-date: /root/DockerFiles/drone_ws/install/tello_gazebo/share/tello_gazebo/models/marker_1/model.sdf\n'}
[1.409133] (tello_gazebo) StdoutLine: {'line': b'-- Up-to-date: /root/DockerFiles/drone_ws/install/tello_gazebo/share/tello_gazebo/models/marker_7\n'}
[1.409389] (tello_gazebo) StdoutLine: {'line': b'-- Up-to-date: /root/DockerFiles/drone_ws/install/tello_gazebo/share/tello_gazebo/models/marker_7/materials\n'}
[1.409633] (tello_gazebo) StdoutLine: {'line': b'-- Up-to-date: /root/DockerFiles/drone_ws/install/tello_gazebo/share/tello_gazebo/models/marker_7/materials/textures\n'}
[1.409770] (tello_gazebo) StdoutLine: {'line': b'-- Up-to-date: /root/DockerFiles/drone_ws/install/tello_gazebo/share/tello_gazebo/models/marker_7/materials/textures/aruco_mark_7.svg\n'}
[1.410026] (tello_gazebo) StdoutLine: {'line': b'-- Up-to-date: /root/DockerFiles/drone_ws/install/tello_gazebo/share/tello_gazebo/models/marker_7/materials/textures/aruco_mark_7.png\n'}
[1.410232] (tello_gazebo) StdoutLine: {'line': b'-- Up-to-date: /root/DockerFiles/drone_ws/install/tello_gazebo/share/tello_gazebo/models/marker_7/materials/scripts\n'}
[1.410479] (tello_gazebo) StdoutLine: {'line': b'-- Up-to-date: /root/DockerFiles/drone_ws/install/tello_gazebo/share/tello_gazebo/models/marker_7/materials/scripts/marker_7.material\n'}
[1.410642] (tello_gazebo) StdoutLine: {'line': b'-- Up-to-date: /root/DockerFiles/drone_ws/install/tello_gazebo/share/tello_gazebo/models/marker_7/model.config\n'}
[1.410950] (tello_gazebo) StdoutLine: {'line': b'-- Up-to-date: /root/DockerFiles/drone_ws/install/tello_gazebo/share/tello_gazebo/models/marker_7/model.sdf\n'}
[1.411117] (tello_gazebo) StdoutLine: {'line': b'-- Up-to-date: /root/DockerFiles/drone_ws/install/tello_gazebo/share/tello_gazebo/models/marker_6\n'}
[1.411314] (tello_gazebo) StdoutLine: {'line': b'-- Up-to-date: /root/DockerFiles/drone_ws/install/tello_gazebo/share/tello_gazebo/models/marker_6/materials\n'}
[1.413399] (tello_gazebo) StdoutLine: {'line': b'-- Up-to-date: /root/DockerFiles/drone_ws/install/tello_gazebo/share/tello_gazebo/models/marker_6/materials/textures\n'}
[1.413854] (tello_gazebo) StdoutLine: {'line': b'-- Up-to-date: /root/DockerFiles/drone_ws/install/tello_gazebo/share/tello_gazebo/models/marker_6/materials/textures/aruco_mark_6.png\n'}
[1.413994] (tello_gazebo) StdoutLine: {'line': b'-- Up-to-date: /root/DockerFiles/drone_ws/install/tello_gazebo/share/tello_gazebo/models/marker_6/materials/textures/aruco_mark_6.svg\n'}
[1.414102] (tello_gazebo) StdoutLine: {'line': b'-- Up-to-date: /root/DockerFiles/drone_ws/install/tello_gazebo/share/tello_gazebo/models/marker_6/materials/scripts\n'}
[1.414209] (tello_gazebo) StdoutLine: {'line': b'-- Up-to-date: /root/DockerFiles/drone_ws/install/tello_gazebo/share/tello_gazebo/models/marker_6/materials/scripts/marker_6.material\n'}
[1.414643] (tello_gazebo) StdoutLine: {'line': b'-- Up-to-date: /root/DockerFiles/drone_ws/install/tello_gazebo/share/tello_gazebo/models/marker_6/model.config\n'}
[1.414756] (tello_gazebo) StdoutLine: {'line': b'-- Up-to-date: /root/DockerFiles/drone_ws/install/tello_gazebo/share/tello_gazebo/models/marker_6/model.sdf\n'}
[1.415275] (tello_gazebo) StdoutLine: {'line': b'-- Up-to-date: /root/DockerFiles/drone_ws/install/tello_gazebo/share/tello_gazebo/models/marker_3\n'}
[1.415965] (tello_gazebo) StdoutLine: {'line': b'-- Up-to-date: /root/DockerFiles/drone_ws/install/tello_gazebo/share/tello_gazebo/models/marker_3/materials\n'}
[1.416089] (tello_gazebo) StdoutLine: {'line': b'-- Up-to-date: /root/DockerFiles/drone_ws/install/tello_gazebo/share/tello_gazebo/models/marker_3/materials/textures\n'}
[1.416172] (tello_gazebo) StdoutLine: {'line': b'-- Up-to-date: /root/DockerFiles/drone_ws/install/tello_gazebo/share/tello_gazebo/models/marker_3/materials/textures/aruco_mark_3.png\n'}
[1.419384] (tello_gazebo) StdoutLine: {'line': b'-- Up-to-date: /root/DockerFiles/drone_ws/install/tello_gazebo/share/tello_gazebo/models/marker_3/materials/textures/aruco_mark_3.svg\n'}
[1.420074] (tello_gazebo) StdoutLine: {'line': b'-- Up-to-date: /root/DockerFiles/drone_ws/install/tello_gazebo/share/tello_gazebo/models/marker_3/materials/scripts\n'}
[1.420216] (tello_gazebo) StdoutLine: {'line': b'-- Up-to-date: /root/DockerFiles/drone_ws/install/tello_gazebo/share/tello_gazebo/models/marker_3/materials/scripts/marker_3.material\n'}
[1.420303] (tello_gazebo) StdoutLine: {'line': b'-- Up-to-date: /root/DockerFiles/drone_ws/install/tello_gazebo/share/tello_gazebo/models/marker_3/model.config\n'}
[1.420381] (tello_gazebo) StdoutLine: {'line': b'-- Up-to-date: /root/DockerFiles/drone_ws/install/tello_gazebo/share/tello_gazebo/models/marker_3/model.sdf\n'}
[1.420459] (tello_gazebo) StdoutLine: {'line': b'-- Up-to-date: /root/DockerFiles/drone_ws/install/tello_gazebo/share/tello_gazebo/worlds\n'}
[1.420536] (tello_gazebo) StdoutLine: {'line': b'-- Up-to-date: /root/DockerFiles/drone_ws/install/tello_gazebo/share/tello_gazebo/worlds/f2_map.yaml\n'}
[1.420691] (tello_gazebo) StdoutLine: {'line': b'-- Up-to-date: /root/DockerFiles/drone_ws/install/tello_gazebo/share/tello_gazebo/worlds/build_world.py\n'}
[1.420836] (tello_gazebo) StdoutLine: {'line': b'-- Up-to-date: /root/DockerFiles/drone_ws/install/tello_gazebo/share/tello_gazebo/worlds/fiducial.world\n'}
[1.420907] (tello_gazebo) StdoutLine: {'line': b'-- Up-to-date: /root/DockerFiles/drone_ws/install/tello_gazebo/share/tello_gazebo/worlds/simple.world\n'}
[1.420968] (tello_gazebo) StdoutLine: {'line': b'-- Up-to-date: /root/DockerFiles/drone_ws/install/tello_gazebo/share/tello_gazebo/worlds/fiducial_map.yaml\n'}
[1.421097] (tello_gazebo) StdoutLine: {'line': b'-- Up-to-date: /root/DockerFiles/drone_ws/install/tello_gazebo/share/tello_gazebo/worlds/f2.world\n'}
[1.421159] (tello_gazebo) StdoutLine: {'line': b'-- Up-to-date: /root/DockerFiles/drone_ws/install/tello_gazebo/share/tello_gazebo/launch\n'}
[1.421260] (tello_gazebo) StdoutLine: {'line': b'-- Up-to-date: /root/DockerFiles/drone_ws/install/tello_gazebo/share/tello_gazebo/launch/vlam_launch.py\n'}
[1.421397] (tello_gazebo) StdoutLine: {'line': b'-- Up-to-date: /root/DockerFiles/drone_ws/install/tello_gazebo/share/tello_gazebo/launch/simple_launch.py\n'}
[1.421524] (tello_gazebo) StdoutLine: {'line': b'-- Up-to-date: /root/DockerFiles/drone_ws/install/tello_gazebo/lib/tello_gazebo/inject_entity.py\n'}
[1.421592] (tello_gazebo) StdoutLine: {'line': b'-- Up-to-date: /root/DockerFiles/drone_ws/install/tello_gazebo/share/ament_index/resource_index/package_run_dependencies/tello_gazebo\n'}
[1.421739] (tello_gazebo) StdoutLine: {'line': b'-- Up-to-date: /root/DockerFiles/drone_ws/install/tello_gazebo/share/ament_index/resource_index/parent_prefix_path/tello_gazebo\n'}
[1.421848] (tello_gazebo) StdoutLine: {'line': b'-- Up-to-date: /root/DockerFiles/drone_ws/install/tello_gazebo/share/tello_gazebo/environment/ament_prefix_path.sh\n'}
[1.422082] (tello_gazebo) StdoutLine: {'line': b'-- Up-to-date: /root/DockerFiles/drone_ws/install/tello_gazebo/share/tello_gazebo/environment/ament_prefix_path.dsv\n'}
[1.422180] (tello_gazebo) StdoutLine: {'line': b'-- Up-to-date: /root/DockerFiles/drone_ws/install/tello_gazebo/share/tello_gazebo/environment/path.sh\n'}
[1.422264] (tello_gazebo) StdoutLine: {'line': b'-- Up-to-date: /root/DockerFiles/drone_ws/install/tello_gazebo/share/tello_gazebo/environment/path.dsv\n'}
[1.422368] (tello_gazebo) StdoutLine: {'line': b'-- Up-to-date: /root/DockerFiles/drone_ws/install/tello_gazebo/share/tello_gazebo/local_setup.bash\n'}
[1.422453] (tello_gazebo) StdoutLine: {'line': b'-- Up-to-date: /root/DockerFiles/drone_ws/install/tello_gazebo/share/tello_gazebo/local_setup.sh\n'}
[1.422512] (tello_gazebo) StdoutLine: {'line': b'-- Up-to-date: /root/DockerFiles/drone_ws/install/tello_gazebo/share/tello_gazebo/local_setup.zsh\n'}
[1.422601] (tello_gazebo) StdoutLine: {'line': b'-- Up-to-date: /root/DockerFiles/drone_ws/install/tello_gazebo/share/tello_gazebo/local_setup.dsv\n'}
[1.422673] (tello_gazebo) StdoutLine: {'line': b'-- Installing: /root/DockerFiles/drone_ws/install/tello_gazebo/share/tello_gazebo/package.dsv\n'}
[1.422772] (tello_gazebo) StdoutLine: {'line': b'-- Up-to-date: /root/DockerFiles/drone_ws/install/tello_gazebo/share/ament_index/resource_index/packages/tello_gazebo\n'}
[1.422852] (tello_gazebo) StdoutLine: {'line': b'-- Up-to-date: /root/DockerFiles/drone_ws/install/tello_gazebo/share/tello_gazebo/cmake/tello_gazeboConfig.cmake\n'}
[1.422924] (tello_gazebo) StdoutLine: {'line': b'-- Up-to-date: /root/DockerFiles/drone_ws/install/tello_gazebo/share/tello_gazebo/cmake/tello_gazeboConfig-version.cmake\n'}
[1.423023] (tello_gazebo) StdoutLine: {'line': b'-- Up-to-date: /root/DockerFiles/drone_ws/install/tello_gazebo/share/tello_gazebo/package.xml\n'}
[1.423123] (tello_gazebo) CommandEnded: {'returncode': 0}
[1.466355] (tello_driver) JobEnded: {'identifier': 'tello_driver', 'rc': 0}
[1.488088] (tello_gazebo) JobEnded: {'identifier': 'tello_gazebo', 'rc': 0}
[1.506934] (-) TimerEvent: {}
[1.520610] (tello_hand_move) StdoutLine: {'line': b'running egg_info\n'}
[1.521140] (tello_hand_move) StdoutLine: {'line': b'writing ../../build/tello_hand_move/tello_hand_move.egg-info/PKG-INFO\n'}
[1.521355] (tello_hand_move) StdoutLine: {'line': b'writing dependency_links to ../../build/tello_hand_move/tello_hand_move.egg-info/dependency_links.txt\n'}
[1.521501] (tello_hand_move) StdoutLine: {'line': b'writing entry points to ../../build/tello_hand_move/tello_hand_move.egg-info/entry_points.txt\n'}
[1.521619] (tello_hand_move) StdoutLine: {'line': b'writing requirements to ../../build/tello_hand_move/tello_hand_move.egg-info/requires.txt\n'}
[1.521769] (tello_hand_move) StdoutLine: {'line': b'writing top-level names to ../../build/tello_hand_move/tello_hand_move.egg-info/top_level.txt\n'}
[1.559057] (tello_hand_move) StdoutLine: {'line': b"reading manifest file '../../build/tello_hand_move/tello_hand_move.egg-info/SOURCES.txt'\n"}
[1.560246] (tello_hand_move) StdoutLine: {'line': b"writing manifest file '../../build/tello_hand_move/tello_hand_move.egg-info/SOURCES.txt'\n"}
[1.560433] (tello_hand_move) StdoutLine: {'line': b'running build\n'}
[1.560501] (tello_hand_move) StdoutLine: {'line': b'running build_py\n'}
[1.560651] (tello_hand_move) StdoutLine: {'line': b'running install\n'}
[1.560877] (tello_mission) StdoutLine: {'line': b'running egg_info\n'}
[1.560973] (tello_mission) StdoutLine: {'line': b'writing ../../build/tello_mission/tello_mission.egg-info/PKG-INFO\n'}
[1.561075] (tello_mission) StdoutLine: {'line': b'writing dependency_links to ../../build/tello_mission/tello_mission.egg-info/dependency_links.txt\n'}
[1.561167] (tello_mission) StdoutLine: {'line': b'writing entry points to ../../build/tello_mission/tello_mission.egg-info/entry_points.txt\n'}
[1.561249] (tello_mission) StdoutLine: {'line': b'writing requirements to ../../build/tello_mission/tello_mission.egg-info/requires.txt\n'}
[1.561342] (tello_mission) StdoutLine: {'line': b'writing top-level names to ../../build/tello_mission/tello_mission.egg-info/top_level.txt\n'}
[1.561461] (tello_hand_move) StdoutLine: {'line': b'running install_lib\n'}
[1.562641] (tello_hand_move) StdoutLine: {'line': b'running install_egg_info\n'}
[1.565946] (tello_hand_move) StdoutLine: {'line': b"removing '/root/DockerFiles/drone_ws/install/tello_hand_move/lib/python3.8/site-packages/tello_hand_move-0.0.2-py3.8.egg-info' (and everything under it)\n"}
[1.566090] (tello_hand_move) StdoutLine: {'line': b'Copying ../../build/tello_hand_move/tello_hand_move.egg-info to /root/DockerFiles/drone_ws/install/tello_hand_move/lib/python3.8/site-packages/tello_hand_move-0.0.2-py3.8.egg-info\n'}
[1.566157] (tello_hand_move) StdoutLine: {'line': b'running install_scripts\n'}
[1.570211] (tello_camera) StderrLine: {'line': b"/usr/lib/python3/dist-packages/setuptools/dist.py:481: UserWarning: The version specified ('final') is an invalid version, this may not work as expected with newer versions of setuptools, pip, and PyPI. Please see PEP 440 for more details.\n"}
[1.570442] (tello_camera) StderrLine: {'line': b'  warnings.warn(\n'}
[1.575817] (tello_camera) StdoutLine: {'line': b'running egg_info\n'}
[1.576256] (tello_camera) StdoutLine: {'line': b'writing ../../build/tello_camera/tello_camera.egg-info/PKG-INFO\n'}
[1.576460] (tello_camera) StdoutLine: {'line': b'writing dependency_links to ../../build/tello_camera/tello_camera.egg-info/dependency_links.txt\n'}
[1.576594] (tello_camera) StdoutLine: {'line': b'writing entry points to ../../build/tello_camera/tello_camera.egg-info/entry_points.txt\n'}
[1.576697] (tello_camera) StdoutLine: {'line': b'writing requirements to ../../build/tello_camera/tello_camera.egg-info/requires.txt\n'}
[1.576787] (tello_camera) StdoutLine: {'line': b'writing top-level names to ../../build/tello_camera/tello_camera.egg-info/top_level.txt\n'}
[1.579937] (tello_hand_move) StdoutLine: {'line': b'Installing tello_hand_move script to /root/DockerFiles/drone_ws/install/tello_hand_move/lib/tello_hand_move\n'}
[1.580254] (tello_hand_move) StdoutLine: {'line': b"writing list of installed files to '/root/DockerFiles/drone_ws/build/tello_hand_move/install.log'\n"}
[1.581644] (tello_controller) StdoutLine: {'line': b'running egg_info\n'}
[1.582183] (tello_controller) StdoutLine: {'line': b'writing ../../build/tello_controller/tello_controller.egg-info/PKG-INFO\n'}
[1.582401] (tello_controller) StdoutLine: {'line': b'writing dependency_links to ../../build/tello_controller/tello_controller.egg-info/dependency_links.txt\n'}
[1.582534] (tello_controller) StdoutLine: {'line': b'writing requirements to ../../build/tello_controller/tello_controller.egg-info/requires.txt\n'}
[1.582633] (tello_controller) StdoutLine: {'line': b'writing top-level names to ../../build/tello_controller/tello_controller.egg-info/top_level.txt\n'}
[1.595693] (tello_mission) StdoutLine: {'line': b"reading manifest file '../../build/tello_mission/tello_mission.egg-info/SOURCES.txt'\n"}
[1.596927] (tello_mission) StdoutLine: {'line': b"writing manifest file '../../build/tello_mission/tello_mission.egg-info/SOURCES.txt'\n"}
[1.597136] (tello_mission) StdoutLine: {'line': b'running build\n'}
[1.597216] (tello_mission) StdoutLine: {'line': b'running build_py\n'}
[1.597523] (tello_mission) StdoutLine: {'line': b'running install\n'}
[1.598474] (tello_mission) StdoutLine: {'line': b'running install_lib\n'}
[1.599713] (tello_mission) StdoutLine: {'line': b'running install_data\n'}
[1.600090] (tello_mission) StdoutLine: {'line': b'running install_egg_info\n'}
[1.601627] (tello_mission) StdoutLine: {'line': b"removing '/root/DockerFiles/drone_ws/install/tello_mission/lib/python3.8/site-packages/tello_mission-0.0.1-py3.8.egg-info' (and everything under it)\n"}
[1.601912] (tello_mission) StdoutLine: {'line': b'Copying ../../build/tello_mission/tello_mission.egg-info to /root/DockerFiles/drone_ws/install/tello_mission/lib/python3.8/site-packages/tello_mission-0.0.1-py3.8.egg-info\n'}
[1.602700] (tello_mission) StdoutLine: {'line': b'running install_scripts\n'}
[1.605442] (tello_hand_move) CommandEnded: {'returncode': 0}
[1.608074] (-) TimerEvent: {}
[1.612968] (tello_hand_move) JobEnded: {'identifier': 'tello_hand_move', 'rc': 0}
[1.614502] (tello_camera) StdoutLine: {'line': b"reading manifest file '../../build/tello_camera/tello_camera.egg-info/SOURCES.txt'\n"}
[1.615299] (tello_camera) StdoutLine: {'line': b"writing manifest file '../../build/tello_camera/tello_camera.egg-info/SOURCES.txt'\n"}
[1.615491] (tello_camera) StdoutLine: {'line': b'running build\n'}
[1.615595] (tello_camera) StdoutLine: {'line': b'running build_py\n'}
[1.615938] (tello_camera) StdoutLine: {'line': b'running install\n'}
[1.616783] (tello_camera) StdoutLine: {'line': b'running install_lib\n'}
[1.618075] (tello_camera) StdoutLine: {'line': b'running install_data\n'}
[1.618237] (tello_controller) StdoutLine: {'line': b"reading manifest file '../../build/tello_controller/tello_controller.egg-info/SOURCES.txt'\n"}
[1.618433] (tello_camera) StdoutLine: {'line': b'running install_egg_info\n'}
[1.618772] (tello_controller) StdoutLine: {'line': b"writing manifest file '../../build/tello_controller/tello_controller.egg-info/SOURCES.txt'\n"}
[1.618912] (tello_controller) StdoutLine: {'line': b'running build\n'}
[1.619032] (tello_controller) StdoutLine: {'line': b'running build_py\n'}
[1.619153] (tello_mission) StdoutLine: {'line': b'Installing tello_mission script to /root/DockerFiles/drone_ws/install/tello_mission/lib/tello_mission\n'}
[1.619274] (tello_controller) StdoutLine: {'line': b'running install\n'}
[1.619386] (tello_mission) StdoutLine: {'line': b"writing list of installed files to '/root/DockerFiles/drone_ws/build/tello_mission/install.log'\n"}
[1.619948] (tello_controller) StdoutLine: {'line': b'running install_lib\n'}
[1.620138] (tello_camera) StdoutLine: {'line': b'Copying ../../build/tello_camera/tello_camera.egg-info to /root/DockerFiles/drone_ws/install/tello_camera/lib/python3.8/site-packages/tello_camera-final-py3.8.egg-info\n'}
[1.621138] (tello_camera) StdoutLine: {'line': b'running install_scripts\n'}
[1.621380] (tello_controller) StdoutLine: {'line': b'running install_data\n'}
[1.621769] (tello_controller) StdoutLine: {'line': b'running install_egg_info\n'}
[1.623424] (tello_controller) StdoutLine: {'line': b"removing '/root/DockerFiles/drone_ws/install/tello_controller/lib/python3.8/site-packages/tello_controller-0.0.1-py3.8.egg-info' (and everything under it)\n"}
[1.623643] (tello_controller) StdoutLine: {'line': b'Copying ../../build/tello_controller/tello_controller.egg-info to /root/DockerFiles/drone_ws/install/tello_controller/lib/python3.8/site-packages/tello_controller-0.0.1-py3.8.egg-info\n'}
[1.624416] (tello_controller) StdoutLine: {'line': b'running install_scripts\n'}
[1.639413] (tello_camera) StdoutLine: {'line': b'Installing tello_camera_contour script to /root/DockerFiles/drone_ws/install/tello_camera/lib/tello_camera\n'}
[1.639624] (tello_camera) StdoutLine: {'line': b'Installing tello_camera_hough script to /root/DockerFiles/drone_ws/install/tello_camera/lib/tello_camera\n'}
[1.639903] (tello_camera) StdoutLine: {'line': b"writing list of installed files to '/root/DockerFiles/drone_ws/build/tello_camera/install.log'\n"}
[1.641858] (tello_controller) StdoutLine: {'line': b"writing list of installed files to '/root/DockerFiles/drone_ws/build/tello_controller/install.log'\n"}
[1.644428] (tello_mission) CommandEnded: {'returncode': 0}
[1.651979] (tello_mission) JobEnded: {'identifier': 'tello_mission', 'rc': 0}
[1.666219] (tello_camera) CommandEnded: {'returncode': 0}
[1.675562] (tello_camera) JobEnded: {'identifier': 'tello_camera', 'rc': 0}
[1.680214] (tello_controller) CommandEnded: {'returncode': 0}
[1.690486] (tello_controller) JobEnded: {'identifier': 'tello_controller', 'rc': 0}
[1.691440] (-) EventReactorShutdown: {}
